data_time,latitude3,longitude3,elevation3,wind_speed3,wind_direction3,nacelle_position3,title_of_turbine3,production3
2018-01-01 00:00:00,52.403834,-0.94419,153.477,10.342122077941895,259.3520812988281,253.49159240722656,Kelmarsh 3,1894.3455810546875
2018-01-01 01:00:00,52.403834,-0.94419,153.477,7.362681865692139,248.04432678222656,253.65676879882807,Kelmarsh 3,1418.6241455078125
2018-01-01 02:00:00,52.403834,-0.94419,153.477,10.747968673706055,226.56126403808588,230.73246765136716,Kelmarsh 3,1298.6590576171875
2018-01-01 03:00:00,52.403834,-0.94419,153.477,10.968754768371582,221.31297302246088,218.53469848632812,Kelmarsh 3,1354.0654296875
2018-01-01 04:00:00,52.403834,-0.94419,153.477,11.02173137664795,223.28930664062494,227.3152160644531,Kelmarsh 3,1053.6973876953125
2018-01-01 05:00:00,52.403834,-0.94419,153.477,9.963716506958008,222.68931579589844,227.3152160644531,Kelmarsh 3,988.5726318359375
2018-01-01 06:00:00,52.403834,-0.94419,153.477,10.235082626342773,225.36958312988278,227.3152160644531,Kelmarsh 3,909.85400390625
2018-01-01 07:00:00,52.403834,-0.94419,153.477,9.96158218383789,215.49580383300778,222.92495727539057,Kelmarsh 3,1550.8348388671875
2018-01-01 08:00:00,52.403834,-0.94419,153.477,6.257147312164307,211.43142700195312,222.92495727539057,Kelmarsh 3,2011.808349609375
2018-01-01 09:00:00,52.403834,-0.94419,153.477,5.34793758392334,220.0280609130859,222.92495727539057,Kelmarsh 3,2052.384033203125
2018-01-01 10:00:00,52.403834,-0.94419,153.477,5.617056369781494,215.79225158691403,222.92495727539057,Kelmarsh 3,2043.7109375
2018-01-01 11:00:00,52.403834,-0.94419,153.477,7.098028182983398,226.61654663085938,222.92495727539057,Kelmarsh 3,1985.72216796875
2018-01-01 12:00:00,52.403834,-0.94419,153.477,5.7780842781066895,251.33398437500003,235.32681274414062,Kelmarsh 3,2042.84765625
2018-01-01 13:00:00,52.403834,-0.94419,153.477,4.80742883682251,259.5321350097656,254.75433349609375,Kelmarsh 3,2054.64453125
2018-01-01 14:00:00,52.403834,-0.94419,153.477,4.607316493988037,264.53369140625,254.75433349609375,Kelmarsh 3,2050.486328125
2018-01-01 15:00:00,52.403834,-0.94419,153.477,5.243669033050537,256.5635070800781,271.2178039550781,Kelmarsh 3,1778.8536376953125
2018-01-01 16:00:00,52.403834,-0.94419,153.477,5.887762546539307,256.24725341796875,265.0051574707031,Kelmarsh 3,1944.1636962890625
2018-01-01 17:00:00,52.403834,-0.94419,153.477,8.50087833404541,260.2225341796875,258.9849548339844,Kelmarsh 3,2021.4075927734375
2018-01-01 18:00:00,52.403834,-0.94419,153.477,11.535470962524414,270.3358459472656,277.8031921386719,Kelmarsh 3,2036.3529052734375
2018-01-01 19:00:00,52.403834,-0.94419,153.477,12.549686431884766,283.48284912109375,274.39721679687494,Kelmarsh 3,2059.07568359375
2018-01-01 20:00:00,52.403834,-0.94419,153.477,11.495413780212402,295.0805358886719,296.4617919921875,Kelmarsh 3,2034.393310546875
2018-01-01 21:00:00,52.403834,-0.94419,153.477,11.643884658813477,290.7556457519531,296.4617919921875,Kelmarsh 3,2039.4757080078125
2018-01-01 22:00:00,52.403834,-0.94419,153.477,8.23834228515625,281.88543701171875,282.1934509277344,Kelmarsh 3,2045.452880859375
2018-01-01 23:00:00,52.403834,-0.94419,153.477,10.26686954498291,272.8338623046875,277.8031921386719,Kelmarsh 3,2058.267822265625
2018-01-02 00:00:00,52.403834,-0.94419,153.477,8.952005386352539,267.09500122070307,266.8275451660156,Kelmarsh 3,2033.7647705078125
2018-01-02 01:00:00,52.403834,-0.94419,153.477,8.366612434387207,266.08526611328125,266.8275451660156,Kelmarsh 3,1886.419921875
2018-01-02 02:00:00,52.403834,-0.94419,153.477,10.704911231994629,267.8391418457031,266.8275451660156,Kelmarsh 3,1390.4508056640625
2018-01-02 03:00:00,52.403834,-0.94419,153.477,9.420381546020508,263.01959228515625,266.8275451660156,Kelmarsh 3,1395.0184326171875
2018-01-02 04:00:00,52.403834,-0.94419,153.477,7.602756977081299,260.37945556640625,266.8275451660156,Kelmarsh 3,1433.5230712890625
2018-01-02 05:00:00,52.403834,-0.94419,153.477,4.147760391235352,249.21437072753906,266.8275451660156,Kelmarsh 3,1860.4970703125
2018-01-02 06:00:00,52.403834,-0.94419,153.477,6.320018291473389,232.55238342285153,240.48599243164062,Kelmarsh 3,1978.7724609375
2018-01-02 07:00:00,52.403834,-0.94419,153.477,6.125186443328857,232.89884948730457,240.48599243164062,Kelmarsh 3,1948.494384765625
2018-01-02 08:00:00,52.403834,-0.94419,153.477,4.922429084777832,207.11033630371085,207.70161437988284,Kelmarsh 3,1703.4482421875
2018-01-02 09:00:00,52.403834,-0.94419,153.477,6.722323417663574,224.21144104003903,216.33956909179688,Kelmarsh 3,1535.8695068359375
2018-01-02 10:00:00,52.403834,-0.94419,153.477,6.701607704162598,192.67085266113278,188.90045166015622,Kelmarsh 3,1620.9671630859375
2018-01-02 11:00:00,52.403834,-0.94419,153.477,7.450771331787109,179.9174346923828,188.90045166015622,Kelmarsh 3,2023.896484375
2018-01-02 12:00:00,52.403834,-0.94419,153.477,7.188279151916504,173.97093200683594,166.94915771484375,Kelmarsh 3,1198.9630126953125
2018-01-02 13:00:00,52.403834,-0.94419,153.477,8.990196228027344,187.22059631347656,182.09834289550778,Kelmarsh 3,1087.061767578125
2018-01-02 14:00:00,52.403834,-0.94419,153.477,8.864152908325195,215.39248657226554,214.92613220214838,Kelmarsh 3,1201.468505859375
2018-01-02 15:00:00,52.403834,-0.94419,153.477,11.156251907348633,237.89247131347656,242.68112182617185,Kelmarsh 3,1894.0706787109375
2018-01-02 16:00:00,52.403834,-0.94419,153.477,5.376802921295166,255.63877868652347,256.949462890625,Kelmarsh 3,934.485107421875
2018-01-02 17:00:00,52.403834,-0.94419,153.477,9.931577682495117,233.9454956054688,242.68112182617185,Kelmarsh 3,1651.8182373046875
2018-01-02 18:00:00,52.403834,-0.94419,153.477,10.007747650146484,218.67605590820307,228.4127807617187,Kelmarsh 3,1861.7913818359375
2018-01-02 19:00:00,52.403834,-0.94419,153.477,8.16899585723877,217.0523223876953,214.14443969726562,Kelmarsh 3,1391.360595703125
2018-01-02 20:00:00,52.403834,-0.94419,153.477,12.311004638671875,196.69796752929688,200.97366333007807,Kelmarsh 3,1272.52978515625
2018-01-02 21:00:00,52.403834,-0.94419,153.477,12.660809516906738,196.19029235839844,202.78146362304688,Kelmarsh 3,1286.205810546875
2018-01-02 22:00:00,52.403834,-0.94419,153.477,7.918642520904541,222.07730102539054,208.65661621093747,Kelmarsh 3,690.4783325195312
2018-01-02 23:00:00,52.403834,-0.94419,153.477,11.496977806091309,253.79365539550778,255.85189819335938,Kelmarsh 3,502.77532958984375
2018-01-03 00:00:00,52.403834,-0.94419,153.477,13.089929580688477,262.85205078125,263.36865234375,Kelmarsh 3,343.9093933105469
2018-01-03 01:00:00,52.403834,-0.94419,153.477,16.87172508239746,267.3669738769531,270.1202392578125,Kelmarsh 3,357.32080078125
2018-01-03 02:00:00,52.403834,-0.94419,153.477,17.022891998291016,255.26564025878906,261.5182189941406,Kelmarsh 3,315.6336669921875
2018-01-03 03:00:00,52.403834,-0.94419,153.477,12.564361572265625,255.96109008789062,249.26651000976562,Kelmarsh 3,406.1439208984375
2018-01-03 04:00:00,52.403834,-0.94419,153.477,10.624489784240723,246.24557495117185,249.26651000976562,Kelmarsh 3,608.0068359375
2018-01-03 05:00:00,52.403834,-0.94419,153.477,12.653210639953613,261.93386840820307,261.8025207519531,Kelmarsh 3,412.28912353515625
2018-01-03 06:00:00,52.403834,-0.94419,153.477,12.8906888961792,262.06585693359375,263.53485107421875,Kelmarsh 3,530.4043579101562
2018-01-03 07:00:00,52.403834,-0.94419,153.477,14.370010375976562,267.7234497070312,263.53485107421875,Kelmarsh 3,413.73236083984375
2018-01-03 08:00:00,52.403834,-0.94419,153.477,14.579334259033203,264.5022277832031,263.53485107421875,Kelmarsh 3,391.59442138671875
2018-01-03 09:00:00,52.403834,-0.94419,153.477,12.432574272155762,258.67483520507807,263.53485107421875,Kelmarsh 3,351.3713684082031
2018-01-03 10:00:00,52.403834,-0.94419,153.477,11.607603073120117,265.2331848144531,263.53485107421875,Kelmarsh 3,374.7358703613281
2018-01-03 11:00:00,52.403834,-0.94419,153.477,12.029966354370117,263.00009155273426,263.53485107421875,Kelmarsh 3,392.556396484375
2018-01-03 12:00:00,52.403834,-0.94419,153.477,10.676846504211426,263.42877197265625,263.0957336425781,Kelmarsh 3,701.7838745117188
2018-01-03 13:00:00,52.403834,-0.94419,153.477,12.524901390075684,268.81036376953125,270.5257873535156,Kelmarsh 3,1008.662841796875
2018-01-03 14:00:00,52.403834,-0.94419,153.477,9.424863815307617,263.8208923339844,266.8275451660156,Kelmarsh 3,1025.5501708984375
2018-01-03 15:00:00,52.403834,-0.94419,153.477,15.988070487976074,269.2930603027344,265.72998046874994,Kelmarsh 3,672.4144897460938
2018-01-03 16:00:00,52.403834,-0.94419,153.477,14.181397438049316,258.5156555175781,265.72998046874994,Kelmarsh 3,720.0147705078125
2018-01-03 17:00:00,52.403834,-0.94419,153.477,12.8097505569458,257.3798522949219,265.72998046874994,Kelmarsh 3,772.4328002929688
2018-01-03 18:00:00,52.403834,-0.94419,153.477,10.372332572937012,245.4583282470703,251.46163940429688,Kelmarsh 3,742.4114379882812
2018-01-03 19:00:00,52.403834,-0.94419,153.477,10.919610023498535,249.59799194335935,251.46163940429688,Kelmarsh 3,537.032958984375
2018-01-03 20:00:00,52.403834,-0.94419,153.477,10.45460033416748,255.10223388671875,251.46163940429688,Kelmarsh 3,429.8680419921875
2018-01-03 21:00:00,52.403834,-0.94419,153.477,10.158275604248047,250.1636505126953,251.46163940429688,Kelmarsh 3,681.4861450195312
2018-01-03 22:00:00,52.403834,-0.94419,153.477,9.296669960021973,245.971435546875,251.46163940429688,Kelmarsh 3,562.6282348632812
2018-01-03 23:00:00,52.403834,-0.94419,153.477,7.106324195861816,259.10852050781244,264.6324157714844,Kelmarsh 3,380.9467468261719
2018-01-04 00:00:00,52.403834,-0.94419,153.477,8.13209342956543,243.43136596679685,242.99487304687494,Kelmarsh 3,321.6956481933594
2018-01-04 01:00:00,52.403834,-0.94419,153.477,6.633732795715332,245.45603942871088,242.78894042968741,Kelmarsh 3,384.3446960449219
2018-01-04 02:00:00,52.403834,-0.94419,153.477,8.61899185180664,234.04217529296866,231.7054748535156,Kelmarsh 3,275.7264404296875
2018-01-04 03:00:00,52.403834,-0.94419,153.477,7.148662090301514,226.7101287841797,231.7054748535156,Kelmarsh 3,187.87533569335938
2018-01-04 04:00:00,52.403834,-0.94419,153.477,4.247445583343506,205.42501831054688,215.24200439453125,Kelmarsh 3,351.2961120605469
2018-01-04 05:00:00,52.403834,-0.94419,153.477,6.7165656089782715,225.6451721191406,227.3152160644531,Kelmarsh 3,225.04498291015625
2018-01-04 06:00:00,52.403834,-0.94419,153.477,5.823549747467041,195.31361389160153,205.36392211914057,Kelmarsh 3,187.50343322753906
2018-01-04 07:00:00,52.403834,-0.94419,153.477,2.949187755584717,175.57135009765625,169.144287109375,Kelmarsh 3,175.18307495117188
2018-01-04 08:00:00,52.403834,-0.94419,153.477,6.413015842437744,153.61622619628906,156.6309356689453,Kelmarsh 3,226.3126678466797
2018-01-04 09:00:00,52.403834,-0.94419,153.477,6.855584621429443,164.90951538085938,163.5496826171875,Kelmarsh 3,455.24127197265625
2018-01-04 10:00:00,52.403834,-0.94419,153.477,5.107032299041748,213.58979797363284,200.97366333007807,Kelmarsh 3,255.22271728515625
2018-01-04 11:00:00,52.403834,-0.94419,153.477,7.445251941680908,221.5334014892578,221.82739257812491,Kelmarsh 3,219.3655242919922
2018-01-04 12:00:00,52.403834,-0.94419,153.477,12.55016040802002,234.3933868408203,236.09573364257812,Kelmarsh 3,314.7165222167969
2018-01-04 13:00:00,52.403834,-0.94419,153.477,14.591819763183594,237.58702087402344,244.87625122070304,Kelmarsh 3,405.2854309082031
2018-01-04 14:00:00,52.403834,-0.94419,153.477,11.929768562316895,241.6109313964843,244.87625122070304,Kelmarsh 3,598.108154296875
2018-01-04 15:00:00,52.403834,-0.94419,153.477,17.521024703979492,263.030029296875,267.2393798828125,Kelmarsh 3,673.8523559570312
2018-01-04 16:00:00,52.403834,-0.94419,153.477,16.4311580657959,274.2496032714844,267.92510986328125,Kelmarsh 3,281.9378356933594
2018-01-04 17:00:00,52.403834,-0.94419,153.477,13.946913719177246,270.09844970703125,267.92510986328125,Kelmarsh 3,332.2841491699219
2018-01-04 18:00:00,52.403834,-0.94419,153.477,12.575575828552246,260.5577087402344,267.92510986328125,Kelmarsh 3,455.71502685546875
2018-01-04 19:00:00,52.403834,-0.94419,153.477,11.00056266784668,254.0591888427734,257.35809326171875,Kelmarsh 3,387.0887756347656
2018-01-04 20:00:00,52.403834,-0.94419,153.477,11.542146682739258,255.15214538574207,258.0470275878906,Kelmarsh 3,286.7652587890625
2018-01-04 21:00:00,52.403834,-0.94419,153.477,10.508111953735352,235.0980529785156,234.99816894531244,Kelmarsh 3,283.6958312988281
2018-01-04 22:00:00,52.403834,-0.94419,153.477,4.4416351318359375,258.6270446777344,249.26651000976562,Kelmarsh 3,319.1454162597656
2018-01-04 23:00:00,52.403834,-0.94419,153.477,7.175192356109619,233.88314819335938,233.90060424804688,Kelmarsh 3,444.6719665527344
2018-01-05 00:00:00,52.403834,-0.94419,153.477,3.587833881378174,260.1669616699219,262.4372863769531,Kelmarsh 3,740.753173828125
2018-01-05 01:00:00,52.403834,-0.94419,153.477,6.133487701416016,238.11318969726562,249.55511474609375,Kelmarsh 3,552.5033569335938
2018-01-05 02:00:00,52.403834,-0.94419,153.477,5.743731498718262,240.01422119140622,239.38842773437497,Kelmarsh 3,417.5898132324219
2018-01-05 03:00:00,52.403834,-0.94419,153.477,6.800982475280762,223.67210388183588,221.79258728027344,Kelmarsh 3,521.1177368164062
2018-01-05 04:00:00,52.403834,-0.94419,153.477,4.309883117675781,228.69244384765625,236.09573364257812,Kelmarsh 3,869.0903930664062
2018-01-05 05:00:00,52.403834,-0.94419,153.477,3.2386248111724854,198.99063110351557,214.14443969726562,Kelmarsh 3,1184.670654296875
2018-01-05 06:00:00,52.403834,-0.94419,153.477,4.704097270965576,201.716812133789,187.80288696289057,Kelmarsh 3,1717.5137939453125
2018-01-05 07:00:00,52.403834,-0.94419,153.477,6.052811145782471,194.39573669433582,187.80288696289057,Kelmarsh 3,1361.736572265625
2018-01-05 08:00:00,52.403834,-0.94419,153.477,4.385100364685059,201.81431579589838,199.87609863281247,Kelmarsh 3,1355.922119140625
2018-01-05 09:00:00,52.403834,-0.94419,153.477,5.033414363861084,189.4199066162109,199.87609863281247,Kelmarsh 3,1659.798828125
2018-01-05 10:00:00,52.403834,-0.94419,153.477,6.3845415115356445,198.44215393066406,194.09181213378903,Kelmarsh 3,1930.2725830078125
2018-01-05 11:00:00,52.403834,-0.94419,153.477,8.409411430358887,203.4210052490234,209.09553527832023,Kelmarsh 3,2021.417724609375
2018-01-05 12:00:00,52.403834,-0.94419,153.477,7.429019927978516,210.15423583984378,212.66358947753906,Kelmarsh 3,2045.7506103515625
2018-01-05 13:00:00,52.403834,-0.94419,153.477,9.785099029541016,244.30352783203122,243.0485382080078,Kelmarsh 3,2057.95849609375
2018-01-05 14:00:00,52.403834,-0.94419,153.477,12.46272087097168,274.28515625,270.1202392578125,Kelmarsh 3,2047.9700927734375
2018-01-05 15:00:00,52.403834,-0.94419,153.477,8.763493537902832,274.7789611816406,264.6324157714844,Kelmarsh 3,2065.9443359375
2018-01-05 16:00:00,52.403834,-0.94419,153.477,7.2853240966796875,276.818115234375,281.09588623046875,Kelmarsh 3,2029.4217529296875
2018-01-05 17:00:00,52.403834,-0.94419,153.477,6.778753280639648,270.2997131347656,274.5104980468749,Kelmarsh 3,2017.393798828125
2018-01-05 18:00:00,52.403834,-0.94419,153.477,7.802920818328857,274.0392150878906,274.5104980468749,Kelmarsh 3,2020.7608642578125
2018-01-05 19:00:00,52.403834,-0.94419,153.477,6.17721700668335,269.7866821289062,274.5104980468749,Kelmarsh 3,1999.391845703125
2018-01-05 20:00:00,52.403834,-0.94419,153.477,5.044607639312744,282.7303771972656,294.26666259765625,Kelmarsh 3,1931.683837890625
2018-01-05 21:00:00,52.403834,-0.94419,153.477,4.629605770111084,281.816162109375,276.3221130371094,Kelmarsh 3,1942.0599365234375
2018-01-05 22:00:00,52.403834,-0.94419,153.477,5.0427141189575195,295.1623229980469,285.48614501953125,Kelmarsh 3,2041.76513671875
2018-01-05 23:00:00,52.403834,-0.94419,153.477,5.10515832901001,300.0985107421875,301.7998352050781,Kelmarsh 3,1962.5567626953125
2018-01-06 00:00:00,52.403834,-0.94419,153.477,4.339344024658203,331.5444030761719,322.8033447265625,Kelmarsh 3,1895.44140625
2018-01-06 01:00:00,52.403834,-0.94419,153.477,4.025452136993408,348.5866394042969,343.6570739746094,Kelmarsh 3,1954.087890625
2018-01-06 02:00:00,52.403834,-0.94419,153.477,2.608112335205078,356.2340393066406,356.632568359375,Kelmarsh 3,2059.304443359375
2018-01-06 03:00:00,52.403834,-0.94419,153.477,2.6727654933929443,15.408089637756348,16.58394432067871,Kelmarsh 3,2041.8414306640625
2018-01-06 04:00:00,52.403834,-0.94419,153.477,3.049999713897705,41.84857940673828,39.632720947265625,Kelmarsh 3,2059.7568359375
2018-01-06 05:00:00,52.403834,-0.94419,153.477,4.226446628570557,37.951515197753906,39.632720947265625,Kelmarsh 3,2037.6077880859375
2018-01-06 06:00:00,52.403834,-0.94419,153.477,5.217294692993164,20.392953872680664,29.75467300415039,Kelmarsh 3,1999.2755126953125
2018-01-06 07:00:00,52.403834,-0.94419,153.477,4.451442718505859,24.560800552368164,27.559551239013672,Kelmarsh 3,2055.068359375
2018-01-06 08:00:00,52.403834,-0.94419,153.477,4.108686447143555,32.2410888671875,27.559551239013672,Kelmarsh 3,2015.5654296875
2018-01-06 09:00:00,52.403834,-0.94419,153.477,6.396533012390137,23.313568115234375,27.559551239013672,Kelmarsh 3,1811.7432861328125
2018-01-06 10:00:00,52.403834,-0.94419,153.477,5.428220272064209,27.306804656982422,27.559551239013672,Kelmarsh 3,1735.298095703125
2018-01-06 11:00:00,52.403834,-0.94419,153.477,7.1036529541015625,37.39952087402344,27.559551239013672,Kelmarsh 3,1351.8385009765625
2018-01-06 12:00:00,52.403834,-0.94419,153.477,8.30241870880127,42.564632415771484,44.02296447753906,Kelmarsh 3,1194.60986328125
2018-01-06 13:00:00,52.403834,-0.94419,153.477,7.740755081176758,38.08568572998047,43.98540496826172,Kelmarsh 3,1287.8795166015625
2018-01-06 14:00:00,52.403834,-0.94419,153.477,8.261563301086426,36.40129089355469,38.535160064697266,Kelmarsh 3,1906.981201171875
2018-01-06 15:00:00,52.403834,-0.94419,153.477,8.655086517333984,32.36008071899414,28.689037322998047,Kelmarsh 3,1930.0517578125
2018-01-06 16:00:00,52.403834,-0.94419,153.477,8.718239784240723,44.9071159362793,42.9254035949707,Kelmarsh 3,2057.7646484375
2018-01-06 17:00:00,52.403834,-0.94419,153.477,8.595595359802246,40.73455047607422,31.949792861938477,Kelmarsh 3,2005.810791015625
2018-01-06 18:00:00,52.403834,-0.94419,153.477,6.854896545410156,32.71223449707031,37.437599182128906,Kelmarsh 3,1872.736328125
2018-01-06 19:00:00,52.403834,-0.94419,153.477,8.065543174743652,23.27976417541504,20.25978660583496,Kelmarsh 3,1821.6285400390625
2018-01-06 20:00:00,52.403834,-0.94419,153.477,9.005232810974121,25.37256622314453,19.876625061035156,Kelmarsh 3,1915.38916015625
2018-01-06 21:00:00,52.403834,-0.94419,153.477,8.531424522399902,30.59677505493164,34.14491653442383,Kelmarsh 3,1973.5101318359375
2018-01-06 22:00:00,52.403834,-0.94419,153.477,7.542804718017578,34.217750549316406,34.14491653442383,Kelmarsh 3,1514.2908935546875
2018-01-06 23:00:00,52.403834,-0.94419,153.477,7.895195007324219,33.0640754699707,34.14491653442383,Kelmarsh 3,1476.740234375
2018-01-07 00:00:00,52.403834,-0.94419,153.477,8.97109603881836,29.294218063354492,34.14491653442383,Kelmarsh 3,1543.38232421875
2018-01-07 01:00:00,52.403834,-0.94419,153.477,9.068252563476562,34.212825775146484,34.14491653442383,Kelmarsh 3,1548.5869140625
2018-01-07 02:00:00,52.403834,-0.94419,153.477,9.234457015991211,32.221160888671875,34.14491653442383,Kelmarsh 3,1742.966552734375
2018-01-07 03:00:00,52.403834,-0.94419,153.477,8.929089546203613,31.119583129882812,34.14491653442383,Kelmarsh 3,1293.216552734375
2018-01-07 04:00:00,52.403834,-0.94419,153.477,9.278008460998535,25.794681549072266,32.99274826049805,Kelmarsh 3,1328.9061279296875
2018-01-07 05:00:00,52.403834,-0.94419,153.477,9.88994026184082,27.69190216064453,27.511878967285156,Kelmarsh 3,1373.32861328125
2018-01-07 06:00:00,52.403834,-0.94419,153.477,9.55180549621582,34.80542755126953,36.23221969604492,Kelmarsh 3,1600.66943359375
2018-01-07 07:00:00,52.403834,-0.94419,153.477,9.145880699157715,42.290672302246094,48.4132080078125,Kelmarsh 3,1701.78369140625
2018-01-07 08:00:00,52.403834,-0.94419,153.477,9.87507152557373,42.033172607421875,48.4132080078125,Kelmarsh 3,1933.658447265625
2018-01-07 09:00:00,52.403834,-0.94419,153.477,7.027435302734375,46.19856643676758,47.31564712524414,Kelmarsh 3,2034.72509765625
2018-01-07 10:00:00,52.403834,-0.94419,153.477,10.119427680969238,61.53307342529297,63.779056549072266,Kelmarsh 3,2039.195068359375
2018-01-07 11:00:00,52.403834,-0.94419,153.477,10.401355743408203,61.929954528808594,60.59439468383789,Kelmarsh 3,2060.89599609375
2018-01-07 12:00:00,52.403834,-0.94419,153.477,9.792858123779297,56.31696701049805,61.58393478393555,Kelmarsh 3,2057.830322265625
2018-01-07 13:00:00,52.403834,-0.94419,153.477,9.685826301574707,55.529388427734375,55.938480377197266,Kelmarsh 3,2060.813232421875
2018-01-07 14:00:00,52.403834,-0.94419,153.477,10.115418434143066,59.27940368652344,53.84529495239258,Kelmarsh 3,2052.753173828125
2018-01-07 15:00:00,52.403834,-0.94419,153.477,8.719871520996094,51.799049377441406,56.09613037109375,Kelmarsh 3,1999.0989990234375
2018-01-07 16:00:00,52.403834,-0.94419,153.477,8.519210815429688,51.570430755615234,56.09613037109375,Kelmarsh 3,1926.917236328125
2018-01-07 17:00:00,52.403834,-0.94419,153.477,7.454242706298828,54.5739860534668,56.09613037109375,Kelmarsh 3,1617.09326171875
2018-01-07 18:00:00,52.403834,-0.94419,153.477,9.588781356811523,58.379276275634766,56.09613037109375,Kelmarsh 3,1803.5946044921875
2018-01-07 19:00:00,52.403834,-0.94419,153.477,9.692527770996094,60.27328872680664,56.09613037109375,Kelmarsh 3,1850.9483642578125
2018-01-07 20:00:00,52.403834,-0.94419,153.477,10.394783973693848,57.70921325683594,56.09613037109375,Kelmarsh 3,2045.0885009765625
2018-01-07 21:00:00,52.403834,-0.94419,153.477,9.905643463134766,59.39160919189453,56.09613037109375,Kelmarsh 3,2054.658935546875
2018-01-07 22:00:00,52.403834,-0.94419,153.477,8.91357135772705,61.931968688964844,56.09613037109375,Kelmarsh 3,1789.6763916015625
2018-01-07 23:00:00,52.403834,-0.94419,153.477,8.912958145141602,61.20958709716797,56.09613037109375,Kelmarsh 3,966.177001953125
2018-01-08 00:00:00,52.403834,-0.94419,153.477,7.919726848602295,58.6819953918457,56.09613037109375,Kelmarsh 3,1049.77099609375
2018-01-08 01:00:00,52.403834,-0.94419,153.477,8.631662368774414,57.598628997802734,56.09613037109375,Kelmarsh 3,909.7547607421875
2018-01-08 02:00:00,52.403834,-0.94419,153.477,8.856806755065918,61.75729751586914,56.09613037109375,Kelmarsh 3,531.4181518554688
2018-01-08 03:00:00,52.403834,-0.94419,153.477,9.345928192138672,60.389888763427734,56.09613037109375,Kelmarsh 3,296.09832763671875
2018-01-08 04:00:00,52.403834,-0.94419,153.477,8.905218124389648,64.23465728759766,65.97417449951172,Kelmarsh 3,151.70071411132812
2018-01-08 05:00:00,52.403834,-0.94419,153.477,8.820943832397461,60.05742263793945,65.97417449951172,Kelmarsh 3,108.28060913085938
2018-01-08 06:00:00,52.403834,-0.94419,153.477,8.442770004272461,60.07902526855469,65.97417449951172,Kelmarsh 3,72.97525024414062
2018-01-08 07:00:00,52.403834,-0.94419,153.477,7.46231746673584,63.78786087036133,65.97417449951172,Kelmarsh 3,141.7310791015625
2018-01-08 08:00:00,52.403834,-0.94419,153.477,8.455281257629395,70.59172058105469,73.4065933227539,Kelmarsh 3,274.3488464355469
2018-01-08 09:00:00,52.403834,-0.94419,153.477,7.067047595977783,75.7667007446289,71.46195983886719,Kelmarsh 3,295.3940734863281
2018-01-08 10:00:00,52.403834,-0.94419,153.477,6.653883457183838,80.01789855957031,81.33997344970703,Kelmarsh 3,465.7128601074219
2018-01-08 11:00:00,52.403834,-0.94419,153.477,5.649522304534912,69.27069854736328,81.33997344970703,Kelmarsh 3,493.2123107910156
2018-01-08 12:00:00,52.403834,-0.94419,153.477,5.871269702911377,69.27847290039062,81.33997344970703,Kelmarsh 3,678.4407348632812
2018-01-08 13:00:00,52.403834,-0.94419,153.477,5.504066467285156,71.38786315917969,81.33997344970703,Kelmarsh 3,1129.7022705078125
2018-01-08 14:00:00,52.403834,-0.94419,153.477,5.00620174407959,70.5822525024414,81.33997344970703,Kelmarsh 3,815.8480224609375
2018-01-08 15:00:00,52.403834,-0.94419,153.477,5.290690898895264,74.93856811523438,81.33997344970703,Kelmarsh 3,958.8019409179688
2018-01-08 16:00:00,52.403834,-0.94419,153.477,5.625261306762695,74.28872680664062,81.33997344970703,Kelmarsh 3,543.8532104492188
2018-01-08 17:00:00,52.403834,-0.94419,153.477,5.254122257232666,81.01406860351562,81.33997344970703,Kelmarsh 3,422.23419189453125
2018-01-08 18:00:00,52.403834,-0.94419,153.477,5.859334468841553,79.55364990234375,81.33997344970703,Kelmarsh 3,891.9437866210938
2018-01-08 19:00:00,52.403834,-0.94419,153.477,5.966813087463379,81.49929809570312,81.33997344970703,Kelmarsh 3,792.9327392578125
2018-01-08 20:00:00,52.403834,-0.94419,153.477,4.78670597076416,86.66975402832031,81.33997344970703,Kelmarsh 3,680.0706787109375
2018-01-08 21:00:00,52.403834,-0.94419,153.477,6.279255390167236,100.74281311035156,108.77890014648438,Kelmarsh 3,211.79302978515625
2018-01-08 22:00:00,52.403834,-0.94419,153.477,5.2842864990234375,105.58946990966797,94.51065826416016,Kelmarsh 3,147.37960815429688
2018-01-08 23:00:00,52.403834,-0.94419,153.477,6.064189910888672,103.10210418701172,106.58378601074219,Kelmarsh 3,247.46463012695312
2018-01-09 00:00:00,52.403834,-0.94419,153.477,4.812706470489502,112.44971466064453,106.58378601074219,Kelmarsh 3,337.4082946777344
2018-01-09 01:00:00,52.403834,-0.94419,153.477,4.130033016204834,118.09290313720703,106.58378601074219,Kelmarsh 3,488.89654541015625
2018-01-09 02:00:00,52.403834,-0.94419,153.477,3.7802772521972656,117.98845672607422,117.3267822265625,Kelmarsh 3,965
2018-01-09 03:00:00,52.403834,-0.94419,153.477,4.234725475311279,124.77828979492188,108.77890014648438,Kelmarsh 3,947.55615234375
2018-01-09 04:00:00,52.403834,-0.94419,153.477,4.574976444244385,104.7577133178711,108.77890014648438,Kelmarsh 3,1223.673095703125
2018-01-09 05:00:00,52.403834,-0.94419,153.477,6.040411472320557,107.28341674804688,108.77890014648438,Kelmarsh 3,812.6521606445312
2018-01-09 06:00:00,52.403834,-0.94419,153.477,4.773966312408447,127.42256164550781,128.53492736816406,Kelmarsh 3,364.0747375488281
2018-01-09 07:00:00,52.403834,-0.94419,153.477,4.530148029327393,142.37762451171875,128.53492736816406,Kelmarsh 3,466.37451171875
2018-01-09 08:00:00,52.403834,-0.94419,153.477,2.7783491611480713,129.59828186035156,128.53492736816406,Kelmarsh 3,698.1884155273438
2018-01-09 09:00:00,52.403834,-0.94419,153.477,3.2812182903289795,143.2938995361328,141.82876586914062,Kelmarsh 3,722.3297119140625
2018-01-09 10:00:00,52.403834,-0.94419,153.477,3.9933388233184814,146.08963012695312,143.9008331298828,Kelmarsh 3,705.048095703125
2018-01-09 11:00:00,52.403834,-0.94419,153.477,3.5663106441497803,156.5445098876953,143.9008331298828,Kelmarsh 3,657.5843505859375
2018-01-09 12:00:00,52.403834,-0.94419,153.477,3.4434990882873535,164.21478271484375,172.14463806152344,Kelmarsh 3,522.14794921875
2018-01-09 13:00:00,52.403834,-0.94419,153.477,4.1627960205078125,224.955825805664,216.34010314941406,Kelmarsh 3,804.0633544921875
2018-01-09 14:00:00,52.403834,-0.94419,153.477,2.644829034805298,153.07461547851562,153.77891540527344,Kelmarsh 3,1085.598876953125
2018-01-09 15:00:00,52.403834,-0.94419,153.477,3.5053305625915527,150.19546508789062,136.21788024902344,Kelmarsh 3,989.2047729492188
2018-01-09 16:00:00,52.403834,-0.94419,153.477,4.417362213134766,150.83534240722656,153.77891540527344,Kelmarsh 3,842.0947265625
2018-01-09 17:00:00,52.403834,-0.94419,153.477,4.670090675354004,143.19834899902344,153.77891540527344,Kelmarsh 3,897.0406494140625
2018-01-09 18:00:00,52.403834,-0.94419,153.477,4.685719966888428,144.52581787109375,153.77891540527344,Kelmarsh 3,703.8689575195312
2018-01-09 19:00:00,52.403834,-0.94419,153.477,4.583384990692139,143.96531677246094,153.77891540527344,Kelmarsh 3,980.7984619140625
2018-01-09 20:00:00,52.403834,-0.94419,153.477,4.872347354888916,150.5341339111328,153.77891540527344,Kelmarsh 3,1012.2001342773438
2018-01-09 21:00:00,52.403834,-0.94419,153.477,4.166415691375732,169.15643310546875,159.86862182617188,Kelmarsh 3,1063.929931640625
2018-01-09 22:00:00,52.403834,-0.94419,153.477,6.066175937652588,152.31593322753906,166.94969177246094,Kelmarsh 3,738.4776611328125
2018-01-09 23:00:00,52.403834,-0.94419,153.477,7.1873884201049805,151.22129821777344,144.99839782714844,Kelmarsh 3,799.4685668945312
2018-01-10 00:00:00,52.403834,-0.94419,153.477,7.1046552658081055,149.75648498535156,147.1935272216797,Kelmarsh 3,1462.796875
2018-01-10 01:00:00,52.403834,-0.94419,153.477,7.05050802230835,143.3393096923828,147.1935272216797,Kelmarsh 3,1460.3426513671875
2018-01-10 02:00:00,52.403834,-0.94419,153.477,4.619287014007568,150.73516845703125,147.1935272216797,Kelmarsh 3,1349.0491943359375
2018-01-10 03:00:00,52.403834,-0.94419,153.477,5.518277645111084,146.80059814453125,147.1935272216797,Kelmarsh 3,1294.1123046875
2018-01-10 04:00:00,52.403834,-0.94419,153.477,6.645542144775391,142.8433380126953,147.1935272216797,Kelmarsh 3,1139.144287109375
2018-01-10 05:00:00,52.403834,-0.94419,153.477,3.2253520488739014,166.7681121826172,155.1903533935547,Kelmarsh 3,1433.11962890625
2018-01-10 06:00:00,52.403834,-0.94419,153.477,3.4449357986450195,244.01844787597645,220.62937927246085,Kelmarsh 3,991.8687744140625
2018-01-10 07:00:00,52.403834,-0.94419,153.477,4.613635063171387,278.23486328125,269.023193359375,Kelmarsh 3,1270.7457275390625
2018-01-10 08:00:00,52.403834,-0.94419,153.477,6.821473121643066,273.0564880371094,272.3158874511719,Kelmarsh 3,1737.875
2018-01-10 09:00:00,52.403834,-0.94419,153.477,6.719069480895996,266.99627685546875,272.3158874511719,Kelmarsh 3,1394.34716796875
2018-01-10 10:00:00,52.403834,-0.94419,153.477,6.020548343658447,269.5596618652344,272.3158874511719,Kelmarsh 3,959.107666015625
2018-01-10 11:00:00,52.403834,-0.94419,153.477,5.376948833465576,279.8717956542969,272.3158874511719,Kelmarsh 3,1379.018310546875
2018-01-10 12:00:00,52.403834,-0.94419,153.477,4.698719024658203,279.16998291015625,272.3158874511719,Kelmarsh 3,1730.370849609375
2018-01-10 13:00:00,52.403834,-0.94419,153.477,3.860943078994751,290.7500915527344,290.9744873046875,Kelmarsh 3,1903.3900146484375
2018-01-10 14:00:00,52.403834,-0.94419,153.477,4.489503383636475,280.7726745605469,290.9744873046875,Kelmarsh 3,1882.8623046875
2018-01-10 15:00:00,52.403834,-0.94419,153.477,4.109633445739746,264.26544189453125,265.73049926757807,Kelmarsh 3,1908.0823974609375
2018-01-10 16:00:00,52.403834,-0.94419,153.477,5.291208744049072,272.6910400390624,265.73049926757807,Kelmarsh 3,1250.760498046875
2018-01-10 17:00:00,52.403834,-0.94419,153.477,4.186408042907715,279.09808349609364,265.73049926757807,Kelmarsh 3,2021.613037109375
2018-01-10 18:00:00,52.403834,-0.94419,153.477,3.2960803508758545,305.09530639648426,301.7816467285156,Kelmarsh 3,1191.5228271484375
2018-01-10 19:00:00,52.403834,-0.94419,153.477,5.115218162536621,307.7235107421875,312.92578125,Kelmarsh 3,989.2011108398438
2018-01-10 20:00:00,52.403834,-0.94419,153.477,4.354776382446289,319.96923828124994,312.92578125,Kelmarsh 3,1023.7666015625
2018-01-10 21:00:00,52.403834,-0.94419,153.477,4.877406120300293,304.4982604980469,312.92578125,Kelmarsh 3,1098.961669921875
2018-01-10 22:00:00,52.403834,-0.94419,153.477,4.447301864624023,338.078125,330.48681640625006,Kelmarsh 3,694.5267944335938
2018-01-10 23:00:00,52.403834,-0.94419,153.477,4.021485805511475,3.8453094959259033,0.121063232421875,Kelmarsh 3,437.18597412109375
2018-01-11 00:00:00,52.403834,-0.94419,153.477,6.628739833831787,351.43023681640625,0.121063232421875,Kelmarsh 3,694.5540161132812
2018-01-11 01:00:00,52.403834,-0.94419,153.477,5.541868209838867,344.4013366699218,341.46246337890614,Kelmarsh 3,744.3134765625
2018-01-11 02:00:00,52.403834,-0.94419,153.477,5.899603366851807,336.945068359375,341.46246337890614,Kelmarsh 3,798.1160278320312
2018-01-11 03:00:00,52.403834,-0.94419,153.477,5.719766616821289,334.0875549316406,341.46246337890614,Kelmarsh 3,1270.3978271484375
2018-01-11 04:00:00,52.403834,-0.94419,153.477,4.829565525054932,334.76953125,341.46246337890614,Kelmarsh 3,1254.0540771484375
2018-01-11 05:00:00,52.403834,-0.94419,153.477,5.334346294403076,336.6015319824219,341.46246337890614,Kelmarsh 3,1712.5482177734375
2018-01-11 06:00:00,52.403834,-0.94419,153.477,5.792335510253906,348.6612548828125,341.46246337890614,Kelmarsh 3,1773.69384765625
2018-01-11 07:00:00,52.403834,-0.94419,153.477,5.380026817321777,348.5332946777344,341.46246337890614,Kelmarsh 3,1726.9083251953125
2018-01-11 08:00:00,52.403834,-0.94419,153.477,4.197293758392334,341.61227416992193,341.46246337890614,Kelmarsh 3,1583.7196044921875
2018-01-11 09:00:00,52.403834,-0.94419,153.477,5.2634196281433105,334.4032897949219,341.46246337890614,Kelmarsh 3,1848.163330078125
2018-01-11 10:00:00,52.403834,-0.94419,153.477,4.808460235595703,331.7370300292969,341.46246337890614,Kelmarsh 3,1681.6885986328125
2018-01-11 11:00:00,52.403834,-0.94419,153.477,5.001629829406738,323.7947998046875,341.46246337890614,Kelmarsh 3,1613.3814697265625
2018-01-11 12:00:00,52.403834,-0.94419,153.477,5.179582595825195,344.6993408203125,341.46246337890614,Kelmarsh 3,1696.680419921875
2018-01-11 13:00:00,52.403834,-0.94419,153.477,4.8189826011657715,350.6096191406249,341.46246337890614,Kelmarsh 3,1370.3900146484375
2018-01-11 14:00:00,52.403834,-0.94419,153.477,4.796230792999268,334.6583557128906,341.46246337890614,Kelmarsh 3,1199.1129150390625
2018-01-11 15:00:00,52.403834,-0.94419,153.477,3.0376739501953125,304.02935791015625,308.53552246093744,Kelmarsh 3,539.2962646484375
2018-01-11 16:00:00,52.403834,-0.94419,153.477,4.916920185089111,320.7190246582031,330.48681640625006,Kelmarsh 3,425.797119140625
2018-01-11 17:00:00,52.403834,-0.94419,153.477,5.767488956451416,324.5292663574219,330.48681640625006,Kelmarsh 3,1166.2919921875
2018-01-11 18:00:00,52.403834,-0.94419,153.477,4.846706390380859,337.22210693359375,330.48681640625006,Kelmarsh 3,1554.3389892578125
2018-01-11 19:00:00,52.403834,-0.94419,153.477,4.081820487976074,359.18164062499994,350.24298095703125,Kelmarsh 3,1891.8228759765625
2018-01-11 20:00:00,52.403834,-0.94419,153.477,4.193300247192383,318.3879089355469,319.5111694335937,Kelmarsh 3,1930.1163330078125
2018-01-11 21:00:00,52.403834,-0.94419,153.477,4.529745578765869,337.6041259765624,339.267333984375,Kelmarsh 3,1995.6790771484375
2018-01-11 22:00:00,52.403834,-0.94419,153.477,4.285610198974609,335.5365295410155,339.267333984375,Kelmarsh 3,2013.675048828125
2018-01-11 23:00:00,52.403834,-0.94419,153.477,4.486335277557373,348.51028442382807,339.267333984375,Kelmarsh 3,2042.948974609375
2018-01-12 00:00:00,52.403834,-0.94419,153.477,3.0825612545013428,24.796295166015625,18.779584884643555,Kelmarsh 3,2036.408447265625
2018-01-12 01:00:00,52.403834,-0.94419,153.477,3.4234821796417236,39.24802780151367,21.116819381713867,Kelmarsh 3,2005.439453125
2018-01-12 02:00:00,52.403834,-0.94419,153.477,2.5275490283966064,34.509674072265625,37.43811798095703,Kelmarsh 3,2033.828857421875
2018-01-12 03:00:00,52.403834,-0.94419,153.477,1.9814519882202148,8.268420219421387,354.63323974609375,Kelmarsh 3,2055.8310546875
2018-01-12 04:00:00,52.403834,-0.94419,153.477,1.5350948572158813,5.385407447814941,354.63323974609375,Kelmarsh 3,1942.1986083984375
2018-01-12 05:00:00,52.403834,-0.94419,153.477,1.455124855041504,49.57057571411133,354.63323974609375,Kelmarsh 3,2050.2294921875
2018-01-12 06:00:00,52.403834,-0.94419,153.477,2.163860321044922,91.8319320678711,98.90140533447266,Kelmarsh 3,2044.313720703125
2018-01-12 07:00:00,52.403834,-0.94419,153.477,1.178030252456665,104.75762176513672,98.90140533447266,Kelmarsh 3,1976.4776611328125
2018-01-12 08:00:00,52.403834,-0.94419,153.477,2.1144258975982666,119.59585571289062,126.34032440185547,Kelmarsh 3,1774.7353515625
2018-01-12 09:00:00,52.403834,-0.94419,153.477,2.945366144180298,122.86797332763672,103.85592651367188,Kelmarsh 3,1598.7962646484375
2018-01-12 10:00:00,52.403834,-0.94419,153.477,2.725294351577759,164.4902801513672,172.4380340576172,Kelmarsh 3,1644.8487548828125
2018-01-12 11:00:00,52.403834,-0.94419,153.477,2.60714054107666,157.94168090820312,161.46238708496094,Kelmarsh 3,1132.5721435546875
2018-01-12 12:00:00,52.403834,-0.94419,153.477,2.6462624073028564,167.79466247558594,172.4380340576172,Kelmarsh 3,1396.8330078125
2018-01-12 13:00:00,52.403834,-0.94419,153.477,2.7120611667633057,149.40858459472656,147.1940460205078,Kelmarsh 3,1526.805419921875
2018-01-12 14:00:00,52.403834,-0.94419,153.477,3.404157876968384,155.16864013671875,147.1940460205078,Kelmarsh 3,1648.610107421875
2018-01-12 15:00:00,52.403834,-0.94419,153.477,3.697791337966919,156.53480529785156,147.1940460205078,Kelmarsh 3,2004.4822998046875
2018-01-12 16:00:00,52.403834,-0.94419,153.477,4.224987030029297,143.80471801757812,147.1940460205078,Kelmarsh 3,1983.5501708984375
2018-01-12 17:00:00,52.403834,-0.94419,153.477,5.480264186859131,146.41055297851562,147.1940460205078,Kelmarsh 3,1961.056884765625
2018-01-12 18:00:00,52.403834,-0.94419,153.477,4.1731390953063965,142.8743438720703,147.1940460205078,Kelmarsh 3,1822.561767578125
2018-01-12 19:00:00,52.403834,-0.94419,153.477,3.6747043132781982,136.46337890625,147.1940460205078,Kelmarsh 3,1495.8253173828125
2018-01-12 20:00:00,52.403834,-0.94419,153.477,4.783293724060059,140.98358154296875,147.1940460205078,Kelmarsh 3,1825.5394287109375
2018-01-12 21:00:00,52.403834,-0.94419,153.477,5.018723964691162,154.10684204101562,147.1940460205078,Kelmarsh 3,1996.5406494140625
2018-01-12 22:00:00,52.403834,-0.94419,153.477,4.941958427429199,147.12083435058594,147.1940460205078,Kelmarsh 3,2029.7056884765625
2018-01-12 23:00:00,52.403834,-0.94419,153.477,5.944889545440674,173.08909606933594,171.34046936035156,Kelmarsh 3,2057.078125
2018-01-13 00:00:00,52.403834,-0.94419,153.477,6.146342754364014,174.9418487548828,171.34046936035156,Kelmarsh 3,2063.246337890625
2018-01-13 01:00:00,52.403834,-0.94419,153.477,7.658419132232666,174.7223358154297,173.75843811035156,Kelmarsh 3,2060.333251953125
2018-01-13 02:00:00,52.403834,-0.94419,153.477,6.135349273681641,166.3218994140625,170.24290466308594,Kelmarsh 3,1819.08154296875
2018-01-13 03:00:00,52.403834,-0.94419,153.477,7.239077091217041,143.41726684570312,151.5843048095703,Kelmarsh 3,1844.0877685546875
2018-01-13 04:00:00,52.403834,-0.94419,153.477,6.994172096252441,142.09205627441406,141.7062225341797,Kelmarsh 3,2020.0802001953125
2018-01-13 05:00:00,52.403834,-0.94419,153.477,7.151220321655273,139.0263214111328,141.7062225341797,Kelmarsh 3,2052.560546875
2018-01-13 06:00:00,52.403834,-0.94419,153.477,5.085481643676758,136.740234375,141.7062225341797,Kelmarsh 3,909.1535034179688
2018-01-13 07:00:00,52.403834,-0.94419,153.477,7.377875804901123,142.95179748535156,141.7062225341797,Kelmarsh 3,1325.2728271484375
2018-01-13 08:00:00,52.403834,-0.94419,153.477,8.275481224060059,143.79098510742188,141.7062225341797,Kelmarsh 3,2066.9052734375
2018-01-13 09:00:00,52.403834,-0.94419,153.477,7.68605899810791,144.06259155273438,141.7062225341797,Kelmarsh 3,1966.0982666015625
2018-01-13 10:00:00,52.403834,-0.94419,153.477,7.646190166473389,139.80062866210938,141.7062225341797,Kelmarsh 3,2055.7255859375
2018-01-13 11:00:00,52.403834,-0.94419,153.477,7.956007480621338,142.48744201660156,141.7062225341797,Kelmarsh 3,2032.229736328125
2018-01-13 12:00:00,52.403834,-0.94419,153.477,7.465226173400879,140.65090942382812,141.7062225341797,Kelmarsh 3,2037.46240234375
2018-01-13 13:00:00,52.403834,-0.94419,153.477,7.56437349319458,142.46392822265625,141.7062225341797,Kelmarsh 3,2025.513671875
2018-01-13 14:00:00,52.403834,-0.94419,153.477,7.471269130706787,144.5946502685547,142.8037872314453,Kelmarsh 3,103.17919921875
2018-01-13 15:00:00,52.403834,-0.94419,153.477,7.652943134307861,144.1046905517578,142.8037872314453,Kelmarsh 3,1905.33203125
2018-01-13 16:00:00,52.403834,-0.94419,153.477,6.631028652191162,142.6464080810547,142.8037872314453,Kelmarsh 3,2033.892822265625
2018-01-13 17:00:00,52.403834,-0.94419,153.477,6.282042026519775,139.81991577148438,142.8037872314453,Kelmarsh 3,2034.2193603515625
2018-01-13 18:00:00,52.403834,-0.94419,153.477,6.333336353302002,140.2437286376953,142.8037872314453,Kelmarsh 3,1991.528564453125
2018-01-13 19:00:00,52.403834,-0.94419,153.477,5.204258441925049,141.77940368652344,142.8037872314453,Kelmarsh 3,2033.6009521484375
2018-01-13 20:00:00,52.403834,-0.94419,153.477,3.8663437366485596,139.64244079589844,142.8037872314453,Kelmarsh 3,2030.1436767578125
2018-01-13 21:00:00,52.403834,-0.94419,153.477,5.0859832763671875,133.6081085205078,142.8037872314453,Kelmarsh 3,1998.942138671875
2018-01-13 22:00:00,52.403834,-0.94419,153.477,3.841646194458008,137.1688995361328,127.43788146972656,Kelmarsh 3,1966.1378173828125
2018-01-13 23:00:00,52.403834,-0.94419,153.477,4.281874179840088,122.3493423461914,127.43788146972656,Kelmarsh 3,1996.1693115234375
2018-01-14 00:00:00,52.403834,-0.94419,153.477,3.255516767501831,146.0294647216797,127.43788146972656,Kelmarsh 3,1950.157958984375
2018-01-14 01:00:00,52.403834,-0.94419,153.477,3.0783562660217285,140.73123168945312,127.43788146972656,Kelmarsh 3,1922.4691162109375
2018-01-14 02:00:00,52.403834,-0.94419,153.477,4.169701099395752,111.49836730957031,127.43788146972656,Kelmarsh 3,1773.7332763671875
2018-01-14 03:00:00,52.403834,-0.94419,153.477,4.7056193351745605,106.40237426757812,103.29163360595703,Kelmarsh 3,1808.2320556640625
2018-01-14 04:00:00,52.403834,-0.94419,153.477,4.882111549377441,110.51625061035156,103.29163360595703,Kelmarsh 3,2034.94921875
2018-01-14 05:00:00,52.403834,-0.94419,153.477,3.5370540618896484,153.00111389160156,137.3159637451172,Kelmarsh 3,1921.3182373046875
2018-01-14 06:00:00,52.403834,-0.94419,153.477,2.9639739990234375,142.75462341308594,147.1940460205078,Kelmarsh 3,2056.868896484375
2018-01-14 07:00:00,52.403834,-0.94419,153.477,2.358243942260742,128.47216796875,136.21839904785156,Kelmarsh 3,2060.3037109375
2018-01-14 08:00:00,52.403834,-0.94419,153.477,2.6747121810913086,163.79660034179688,162.99134826660156,Kelmarsh 3,1989.5836181640625
2018-01-14 09:00:00,52.403834,-0.94419,153.477,3.282747983932495,144.68447875976562,135.12083435058594,Kelmarsh 3,2055.23681640625
2018-01-14 10:00:00,52.403834,-0.94419,153.477,2.12709379196167,143.10897827148438,139.51109313964844,Kelmarsh 3,2022.856689453125
2018-01-14 11:00:00,52.403834,-0.94419,153.477,2.3564062118530273,181.6876831054687,193.29176330566398,Kelmarsh 3,2039.9420166015625
2018-01-14 12:00:00,52.403834,-0.94419,153.477,3.1408398151397705,163.35658264160156,177.9258575439453,Kelmarsh 3,2011.4166259765625
2018-01-14 13:00:00,52.403834,-0.94419,153.477,2.9934699535369873,201.32359313964838,204.26741027832023,Kelmarsh 3,2054.74169921875
2018-01-14 14:00:00,52.403834,-0.94419,153.477,3.6467769145965576,200.10807800292963,204.26741027832023,Kelmarsh 3,2049.333251953125
2018-01-14 15:00:00,52.403834,-0.94419,153.477,4.739699840545654,189.963882446289,186.70637512207028,Kelmarsh 3,2054.003173828125
2018-01-14 16:00:00,52.403834,-0.94419,153.477,4.182787895202637,212.96138000488278,218.53575134277338,Kelmarsh 3,2043.3038330078125
2018-01-14 17:00:00,52.403834,-0.94419,153.477,3.771294355392456,210.81341552734372,206.4625396728515,Kelmarsh 3,2057.542724609375
2018-01-14 18:00:00,52.403834,-0.94419,153.477,6.01572322845459,227.28982543945315,206.4625396728515,Kelmarsh 3,2062.08740234375
2018-01-14 19:00:00,52.403834,-0.94419,153.477,5.708124160766602,209.49925231933588,222.92601013183594,Kelmarsh 3,2060.572265625
2018-01-14 20:00:00,52.403834,-0.94419,153.477,5.497495651245117,206.080581665039,222.20367431640625,Kelmarsh 3,2053.54345703125
2018-01-14 21:00:00,52.403834,-0.94419,153.477,7.372772216796875,197.18466186523435,190.52674865722648,Kelmarsh 3,2050.19482421875
2018-01-14 22:00:00,52.403834,-0.94419,153.477,8.495747566223145,195.24539184570307,193.29176330566398,Kelmarsh 3,2067.052490234375
2018-01-14 23:00:00,52.403834,-0.94419,153.477,9.159598350524902,199.3863983154297,203.16984558105466,Kelmarsh 3,2068.15625
2018-01-15 00:00:00,52.403834,-0.94419,153.477,10.453794479370117,193.23794555664062,197.0205841064453,Kelmarsh 3,2050.291015625
2018-01-15 01:00:00,52.403834,-0.94419,153.477,8.472321510314941,208.82482910156247,203.99085998535156,Kelmarsh 3,2061.185791015625
2018-01-15 02:00:00,52.403834,-0.94419,153.477,9.792876243591309,194.44769287109372,197.6820220947265,Kelmarsh 3,2044.5533447265625
2018-01-15 03:00:00,52.403834,-0.94419,153.477,11.938719749450684,194.00701904296875,197.6820220947265,Kelmarsh 3,2039.62353515625
2018-01-15 04:00:00,52.403834,-0.94419,153.477,12.338574409484863,196.03831481933594,197.6820220947265,Kelmarsh 3,2037.2530517578125
2018-01-15 05:00:00,52.403834,-0.94419,153.477,9.284809112548828,214.37678527832026,207.5601043701172,Kelmarsh 3,2013.0577392578125
2018-01-15 06:00:00,52.403834,-0.94419,153.477,9.425524711608887,207.04661560058588,207.5601043701172,Kelmarsh 3,2031.8441162109375
2018-01-15 07:00:00,52.403834,-0.94419,153.477,9.74498462677002,213.65757751464844,213.04792785644526,Kelmarsh 3,2019.247314453125
2018-01-15 08:00:00,52.403834,-0.94419,153.477,9.69070053100586,220.05421447753903,213.04792785644526,Kelmarsh 3,2025.8033447265625
2018-01-15 09:00:00,52.403834,-0.94419,153.477,9.631301879882812,219.50468444824216,221.8284454345703,Kelmarsh 3,2051.36865234375
2018-01-15 10:00:00,52.403834,-0.94419,153.477,9.176290512084961,223.31637573242188,221.8284454345703,Kelmarsh 3,2058.890380859375
2018-01-15 11:00:00,52.403834,-0.94419,153.477,10.443819046020508,221.55720520019534,221.8284454345703,Kelmarsh 3,2055.04736328125
2018-01-15 12:00:00,52.403834,-0.94419,153.477,10.220205307006836,233.40444946289062,229.84004211425778,Kelmarsh 3,2051.80029296875
2018-01-15 13:00:00,52.403834,-0.94419,153.477,9.622859954833984,261.0931701660156,260.78509521484375,Kelmarsh 3,1978.97998046875
2018-01-15 14:00:00,52.403834,-0.94419,153.477,9.024277687072754,293.47799682617176,292.91998291015625,Kelmarsh 3,2042.723388671875
2018-01-15 15:00:00,52.403834,-0.94419,153.477,12.688627243041992,282.8370971679687,280.4654541015625,Kelmarsh 3,2074.22314453125
2018-01-15 16:00:00,52.403834,-0.94419,153.477,11.876654624938965,278.3353576660156,286.5847473144531,Kelmarsh 3,2056.034423828125
2018-01-15 17:00:00,52.403834,-0.94419,153.477,10.468310356140137,270.3630065917969,270.12127685546875,Kelmarsh 3,2029.149658203125
2018-01-15 18:00:00,52.403834,-0.94419,153.477,6.22919225692749,259.66418457031244,267.3551940917968,Kelmarsh 3,2043.9573974609375
2018-01-15 19:00:00,52.403834,-0.94419,153.477,6.5252299308776855,249.75453186035156,247.0724182128906,Kelmarsh 3,2046.98193359375
2018-01-15 20:00:00,52.403834,-0.94419,153.477,9.609098434448242,239.57000732421866,234.9992065429687,Kelmarsh 3,1581.08349609375
2018-01-15 21:00:00,52.403834,-0.94419,153.477,9.716139793395996,243.1782836914062,247.46028137207023,Kelmarsh 3,2052.907470703125
2018-01-15 22:00:00,52.403834,-0.94419,153.477,9.392960548400879,249.2792053222656,256.95050048828125,Kelmarsh 3,2051.5068359375
2018-01-15 23:00:00,52.403834,-0.94419,153.477,9.14287281036377,246.53826904296875,241.52488708496082,Kelmarsh 3,1818.739501953125
2018-01-16 00:00:00,52.403834,-0.94419,153.477,8.495518684387207,245.57591247558588,245.974853515625,Kelmarsh 3,1746.158203125
2018-01-16 01:00:00,52.403834,-0.94419,153.477,7.740989685058594,253.8251953125,254.53770446777332,Kelmarsh 3,2046.9803466796875
2018-01-16 02:00:00,52.403834,-0.94419,153.477,5.62955379486084,246.6869354248047,261.34075927734375,Kelmarsh 3,1985.4666748046875
2018-01-16 03:00:00,52.403834,-0.94419,153.477,8.051299095153809,255.68002319335932,262.2081604003906,Kelmarsh 3,2039.3721923828125
2018-01-16 04:00:00,52.403834,-0.94419,153.477,8.524202346801758,261.6103820800781,261.34075927734375,Kelmarsh 3,2033.5673828125
2018-01-16 05:00:00,52.403834,-0.94419,153.477,10.556853294372559,274.0475769042969,266.8285827636719,Kelmarsh 3,2065.8115234375
2018-01-16 06:00:00,52.403834,-0.94419,153.477,5.312687397003174,254.6635131835937,249.85069274902344,Kelmarsh 3,1984.176025390625
2018-01-16 07:00:00,52.403834,-0.94419,153.477,7.264849662780762,257.3249206542969,249.26754760742188,Kelmarsh 3,2020.577392578125
2018-01-16 08:00:00,52.403834,-0.94419,153.477,7.423058032989502,253.9870147705078,257.3866271972656,Kelmarsh 3,1655.67041015625
2018-01-16 09:00:00,52.403834,-0.94419,153.477,7.437406539916992,249.9765625,254.75537109375,Kelmarsh 3,1804.473388671875
2018-01-16 10:00:00,52.403834,-0.94419,153.477,8.099437713623047,253.61491394042966,254.75537109375,Kelmarsh 3,1589.802978515625
2018-01-16 11:00:00,52.403834,-0.94419,153.477,7.788256645202637,266.5652770996094,264.63345336914057,Kelmarsh 3,1566.4261474609375
2018-01-16 12:00:00,52.403834,-0.94419,153.477,9.745635032653809,257.56494140625,263.535888671875,Kelmarsh 3,1997.9571533203125
2018-01-16 13:00:00,52.403834,-0.94419,153.477,10.188796043395996,261.3721008300781,263.535888671875,Kelmarsh 3,2066.782470703125
2018-01-16 14:00:00,52.403834,-0.94419,153.477,10.907257080078125,241.96258544921875,248.6251983642578,Kelmarsh 3,2037.9300537109375
2018-01-16 15:00:00,52.403834,-0.94419,153.477,6.675564289093018,259.15618896484375,252.56024169921875,Kelmarsh 3,2057.8837890625
2018-01-16 16:00:00,52.403834,-0.94419,153.477,6.653957843780518,257.46057128906244,255.85348510742185,Kelmarsh 3,2059.0771484375
2018-01-16 17:00:00,52.403834,-0.94419,153.477,8.435920715332031,251.7406463623047,253.65780639648435,Kelmarsh 3,2035.3759765625
2018-01-16 18:00:00,52.403834,-0.94419,153.477,8.379602432250977,251.56614685058597,244.87728881835938,Kelmarsh 3,2029.3929443359375
2018-01-16 19:00:00,52.403834,-0.94419,153.477,10.07968521118164,247.43081665039057,238.45645141601562,Kelmarsh 3,1971.654541015625
2018-01-16 20:00:00,52.403834,-0.94419,153.477,9.964021682739258,262.31524658203125,260.2431945800781,Kelmarsh 3,1894.420166015625
2018-01-16 21:00:00,52.403834,-0.94419,153.477,9.21053409576416,251.97335815429688,246.9016571044922,Kelmarsh 3,2021.106689453125
2018-01-16 22:00:00,52.403834,-0.94419,153.477,7.23153018951416,254.22663879394526,254.75537109375,Kelmarsh 3,2020.5379638671875
2018-01-16 23:00:00,52.403834,-0.94419,153.477,9.500018119812012,245.3829498291016,245.974853515625,Kelmarsh 3,2059.673095703125
2018-01-17 00:00:00,52.403834,-0.94419,153.477,8.371973037719727,257.31689453125,246.629638671875,Kelmarsh 3,2024.9827880859375
2018-01-17 01:00:00,52.403834,-0.94419,153.477,6.497995853424072,253.53984069824222,252.56024169921875,Kelmarsh 3,2043.20458984375
2018-01-17 02:00:00,52.403834,-0.94419,153.477,8.208752632141113,261.8663330078125,264.63345336914057,Kelmarsh 3,2000.72998046875
2018-01-17 03:00:00,52.403834,-0.94419,153.477,8.268523216247559,255.88906860351562,252.56024169921875,Kelmarsh 3,2010.946044921875
2018-01-17 04:00:00,52.403834,-0.94419,153.477,9.20964241027832,261.7351379394531,259.1456298828125,Kelmarsh 3,1996.7044677734375
2018-01-17 05:00:00,52.403834,-0.94419,153.477,10.390347480773926,257.4497985839844,259.1456298828125,Kelmarsh 3,2027.1883544921875
2018-01-17 06:00:00,52.403834,-0.94419,153.477,13.396934509277344,268.57769775390625,270.0179443359374,Kelmarsh 3,1972.4068603515625
2018-01-17 07:00:00,52.403834,-0.94419,153.477,10.111093521118164,263.7618713378906,271.2188415527344,Kelmarsh 3,1905.4189453125
2018-01-17 08:00:00,52.403834,-0.94419,153.477,9.804496765136719,259.6650695800781,266.8285827636719,Kelmarsh 3,1926.577880859375
2018-01-17 09:00:00,52.403834,-0.94419,153.477,9.72376823425293,266.62847900390625,266.8285827636719,Kelmarsh 3,1934.038330078125
2018-01-17 10:00:00,52.403834,-0.94419,153.477,12.585512161254883,269.3388671874999,266.8285827636719,Kelmarsh 3,1870.4693603515625
2018-01-17 11:00:00,52.403834,-0.94419,153.477,14.52963638305664,265.832763671875,266.8285827636719,Kelmarsh 3,1913.2752685546875
2018-01-17 12:00:00,52.403834,-0.94419,153.477,13.471573829650879,270.2006530761718,266.8285827636719,Kelmarsh 3,2024.468505859375
2018-01-17 13:00:00,52.403834,-0.94419,153.477,10.449877738952637,258.6943054199219,266.8285827636719,Kelmarsh 3,2032.9217529296875
2018-01-17 14:00:00,52.403834,-0.94419,153.477,10.143982887268066,259.3399963378906,261.34075927734375,Kelmarsh 3,2013.974365234375
2018-01-17 15:00:00,52.403834,-0.94419,153.477,10.546854019165039,265.9746398925781,261.34075927734375,Kelmarsh 3,1881.705078125
2018-01-17 16:00:00,52.403834,-0.94419,153.477,7.806698322296143,257.0660705566406,255.85293579101557,Kelmarsh 3,1874.41162109375
2018-01-17 17:00:00,52.403834,-0.94419,153.477,7.526519298553467,255.0472869873047,255.85293579101557,Kelmarsh 3,1957.182373046875
2018-01-17 18:00:00,52.403834,-0.94419,153.477,8.261746406555176,249.58068847656247,255.85293579101557,Kelmarsh 3,2001.239501953125
2018-01-17 19:00:00,52.403834,-0.94419,153.477,9.2128324508667,245.62672424316406,239.22152709960938,Kelmarsh 3,2038.0313720703125
2018-01-17 20:00:00,52.403834,-0.94419,153.477,9.610702514648438,241.51190185546875,247.01272583007812,Kelmarsh 3,1830.189208984375
2018-01-17 21:00:00,52.403834,-0.94419,153.477,7.927357196807861,228.87796020507807,230.60894775390625,Kelmarsh 3,1718.4522705078125
2018-01-17 22:00:00,52.403834,-0.94419,153.477,8.885726928710938,195.12666320800773,194.38931274414062,Kelmarsh 3,2024.6483154296875
2018-01-17 23:00:00,52.403834,-0.94419,153.477,11.085179328918457,198.1325988769531,194.38931274414062,Kelmarsh 3,1844.9862060546875
2018-01-18 00:00:00,52.403834,-0.94419,153.477,11.505638122558594,209.36328124999994,213.0479125976562,Kelmarsh 3,1961.609130859375
2018-01-18 01:00:00,52.403834,-0.94419,153.477,15.098878860473633,233.71298217773438,231.70651245117185,Kelmarsh 3,1781.6888427734375
2018-01-18 02:00:00,52.403834,-0.94419,153.477,14.911458969116211,251.21554565429685,245.15266418457023,Kelmarsh 3,1971.275634765625
2018-01-18 03:00:00,52.403834,-0.94419,153.477,18.083755493164062,259.90911865234375,266.8285827636719,Kelmarsh 3,1877.0728759765625
2018-01-18 04:00:00,52.403834,-0.94419,153.477,17.105304718017578,264.4607238769531,266.8285827636719,Kelmarsh 3,1876.400634765625
2018-01-18 05:00:00,52.403834,-0.94419,153.477,22.084863662719727,291.2335510253906,284.3896179199219,Kelmarsh 3,1919.97119140625
2018-01-18 06:00:00,52.403834,-0.94419,153.477,18.09294319152832,288.4222412109375,292.07257080078125,Kelmarsh 3,1911.8123779296875
2018-01-18 07:00:00,52.403834,-0.94419,153.477,13.693889617919922,295.45220947265625,292.07257080078125,Kelmarsh 3,1872.822265625
2018-01-18 08:00:00,52.403834,-0.94419,153.477,NaN,NaN,NaN,Kelmarsh 3,1677.820556640625
2018-01-18 09:00:00,52.403834,-0.94419,153.477,NaN,NaN,NaN,Kelmarsh 3,1531.4232177734375
2018-01-18 10:00:00,52.403834,-0.94419,153.477,8.692861557006836,263.64651489257807,268.03588867187494,Kelmarsh 3,1486.2894287109375
2018-01-18 11:00:00,52.403834,-0.94419,153.477,7.706351280212402,268.3997802734375,268.2597961425781,Kelmarsh 3,1726.90673828125
2018-01-18 12:00:00,52.403834,-0.94419,153.477,7.571340084075928,257.9679870605469,260.2431945800781,Kelmarsh 3,1718.1470947265625
2018-01-18 13:00:00,52.403834,-0.94419,153.477,8.041475296020508,267.5506591796875,266.7757568359375,Kelmarsh 3,1183.7706298828125
2018-01-18 14:00:00,52.403834,-0.94419,153.477,6.646905422210693,255.214599609375,263.6209716796875,Kelmarsh 3,1198.3419189453125
2018-01-18 15:00:00,52.403834,-0.94419,153.477,8.553146362304688,264.9384460449219,262.32440185546875,Kelmarsh 3,1000.8561401367188
2018-01-18 16:00:00,52.403834,-0.94419,153.477,7.8780388832092285,276.81378173828125,279.2946472167969,Kelmarsh 3,1085.8773193359375
2018-01-18 17:00:00,52.403834,-0.94419,153.477,7.799678325653076,264.01040649414057,270.12127685546875,Kelmarsh 3,824.3023681640625
2018-01-18 18:00:00,52.403834,-0.94419,153.477,7.277092456817627,301.6617736816406,305.0633239746094,Kelmarsh 3,1094.7420654296875
2018-01-18 19:00:00,52.403834,-0.94419,153.477,8.204706192016602,272.8843994140625,269.0231628417968,Kelmarsh 3,1091.5936279296875
2018-01-18 20:00:00,52.403834,-0.94419,153.477,9.09969711303711,269.78570556640625,269.0231628417968,Kelmarsh 3,1138.441650390625
2018-01-18 21:00:00,52.403834,-0.94419,153.477,10.270489692687988,268.9490051269531,269.0231628417968,Kelmarsh 3,1069.5677490234375
2018-01-18 22:00:00,52.403834,-0.94419,153.477,8.610519409179688,265.818115234375,269.0231628417968,Kelmarsh 3,768.8792114257812
2018-01-18 23:00:00,52.403834,-0.94419,153.477,6.43428897857666,259.8035278320312,269.0231628417968,Kelmarsh 3,1282.4849853515625
2018-01-19 00:00:00,52.403834,-0.94419,153.477,5.044365882873535,262.242919921875,269.0231628417968,Kelmarsh 3,1504.0172119140625
2018-01-19 01:00:00,52.403834,-0.94419,153.477,4.616277694702148,255.0245666503906,269.0231628417968,Kelmarsh 3,1343.146728515625
2018-01-19 02:00:00,52.403834,-0.94419,153.477,4.548710346221924,256.9088134765625,269.0231628417968,Kelmarsh 3,932.1530151367188
2018-01-19 03:00:00,52.403834,-0.94419,153.477,3.837580919265747,254.88909912109372,269.0231628417968,Kelmarsh 3,912.8524780273438
2018-01-19 04:00:00,52.403834,-0.94419,153.477,3.6680126190185547,245.97848510742188,259.8529968261719,Kelmarsh 3,836.8932495117188
2018-01-19 05:00:00,52.403834,-0.94419,153.477,4.429557800292969,258.1922302246094,257.0930480957031,Kelmarsh 3,579.639404296875
2018-01-19 06:00:00,52.403834,-0.94419,153.477,7.547018051147461,259.3524475097656,261.3402099609375,Kelmarsh 3,764.365234375
2018-01-19 07:00:00,52.403834,-0.94419,153.477,5.139387607574463,255.08985900878906,261.3402099609375,Kelmarsh 3,870.1633911132812
2018-01-19 08:00:00,52.403834,-0.94419,153.477,5.370082378387451,257.052001953125,241.58404541015625,Kelmarsh 3,757.7766723632812
2018-01-19 09:00:00,52.403834,-0.94419,153.477,6.350758075714111,245.2602996826172,241.58404541015625,Kelmarsh 3,809.3692626953125
2018-01-19 10:00:00,52.403834,-0.94419,153.477,5.773185729980469,253.02110290527344,253.65725708007812,Kelmarsh 3,1051.8731689453125
2018-01-19 11:00:00,52.403834,-0.94419,153.477,6.143024921417236,252.72682189941406,253.65725708007812,Kelmarsh 3,1286.9324951171875
2018-01-19 12:00:00,52.403834,-0.94419,153.477,6.112174034118652,249.86126708984372,254.24105834960938,Kelmarsh 3,1388.8358154296875
2018-01-19 13:00:00,52.403834,-0.94419,153.477,6.466346740722656,253.85066223144528,255.85238647460938,Kelmarsh 3,1135.799072265625
2018-01-19 14:00:00,52.403834,-0.94419,153.477,5.976073741912842,243.33016967773438,245.69195556640625,Kelmarsh 3,1001.22802734375
2018-01-19 15:00:00,52.403834,-0.94419,153.477,5.185775279998779,254.5467529296875,247.07186889648438,Kelmarsh 3,738.6900024414062
2018-01-19 16:00:00,52.403834,-0.94419,153.477,6.447208881378174,261.74859619140625,256.1492614746094,Kelmarsh 3,754.5247192382812
2018-01-19 17:00:00,52.403834,-0.94419,153.477,5.289465427398682,256.6228942871093,255.85238647460938,Kelmarsh 3,661.0294189453125
2018-01-19 18:00:00,52.403834,-0.94419,153.477,5.057693958282471,255.29829406738278,255.85238647460938,Kelmarsh 3,538.92919921875
2018-01-19 19:00:00,52.403834,-0.94419,153.477,7.016218662261963,260.486083984375,255.85238647460938,Kelmarsh 3,157.4911346435547
2018-01-19 20:00:00,52.403834,-0.94419,153.477,7.411808967590332,259.5792236328125,255.85238647460938,Kelmarsh 3,166.5665283203125
2018-01-19 21:00:00,52.403834,-0.94419,153.477,7.925990104675293,237.77510070800776,244.6602935791015,Kelmarsh 3,90.1431655883789
2018-01-19 22:00:00,52.403834,-0.94419,153.477,7.89569616317749,239.82321166992185,241.58404541015625,Kelmarsh 3,51.55916976928711
2018-01-19 23:00:00,52.403834,-0.94419,153.477,7.055724620819092,235.3969116210937,241.58404541015625,Kelmarsh 3,98.53675842285156
2018-01-20 00:00:00,52.403834,-0.94419,153.477,4.966867923736572,210.54756164550778,230.60839843749991,Kelmarsh 3,115.72076416015625
2018-01-20 01:00:00,52.403834,-0.94419,153.477,6.745155334472656,223.28358459472653,230.60839843749991,Kelmarsh 3,107.23278045654297
2018-01-20 02:00:00,52.403834,-0.94419,153.477,4.785679340362549,216.59378051757812,202.07171630859375,Kelmarsh 3,210.73243713378906
2018-01-20 03:00:00,52.403834,-0.94419,153.477,6.407076358795166,194.8632049560547,202.07171630859375,Kelmarsh 3,557.2086181640625
2018-01-20 04:00:00,52.403834,-0.94419,153.477,4.788018226623535,209.68185424804682,202.07171630859375,Kelmarsh 3,596.1149291992188
2018-01-20 05:00:00,52.403834,-0.94419,153.477,3.7046549320220947,209.77912902832028,202.07171630859375,Kelmarsh 3,609.1939697265625
2018-01-20 06:00:00,52.403834,-0.94419,153.477,4.020347595214844,219.58052062988278,202.07171630859375,Kelmarsh 3,794.7553100585938
2018-01-20 07:00:00,52.403834,-0.94419,153.477,2.9207048416137695,217.44793701171872,218.53518676757812,Kelmarsh 3,562.2600708007812
2018-01-20 08:00:00,52.403834,-0.94419,153.477,3.7201361656188965,205.89598083496085,218.53518676757812,Kelmarsh 3,263.8722839355469
2018-01-20 09:00:00,52.403834,-0.94419,153.477,2.998338460922241,199.68261718749991,199.39364624023432,Kelmarsh 3,76.62023162841797
2018-01-20 10:00:00,52.403834,-0.94419,153.477,2.3401875495910645,150.8636932373047,174.63259887695312,Kelmarsh 3,126.9217758178711
2018-01-20 11:00:00,52.403834,-0.94419,153.477,2.4468374252319336,119.33158111572266,137.31539916992188,Kelmarsh 3,319.85711669921875
2018-01-20 12:00:00,52.403834,-0.94419,153.477,2.3931937217712402,101.16914367675781,94.2136001586914,Kelmarsh 3,264.3258972167969
2018-01-20 13:00:00,52.403834,-0.94419,153.477,2.9581687450408936,64.30912780761719,57.19364547729492,Kelmarsh 3,182.5650177001953
2018-01-20 14:00:00,52.403834,-0.94419,153.477,3.0838406085968018,44.03047180175781,57.19364547729492,Kelmarsh 3,172.53518676757812
2018-01-20 15:00:00,52.403834,-0.94419,153.477,3.4414758682250977,48.566436767578125,42.92535400390625,Kelmarsh 3,144.8800048828125
2018-01-20 16:00:00,52.403834,-0.94419,153.477,3.047820806503296,49.75555419921875,42.92535400390625,Kelmarsh 3,69.0947494506836
2018-01-20 17:00:00,52.403834,-0.94419,153.477,4.151899814605713,28.108869552612305,42.92535400390625,Kelmarsh 3,15.053303718566895
2018-01-20 18:00:00,52.403834,-0.94419,153.477,4.581324577331543,4.554447174072266,15.486332893371582,Kelmarsh 3,35.103851318359375
2018-01-20 19:00:00,52.403834,-0.94419,153.477,4.990980625152588,333.7344665527343,346.29611206054676,Kelmarsh 3,52.56167984008789
2018-01-20 20:00:00,52.403834,-0.94419,153.477,3.3058395385742188,306.67068481445307,319.5105895996093,Kelmarsh 3,154.82347106933594
2018-01-20 21:00:00,52.403834,-0.94419,153.477,4.1299591064453125,301.6349182128906,319.5105895996093,Kelmarsh 3,267.15948486328125
2018-01-20 22:00:00,52.403834,-0.94419,153.477,5.311629295349121,313.8870849609375,319.5105895996093,Kelmarsh 3,191.92324829101562
2018-01-20 23:00:00,52.403834,-0.94419,153.477,5.425041198730469,303.43505859375,319.5105895996093,Kelmarsh 3,429.8536071777344
2018-01-21 00:00:00,52.403834,-0.94419,153.477,5.883298397064209,283.9186706542969,286.5836486816406,Kelmarsh 3,476.72454833984375
2018-01-21 01:00:00,52.403834,-0.94419,153.477,5.040857791900635,284.8768310546874,286.5836486816406,Kelmarsh 3,517.5579833984375
2018-01-21 02:00:00,52.403834,-0.94419,153.477,5.374908447265625,287.19815063476557,286.5836486816406,Kelmarsh 3,561.332763671875
2018-01-21 03:00:00,52.403834,-0.94419,153.477,3.571732521057129,269.7574462890625,278.00592041015625,Kelmarsh 3,564.2384033203125
2018-01-21 04:00:00,52.403834,-0.94419,153.477,4.222660064697266,232.27760314941406,236.09567260742182,Kelmarsh 3,484.6042785644531
2018-01-21 05:00:00,52.403834,-0.94419,153.477,3.1185624599456787,228.6958465576171,236.09567260742182,Kelmarsh 3,661.906005859375
2018-01-21 06:00:00,52.403834,-0.94419,153.477,3.2102982997894287,242.34611511230466,228.4127197265625,Kelmarsh 3,1141.6412353515625
2018-01-21 07:00:00,52.403834,-0.94419,153.477,3.4100494384765625,228.74189758300784,218.47334289550784,Kelmarsh 3,1126.99365234375
2018-01-21 08:00:00,52.403834,-0.94419,153.477,4.27940559387207,182.10601806640622,193.21119689941406,Kelmarsh 3,1133.117431640625
2018-01-21 09:00:00,52.403834,-0.94419,153.477,5.337300777435303,168.9564666748047,177.92474365234375,Kelmarsh 3,624.5682373046875
2018-01-21 10:00:00,52.403834,-0.94419,153.477,5.496103286743164,153.027587890625,163.65640258789062,Kelmarsh 3,544.0943603515625
2018-01-21 11:00:00,52.403834,-0.94419,153.477,7.241423606872559,149.052734375,143.90023803710938,Kelmarsh 3,391.14947509765625
2018-01-21 12:00:00,52.403834,-0.94419,153.477,7.809807300567627,146.8229217529297,143.90023803710938,Kelmarsh 3,373.45697021484375
2018-01-21 13:00:00,52.403834,-0.94419,153.477,8.731510162353516,150.94447326660156,152.68075561523438,Kelmarsh 3,744.1368408203125
2018-01-21 14:00:00,52.403834,-0.94419,153.477,8.331543922424316,167.7074737548828,154.87588500976562,Kelmarsh 3,787.3348999023438
2018-01-21 15:00:00,52.403834,-0.94419,153.477,7.3376145362854,167.6898193359375,167.17799377441406,Kelmarsh 3,623.7423706054688
2018-01-21 16:00:00,52.403834,-0.94419,153.477,8.477334022521973,171.25306701660156,168.04666137695312,Kelmarsh 3,978.5645141601562
2018-01-21 17:00:00,52.403834,-0.94419,153.477,7.354710578918457,176.3311309814453,168.04666137695312,Kelmarsh 3,905.9244995117188
2018-01-21 18:00:00,52.403834,-0.94419,153.477,7.305018901824951,189.39064025878906,191.09552001953114,Kelmarsh 3,1102.4969482421875
2018-01-21 19:00:00,52.403834,-0.94419,153.477,6.874517440795898,221.5674591064453,220.80484008789062,Kelmarsh 3,1684.47900390625
2018-01-21 20:00:00,52.403834,-0.94419,153.477,8.277522087097168,231.11738586425778,229.51028442382812,Kelmarsh 3,1883.9432373046875
2018-01-21 21:00:00,52.403834,-0.94419,153.477,5.526309490203857,253.00584411621094,254.7542724609375,Kelmarsh 3,2031.769287109375
2018-01-21 22:00:00,52.403834,-0.94419,153.477,7.913238525390625,260.4579772949218,254.7542724609375,Kelmarsh 3,2028.5697021484375
2018-01-21 23:00:00,52.403834,-0.94419,153.477,7.391284942626953,260.07437133789057,254.7542724609375,Kelmarsh 3,2039.5877685546875
2018-01-22 00:00:00,52.403834,-0.94419,153.477,8.60909366607666,262.43325805664057,265.72991943359375,Kelmarsh 3,2052.468994140625
2018-01-22 01:00:00,52.403834,-0.94419,153.477,6.537947177886963,263.1870422363281,265.72991943359375,Kelmarsh 3,2029.679443359375
2018-01-22 02:00:00,52.403834,-0.94419,153.477,5.976100444793701,257.3817443847656,265.72991943359375,Kelmarsh 3,2051.58056640625
2018-01-22 03:00:00,52.403834,-0.94419,153.477,4.789102077484131,264.14044189453125,265.72991943359375,Kelmarsh 3,2056.49072265625
2018-01-22 04:00:00,52.403834,-0.94419,153.477,4.617581367492676,260.8279724121094,265.72991943359375,Kelmarsh 3,2067.91845703125
2018-01-22 05:00:00,52.403834,-0.94419,153.477,6.948044776916504,263.62152099609375,265.72991943359375,Kelmarsh 3,2050.52099609375
2018-01-22 06:00:00,52.403834,-0.94419,153.477,7.657445430755615,264.4900207519531,265.72991943359375,Kelmarsh 3,1991.550048828125
2018-01-22 07:00:00,52.403834,-0.94419,153.477,6.904041767120361,273.3011474609375,265.72991943359375,Kelmarsh 3,2069.728759765625
2018-01-22 08:00:00,52.403834,-0.94419,153.477,6.239815711975098,274.6835632324219,282.1933898925781,Kelmarsh 3,1996.656982421875
2018-01-22 09:00:00,52.403834,-0.94419,153.477,8.331310272216797,274.00421142578125,277.8031311035156,Kelmarsh 3,2057.726318359375
2018-01-22 10:00:00,52.403834,-0.94419,153.477,7.478290557861328,276.5218200683593,277.8031311035156,Kelmarsh 3,2050.684814453125
2018-01-22 11:00:00,52.403834,-0.94419,153.477,7.981528282165527,270.8373107910155,277.8031311035156,Kelmarsh 3,2038.611328125
2018-01-22 12:00:00,52.403834,-0.94419,153.477,7.929213047027588,281.2402648925781,285.48608398437494,Kelmarsh 3,2049.2734375
2018-01-22 13:00:00,52.403834,-0.94419,153.477,7.642524719238281,291.98806762695307,289.6493530273437,Kelmarsh 3,2041.70751953125
2018-01-22 14:00:00,52.403834,-0.94419,153.477,10.71772289276123,287.2942199707031,289.8204345703125,Kelmarsh 3,2043.1395263671875
2018-01-22 15:00:00,52.403834,-0.94419,153.477,9.088906288146973,288.5016174316406,295.3641662597655,Kelmarsh 3,2047.07861328125
2018-01-22 16:00:00,52.403834,-0.94419,153.477,7.425796031951904,276.7231140136718,280.4531555175781,Kelmarsh 3,2047.634521484375
2018-01-22 17:00:00,52.403834,-0.94419,153.477,8.848563194274902,269.5685729980469,267.37091064453125,Kelmarsh 3,2071.2705078125
2018-01-22 18:00:00,52.403834,-0.94419,153.477,8.548749923706055,264.2299499511719,270.12017822265625,Kelmarsh 3,2054.71826171875
2018-01-22 19:00:00,52.403834,-0.94419,153.477,8.62051773071289,263.3770446777343,255.41046142578125,Kelmarsh 3,2069.03564453125
2018-01-22 20:00:00,52.403834,-0.94419,153.477,7.382693767547607,265.0455322265625,261.33966064453125,Kelmarsh 3,2051.210205078125
2018-01-22 21:00:00,52.403834,-0.94419,153.477,9.433107376098633,267.579345703125,272.3153076171875,Kelmarsh 3,2048.748046875
2018-01-22 22:00:00,52.403834,-0.94419,153.477,5.50593376159668,259.7267150878906,265.72991943359375,Kelmarsh 3,2057.384765625
2018-01-22 23:00:00,52.403834,-0.94419,153.477,4.825181484222412,223.95774841308597,224.0224609375,Kelmarsh 3,2063.92333984375
2018-01-23 00:00:00,52.403834,-0.94419,153.477,4.280987739562988,200.9380493164062,216.49658203124994,Kelmarsh 3,2074.749267578125
2018-01-23 01:00:00,52.403834,-0.94419,153.477,5.6295013427734375,194.997817993164,198.7784729003906,Kelmarsh 3,2065.45654296875
2018-01-23 02:00:00,52.403834,-0.94419,153.477,5.202612400054932,203.62240600585932,198.7784729003906,Kelmarsh 3,2058.14501953125
2018-01-23 03:00:00,52.403834,-0.94419,153.477,5.51979398727417,213.14450073242182,198.7784729003906,Kelmarsh 3,2058.531494140625
2018-01-23 04:00:00,52.403834,-0.94419,153.477,7.470228672027588,208.74446105957026,198.7784729003906,Kelmarsh 3,2063.713623046875
2018-01-23 05:00:00,52.403834,-0.94419,153.477,9.143790245056152,206.573745727539,205.9910125732421,Kelmarsh 3,2050.21826171875
2018-01-23 06:00:00,52.403834,-0.94419,153.477,9.18670654296875,190.72477722167966,198.7784729003906,Kelmarsh 3,2068.659423828125
2018-01-23 07:00:00,52.403834,-0.94419,153.477,10.1863374710083,192.1621856689453,198.7784729003906,Kelmarsh 3,2037.243408203125
2018-01-23 08:00:00,52.403834,-0.94419,153.477,9.453951835632324,200.71311950683585,198.7784729003906,Kelmarsh 3,2052.402587890625
2018-01-23 09:00:00,52.403834,-0.94419,153.477,8.899088859558105,209.45426940917963,210.85168457031244,Kelmarsh 3,2064.01123046875
2018-01-23 10:00:00,52.403834,-0.94419,153.477,8.781621932983398,201.11198425292966,209.029800415039,Kelmarsh 3,2036.40625
2018-01-23 11:00:00,52.403834,-0.94419,153.477,10.181963920593262,211.97557067871094,211.94924926757807,Kelmarsh 3,2030.928466796875
2018-01-23 12:00:00,52.403834,-0.94419,153.477,9.536396026611328,218.6841583251953,211.94924926757807,Kelmarsh 3,2023.3624267578125
2018-01-23 13:00:00,52.403834,-0.94419,153.477,12.083220481872559,227.88255310058594,228.4127197265625,Kelmarsh 3,2007.607666015625
2018-01-23 14:00:00,52.403834,-0.94419,153.477,13.68514633178711,225.14068603515628,231.70541381835935,Kelmarsh 3,2021.6929931640625
2018-01-23 15:00:00,52.403834,-0.94419,153.477,11.035380363464355,228.49581909179682,224.0224609375,Kelmarsh 3,2010.635009765625
2018-01-23 16:00:00,52.403834,-0.94419,153.477,9.953381538391113,224.09263610839844,224.0224609375,Kelmarsh 3,2023.3369140625
2018-01-23 17:00:00,52.403834,-0.94419,153.477,10.94168472290039,228.8639068603515,224.0224609375,Kelmarsh 3,2022.07080078125
2018-01-23 18:00:00,52.403834,-0.94419,153.477,11.90001392364502,232.7826385498047,238.29080200195312,Kelmarsh 3,2019.8385009765625
2018-01-23 19:00:00,52.403834,-0.94419,153.477,9.480295181274414,235.34405517578125,238.29080200195312,Kelmarsh 3,1995.52001953125
2018-01-23 20:00:00,52.403834,-0.94419,153.477,9.74586009979248,226.08538818359372,226.21759033203125,Kelmarsh 3,1861.910400390625
2018-01-23 21:00:00,52.403834,-0.94419,153.477,6.787687301635742,217.44400024414065,226.21759033203125,Kelmarsh 3,1774.4664306640625
2018-01-23 22:00:00,52.403834,-0.94419,153.477,7.826741695404053,218.85382080078116,221.8273315429687,Kelmarsh 3,1961.4954833984375
2018-01-23 23:00:00,52.403834,-0.94419,153.477,7.785825729370117,215.9617156982422,221.8273315429687,Kelmarsh 3,1994.641845703125
2018-01-24 00:00:00,52.403834,-0.94419,153.477,9.55689811706543,209.27046203613276,209.75411987304685,Kelmarsh 3,1997.331298828125
2018-01-24 01:00:00,52.403834,-0.94419,153.477,11.543964385986328,198.69821166992188,196.58334350585935,Kelmarsh 3,1769.634765625
2018-01-24 02:00:00,52.403834,-0.94419,153.477,13.24170970916748,192.5152740478515,197.16162109374991,Kelmarsh 3,1739.6170654296875
2018-01-24 03:00:00,52.403834,-0.94419,153.477,11.934293746948242,202.75837707519526,197.68090820312497,Kelmarsh 3,1890.6246337890625
2018-01-24 04:00:00,52.403834,-0.94419,153.477,12.388242721557617,206.98376464843744,207.449234008789,Kelmarsh 3,1997.7086181640625
2018-01-24 05:00:00,52.403834,-0.94419,153.477,14.199433326721191,206.07809448242185,207.55899047851562,Kelmarsh 3,1995.465576171875
2018-01-24 06:00:00,52.403834,-0.94419,153.477,13.301233291625977,213.54753112792963,207.55899047851562,Kelmarsh 3,2005.18017578125
2018-01-24 07:00:00,52.403834,-0.94419,153.477,14.632149696350098,203.1786346435547,213.0468139648437,Kelmarsh 3,1655.2728271484375
2018-01-24 08:00:00,52.403834,-0.94419,153.477,15.085769653320312,205.30171203613276,213.0468139648437,Kelmarsh 3,1630.9176025390625
2018-01-24 09:00:00,52.403834,-0.94419,153.477,13.917147636413574,211.745864868164,213.0468139648437,Kelmarsh 3,1367.5814208984375
2018-01-24 10:00:00,52.403834,-0.94419,153.477,11.451844215393066,268.3312072753906,269.0226135253906,Kelmarsh 3,434.90936279296875
2018-01-24 11:00:00,52.403834,-0.94419,153.477,9.470149993896484,258.71734619140625,253.43858337402344,Kelmarsh 3,211.26327514648438
2018-01-24 12:00:00,52.403834,-0.94419,153.477,11.536812782287598,239.2832794189453,238.55197143554688,Kelmarsh 3,301.1866455078125
2018-01-24 13:00:00,52.403834,-0.94419,153.477,10.691744804382324,237.67779541015625,232.1972198486328,Kelmarsh 3,154.56475830078125
2018-01-24 14:00:00,52.403834,-0.94419,153.477,10.24988079071045,225.03565979003903,218.53463745117188,Kelmarsh 3,382.113037109375
2018-01-24 15:00:00,52.403834,-0.94419,153.477,7.9222331047058105,217.8183288574218,218.53463745117188,Kelmarsh 3,374.1351318359375
2018-01-24 16:00:00,52.403834,-0.94419,153.477,8.24645709991455,217.94503784179682,218.53463745117188,Kelmarsh 3,383.76055908203125
2018-01-24 17:00:00,52.403834,-0.94419,153.477,7.848781585693359,215.44599914550778,218.53463745117188,Kelmarsh 3,730.0264892578125
2018-01-24 18:00:00,52.403834,-0.94419,153.477,8.790465354919434,232.3167266845703,224.73143005371088,Kelmarsh 3,578.3914794921875
2018-01-24 19:00:00,52.403834,-0.94419,153.477,7.631654262542725,219.70729064941406,225.1200256347656,Kelmarsh 3,698.4690551757812
2018-01-24 20:00:00,52.403834,-0.94419,153.477,7.803868293762207,215.24391174316403,212.60848999023438,Kelmarsh 3,167.20252990722656
2018-01-24 21:00:00,52.403834,-0.94419,153.477,8.580018997192383,216.21697998046866,215.24194335937503,Kelmarsh 3,171.53213500976562
2018-01-24 22:00:00,52.403834,-0.94419,153.477,6.181429386138916,214.20353698730466,215.24194335937503,Kelmarsh 3,151.29412841796875
2018-01-24 23:00:00,52.403834,-0.94419,153.477,7.2455244064331055,217.97837829589844,215.24194335937503,Kelmarsh 3,119.86470794677734
2018-01-25 00:00:00,52.403834,-0.94419,153.477,8.691780090332031,219.5387420654297,215.24194335937503,Kelmarsh 3,131.11111450195312
2018-01-25 01:00:00,52.403834,-0.94419,153.477,7.777983665466309,217.3455505371093,215.24194335937503,Kelmarsh 3,115.85049438476562
2018-01-25 02:00:00,52.403834,-0.94419,153.477,8.694759368896484,220.368667602539,215.24194335937503,Kelmarsh 3,82.27623748779297
2018-01-25 03:00:00,52.403834,-0.94419,153.477,9.063304901123047,219.3323516845703,215.24194335937503,Kelmarsh 3,54.37458419799805
2018-01-25 04:00:00,52.403834,-0.94419,153.477,8.875764846801758,215.73814392089838,215.24194335937503,Kelmarsh 3,74.48934936523438
2018-01-25 05:00:00,52.403834,-0.94419,153.477,7.2410664558410645,220.191909790039,215.24194335937503,Kelmarsh 3,437.5603942871094
2018-01-25 06:00:00,52.403834,-0.94419,153.477,10.80402660369873,234.03952026367188,236.211181640625,Kelmarsh 3,380.9275207519531
2018-01-25 07:00:00,52.403834,-0.94419,153.477,4.808043956756592,215.3220672607421,222.92489624023435,Kelmarsh 3,354.5506591796875
2018-01-25 08:00:00,52.403834,-0.94419,153.477,7.642744541168213,221.33703613281244,224.0224609375,Kelmarsh 3,545.9963989257812
2018-01-25 09:00:00,52.403834,-0.94419,153.477,5.713542461395264,208.31565856933594,218.53463745117188,Kelmarsh 3,367.31011962890625
2018-01-25 10:00:00,52.403834,-0.94419,153.477,5.909332752227783,218.90989685058588,218.53463745117188,Kelmarsh 3,408.8003845214844
2018-01-25 11:00:00,52.403834,-0.94419,153.477,6.909305572509766,207.5130767822265,218.48785400390625,Kelmarsh 3,358.9763488769531
2018-01-25 12:00:00,52.403834,-0.94419,153.477,8.890007019042969,220.06372070312494,217.43707275390625,Kelmarsh 3,143.1812286376953
2018-01-25 13:00:00,52.403834,-0.94419,153.477,7.634037017822266,208.76214599609372,213.0468139648437,Kelmarsh 3,119.30560302734375
2018-01-25 14:00:00,52.403834,-0.94419,153.477,8.057621002197266,216.26495361328125,218.97145080566398,Kelmarsh 3,236.99359130859375
2018-01-25 15:00:00,52.403834,-0.94419,153.477,6.814480304718018,210.30181884765622,210.58654785156244,Kelmarsh 3,364.5171203613281
2018-01-25 16:00:00,52.403834,-0.94419,153.477,8.860690116882324,200.1523284912109,200.2059936523437,Kelmarsh 3,488.9670104980469
2018-01-25 17:00:00,52.403834,-0.94419,153.477,6.042812347412109,216.9541778564453,214.14437866210932,Kelmarsh 3,588.5691528320312
2018-01-25 18:00:00,52.403834,-0.94419,153.477,6.0858073234558105,201.43557739257812,186.70526123046872,Kelmarsh 3,608.27197265625
2018-01-25 19:00:00,52.403834,-0.94419,153.477,5.488047122955322,218.74478149414057,221.8273315429687,Kelmarsh 3,468.7951354980469
2018-01-25 20:00:00,52.403834,-0.94419,153.477,6.695163726806641,222.12849426269523,226.21759033203125,Kelmarsh 3,541.5579223632812
2018-01-25 21:00:00,52.403834,-0.94419,153.477,5.626655101776123,235.72268676757807,226.21759033203125,Kelmarsh 3,114.47177124023438
2018-01-25 22:00:00,52.403834,-0.94419,153.477,6.3517165184021,237.09689331054688,233.90054321289057,Kelmarsh 3,38.756717681884766
2018-01-25 23:00:00,52.403834,-0.94419,153.477,6.855198860168457,228.37606811523438,233.90054321289057,Kelmarsh 3,111.52567291259766
2018-01-26 00:00:00,52.403834,-0.94419,153.477,2.585381269454956,208.58647155761713,214.3610687255859,Kelmarsh 3,96.72061157226562
2018-01-26 01:00:00,52.403834,-0.94419,153.477,3.753251552581787,227.62071228027347,228.4127197265625,Kelmarsh 3,69.95641326904297
2018-01-26 02:00:00,52.403834,-0.94419,153.477,3.652512788772583,232.5078887939453,228.4127197265625,Kelmarsh 3,66.20134735107422
2018-01-26 03:00:00,52.403834,-0.94419,153.477,7.05889892578125,261.52984619140625,266.8274841308594,Kelmarsh 3,82.47369384765625
2018-01-26 04:00:00,52.403834,-0.94419,153.477,6.932711124420166,285.2095031738281,287.47064208984364,Kelmarsh 3,60.128780364990234
2018-01-26 05:00:00,52.403834,-0.94419,153.477,6.1516194343566895,300.92138671875,308.5349426269531,Kelmarsh 3,31.71650505065918
2018-01-26 06:00:00,52.403834,-0.94419,153.477,5.385786533355713,334.66180419921875,330.4862365722656,Kelmarsh 3,130.59783935546875
2018-01-26 07:00:00,52.403834,-0.94419,153.477,5.340475082397461,347.107177734375,352.4375305175781,Kelmarsh 3,258.18280029296875
2018-01-26 08:00:00,52.403834,-0.94419,153.477,4.850592136383057,345.93081665039057,352.4375305175781,Kelmarsh 3,294.0437316894531
2018-01-26 09:00:00,52.403834,-0.94419,153.477,4.829412460327148,334.3240356445312,352.4375305175781,Kelmarsh 3,218.43556213378906
2018-01-26 10:00:00,52.403834,-0.94419,153.477,6.155740261077881,332.9613342285156,331.58380126953125,Kelmarsh 3,202.09237670898438
2018-01-26 11:00:00,52.403834,-0.94419,153.477,6.550156116485596,331.3651123046874,331.58380126953125,Kelmarsh 3,193.5862579345703
2018-01-26 12:00:00,52.403834,-0.94419,153.477,4.550139427185059,2.739124059677124,350.2424011230469,Kelmarsh 3,112.36272430419922
2018-01-26 13:00:00,52.403834,-0.94419,153.477,5.218732833862305,9.636151313781738,11.096083641052246,Kelmarsh 3,166.63429260253906
2018-01-26 14:00:00,52.403834,-0.94419,153.477,3.963810443878174,337.1333312988281,350.2424011230469,Kelmarsh 3,259.8175354003906
2018-01-26 15:00:00,52.403834,-0.94419,153.477,3.865260124206543,332.39379882812494,344.6210021972656,Kelmarsh 3,339.5108947753906
2018-01-26 16:00:00,52.403834,-0.94419,153.477,2.329172372817993,338.13433837890625,330.4862365722656,Kelmarsh 3,344.6947021484375
2018-01-26 17:00:00,52.403834,-0.94419,153.477,4.280606746673584,305.9081726074219,317.3154602050781,Kelmarsh 3,472.81640625
2018-01-26 18:00:00,52.403834,-0.94419,153.477,4.596258640289307,304.81512451171875,293.89923095703125,Kelmarsh 3,606.8138427734375
2018-01-26 19:00:00,52.403834,-0.94419,153.477,5.242603778839111,293.3681335449219,303.8476867675781,Kelmarsh 3,453.59478759765625
2018-01-26 20:00:00,52.403834,-0.94419,153.477,4.810023784637451,297.1955261230469,287.68121337890625,Kelmarsh 3,316.4729309082031
2018-01-26 21:00:00,52.403834,-0.94419,153.477,3.7912650108337402,281.8633422851562,287.68121337890625,Kelmarsh 3,293.5987243652344
2018-01-26 22:00:00,52.403834,-0.94419,153.477,3.343639850616455,235.63763427734375,225.1200256347656,Kelmarsh 3,218.73915100097656
2018-01-26 23:00:00,52.403834,-0.94419,153.477,2.548079490661621,218.6245727539062,225.1200256347656,Kelmarsh 3,181.20242309570312
2018-01-27 00:00:00,52.403834,-0.94419,153.477,5.657314777374268,200.58432006835938,208.2067413330078,Kelmarsh 3,265.6676940917969
2018-01-27 01:00:00,52.403834,-0.94419,153.477,4.107349872589111,218.98756408691403,224.0224609375,Kelmarsh 3,283.1799011230469
2018-01-27 02:00:00,52.403834,-0.94419,153.477,4.908395767211914,217.18090820312503,224.0224609375,Kelmarsh 3,319.0728454589844
2018-01-27 03:00:00,52.403834,-0.94419,153.477,5.157578945159912,218.28335571289062,224.0224609375,Kelmarsh 3,335.3130187988281
2018-01-27 04:00:00,52.403834,-0.94419,153.477,5.563355445861816,203.3851623535156,206.52711486816406,Kelmarsh 3,272.892822265625
2018-01-27 05:00:00,52.403834,-0.94419,153.477,6.764107704162598,200.96946716308585,196.58334350585935,Kelmarsh 3,219.4718017578125
2018-01-27 06:00:00,52.403834,-0.94419,153.477,6.3743510246276855,202.76939392089844,209.75411987304685,Kelmarsh 3,396.2110900878906
2018-01-27 07:00:00,52.403834,-0.94419,153.477,7.589025020599365,196.49198913574213,195.48577880859375,Kelmarsh 3,414.196533203125
2018-01-27 08:00:00,52.403834,-0.94419,153.477,9.017149925231934,197.40899658203116,200.97360229492188,Kelmarsh 3,433.96240234375
2018-01-27 09:00:00,52.403834,-0.94419,153.477,9.047480583190918,198.28086853027344,200.97360229492188,Kelmarsh 3,646.132080078125
2018-01-27 10:00:00,52.403834,-0.94419,153.477,10.41722583770752,194.87179565429688,200.97360229492188,Kelmarsh 3,698.4263916015625
2018-01-27 11:00:00,52.403834,-0.94419,153.477,9.89525318145752,207.98966979980463,209.75411987304685,Kelmarsh 3,663.6165161132812
2018-01-27 12:00:00,52.403834,-0.94419,153.477,9.140399932861328,206.1562194824219,209.75411987304685,Kelmarsh 3,730.3935546875
2018-01-27 13:00:00,52.403834,-0.94419,153.477,9.976678848266602,213.85934448242182,217.05390930175773,Kelmarsh 3,882.7472534179688
2018-01-27 14:00:00,52.403834,-0.94419,153.477,8.801301002502441,221.46391296386716,217.43707275390625,Kelmarsh 3,1385.23388671875
2018-01-27 15:00:00,52.403834,-0.94419,153.477,8.823592185974121,221.39077758789062,217.43707275390625,Kelmarsh 3,1065.2188720703125
2018-01-27 16:00:00,52.403834,-0.94419,153.477,7.480672836303711,222.06582641601557,217.43707275390625,Kelmarsh 3,962.80615234375
2018-01-27 17:00:00,52.403834,-0.94419,153.477,10.130925178527832,237.01882934570312,230.6078491210937,Kelmarsh 3,1053.2176513671875
2018-01-27 18:00:00,52.403834,-0.94419,153.477,10.549763679504395,237.83552551269537,241.58349609374997,Kelmarsh 3,1078.1043701171875
2018-01-27 19:00:00,52.403834,-0.94419,153.477,9.26778507232666,233.9558868408203,241.58349609374997,Kelmarsh 3,752.6728515625
2018-01-27 20:00:00,52.403834,-0.94419,153.477,9.53688907623291,241.13279724121088,245.76283264160156,Kelmarsh 3,1302.7939453125
2018-01-27 21:00:00,52.403834,-0.94419,153.477,7.907276153564453,249.9911346435547,242.68106079101557,Kelmarsh 3,1121.124755859375
2018-01-27 22:00:00,52.403834,-0.94419,153.477,9.059308052062988,251.74905395507812,249.26644897460938,Kelmarsh 3,874.1387329101562
2018-01-27 23:00:00,52.403834,-0.94419,153.477,9.308993339538574,264.14590454101557,259.14453125,Kelmarsh 3,933.420654296875
2018-01-28 00:00:00,52.403834,-0.94419,153.477,11.45664119720459,269.6249084472656,272.3153076171875,Kelmarsh 3,723.56005859375
2018-01-28 01:00:00,52.403834,-0.94419,153.477,10.791237831115723,265.07800292968744,272.3153076171875,Kelmarsh 3,1659.254150390625
2018-01-28 02:00:00,52.403834,-0.94419,153.477,11.53499698638916,271.74725341796875,265.72991943359375,Kelmarsh 3,2036.593017578125
2018-01-28 03:00:00,52.403834,-0.94419,153.477,8.270560264587402,263.51800537109375,265.72991943359375,Kelmarsh 3,2065.038330078125
2018-01-28 04:00:00,52.403834,-0.94419,153.477,7.060359477996826,257.1538391113281,265.72991943359375,Kelmarsh 3,1976.479248046875
2018-01-28 05:00:00,52.403834,-0.94419,153.477,8.332054138183594,256.5929260253906,251.46157836914062,Kelmarsh 3,1717.341552734375
2018-01-28 06:00:00,52.403834,-0.94419,153.477,9.333074569702148,242.80857849121094,243.31394958496094,Kelmarsh 3,1925.6004638671875
2018-01-28 07:00:00,52.403834,-0.94419,153.477,10.310269355773926,231.23828124999997,238.29080200195312,Kelmarsh 3,1874.953125
2018-01-28 08:00:00,52.403834,-0.94419,153.477,10.248050689697266,237.9849853515625,233.41561889648438,Kelmarsh 3,1782.084716796875
2018-01-28 09:00:00,52.403834,-0.94419,153.477,10.142704010009766,239.84642028808585,241.58349609374997,Kelmarsh 3,2000.92626953125
2018-01-28 10:00:00,52.403834,-0.94419,153.477,9.708181381225586,246.82070922851562,242.45907592773432,Kelmarsh 3,2035.6156005859375
2018-01-28 11:00:00,52.403834,-0.94419,153.477,9.08254337310791,257.1618957519531,252.1361389160156,Kelmarsh 3,2045.65673828125
2018-01-28 12:00:00,52.403834,-0.94419,153.477,9.537813186645508,258.2829895019531,257.39495849609375,Kelmarsh 3,2027.0977783203125
2018-01-28 13:00:00,52.403834,-0.94419,153.477,7.969576835632324,258.8541259765624,255.8518371582031,Kelmarsh 3,1993.44775390625
2018-01-28 14:00:00,52.403834,-0.94419,153.477,9.757225036621094,245.24542236328122,243.77862548828125,Kelmarsh 3,1417.0672607421875
2018-01-28 15:00:00,52.403834,-0.94419,153.477,9.009710311889648,264.30307006835926,263.5347900390625,Kelmarsh 3,1643.9571533203125
2018-01-28 16:00:00,52.403834,-0.94419,153.477,8.580429077148438,252.69764709472656,250.364013671875,Kelmarsh 3,1816.2244873046875
2018-01-28 17:00:00,52.403834,-0.94419,153.477,8.528223037719727,259.1391906738281,260.2420959472656,Kelmarsh 3,1471.809326171875
2018-01-28 18:00:00,52.403834,-0.94419,153.477,6.879258155822754,257.7026062011719,248.16888427734375,Kelmarsh 3,1562.8392333984375
2018-01-28 19:00:00,52.403834,-0.94419,153.477,8.616775512695312,237.13851928710938,240.0662841796875,Kelmarsh 3,1641.12939453125
2018-01-28 20:00:00,52.403834,-0.94419,153.477,10.526145935058594,232.61169433593756,237.1932373046875,Kelmarsh 3,1273.2474365234375
2018-01-28 21:00:00,52.403834,-0.94419,153.477,10.713204383850098,238.62950134277338,232.802978515625,Kelmarsh 3,1342.7001953125
2018-01-28 22:00:00,52.403834,-0.94419,153.477,8.724437713623047,238.5631103515624,242.68106079101557,Kelmarsh 3,877.5133056640625
2018-01-28 23:00:00,52.403834,-0.94419,153.477,11.973840713500977,239.36813354492185,236.09567260742182,Kelmarsh 3,782.21728515625
2018-01-29 00:00:00,52.403834,-0.94419,153.477,11.256945610046387,244.56062316894528,247.0713195800781,Kelmarsh 3,732.1857299804688
2018-01-29 01:00:00,52.403834,-0.94419,153.477,11.235925674438477,233.5369415283203,239.85260009765616,Kelmarsh 3,693.727783203125
2018-01-29 02:00:00,52.403834,-0.94419,153.477,10.180335998535156,226.4093322753906,231.70541381835935,Kelmarsh 3,737.2409057617188
2018-01-29 03:00:00,52.403834,-0.94419,153.477,11.774279594421387,235.48638916015616,245.9737548828125,Kelmarsh 3,728.485107421875
2018-01-29 04:00:00,52.403834,-0.94419,153.477,9.911842346191406,247.26104736328125,245.9737548828125,Kelmarsh 3,598.6364135742188
2018-01-29 05:00:00,52.403834,-0.94419,153.477,12.570996284484863,246.54689025878906,246.02589416503903,Kelmarsh 3,638.1141357421875
2018-01-29 06:00:00,52.403834,-0.94419,153.477,11.828131675720215,239.91290283203114,245.9737548828125,Kelmarsh 3,677.4771728515625
2018-01-29 07:00:00,52.403834,-0.94419,153.477,10.794475555419922,233.0723876953125,239.6102294921875,Kelmarsh 3,715.630126953125
2018-01-29 08:00:00,52.403834,-0.94419,153.477,11.989400863647461,237.25480651855463,239.38836669921875,Kelmarsh 3,880.698486328125
2018-01-29 09:00:00,52.403834,-0.94419,153.477,11.598394393920898,241.64730834960938,239.38836669921875,Kelmarsh 3,805.2803344726562
2018-01-29 10:00:00,52.403834,-0.94419,153.477,12.591142654418945,233.15647888183588,239.38836669921875,Kelmarsh 3,796.1265258789062
2018-01-29 11:00:00,52.403834,-0.94419,153.477,11.251930236816406,244.408935546875,239.38836669921875,Kelmarsh 3,946.7557983398438
2018-01-29 12:00:00,52.403834,-0.94419,153.477,9.995807647705078,266.61602783203125,261.2688903808594,Kelmarsh 3,824.3429565429688
2018-01-29 13:00:00,52.403834,-0.94419,153.477,9.983906745910645,311.4408264160156,315.1203308105469,Kelmarsh 3,730.580810546875
2018-01-29 14:00:00,52.403834,-0.94419,153.477,9.943990707397461,305.0917663574218,310.7300720214844,Kelmarsh 3,579.1608276367188
2018-01-29 15:00:00,52.403834,-0.94419,153.477,8.115586280822754,306.260986328125,307.4373779296874,Kelmarsh 3,438.7089538574219
2018-01-29 16:00:00,52.403834,-0.94419,153.477,9.632726669311523,293.8064880371094,288.7787780761718,Kelmarsh 3,436.8669128417969
2018-01-29 17:00:00,52.403834,-0.94419,153.477,9.098933219909668,298.44873046875,299.2232360839844,Kelmarsh 3,463.8204345703125
2018-01-29 18:00:00,52.403834,-0.94419,153.477,8.044855117797852,304.88824462890625,298.6568603515625,Kelmarsh 3,544.551025390625
2018-01-29 19:00:00,52.403834,-0.94419,153.477,7.638456344604492,303.4507141113281,307.9070739746094,Kelmarsh 3,488.0924987792969
2018-01-29 20:00:00,52.403834,-0.94419,153.477,5.437705039978027,285.9580383300781,292.07147216796875,Kelmarsh 3,403.9591064453125
2018-01-29 21:00:00,52.403834,-0.94419,153.477,6.302056789398193,285.2229309082031,292.07147216796875,Kelmarsh 3,293.052978515625
2018-01-29 22:00:00,52.403834,-0.94419,153.477,7.289911270141602,286.6248779296875,292.07147216796875,Kelmarsh 3,239.83078002929688
2018-01-29 23:00:00,52.403834,-0.94419,153.477,7.9546284675598145,288.12738037109375,292.07147216796875,Kelmarsh 3,231.52685546875
2018-01-30 00:00:00,52.403834,-0.94419,153.477,8.99628734588623,280.5611267089844,281.599853515625,Kelmarsh 3,252.4547882080078
2018-01-30 01:00:00,52.403834,-0.94419,153.477,8.93051815032959,290.8289489746094,294.2666015625,Kelmarsh 3,353.8912048339844
2018-01-30 02:00:00,52.403834,-0.94419,153.477,7.928811550140381,287.07885742187494,286.5836486816406,Kelmarsh 3,276.3549499511719
2018-01-30 03:00:00,52.403834,-0.94419,153.477,6.1746368408203125,271.4375305175781,272.9461975097656,Kelmarsh 3,145.78062438964844
2018-01-30 04:00:00,52.403834,-0.94419,153.477,4.060294151306152,266.64166259765625,267.925048828125,Kelmarsh 3,131.06842041015625
2018-01-30 05:00:00,52.403834,-0.94419,153.477,6.704094886779785,263.17864990234375,267.925048828125,Kelmarsh 3,186.43907165527344
2018-01-30 06:00:00,52.403834,-0.94419,153.477,4.71614408493042,262.3948059082031,267.925048828125,Kelmarsh 3,251.37327575683594
2018-01-30 07:00:00,52.403834,-0.94419,153.477,5.465475082397461,257.713623046875,267.925048828125,Kelmarsh 3,251.7884521484375
2018-01-30 08:00:00,52.403834,-0.94419,153.477,3.742485284805298,249.61109924316406,229.51028442382812,Kelmarsh 3,298.10284423828125
2018-01-30 09:00:00,52.403834,-0.94419,153.477,4.352987289428711,237.18849182128906,230.6078491210937,Kelmarsh 3,289.9808349609375
2018-01-30 10:00:00,52.403834,-0.94419,153.477,4.280055522918701,232.5059967041015,230.6078491210937,Kelmarsh 3,275.4970703125
2018-01-30 11:00:00,52.403834,-0.94419,153.477,3.7425410747528076,235.1118927001953,230.6078491210937,Kelmarsh 3,241.86672973632812
2018-01-30 12:00:00,52.403834,-0.94419,153.477,4.469663143157959,218.26473999023438,230.6078491210937,Kelmarsh 3,253.70106506347656
2018-01-30 13:00:00,52.403834,-0.94419,153.477,6.086216926574707,241.37525939941398,230.6078491210937,Kelmarsh 3,274.86907958984375
2018-01-30 14:00:00,52.403834,-0.94419,153.477,5.68458366394043,227.80599975585938,230.6078491210937,Kelmarsh 3,194.1300048828125
2018-01-30 15:00:00,52.403834,-0.94419,153.477,4.90454626083374,221.6903076171875,230.6078491210937,Kelmarsh 3,159.72442626953125
2018-01-30 16:00:00,52.403834,-0.94419,153.477,3.486124277114868,204.41293334960935,203.16873168945307,Kelmarsh 3,152.1194610595703
2018-01-30 17:00:00,52.403834,-0.94419,153.477,4.9499921798706055,202.39013671874991,203.16873168945307,Kelmarsh 3,244.2943878173828
2018-01-30 18:00:00,52.403834,-0.94419,153.477,5.530913352966309,221.6999969482422,226.21759033203125,Kelmarsh 3,237.666748046875
2018-01-30 19:00:00,52.403834,-0.94419,153.477,5.178562641143799,217.77040100097656,226.21759033203125,Kelmarsh 3,221.2532196044922
2018-01-30 20:00:00,52.403834,-0.94419,153.477,5.831509113311768,204.12507629394528,189.99795532226562,Kelmarsh 3,202.8895721435547
2018-01-30 21:00:00,52.403834,-0.94419,153.477,6.919508457183838,188.83001708984375,189.99795532226562,Kelmarsh 3,192.7891845703125
2018-01-30 22:00:00,52.403834,-0.94419,153.477,7.040200233459473,190.40472412109372,189.99795532226562,Kelmarsh 3,169.91253662109375
2018-01-30 23:00:00,52.403834,-0.94419,153.477,7.700524806976318,219.49078369140616,216.671890258789,Kelmarsh 3,141.90708923339844
2018-01-31 00:00:00,52.403834,-0.94419,153.477,10.232763290405273,226.03578186035156,230.6078491210937,Kelmarsh 3,110.48681640625
2018-01-31 01:00:00,52.403834,-0.94419,153.477,10.926386833190918,228.18707275390622,230.6078491210937,Kelmarsh 3,138.15650939941406
2018-01-31 02:00:00,52.403834,-0.94419,153.477,10.458396911621094,259.9374694824219,261.33966064453125,Kelmarsh 3,146.65191650390625
2018-01-31 03:00:00,52.403834,-0.94419,153.477,10.086660385131836,249.5546417236328,254.99978637695312,Kelmarsh 3,266.6504821777344
2018-01-31 04:00:00,52.403834,-0.94419,153.477,9.912434577941895,229.38841247558585,226.64544677734366,Kelmarsh 3,175.2502899169922
2018-01-31 05:00:00,52.403834,-0.94419,153.477,9.234237670898438,222.93334960937494,224.0224609375,Kelmarsh 3,87.02885437011719
2018-01-31 06:00:00,52.403834,-0.94419,153.477,9.046804428100586,223.40927124023438,224.0224609375,Kelmarsh 3,22.362009048461914
2018-01-31 07:00:00,52.403834,-0.94419,153.477,10.997654914855957,240.63681030273438,239.38836669921875,Kelmarsh 3,12.071396827697754
2018-01-31 08:00:00,52.403834,-0.94419,153.477,10.436906814575195,284.4400939941406,277.5445251464844,Kelmarsh 3,11.569791793823242
2018-01-31 09:00:00,52.403834,-0.94419,153.477,8.333426475524902,267.31610107421875,266.5453186035156,Kelmarsh 3,27.62225914001465
2018-01-31 10:00:00,52.403834,-0.94419,153.477,5.855739116668701,258.74807739257807,265.72991943359375,Kelmarsh 3,37.35957336425781
2018-01-31 11:00:00,52.403834,-0.94419,153.477,5.767871856689453,258.4503479003906,258.0469665527344,Kelmarsh 3,3.2074429988861084
2018-01-31 12:00:00,52.403834,-0.94419,153.477,6.752091884613037,261.67352294921875,263.5347900390625,Kelmarsh 3,3.2303645610809326
2018-01-31 13:00:00,52.403834,-0.94419,153.477,10.45482063293457,266.6729431152344,269.0226135253906,Kelmarsh 3,-12.123228073120117
2018-01-31 14:00:00,52.403834,-0.94419,153.477,10.38608169555664,272.0961608886719,273.41287231445307,Kelmarsh 3,-1.9808855056762695
2018-01-31 15:00:00,52.403834,-0.94419,153.477,12.4890718460083,270.04461669921875,272.5471496582031,Kelmarsh 3,-2.5141890048980713
2018-01-31 16:00:00,52.403834,-0.94419,153.477,7.450300216674805,265.9069213867187,270.61199951171875,Kelmarsh 3,-0.5275315642356873
2018-01-31 17:00:00,52.403834,-0.94419,153.477,7.236934185028076,254.77534484863278,251.46157836914062,Kelmarsh 3,3.009028434753418
2018-01-31 18:00:00,52.403834,-0.94419,153.477,10.856507301330566,260.37506103515625,251.46157836914062,Kelmarsh 3,5.0240254402160645
2018-01-31 19:00:00,52.403834,-0.94419,153.477,7.630141258239746,257.891845703125,251.46157836914062,Kelmarsh 3,64.22251892089844
2018-01-31 20:00:00,52.403834,-0.94419,153.477,9.405309677124023,251.0704345703125,251.46157836914062,Kelmarsh 3,23.57532501220703
2018-01-31 21:00:00,52.403834,-0.94419,153.477,8.388734817504883,251.68753051757804,251.46157836914062,Kelmarsh 3,10.01323127746582
2018-01-31 22:00:00,52.403834,-0.94419,153.477,8.671387672424316,232.49476623535156,236.9098358154297,Kelmarsh 3,-7.399795055389404
2018-01-31 23:00:00,52.403834,-0.94419,153.477,8.374961853027344,237.3264923095703,244.87619018554682,Kelmarsh 3,27.080320358276367
2018-02-01 00:00:00,52.403834,-0.94419,153.477,8.367648124694824,240.4448852539062,241.41911315917966,Kelmarsh 3,22.68488121032715
2018-02-01 01:00:00,52.403834,-0.94419,153.477,7.444924354553223,248.3930206298828,241.58349609374997,Kelmarsh 3,44.27850341796875
2018-02-01 02:00:00,52.403834,-0.94419,153.477,7.587948322296143,288.9635620117187,283.29095458984375,Kelmarsh 3,49.386051177978516
2018-02-01 03:00:00,52.403834,-0.94419,153.477,11.507513046264648,315.49761962890625,319.8996276855469,Kelmarsh 3,9.527531623840332
2018-02-01 04:00:00,52.403834,-0.94419,153.477,9.486410140991211,314.5389099121094,311.82763671875,Kelmarsh 3,48.475521087646484
2018-02-01 05:00:00,52.403834,-0.94419,153.477,8.87219524383545,291.89544677734375,296.46173095703125,Kelmarsh 3,112.19413757324219
2018-02-01 06:00:00,52.403834,-0.94419,153.477,9.762600898742676,292.1307067871094,283.29095458984375,Kelmarsh 3,163.1802215576172
2018-02-01 07:00:00,52.403834,-0.94419,153.477,9.944253921508789,284.2610168457031,283.29095458984375,Kelmarsh 3,143.71478271484375
2018-02-01 08:00:00,52.403834,-0.94419,153.477,9.438889503479004,295.5592041015625,300.85198974609375,Kelmarsh 3,168.85374450683594
2018-02-01 09:00:00,52.403834,-0.94419,153.477,9.551749229431152,290.6979064941406,296.46173095703125,Kelmarsh 3,259.9386901855469
2018-02-01 10:00:00,52.403834,-0.94419,153.477,11.128591537475586,301.5564270019531,298.5576171875,Kelmarsh 3,190.94259643554688
2018-02-01 11:00:00,52.403834,-0.94419,153.477,9.924137115478516,295.5102844238281,287.8870239257812,Kelmarsh 3,246.82652282714844
2018-02-01 12:00:00,52.403834,-0.94419,153.477,9.735570907592773,295.6778869628906,298.6568603515625,Kelmarsh 3,294.7138671875
2018-02-01 13:00:00,52.403834,-0.94419,153.477,11.14028549194336,296.1331481933594,298.6568603515625,Kelmarsh 3,133.31991577148438
2018-02-01 14:00:00,52.403834,-0.94419,153.477,11.631326675415039,309.25408935546875,310.7300720214844,Kelmarsh 3,68.8888168334961
2018-02-01 15:00:00,52.403834,-0.94419,153.477,9.552278518676758,311.5517578124999,314.02276611328125,Kelmarsh 3,156.76605224609375
2018-02-01 16:00:00,52.403834,-0.94419,153.477,9.578231811523438,308.6927795410156,315.1203308105469,Kelmarsh 3,227.24098205566406
2018-02-01 17:00:00,52.403834,-0.94419,153.477,8.444042205810547,317.06283569335926,326.0959777832031,Kelmarsh 3,162.37403869628906
2018-02-01 18:00:00,52.403834,-0.94419,153.477,9.008902549743652,300.6265869140624,303.047119140625,Kelmarsh 3,150.58935546875
2018-02-01 19:00:00,52.403834,-0.94419,153.477,9.244101524353027,305.2405700683593,303.047119140625,Kelmarsh 3,142.38726806640625
2018-02-01 20:00:00,52.403834,-0.94419,153.477,9.498756408691406,306.121826171875,303.047119140625,Kelmarsh 3,150.77659606933594
2018-02-01 21:00:00,52.403834,-0.94419,153.477,8.295068740844727,300.0401916503906,303.047119140625,Kelmarsh 3,213.0047607421875
2018-02-01 22:00:00,52.403834,-0.94419,153.477,11.155828475952148,303.1839904785156,303.047119140625,Kelmarsh 3,142.81362915039062
2018-02-01 23:00:00,52.403834,-0.94419,153.477,9.933357238769531,301.7709045410156,303.047119140625,Kelmarsh 3,115.14820861816406
2018-02-02 00:00:00,52.403834,-0.94419,153.477,11.677379608154297,295.1123962402343,303.047119140625,Kelmarsh 3,191.63624572753906
2018-02-02 01:00:00,52.403834,-0.94419,153.477,10.75253963470459,299.6451110839844,305.3595886230469,Kelmarsh 3,317.6670227050781
2018-02-02 02:00:00,52.403834,-0.94419,153.477,9.183859825134277,300.1434631347656,306.3398132324218,Kelmarsh 3,429.6620178222656
2018-02-02 03:00:00,52.403834,-0.94419,153.477,9.942397117614746,299.1551513671875,295.3641662597655,Kelmarsh 3,371.2342529296875
2018-02-02 04:00:00,52.403834,-0.94419,153.477,9.026690483093262,313.91128540039057,304.1446838378906,Kelmarsh 3,330.7983093261719
2018-02-02 05:00:00,52.403834,-0.94419,153.477,9.582006454467773,305.0716857910156,304.1446838378906,Kelmarsh 3,446.5500183105469
2018-02-02 06:00:00,52.403834,-0.94419,153.477,10.41850757598877,312.82269287109375,312.9252014160156,Kelmarsh 3,516.0379638671875
2018-02-02 07:00:00,52.403834,-0.94419,153.477,9.261580467224121,307.4124450683594,312.9252014160156,Kelmarsh 3,431.1660461425781
2018-02-02 08:00:00,52.403834,-0.94419,153.477,9.608513832092285,308.40408325195307,312.9252014160156,Kelmarsh 3,402.2784729003906
2018-02-02 09:00:00,52.403834,-0.94419,153.477,10.968903541564941,320.4065246582031,321.7057189941406,Kelmarsh 3,321.73138427734375
2018-02-02 10:00:00,52.403834,-0.94419,153.477,9.664628028869629,323.26043701171875,321.7057189941406,Kelmarsh 3,234.49766540527344
2018-02-02 11:00:00,52.403834,-0.94419,153.477,8.768135070800781,330.0794982910155,328.2911071777344,Kelmarsh 3,251.7686309814453
2018-02-02 12:00:00,52.403834,-0.94419,153.477,7.280825614929199,333.56555175781244,332.6813659667969,Kelmarsh 3,219.32980346679688
2018-02-02 13:00:00,52.403834,-0.94419,153.477,6.484420299530029,330.5489807128906,334.8966064453125,Kelmarsh 3,303.3165283203125
2018-02-02 14:00:00,52.403834,-0.94419,153.477,6.105239391326904,346.36718749999994,338.16918945312494,Kelmarsh 3,717.846435546875
2018-02-02 15:00:00,52.403834,-0.94419,153.477,5.960849761962891,334.87335205078125,338.16918945312494,Kelmarsh 3,1064.586181640625
2018-02-02 16:00:00,52.403834,-0.94419,153.477,5.647336483001709,331.61932373046875,338.16918945312494,Kelmarsh 3,1185.4443359375
2018-02-02 17:00:00,52.403834,-0.94419,153.477,3.4088473320007324,331.00073242187494,338.16918945312494,Kelmarsh 3,876.547607421875
2018-02-02 18:00:00,52.403834,-0.94419,153.477,5.472343444824219,317.0672302246094,322.80328369140614,Kelmarsh 3,1143.62646484375
2018-02-02 19:00:00,52.403834,-0.94419,153.477,5.607907772064209,305.6533203125,305.0052490234375,Kelmarsh 3,1338.2200927734375
2018-02-02 20:00:00,52.403834,-0.94419,153.477,5.458364009857178,289.3650207519531,294.8636474609375,Kelmarsh 3,1261.3714599609375
2018-02-02 21:00:00,52.403834,-0.94419,153.477,5.532033443450928,285.42535400390625,298.6568603515625,Kelmarsh 3,1224.0289306640625
2018-02-02 22:00:00,52.403834,-0.94419,153.477,6.5648393630981445,290.4591979980469,294.2666015625,Kelmarsh 3,1000.051025390625
2018-02-02 23:00:00,52.403834,-0.94419,153.477,5.579226016998291,292.0204772949219,294.2666015625,Kelmarsh 3,1143.329833984375
2018-02-03 00:00:00,52.403834,-0.94419,153.477,6.1259846687316895,274.693359375,282.1933898925781,Kelmarsh 3,1556.0980224609375
2018-02-03 01:00:00,52.403834,-0.94419,153.477,5.3121490478515625,265.6485290527344,282.1933898925781,Kelmarsh 3,1933.16650390625
2018-02-03 02:00:00,52.403834,-0.94419,153.477,4.670777320861816,266.0784606933593,261.33966064453125,Kelmarsh 3,1925.938720703125
2018-02-03 03:00:00,52.403834,-0.94419,153.477,6.6401472091674805,258.8705749511719,261.33966064453125,Kelmarsh 3,1421.16259765625
2018-02-03 04:00:00,52.403834,-0.94419,153.477,6.0067949295043945,259.8034362792969,261.33966064453125,Kelmarsh 3,1206.4068603515625
2018-02-03 05:00:00,52.403834,-0.94419,153.477,7.092292308807373,260.2354736328125,261.33966064453125,Kelmarsh 3,891.9800415039062
2018-02-03 06:00:00,52.403834,-0.94419,153.477,4.097957134246826,266.0572814941406,261.33966064453125,Kelmarsh 3,1000.3364868164062
2018-02-03 07:00:00,52.403834,-0.94419,153.477,2.3325562477111816,254.3419952392578,261.33966064453125,Kelmarsh 3,1841.9349365234375
2018-02-03 08:00:00,52.403834,-0.94419,153.477,2.611053705215454,234.85203552246094,238.58753967285156,Kelmarsh 3,1471.2369384765625
2018-02-03 09:00:00,52.403834,-0.94419,153.477,2.4897937774658203,209.58471679687494,210.85168457031244,Kelmarsh 3,1373.2763671875
2018-02-03 10:00:00,52.403834,-0.94419,153.477,2.2959561347961426,217.01472473144528,198.7784729003906,Kelmarsh 3,1633.745361328125
2018-02-03 11:00:00,52.403834,-0.94419,153.477,2.323225259780884,201.31176757812494,198.7784729003906,Kelmarsh 3,1201.8995361328125
2018-02-03 12:00:00,52.403834,-0.94419,153.477,1.6027686595916748,169.36216735839844,198.7784729003906,Kelmarsh 3,1161.942138671875
2018-02-03 13:00:00,52.403834,-0.94419,153.477,1.054012656211853,167.9038848876953,198.7784729003906,Kelmarsh 3,1161.3355712890625
2018-02-03 14:00:00,52.403834,-0.94419,153.477,1.00496244430542,119.19661712646484,198.7784729003906,Kelmarsh 3,1291.9952392578125
2018-02-03 15:00:00,52.403834,-0.94419,153.477,1.5387561321258545,90.27958679199219,198.7784729003906,Kelmarsh 3,1948.7750244140625
2018-02-03 16:00:00,52.403834,-0.94419,153.477,1.9323188066482544,77.08433532714844,198.7784729003906,Kelmarsh 3,1595.0791015625
2018-02-03 17:00:00,52.403834,-0.94419,153.477,2.638406276702881,68.53527069091797,65.97357940673828,Kelmarsh 3,1456.381103515625
2018-02-03 18:00:00,52.403834,-0.94419,153.477,3.4006147384643555,49.4620475769043,52.802852630615234,Kelmarsh 3,1386.1612548828125
2018-02-03 19:00:00,52.403834,-0.94419,153.477,3.4328157901763916,42.89631652832031,52.802852630615234,Kelmarsh 3,1106.2972412109375
2018-02-03 20:00:00,52.403834,-0.94419,153.477,4.242057800292969,34.58917236328125,20.973587036132812,Kelmarsh 3,1144.832275390625
2018-02-03 21:00:00,52.403834,-0.94419,153.477,5.787219047546387,28.539417266845703,37.4370002746582,Kelmarsh 3,990.834228515625
2018-02-03 22:00:00,52.403834,-0.94419,153.477,6.749703407287598,30.720766067504883,37.4370002746582,Kelmarsh 3,1708.0286865234375
2018-02-03 23:00:00,52.403834,-0.94419,153.477,6.766520977020264,22.296804428100586,20.973587036132812,Kelmarsh 3,1498.1717529296875
2018-02-04 00:00:00,52.403834,-0.94419,153.477,7.42181396484375,29.708341598510742,20.973587036132812,Kelmarsh 3,1836.281005859375
2018-02-04 01:00:00,52.403834,-0.94419,153.477,4.849163055419922,51.48686218261719,49.510169982910156,Kelmarsh 3,1549.5809326171875
2018-02-04 02:00:00,52.403834,-0.94419,153.477,6.840325355529785,41.66590118408203,41.82724380493164,Kelmarsh 3,1663.97265625
2018-02-04 03:00:00,52.403834,-0.94419,153.477,7.518357753753662,37.09624099731445,28.132122039794922,Kelmarsh 3,1571.8609619140625
2018-02-04 04:00:00,52.403834,-0.94419,153.477,9.528546333312988,40.1758918762207,41.82724380493164,Kelmarsh 3,1656.869140625
2018-02-04 05:00:00,52.403834,-0.94419,153.477,7.336909294128418,41.399539947509766,41.82724380493164,Kelmarsh 3,1390.9625244140625
2018-02-04 06:00:00,52.403834,-0.94419,153.477,6.241947174072266,21.80986213684082,26.46139144897461,Kelmarsh 3,984.53369140625
2018-02-04 07:00:00,52.403834,-0.94419,153.477,8.220206260681152,18.991113662719727,26.46139144897461,Kelmarsh 3,841.2996826171875
2018-02-04 08:00:00,52.403834,-0.94419,153.477,7.204462051391602,22.473081588745117,20.973587036132812,Kelmarsh 3,944.1025390625
2018-02-04 09:00:00,52.403834,-0.94419,153.477,6.394713878631592,24.57813835144043,20.973587036132812,Kelmarsh 3,781.886474609375
2018-02-04 10:00:00,52.403834,-0.94419,153.477,6.969353199005127,24.89908218383789,20.973587036132812,Kelmarsh 3,633.3950805664062
2018-02-04 11:00:00,52.403834,-0.94419,153.477,8.162884712219238,25.90389060974121,31.949195861816406,Kelmarsh 3,591.1608276367188
2018-02-04 12:00:00,52.403834,-0.94419,153.477,9.959864616394043,31.67350959777832,31.949195861816406,Kelmarsh 3,813.7074584960938
2018-02-04 13:00:00,52.403834,-0.94419,153.477,7.744300365447998,42.547325134277344,34.05539321899414,Kelmarsh 3,938.63330078125
2018-02-04 14:00:00,52.403834,-0.94419,153.477,5.796926975250244,30.868545532226562,38.53456115722656,Kelmarsh 3,1051.1480712890625
2018-02-04 15:00:00,52.403834,-0.94419,153.477,7.948116779327393,35.699073791503906,36.33943557739258,Kelmarsh 3,1212.74951171875
2018-02-04 16:00:00,52.403834,-0.94419,153.477,8.444997787475586,23.070520401000977,27.55895233154297,Kelmarsh 3,929.6155395507812
2018-02-04 17:00:00,52.403834,-0.94419,153.477,8.030051231384277,23.74142074584961,27.55895233154297,Kelmarsh 3,1183.587158203125
2018-02-04 18:00:00,52.403834,-0.94419,153.477,7.696279048919678,34.8250846862793,40.42251968383789,Kelmarsh 3,1440.05126953125
2018-02-04 19:00:00,52.403834,-0.94419,153.477,6.882944583892822,23.83934211730957,27.55895233154297,Kelmarsh 3,1661.77392578125
2018-02-04 20:00:00,52.403834,-0.94419,153.477,6.196577548980713,25.613981246948242,27.55895233154297,Kelmarsh 3,1757.2589111328125
2018-02-04 21:00:00,52.403834,-0.94419,153.477,6.22915506362915,19.170299530029297,27.55895233154297,Kelmarsh 3,1519.8492431640625
2018-02-04 22:00:00,52.403834,-0.94419,153.477,6.175490856170654,21.678346633911133,27.55895233154297,Kelmarsh 3,1539.47314453125
2018-02-04 23:00:00,52.403834,-0.94419,153.477,5.258558750152588,24.70893096923828,27.55895233154297,Kelmarsh 3,1508.05712890625
2018-02-05 00:00:00,52.403834,-0.94419,153.477,5.220110893249512,23.038076400756836,27.55895233154297,Kelmarsh 3,1316.3211669921875
2018-02-05 01:00:00,52.403834,-0.94419,153.477,4.957090377807617,26.796239852905273,27.55895233154297,Kelmarsh 3,1390.5302734375
2018-02-05 02:00:00,52.403834,-0.94419,153.477,4.354918003082275,30.467573165893555,27.55895233154297,Kelmarsh 3,1225.572998046875
2018-02-05 03:00:00,52.403834,-0.94419,153.477,5.500985145568848,27.117149353027344,27.55895233154297,Kelmarsh 3,1295.5015869140625
2018-02-05 04:00:00,52.403834,-0.94419,153.477,5.049648761749268,29.975942611694336,27.55895233154297,Kelmarsh 3,1245.345703125
2018-02-05 05:00:00,52.403834,-0.94419,153.477,5.2250165939331055,26.57756996154785,27.55895233154297,Kelmarsh 3,1309.566162109375
2018-02-05 06:00:00,52.403834,-0.94419,153.477,5.302997589111328,27.857942581176758,27.55895233154297,Kelmarsh 3,1307.690185546875
2018-02-05 07:00:00,52.403834,-0.94419,153.477,5.684846878051758,30.632505416870117,27.55895233154297,Kelmarsh 3,1291.9429931640625
2018-02-05 08:00:00,52.403834,-0.94419,153.477,4.719912052154541,17.140644073486328,27.55895233154297,Kelmarsh 3,1187.1318359375
2018-02-05 09:00:00,52.403834,-0.94419,153.477,4.414299488067627,28.131750106811523,27.55895233154297,Kelmarsh 3,1070.56494140625
2018-02-05 10:00:00,52.403834,-0.94419,153.477,3.9899790287017822,52.27322006225586,48.4126091003418,Kelmarsh 3,1066.7694091796875
2018-02-05 11:00:00,52.403834,-0.94419,153.477,4.657802104949951,46.04065704345703,48.4126091003418,Kelmarsh 3,870.5549926757812
2018-02-05 12:00:00,52.403834,-0.94419,153.477,6.164824962615967,51.54505157470703,48.4126091003418,Kelmarsh 3,899.2163696289062
2018-02-05 13:00:00,52.403834,-0.94419,153.477,6.778419494628906,49.8013801574707,50.73598861694336,Kelmarsh 3,989.6343383789062
2018-02-05 14:00:00,52.403834,-0.94419,153.477,5.357181549072266,44.99213790893555,60.485774993896484,Kelmarsh 3,1228.9512939453125
2018-02-05 15:00:00,52.403834,-0.94419,153.477,6.5263590812683105,33.83987808227539,41.82724380493164,Kelmarsh 3,1229.879150390625
2018-02-05 16:00:00,52.403834,-0.94419,153.477,4.4977006912231445,42.73479080200195,41.82724380493164,Kelmarsh 3,1175.880126953125
2018-02-05 17:00:00,52.403834,-0.94419,153.477,4.774745941162109,34.03371810913086,41.82724380493164,Kelmarsh 3,971.991943359375
2018-02-05 18:00:00,52.403834,-0.94419,153.477,4.387457847595215,36.79264450073242,41.82724380493164,Kelmarsh 3,935.42626953125
2018-02-05 19:00:00,52.403834,-0.94419,153.477,3.6259312629699707,38.5600700378418,41.82724380493164,Kelmarsh 3,954.2001953125
2018-02-05 20:00:00,52.403834,-0.94419,153.477,3.914912462234497,43.102264404296875,41.82724380493164,Kelmarsh 3,1239.5269775390625
2018-02-05 21:00:00,52.403834,-0.94419,153.477,4.245324611663818,39.509769439697266,41.82724380493164,Kelmarsh 3,1367.6295166015625
2018-02-05 22:00:00,52.403834,-0.94419,153.477,3.43876576423645,61.997894287109375,54.244815826416016,Kelmarsh 3,1263.1160888671875
2018-02-05 23:00:00,52.403834,-0.94419,153.477,2.894526958465576,50.93107986450195,54.115577697753906,Kelmarsh 3,1271.916259765625
2018-02-06 00:00:00,52.403834,-0.94419,153.477,2.86214017868042,73.1350326538086,62.680904388427734,Kelmarsh 3,1452.9415283203125
2018-02-06 01:00:00,52.403834,-0.94419,153.477,2.773874521255493,47.0157585144043,62.680904388427734,Kelmarsh 3,1276.90478515625
2018-02-06 02:00:00,52.403834,-0.94419,153.477,2.7502834796905518,40.48048400878906,35.241878509521484,Kelmarsh 3,1454.06884765625
2018-02-06 03:00:00,52.403834,-0.94419,153.477,3.957383394241333,4.3206095695495605,9.9979829788208,Kelmarsh 3,1706.18896484375
2018-02-06 04:00:00,52.403834,-0.94419,153.477,2.9067087173461914,39.225608825683594,27.70726203918457,Kelmarsh 3,1488.1552734375
2018-02-06 05:00:00,52.403834,-0.94419,153.477,3.429150342941284,29.89813232421875,42.9248046875,Kelmarsh 3,1483.794677734375
2018-02-06 06:00:00,52.403834,-0.94419,153.477,2.638368606567383,11.182708740234375,16.583345413208008,Kelmarsh 3,1429.6116943359375
2018-02-06 07:00:00,52.403834,-0.94419,153.477,5.6175947189331055,331.7085876464844,338.1366577148437,Kelmarsh 3,1313.6124267578125
2018-02-06 08:00:00,52.403834,-0.94419,153.477,5.470024585723877,342.55413818359375,343.6564636230469,Kelmarsh 3,1420.2049560546875
2018-02-06 09:00:00,52.403834,-0.94419,153.477,3.4602794647216797,343.9196777343749,343.6564636230469,Kelmarsh 3,1667.6268310546875
2018-02-06 10:00:00,52.403834,-0.94419,153.477,1.8916687965393066,15.667707443237305,355.72967529296875,Kelmarsh 3,1647.090576171875
2018-02-06 11:00:00,52.403834,-0.94419,153.477,4.452166557312012,336.2027587890625,344.7540283203124,Kelmarsh 3,1638.9835205078125
2018-02-06 12:00:00,52.403834,-0.94419,153.477,4.174787521362305,338.24578857421875,344.7540283203124,Kelmarsh 3,1606.595458984375
2018-02-06 13:00:00,52.403834,-0.94419,153.477,3.7741901874542236,359.23443603515625,0.1199340745806694,Kelmarsh 3,1365.97509765625
2018-02-06 14:00:00,52.403834,-0.94419,153.477,3.2672579288482666,0.6938208937644958,0.1199340745806694,Kelmarsh 3,1355.0029296875
2018-02-06 15:00:00,52.403834,-0.94419,153.477,3.6042873859405518,336.2341003417969,329.38812255859375,Kelmarsh 3,1397.6641845703125
2018-02-06 16:00:00,52.403834,-0.94419,153.477,3.5840914249420166,355.4683532714844,354.6321105957031,Kelmarsh 3,1339.6429443359375
2018-02-06 17:00:00,52.403834,-0.94419,153.477,6.006293773651123,312.84948730468744,324.99786376953125,Kelmarsh 3,1502.7750244140625
2018-02-06 18:00:00,52.403834,-0.94419,153.477,5.227077007293701,320.0975341796875,324.99786376953125,Kelmarsh 3,1352.8602294921875
2018-02-06 19:00:00,52.403834,-0.94419,153.477,6.302996635437012,321.15576171875,324.99786376953125,Kelmarsh 3,1451.5570068359375
2018-02-06 20:00:00,52.403834,-0.94419,153.477,6.002451419830322,330.1543273925781,324.99786376953125,Kelmarsh 3,1443.968505859375
2018-02-06 21:00:00,52.403834,-0.94419,153.477,7.105509281158447,332.74774169921875,338.1686401367187,Kelmarsh 3,1494.4381103515625
2018-02-06 22:00:00,52.403834,-0.94419,153.477,7.726414680480957,341.8275451660156,338.1686401367187,Kelmarsh 3,1438.8775634765625
2018-02-06 23:00:00,52.403834,-0.94419,153.477,7.4862446784973145,337.4252624511718,338.1686401367187,Kelmarsh 3,1438.5361328125
2018-02-07 00:00:00,52.403834,-0.94419,153.477,6.812017440795898,328.62850952148426,338.1686401367187,Kelmarsh 3,1593.9832763671875
2018-02-07 01:00:00,52.403834,-0.94419,153.477,6.66916036605835,329.7930908203125,329.38812255859375,Kelmarsh 3,1735.7825927734375
2018-02-07 02:00:00,52.403834,-0.94419,153.477,7.82972526550293,322.68890380859375,329.38812255859375,Kelmarsh 3,1601.78662109375
2018-02-07 03:00:00,52.403834,-0.94419,153.477,6.807525157928467,330.1128845214844,329.38812255859375,Kelmarsh 3,1546.6156005859375
2018-02-07 04:00:00,52.403834,-0.94419,153.477,6.148055553436279,340.61865234375,329.4429931640625,Kelmarsh 3,1731.533447265625
2018-02-07 05:00:00,52.403834,-0.94419,153.477,7.965936660766602,324.0179443359375,326.0954284667969,Kelmarsh 3,1914.72705078125
2018-02-07 06:00:00,52.403834,-0.94419,153.477,6.803460121154785,329.86856079101557,326.0954284667969,Kelmarsh 3,1895.8485107421875
2018-02-07 07:00:00,52.403834,-0.94419,153.477,6.443960189819336,330.5672912597656,326.0954284667969,Kelmarsh 3,1677.9774169921875
2018-02-07 08:00:00,52.403834,-0.94419,153.477,5.346044063568115,350.32781982421875,352.90637207031244,Kelmarsh 3,1565.2828369140625
2018-02-07 09:00:00,52.403834,-0.94419,153.477,6.088228702545166,333.05670166015625,323.9002990722655,Kelmarsh 3,1680.457275390625
2018-02-07 10:00:00,52.403834,-0.94419,153.477,4.863344669342041,334.63632202148443,323.9002990722655,Kelmarsh 3,1507.420654296875
2018-02-07 11:00:00,52.403834,-0.94419,153.477,4.216775894165039,337.6172790527344,323.9002990722655,Kelmarsh 3,1770.0887451171875
2018-02-07 12:00:00,52.403834,-0.94419,153.477,4.438968658447266,333.9147338867188,323.9002990722655,Kelmarsh 3,1805.175048828125
2018-02-07 13:00:00,52.403834,-0.94419,153.477,4.570874214172363,323.7657165527344,315.41973876953125,Kelmarsh 3,1226.5269775390625
2018-02-07 14:00:00,52.403834,-0.94419,153.477,3.558772087097168,333.566680908203,334.8759460449219,Kelmarsh 3,1237.0716552734375
2018-02-07 15:00:00,52.403834,-0.94419,153.477,3.4661266803741455,311.8143005371094,326.0954284667969,Kelmarsh 3,1554.3299560546875
2018-02-07 16:00:00,52.403834,-0.94419,153.477,3.9196271896362305,294.04107666015625,293.16848754882807,Kelmarsh 3,1592.578369140625
2018-02-07 17:00:00,52.403834,-0.94419,153.477,4.17340087890625,306.1484375,293.16848754882807,Kelmarsh 3,1475.3621826171875
2018-02-07 18:00:00,52.403834,-0.94419,153.477,5.242984771728516,296.7942199707031,293.16848754882807,Kelmarsh 3,1506.4591064453125
2018-02-07 19:00:00,52.403834,-0.94419,153.477,4.8564581871032715,282.72412109375,293.16848754882807,Kelmarsh 3,1045.11376953125
2018-02-07 20:00:00,52.403834,-0.94419,153.477,5.1791300773620605,268.51434326171875,269.02206420898426,Kelmarsh 3,1118.7489013671875
2018-02-07 21:00:00,52.403834,-0.94419,153.477,3.4126110076904297,243.40582275390625,252.55911254882812,Kelmarsh 3,1211.7021484375
2018-02-07 22:00:00,52.403834,-0.94419,153.477,5.066400051116943,235.64146423339844,252.55911254882812,Kelmarsh 3,1375.876220703125
2018-02-07 23:00:00,52.403834,-0.94419,153.477,5.008429050445557,231.50840759277344,229.51025390624991,Kelmarsh 3,1765.744140625
2018-02-08 00:00:00,52.403834,-0.94419,153.477,3.446784734725952,249.255859375,237.19320678710938,Kelmarsh 3,1803.6998291015625
2018-02-08 01:00:00,52.403834,-0.94419,153.477,4.419552326202393,234.85789489746094,237.19320678710938,Kelmarsh 3,1771.9427490234375
2018-02-08 02:00:00,52.403834,-0.94419,153.477,4.893665313720703,235.44139099121094,237.19320678710938,Kelmarsh 3,1514.20654296875
2018-02-08 03:00:00,52.403834,-0.94419,153.477,5.6786651611328125,229.4706726074218,237.19320678710938,Kelmarsh 3,1242.444091796875
2018-02-08 04:00:00,52.403834,-0.94419,153.477,4.094263076782227,213.92254638671866,219.56660461425776,Kelmarsh 3,1073.169677734375
2018-02-08 05:00:00,52.403834,-0.94419,153.477,6.9099531173706055,221.2130584716796,226.21755981445304,Kelmarsh 3,877.2198486328125
2018-02-08 06:00:00,52.403834,-0.94419,153.477,5.508280277252197,217.93544006347656,226.21755981445304,Kelmarsh 3,734.4590454101562
2018-02-08 07:00:00,52.403834,-0.94419,153.477,5.48002815246582,206.19772338867182,212.19346618652344,Kelmarsh 3,903.7844848632812
2018-02-08 08:00:00,52.403834,-0.94419,153.477,5.857440948486328,204.29484558105463,208.65652465820312,Kelmarsh 3,1017.61279296875
2018-02-08 09:00:00,52.403834,-0.94419,153.477,5.9054436683654785,210.38945007324213,208.65652465820312,Kelmarsh 3,1820.3929443359375
2018-02-08 10:00:00,52.403834,-0.94419,153.477,5.394529342651367,218.2330322265625,221.82730102539057,Kelmarsh 3,1759.796875
2018-02-08 11:00:00,52.403834,-0.94419,153.477,6.939876079559326,204.78771972656241,208.65652465820312,Kelmarsh 3,1978.0574951171875
2018-02-08 12:00:00,52.403834,-0.94419,153.477,6.898611545562744,206.00198364257812,203.16870117187497,Kelmarsh 3,1918.207275390625
2018-02-08 13:00:00,52.403834,-0.94419,153.477,6.323582172393799,211.90101623535153,213.04678344726562,Kelmarsh 3,1412.9306640625
2018-02-08 14:00:00,52.403834,-0.94419,153.477,6.043084621429443,209.2765350341796,213.04678344726562,Kelmarsh 3,1841.0001220703125
2018-02-08 15:00:00,52.403834,-0.94419,153.477,7.48606538772583,204.52081298828125,201.27328491210938,Kelmarsh 3,1681.0068359375
2018-02-08 16:00:00,52.403834,-0.94419,153.477,8.093449592590332,198.19664001464844,197.68087768554682,Kelmarsh 3,1558.571533203125
2018-02-08 17:00:00,52.403834,-0.94419,153.477,10.17931842803955,195.078857421875,197.68087768554682,Kelmarsh 3,1855.733642578125
2018-02-08 18:00:00,52.403834,-0.94419,153.477,10.293628692626953,192.34844970703125,197.68087768554682,Kelmarsh 3,2018.252197265625
2018-02-08 19:00:00,52.403834,-0.94419,153.477,10.183501243591309,199.22486877441403,197.68087768554682,Kelmarsh 3,1985.349365234375
2018-02-08 20:00:00,52.403834,-0.94419,153.477,9.900288581848145,204.16088867187494,206.46139526367182,Kelmarsh 3,1756.2205810546875
2018-02-08 21:00:00,52.403834,-0.94419,153.477,10.886167526245117,195.066177368164,198.77844238281244,Kelmarsh 3,1711.9010009765625
2018-02-08 22:00:00,52.403834,-0.94419,153.477,10.249174118041992,201.32701110839838,198.77844238281244,Kelmarsh 3,1901.7242431640625
2018-02-08 23:00:00,52.403834,-0.94419,153.477,9.478169441223145,198.9094543457031,206.46139526367182,Kelmarsh 3,1849.4449462890625
2018-02-09 00:00:00,52.403834,-0.94419,153.477,10.527209281921387,196.29835510253906,194.38818359374991,Kelmarsh 3,2057.006103515625
2018-02-09 01:00:00,52.403834,-0.94419,153.477,9.31859016418457,193.24484252929685,193.29061889648432,Kelmarsh 3,1844.806396484375
2018-02-09 02:00:00,52.403834,-0.94419,153.477,11.201324462890625,191.56726074218747,196.80393981933594,Kelmarsh 3,1890.9879150390625
2018-02-09 03:00:00,52.403834,-0.94419,153.477,7.318105697631836,208.47167968749997,210.87712097167963,Kelmarsh 3,1701.6412353515625
2018-02-09 04:00:00,52.403834,-0.94419,153.477,6.954936981201172,228.86413574218741,214.58251953125,Kelmarsh 3,1807.93017578125
2018-02-09 05:00:00,52.403834,-0.94419,153.477,4.4328131675720215,253.1988525390625,229.51025390624991,Kelmarsh 3,1796.2713623046875
2018-02-09 06:00:00,52.403834,-0.94419,153.477,5.167649745941162,247.88037109374997,229.51025390624991,Kelmarsh 3,2048.14013671875
2018-02-09 07:00:00,52.403834,-0.94419,153.477,9.288737297058105,291.3639221191406,293.16900634765625,Kelmarsh 3,2047.7913818359375
2018-02-09 08:00:00,52.403834,-0.94419,153.477,8.024065017700195,280.4883117675781,284.38848876953125,Kelmarsh 3,1894.0135498046875
2018-02-09 09:00:00,52.403834,-0.94419,153.477,9.518633842468262,282.3489685058594,279.99822998046875,Kelmarsh 3,1860.7489013671875
2018-02-09 10:00:00,52.403834,-0.94419,153.477,8.8947114944458,285.0606994628906,279.99822998046875,Kelmarsh 3,1794.4066162109375
2018-02-09 11:00:00,52.403834,-0.94419,153.477,11.26930046081543,292.6382751464844,291.3531799316406,Kelmarsh 3,1771.6627197265625
2018-02-09 12:00:00,52.403834,-0.94419,153.477,10.588335037231445,309.3655700683594,309.6825866699219,Kelmarsh 3,1788.4764404296875
2018-02-09 13:00:00,52.403834,-0.94419,153.477,12.166277885437012,318.92144775390625,318.6109313964843,Kelmarsh 3,1651.822509765625
2018-02-09 14:00:00,52.403834,-0.94419,153.477,13.821125030517578,312.51354980468744,315.1203002929687,Kelmarsh 3,1723.6265869140625
2018-02-09 15:00:00,52.403834,-0.94419,153.477,11.90892219543457,315.55902099609375,318.4129943847656,Kelmarsh 3,1711.7020263671875
2018-02-09 16:00:00,52.403834,-0.94419,153.477,11.156496047973633,314.1869201660156,307.4373474121094,Kelmarsh 3,1673.9476318359375
2018-02-09 17:00:00,52.403834,-0.94419,153.477,11.93821907043457,305.47753906249994,305.242218017578,Kelmarsh 3,1486.3150634765625
2018-02-09 18:00:00,52.403834,-0.94419,153.477,9.570008277893066,305.09490966796875,305.242218017578,Kelmarsh 3,1562.1915283203125
2018-02-09 19:00:00,52.403834,-0.94419,153.477,8.759130477905273,304.6680603027343,305.242218017578,Kelmarsh 3,1456.972900390625
2018-02-09 20:00:00,52.403834,-0.94419,153.477,8.294604301452637,299.51864624023426,305.242218017578,Kelmarsh 3,1684.601806640625
2018-02-09 21:00:00,52.403834,-0.94419,153.477,5.97566556930542,291.0466003417969,305.242218017578,Kelmarsh 3,1334.972412109375
2018-02-09 22:00:00,52.403834,-0.94419,153.477,8.223472595214844,287.8424377441406,283.2909240722656,Kelmarsh 3,1415.5968017578125
2018-02-09 23:00:00,52.403834,-0.94419,153.477,8.356139183044434,279.290771484375,283.2909240722656,Kelmarsh 3,1246.8492431640625
2018-02-10 00:00:00,52.403834,-0.94419,153.477,7.8203325271606445,261.95574951171864,269.02258300781244,Kelmarsh 3,1054.2724609375
2018-02-10 01:00:00,52.403834,-0.94419,153.477,7.805278301239014,266.23681640625,269.02258300781244,Kelmarsh 3,1151.9176025390625
2018-02-10 02:00:00,52.403834,-0.94419,153.477,7.974289894104004,266.8749389648437,274.9008483886719,Kelmarsh 3,957.2274780273438
2018-02-10 03:00:00,52.403834,-0.94419,153.477,4.907059669494629,225.4109344482422,233.09280395507812,Kelmarsh 3,879.719970703125
2018-02-10 04:00:00,52.403834,-0.94419,153.477,4.750206470489502,221.09666442871088,225.11999511718747,Kelmarsh 3,776.5809936523438
2018-02-10 05:00:00,52.403834,-0.94419,153.477,4.864792823791504,216.24937438964844,225.11999511718747,Kelmarsh 3,988.3378295898438
2018-02-10 06:00:00,52.403834,-0.94419,153.477,5.249642848968506,215.00086975097653,225.11999511718747,Kelmarsh 3,1161.9837646484375
2018-02-10 07:00:00,52.403834,-0.94419,153.477,7.584681510925293,195.5271301269531,189.99792480468747,Kelmarsh 3,1101.06005859375
2018-02-10 08:00:00,52.403834,-0.94419,153.477,8.22957992553711,196.9881896972656,197.68087768554682,Kelmarsh 3,1291.1575927734375
2018-02-10 09:00:00,52.403834,-0.94419,153.477,8.878320693969727,199.50119018554682,196.8584594726562,Kelmarsh 3,1403.8453369140625
2018-02-10 10:00:00,52.403834,-0.94419,153.477,10.056872367858887,200.91098022460932,207.55895996093744,Kelmarsh 3,1418.13671875
2018-02-10 11:00:00,52.403834,-0.94419,153.477,9.2618408203125,189.70007324218741,186.70523071289062,Kelmarsh 3,1756.558349609375
2018-02-10 12:00:00,52.403834,-0.94419,153.477,10.144943237304688,196.17262268066398,192.19305419921872,Kelmarsh 3,1712.765380859375
2018-02-10 13:00:00,52.403834,-0.94419,153.477,10.445794105529785,206.31529235839838,196.58331298828116,Kelmarsh 3,1841.03857421875
2018-02-10 14:00:00,52.403834,-0.94419,153.477,8.437034606933594,209.51475524902344,215.24191284179682,Kelmarsh 3,1777.726806640625
2018-02-10 15:00:00,52.403834,-0.94419,153.477,8.711589813232422,203.3295440673828,203.16870117187497,Kelmarsh 3,1845.013427734375
2018-02-10 16:00:00,52.403834,-0.94419,153.477,7.989995956420898,216.74340820312494,216.33947753906244,Kelmarsh 3,1764.3233642578125
2018-02-10 17:00:00,52.403834,-0.94419,153.477,6.95932149887085,218.24278259277344,216.33947753906244,Kelmarsh 3,1812.5606689453125
2018-02-10 18:00:00,52.403834,-0.94419,153.477,6.333038806915283,218.63101196289062,216.33947753906244,Kelmarsh 3,1797.535888671875
2018-02-10 19:00:00,52.403834,-0.94419,153.477,6.708364009857178,214.11880493164062,210.85165405273432,Kelmarsh 3,1841.49365234375
2018-02-10 20:00:00,52.403834,-0.94419,153.477,7.965500354766846,213.0155029296875,210.85165405273432,Kelmarsh 3,1999.6319580078125
2018-02-10 21:00:00,52.403834,-0.94419,153.477,9.494464874267578,213.45146179199216,218.5346069335937,Kelmarsh 3,1881.29736328125
2018-02-10 22:00:00,52.403834,-0.94419,153.477,8.960029602050781,210.2138214111328,205.3638305664062,Kelmarsh 3,1894.51513671875
2018-02-10 23:00:00,52.403834,-0.94419,153.477,11.248860359191895,219.4825897216796,217.43704223632812,Kelmarsh 3,1989.3785400390625
2018-02-11 00:00:00,52.403834,-0.94419,153.477,15.17802619934082,265.06378173828125,255.851806640625,Kelmarsh 3,2013.7913818359375
2018-02-11 01:00:00,52.403834,-0.94419,153.477,14.780193328857422,271.5618896484375,270.1201477050781,Kelmarsh 3,1992.650146484375
2018-02-11 02:00:00,52.403834,-0.94419,153.477,13.51921272277832,267.0646667480469,270.1201477050781,Kelmarsh 3,1953.635986328125
2018-02-11 03:00:00,52.403834,-0.94419,153.477,9.788905143737793,276.8434753417969,270.1201477050781,Kelmarsh 3,1868.3095703125
2018-02-11 04:00:00,52.403834,-0.94419,153.477,11.541259765625,280.18377685546875,284.38848876953125,Kelmarsh 3,1952.4605712890625
2018-02-11 05:00:00,52.403834,-0.94419,153.477,9.872119903564453,281.9423522949218,284.38848876953125,Kelmarsh 3,1939.4600830078125
2018-02-11 06:00:00,52.403834,-0.94419,153.477,9.678234100341797,264.2980651855469,272.3152770996094,Kelmarsh 3,1927.1162109375
2018-02-11 07:00:00,52.403834,-0.94419,153.477,9.920753479003906,263.7549133300781,262.43719482421875,Kelmarsh 3,1929.687255859375
2018-02-11 08:00:00,52.403834,-0.94419,153.477,10.307428359985352,263.76358032226557,262.43719482421875,Kelmarsh 3,1923.8291015625
2018-02-11 09:00:00,52.403834,-0.94419,153.477,10.687068939208984,264.4450988769531,262.43719482421875,Kelmarsh 3,1816.537109375
2018-02-11 10:00:00,52.403834,-0.94419,153.477,10.379693031311035,263.2113952636719,262.43719482421875,Kelmarsh 3,1717.0751953125
2018-02-11 11:00:00,52.403834,-0.94419,153.477,11.452716827392578,273.24627685546875,274.5104064941406,Kelmarsh 3,1506.540283203125
2018-02-11 12:00:00,52.403834,-0.94419,153.477,11.135205268859863,274.9888000488281,274.5104064941406,Kelmarsh 3,1637.162109375
2018-02-11 13:00:00,52.403834,-0.94419,153.477,10.741735458374023,285.9678039550781,285.16687011718744,Kelmarsh 3,1563.4234619140625
2018-02-11 14:00:00,52.403834,-0.94419,153.477,10.022754669189453,318.64810180664057,319.40081787109375,Kelmarsh 3,1397.739501953125
2018-02-11 15:00:00,52.403834,-0.94419,153.477,10.096373558044434,307.9506530761719,300.8519592285156,Kelmarsh 3,1414.1380615234375
2018-02-11 16:00:00,52.403834,-0.94419,153.477,8.452886581420898,292.6778564453125,291.49206542968744,Kelmarsh 3,1391.6192626953125
2018-02-11 17:00:00,52.403834,-0.94419,153.477,10.559414863586426,287.38427734375,286.5836181640625,Kelmarsh 3,1578.5928955078125
2018-02-11 18:00:00,52.403834,-0.94419,153.477,10.206300735473633,287.4656677246094,290.20266723632807,Kelmarsh 3,1647.0255126953125
2018-02-11 19:00:00,52.403834,-0.94419,153.477,10.757941246032715,285.51171875,281.0957946777343,Kelmarsh 3,1766.909423828125
2018-02-11 20:00:00,52.403834,-0.94419,153.477,9.905402183532715,277.0577392578125,281.0957946777343,Kelmarsh 3,1649.162353515625
2018-02-11 21:00:00,52.403834,-0.94419,153.477,10.430795669555664,279.77777099609375,284.38848876953125,Kelmarsh 3,1548.974365234375
2018-02-11 22:00:00,52.403834,-0.94419,153.477,9.8986234664917,274.76165771484375,273.0621032714844,Kelmarsh 3,1480.7701416015625
2018-02-11 23:00:00,52.403834,-0.94419,153.477,9.659041404724121,286.62127685546875,289.8763122558593,Kelmarsh 3,1203.8204345703125
2018-02-12 00:00:00,52.403834,-0.94419,153.477,8.349103927612305,277.519775390625,274.5104064941406,Kelmarsh 3,1127.2576904296875
2018-02-12 01:00:00,52.403834,-0.94419,153.477,5.504604816436768,264.34094238281244,255.851806640625,Kelmarsh 3,1107.9256591796875
2018-02-12 02:00:00,52.403834,-0.94419,153.477,9.33846664428711,266.6421813964844,274.5104064941406,Kelmarsh 3,1268.8990478515625
2018-02-12 03:00:00,52.403834,-0.94419,153.477,8.921330451965332,271.4311218261719,274.5104064941406,Kelmarsh 3,1203.538330078125
2018-02-12 04:00:00,52.403834,-0.94419,153.477,10.55369758605957,266.2044677734375,274.5104064941406,Kelmarsh 3,1367.4764404296875
2018-02-12 05:00:00,52.403834,-0.94419,153.477,9.267891883850098,269.0487976074219,274.5104064941406,Kelmarsh 3,1375.230712890625
2018-02-12 06:00:00,52.403834,-0.94419,153.477,10.888639450073242,269.2068786621094,265.7298889160156,Kelmarsh 3,1423.385498046875
2018-02-12 07:00:00,52.403834,-0.94419,153.477,7.2691192626953125,261.18597412109375,265.7298889160156,Kelmarsh 3,1576.989990234375
2018-02-12 08:00:00,52.403834,-0.94419,153.477,5.745898723602295,258.49468994140625,265.7298889160156,Kelmarsh 3,1493.4429931640625
2018-02-12 09:00:00,52.403834,-0.94419,153.477,4.696430683135986,229.83273315429682,230.60781860351554,Kelmarsh 3,1446.0567626953125
2018-02-12 10:00:00,52.403834,-0.94419,153.477,5.962481498718262,233.35986328125003,234.4110870361328,Kelmarsh 3,1373.572509765625
2018-02-12 11:00:00,52.403834,-0.94419,153.477,4.525912761688232,258.419921875,355.7301940917969,Kelmarsh 3,1559.9832763671875
2018-02-12 12:00:00,52.403834,-0.94419,153.477,6.760499954223633,273.2325134277344,355.7301940917969,Kelmarsh 3,1520.650634765625
2018-02-12 13:00:00,52.403834,-0.94419,153.477,8.071785926818848,275.75506591796875,355.7301940917969,Kelmarsh 3,1649.3944091796875
2018-02-12 14:00:00,52.403834,-0.94419,153.477,6.95490026473999,259.23419189453125,355.7301940917969,Kelmarsh 3,1611.84375
2018-02-12 15:00:00,52.403834,-0.94419,153.477,6.925164699554443,268.16943359375,355.7301940917969,Kelmarsh 3,1580.0692138671875
2018-02-12 16:00:00,52.403834,-0.94419,153.477,4.478299617767334,221.25979614257812,218.5346069335937,Kelmarsh 3,1593.8780517578125
2018-02-12 17:00:00,52.403834,-0.94419,153.477,5.627694129943848,203.21737670898435,218.5346069335937,Kelmarsh 3,1629.5213623046875
2018-02-12 18:00:00,52.403834,-0.94419,153.477,5.7055253982543945,200.83601379394526,218.5346069335937,Kelmarsh 3,1639.058837890625
2018-02-12 19:00:00,52.403834,-0.94419,153.477,6.943885326385498,186.56451416015625,191.09548950195307,Kelmarsh 3,1592.8121337890625
2018-02-12 20:00:00,52.403834,-0.94419,153.477,7.789388656616211,191.48861694335938,191.09548950195307,Kelmarsh 3,1486.7611083984375
2018-02-12 21:00:00,52.403834,-0.94419,153.477,7.144360542297363,191.35726928710932,191.09548950195307,Kelmarsh 3,1516.9991455078125
2018-02-12 22:00:00,52.403834,-0.94419,153.477,8.322725296020508,190.78646850585938,191.09548950195307,Kelmarsh 3,1485.0869140625
2018-02-12 23:00:00,52.403834,-0.94419,153.477,8.113880157470703,183.11628723144523,190.22352600097645,Kelmarsh 3,1576.8280029296875
2018-02-13 00:00:00,52.403834,-0.94419,153.477,8.778733253479004,180.1275939941406,176.8271484375,Kelmarsh 3,1482.349853515625
2018-02-13 01:00:00,52.403834,-0.94419,153.477,9.250740051269531,190.29379272460935,185.607666015625,Kelmarsh 3,1523.016357421875
2018-02-13 02:00:00,52.403834,-0.94419,153.477,9.651430130004883,178.5402069091797,180.78268432617182,Kelmarsh 3,1536.8546142578125
2018-02-13 03:00:00,52.403834,-0.94419,153.477,9.673965454101562,170.92311096191406,173.53445434570312,Kelmarsh 3,1469.0216064453125
2018-02-13 04:00:00,52.403834,-0.94419,153.477,11.478073120117188,166.53590393066406,173.53445434570312,Kelmarsh 3,1327.660888671875
2018-02-13 05:00:00,52.403834,-0.94419,153.477,10.364638328552246,170.48092651367188,173.53445434570312,Kelmarsh 3,1259.585693359375
2018-02-13 06:00:00,52.403834,-0.94419,153.477,11.283352851867676,167.91310119628906,173.53445434570312,Kelmarsh 3,1200.4403076171875
2018-02-13 07:00:00,52.403834,-0.94419,153.477,7.956265926361084,170.55709838867188,165.3915557861328,Kelmarsh 3,1294.645263671875
2018-02-13 08:00:00,52.403834,-0.94419,153.477,11.007977485656738,171.48963928222656,165.85150146484375,Kelmarsh 3,1144.129638671875
2018-02-13 09:00:00,52.403834,-0.94419,153.477,10.111255645751953,166.9676513671875,169.14419555664062,Kelmarsh 3,1155.1630859375
2018-02-13 10:00:00,52.403834,-0.94419,153.477,13.448269844055176,186.51274108886713,154.8758544921875,Kelmarsh 3,1238.676025390625
2018-02-13 11:00:00,52.403834,-0.94419,153.477,10.802512168884277,174.3026885986328,215.24244689941406,Kelmarsh 3,1198.271484375
2018-02-13 12:00:00,52.403834,-0.94419,153.477,11.640487670898438,173.4414825439453,215.24244689941406,Kelmarsh 3,1267.5113525390625
2018-02-13 13:00:00,52.403834,-0.94419,153.477,11.198325157165527,176.03289794921875,215.24244689941406,Kelmarsh 3,1276.7335205078125
2018-02-13 14:00:00,52.403834,-0.94419,153.477,6.910012722015381,173.4778594970703,215.24244689941406,Kelmarsh 3,1290.661376953125
2018-02-13 15:00:00,52.403834,-0.94419,153.477,6.083193778991699,176.7473602294922,215.24244689941406,Kelmarsh 3,1199.482666015625
2018-02-13 16:00:00,52.403834,-0.94419,153.477,3.795128583908081,187.49752807617188,183.4130706787109,Kelmarsh 3,992.88623046875
2018-02-13 17:00:00,52.403834,-0.94419,153.477,2.879718780517578,324.08746337890625,313.0154724121094,Kelmarsh 3,908.7373046875
2018-02-13 18:00:00,52.403834,-0.94419,153.477,6.736616611480713,341.58538818359375,335.2619323730469,Kelmarsh 3,760.806640625
2018-02-13 19:00:00,52.403834,-0.94419,153.477,6.330970287322998,331.6019592285155,339.2672424316406,Kelmarsh 3,846.5758056640625
2018-02-13 20:00:00,52.403834,-0.94419,153.477,6.698006629943848,328.8105773925781,335.97454833984375,Kelmarsh 3,967.4088745117188
2018-02-13 21:00:00,52.403834,-0.94419,153.477,6.062630653381348,329.9037780761719,335.97454833984375,Kelmarsh 3,990.7787475585938
2018-02-13 22:00:00,52.403834,-0.94419,153.477,5.414539813995361,329.61651611328125,335.97454833984375,Kelmarsh 3,243.60931396484375
2018-02-13 23:00:00,52.403834,-0.94419,153.477,6.234927654266357,303.82110595703125,310.7305603027344,Kelmarsh 3,1249.1546630859375
2018-02-14 00:00:00,52.403834,-0.94419,153.477,6.5556321144104,303.3254699707031,304.1451721191406,Kelmarsh 3,1060.078857421875
2018-02-14 01:00:00,52.403834,-0.94419,153.477,6.038406848907471,308.6531982421875,304.1451721191406,Kelmarsh 3,911.57568359375
2018-02-14 02:00:00,52.403834,-0.94419,153.477,4.647780418395996,301.43475341796875,304.1451721191406,Kelmarsh 3,936.8721313476562
2018-02-14 03:00:00,52.403834,-0.94419,153.477,1.0244250297546387,286.3210449218749,304.1451721191406,Kelmarsh 3,826.7476196289062
2018-02-14 04:00:00,52.403834,-0.94419,153.477,2.408456325531006,180.37081909179685,175.7301025390625,Kelmarsh 3,1005.2769775390625
2018-02-14 05:00:00,52.403834,-0.94419,153.477,4.7694926261901855,178.9196014404297,161.46176147460938,Kelmarsh 3,840.5458374023438
2018-02-14 06:00:00,52.403834,-0.94419,153.477,6.796480655670166,168.46249389648438,176.82766723632812,Kelmarsh 3,619.578125
2018-02-14 07:00:00,52.403834,-0.94419,153.477,6.819962024688721,174.32981872558594,176.82766723632812,Kelmarsh 3,717.598388671875
2018-02-14 08:00:00,52.403834,-0.94419,153.477,8.996953964233398,171.1607666015625,176.82766723632812,Kelmarsh 3,717.5673828125
2018-02-14 09:00:00,52.403834,-0.94419,153.477,7.378087520599365,170.1986083984375,176.82766723632812,Kelmarsh 3,807.2565307617188
2018-02-14 10:00:00,52.403834,-0.94419,153.477,10.374958992004395,172.83262634277344,165.85202026367188,Kelmarsh 3,595.1166381835938
2018-02-14 11:00:00,52.403834,-0.94419,153.477,11.12195110321045,173.61648559570312,171.33984375,Kelmarsh 3,663.3375244140625
2018-02-14 12:00:00,52.403834,-0.94419,153.477,12.444622039794922,176.3185577392578,171.33984375,Kelmarsh 3,847.7357177734375
2018-02-14 13:00:00,52.403834,-0.94419,153.477,10.60558032989502,184.48149108886716,178.52088928222656,Kelmarsh 3,710.2649536132812
2018-02-14 14:00:00,52.403834,-0.94419,153.477,13.219050407409668,179.85707092285156,180.120361328125,Kelmarsh 3,580.0289306640625
2018-02-14 15:00:00,52.403834,-0.94419,153.477,11.83475112915039,172.97291564941406,175.95001220703125,Kelmarsh 3,511.6277770996094
2018-02-14 16:00:00,52.403834,-0.94419,153.477,12.447277069091797,179.51332092285156,171.33984375,Kelmarsh 3,342.206787109375
2018-02-14 17:00:00,52.403834,-0.94419,153.477,10.621599197387695,177.76417541503906,179.02279663085938,Kelmarsh 3,317.4908752441406
2018-02-14 18:00:00,52.403834,-0.94419,153.477,12.16911792755127,172.97842407226562,176.82766723632812,Kelmarsh 3,402.2666931152344
2018-02-14 19:00:00,52.403834,-0.94419,153.477,10.465766906738281,173.00811767578125,176.82766723632812,Kelmarsh 3,311.53399658203125
2018-02-14 20:00:00,52.403834,-0.94419,153.477,9.993109703063965,177.7427978515625,176.82766723632812,Kelmarsh 3,344.2950744628906
2018-02-14 21:00:00,52.403834,-0.94419,153.477,8.425117492675781,189.49937438964838,181.4930725097656,Kelmarsh 3,335.49658203125
2018-02-14 22:00:00,52.403834,-0.94419,153.477,8.666207313537598,193.40098571777344,189.9984436035156,Kelmarsh 3,337.1798400878906
2018-02-14 23:00:00,52.403834,-0.94419,153.477,6.860713005065918,198.67880249023438,193.61094665527344,Kelmarsh 3,336.8250427246094
2018-02-15 00:00:00,52.403834,-0.94419,153.477,5.390353679656982,219.64991760253906,203.16921997070304,Kelmarsh 3,332.0670471191406
2018-02-15 01:00:00,52.403834,-0.94419,153.477,7.635091781616211,223.39901733398438,228.41320800781244,Kelmarsh 3,354.1148376464844
2018-02-15 02:00:00,52.403834,-0.94419,153.477,8.143481254577637,232.74298095703116,228.41320800781244,Kelmarsh 3,324.2774353027344
2018-02-15 03:00:00,52.403834,-0.94419,153.477,8.55239200592041,221.56762695312503,228.41320800781244,Kelmarsh 3,321.2554931640625
2018-02-15 04:00:00,52.403834,-0.94419,153.477,8.304104804992676,220.05419921875,228.41320800781244,Kelmarsh 3,259.928466796875
2018-02-15 05:00:00,52.403834,-0.94419,153.477,8.358041763305664,221.69320678710935,228.41320800781244,Kelmarsh 3,253.9331817626953
2018-02-15 06:00:00,52.403834,-0.94419,153.477,9.91547966003418,231.8332061767578,241.5839843749999,Kelmarsh 3,285.045654296875
2018-02-15 07:00:00,52.403834,-0.94419,153.477,6.944653511047363,251.8268585205078,248.16937255859375,Kelmarsh 3,289.4206237792969
2018-02-15 08:00:00,52.403834,-0.94419,153.477,4.340061187744141,256.54962158203125,262.4377136230469,Kelmarsh 3,294.2917785644531
2018-02-15 09:00:00,52.403834,-0.94419,153.477,5.6542816162109375,250.64529418945312,262.4377136230469,Kelmarsh 3,257.2725524902344
2018-02-15 10:00:00,52.403834,-0.94419,153.477,6.5458526611328125,241.67913818359375,248.04376220703125,Kelmarsh 3,197.58192443847656
2018-02-15 11:00:00,52.403834,-0.94419,153.477,9.405640602111816,256.8726806640625,250.47377014160153,Kelmarsh 3,198.668701171875
2018-02-15 12:00:00,52.403834,-0.94419,153.477,9.714503288269043,259.2436828613281,253.65719604492188,Kelmarsh 3,298.4026184082031
2018-02-15 13:00:00,52.403834,-0.94419,153.477,10.352266311645508,264.37713623046875,261.77020263671875,Kelmarsh 3,266.7753601074219
2018-02-15 14:00:00,52.403834,-0.94419,153.477,8.256278038024902,256.8299560546875,256.2702941894531,Kelmarsh 3,269.6297302246094
2018-02-15 15:00:00,52.403834,-0.94419,153.477,5.929882049560547,253.68243408203125,254.7547607421875,Kelmarsh 3,436.48699951171875
2018-02-15 16:00:00,52.403834,-0.94419,153.477,9.467582702636719,257.52569580078125,264.6328430175781,Kelmarsh 3,363.7610778808594
2018-02-15 17:00:00,52.403834,-0.94419,153.477,6.36655330657959,253.11180114746094,253.65719604492188,Kelmarsh 3,259.4814758300781
2018-02-15 18:00:00,52.403834,-0.94419,153.477,8.193561553955078,242.54153442382812,245.9742431640625,Kelmarsh 3,377.1895751953125
2018-02-15 19:00:00,52.403834,-0.94419,153.477,5.700938701629639,245.9989013671875,256.94989013671875,Kelmarsh 3,285.8976745605469
2018-02-15 20:00:00,52.403834,-0.94419,153.477,7.075841426849365,239.06388854980457,247.73104858398438,Kelmarsh 3,231.0830841064453
2018-02-15 21:00:00,52.403834,-0.94419,153.477,6.534229755401611,237.28294372558588,229.510772705078,Kelmarsh 3,253.3126678466797
2018-02-15 22:00:00,52.403834,-0.94419,153.477,6.843740940093994,238.5803985595703,243.87562561035156,Kelmarsh 3,287.65570068359375
2018-02-15 23:00:00,52.403834,-0.94419,153.477,5.188930988311768,252.26222229003906,242.68154907226562,Kelmarsh 3,299.9467468261719
2018-02-16 00:00:00,52.403834,-0.94419,153.477,5.819610595703125,246.69320678710938,240.48641967773438,Kelmarsh 3,331.69683837890625
2018-02-16 01:00:00,52.403834,-0.94419,153.477,4.3985395431518555,252.59696960449222,247.07180786132807,Kelmarsh 3,289.4179992675781
2018-02-16 02:00:00,52.403834,-0.94419,153.477,4.985912799835205,260.5285339355469,247.07180786132807,Kelmarsh 3,320.3106384277344
2018-02-16 03:00:00,52.403834,-0.94419,153.477,4.823453903198242,263.4482116699219,247.07180786132807,Kelmarsh 3,469.888916015625
2018-02-16 04:00:00,52.403834,-0.94419,153.477,4.962301254272461,259.3979187011719,247.07180786132807,Kelmarsh 3,393.0467224121094
2018-02-16 05:00:00,52.403834,-0.94419,153.477,3.7901723384857178,257.01654052734375,258.0474548339844,Kelmarsh 3,359.54931640625
2018-02-16 06:00:00,52.403834,-0.94419,153.477,4.408382892608643,248.87728881835938,258.0474548339844,Kelmarsh 3,432.7885437011719
2018-02-16 07:00:00,52.403834,-0.94419,153.477,5.079465866088867,244.3460998535156,258.0474548339844,Kelmarsh 3,313.3821716308594
2018-02-16 08:00:00,52.403834,-0.94419,153.477,4.094363689422607,251.18003845214844,258.0474548339844,Kelmarsh 3,269.9258728027344
2018-02-16 09:00:00,52.403834,-0.94419,153.477,5.197388648986816,229.24952697753903,230.60833740234366,Kelmarsh 3,304.84246826171875
2018-02-16 10:00:00,52.403834,-0.94419,153.477,5.0415263175964355,228.616943359375,230.60833740234366,Kelmarsh 3,383.7712707519531
2018-02-16 11:00:00,52.403834,-0.94419,153.477,5.003229141235352,221.1193389892578,230.60833740234366,Kelmarsh 3,392.4945068359375
2018-02-16 12:00:00,52.403834,-0.94419,153.477,6.1499810218811035,226.20700073242188,230.60833740234366,Kelmarsh 3,376.4415283203125
2018-02-16 13:00:00,52.403834,-0.94419,153.477,5.167777061462402,237.1478424072266,230.60833740234366,Kelmarsh 3,426.0014343261719
2018-02-16 14:00:00,52.403834,-0.94419,153.477,6.5295634269714355,236.41595458984375,230.60833740234366,Kelmarsh 3,431.8980712890625
2018-02-16 15:00:00,52.403834,-0.94419,153.477,4.876339912414551,235.70599365234378,230.60833740234366,Kelmarsh 3,455.61956787109375
2018-02-16 16:00:00,52.403834,-0.94419,153.477,4.330401420593262,217.44520568847656,230.60833740234366,Kelmarsh 3,394.7380065917969
2018-02-16 17:00:00,52.403834,-0.94419,153.477,4.644843101501465,193.80177307128903,188.70504760742185,Kelmarsh 3,424.4266052246094
2018-02-16 18:00:00,52.403834,-0.94419,153.477,6.061951160430908,185.6890716552734,187.80331420898435,Kelmarsh 3,381.5191345214844
2018-02-16 19:00:00,52.403834,-0.94419,153.477,6.46758508682251,172.11460876464844,170.24227905273438,Kelmarsh 3,367.7567138671875
2018-02-16 20:00:00,52.403834,-0.94419,153.477,6.22798490524292,176.64671325683594,170.24227905273438,Kelmarsh 3,381.3225402832031
2018-02-16 21:00:00,52.403834,-0.94419,153.477,6.244481086730957,183.0768432617187,170.24227905273438,Kelmarsh 3,422.4337463378906
2018-02-16 22:00:00,52.403834,-0.94419,153.477,6.668099880218506,190.4904632568359,195.48626708984366,Kelmarsh 3,294.7789611816406
2018-02-16 23:00:00,52.403834,-0.94419,153.477,5.049254894256592,207.52153015136713,195.48626708984366,Kelmarsh 3,281.93487548828125
2018-02-17 00:00:00,52.403834,-0.94419,153.477,3.684978723526001,201.42572021484375,195.48626708984366,Kelmarsh 3,299.6377868652344
2018-02-17 01:00:00,52.403834,-0.94419,153.477,5.492372035980225,192.23286437988273,195.48626708984366,Kelmarsh 3,264.3536376953125
2018-02-17 02:00:00,52.403834,-0.94419,153.477,3.8493781089782715,194.6298065185546,195.48626708984366,Kelmarsh 3,329.39459228515625
2018-02-17 03:00:00,52.403834,-0.94419,153.477,3.945948839187622,172.9901885986328,169.14471435546875,Kelmarsh 3,233.6226043701172
2018-02-17 04:00:00,52.403834,-0.94419,153.477,6.106939315795898,187.96258544921875,191.09600830078125,Kelmarsh 3,227.58944702148438
2018-02-17 05:00:00,52.403834,-0.94419,153.477,3.9773049354553223,175.91024780273438,191.09600830078125,Kelmarsh 3,496.0400085449219
2018-02-17 06:00:00,52.403834,-0.94419,153.477,5.222176551818848,176.75439453125,191.09600830078125,Kelmarsh 3,408.6685791015625
2018-02-17 07:00:00,52.403834,-0.94419,153.477,6.837429523468018,188.03131103515625,191.09600830078125,Kelmarsh 3,446.39208984375
2018-02-17 08:00:00,52.403834,-0.94419,153.477,6.950345039367676,196.49377441406241,191.09600830078125,Kelmarsh 3,426.7996520996094
2018-02-17 09:00:00,52.403834,-0.94419,153.477,6.017319679260254,187.92816162109372,191.09600830078125,Kelmarsh 3,427.3059997558594
2018-02-17 10:00:00,52.403834,-0.94419,153.477,5.400265216827393,203.04010009765625,191.09600830078125,Kelmarsh 3,234.69400024414062
2018-02-17 11:00:00,52.403834,-0.94419,153.477,5.473850727081299,195.5973205566406,191.09600830078125,Kelmarsh 3,299.2381591796875
2018-02-17 12:00:00,52.403834,-0.94419,153.477,6.326587200164795,198.74253845214838,202.0716552734375,Kelmarsh 3,282.95367431640625
2018-02-17 13:00:00,52.403834,-0.94419,153.477,5.018923759460449,222.73477172851565,206.3158111572265,Kelmarsh 3,492.00811767578125
2018-02-17 14:00:00,52.403834,-0.94419,153.477,5.890494346618652,232.89533996582023,222.92538452148438,Kelmarsh 3,565.7125244140625
2018-02-17 15:00:00,52.403834,-0.94419,153.477,5.0603742599487305,203.5929107666015,186.70574951171875,Kelmarsh 3,405.5965270996094
2018-02-17 16:00:00,52.403834,-0.94419,153.477,3.2097060680389404,209.5117034912109,214.14486694335932,Kelmarsh 3,498.4580078125
2018-02-17 17:00:00,52.403834,-0.94419,153.477,3.3740265369415283,194.23709106445304,198.7789611816406,Kelmarsh 3,430.8753356933594
2018-02-17 18:00:00,52.403834,-0.94419,153.477,4.435450077056885,224.63711547851562,225.12051391601562,Kelmarsh 3,311.746337890625
2018-02-17 19:00:00,52.403834,-0.94419,153.477,5.68524694442749,223.00517272949213,225.12051391601562,Kelmarsh 3,439.8125
2018-02-17 20:00:00,52.403834,-0.94419,153.477,3.210235595703125,209.13363647460938,204.26678466796875,Kelmarsh 3,246.3207244873047
2018-02-17 21:00:00,52.403834,-0.94419,153.477,2.9828217029571533,211.93811035156244,220.73025512695312,Kelmarsh 3,220.89678955078125
2018-02-17 22:00:00,52.403834,-0.94419,153.477,4.8861870765686035,201.2959289550781,218.22032165527344,Kelmarsh 3,206.3430938720703
2018-02-17 23:00:00,52.403834,-0.94419,153.477,5.197413444519043,199.1923370361328,189.9984436035156,Kelmarsh 3,207.15350341796875
2018-02-18 00:00:00,52.403834,-0.94419,153.477,4.291244029998779,196.75054931640625,204.26678466796875,Kelmarsh 3,255.08401489257812
2018-02-18 01:00:00,52.403834,-0.94419,153.477,3.703596830368042,212.95332336425778,204.26678466796875,Kelmarsh 3,296.1292724609375
2018-02-18 02:00:00,52.403834,-0.94419,153.477,5.470115661621094,195.39610290527344,204.26678466796875,Kelmarsh 3,243.65623474121094
2018-02-18 03:00:00,52.403834,-0.94419,153.477,3.672337532043457,214.91294860839844,204.26678466796875,Kelmarsh 3,212.43707275390625
2018-02-18 04:00:00,52.403834,-0.94419,153.477,5.3246893882751465,191.9643096923828,204.26678466796875,Kelmarsh 3,351.8419189453125
2018-02-18 05:00:00,52.403834,-0.94419,153.477,6.24686336517334,190.81629943847656,196.58383178710926,Kelmarsh 3,190.23779296875
2018-02-18 06:00:00,52.403834,-0.94419,153.477,6.708531856536865,192.82687377929688,193.29113769531247,Kelmarsh 3,97.43717193603516
2018-02-18 07:00:00,52.403834,-0.94419,153.477,5.316307067871094,185.02597045898435,193.29113769531247,Kelmarsh 3,156.6044158935547
2018-02-18 08:00:00,52.403834,-0.94419,153.477,5.726334095001221,184.09127807617182,175.7301025390625,Kelmarsh 3,180.35836791992188
2018-02-18 09:00:00,52.403834,-0.94419,153.477,5.949158191680908,186.09634399414062,175.7301025390625,Kelmarsh 3,56.992183685302734
2018-02-18 10:00:00,52.403834,-0.94419,153.477,6.146625995635986,185.26394653320312,175.7301025390625,Kelmarsh 3,9.055185317993164
2018-02-18 11:00:00,52.403834,-0.94419,153.477,4.243097305297852,192.5749359130859,186.8878173828125,Kelmarsh 3,36.262210845947266
2018-02-18 12:00:00,52.403834,-0.94419,153.477,5.283005714416504,190.4496612548828,195.48626708984366,Kelmarsh 3,149.70315551757812
2018-02-18 13:00:00,52.403834,-0.94419,153.477,4.670000076293945,190.7219085693359,195.48626708984366,Kelmarsh 3,107.1352310180664
2018-02-18 14:00:00,52.403834,-0.94419,153.477,4.500886917114258,186.2801666259765,195.48626708984366,Kelmarsh 3,68.90853881835938
2018-02-18 15:00:00,52.403834,-0.94419,153.477,4.2747321128845215,182.09498596191406,195.48626708984366,Kelmarsh 3,101.25357055664062
2018-02-18 16:00:00,52.403834,-0.94419,153.477,4.691586971282959,180.4228515625,195.48626708984366,Kelmarsh 3,232.8308868408203
2018-02-18 17:00:00,52.403834,-0.94419,153.477,5.226485252380371,180.34822082519528,164.75445556640625,Kelmarsh 3,234.49974060058594
2018-02-18 18:00:00,52.403834,-0.94419,153.477,5.4813642501831055,182.46704101562494,181.2179260253906,Kelmarsh 3,132.23684692382812
2018-02-18 19:00:00,52.403834,-0.94419,153.477,5.0418267250061035,196.47190856933597,181.2179260253906,Kelmarsh 3,123.80279541015625
2018-02-18 20:00:00,52.403834,-0.94419,153.477,5.909217834472656,197.43765258789057,190.28175354003898,Kelmarsh 3,112.44013977050781
2018-02-18 21:00:00,52.403834,-0.94419,153.477,4.5240607261657715,203.70227050781244,195.48626708984366,Kelmarsh 3,87.98079681396484
2018-02-18 22:00:00,52.403834,-0.94419,153.477,3.7282543182373047,214.48794555664057,205.3643493652343,Kelmarsh 3,97.21144104003906
2018-02-18 23:00:00,52.403834,-0.94419,153.477,3.902207612991333,213.83435058593744,205.3643493652343,Kelmarsh 3,167.67735290527344
2018-02-19 00:00:00,52.403834,-0.94419,153.477,3.3096158504486084,216.17601013183588,205.3643493652343,Kelmarsh 3,194.74884033203125
2018-02-19 01:00:00,52.403834,-0.94419,153.477,3.406179428100586,217.75117492675778,205.3643493652343,Kelmarsh 3,171.82345581054688
2018-02-19 02:00:00,52.403834,-0.94419,153.477,4.379909515380859,227.50862121582028,205.3643493652343,Kelmarsh 3,90.00460815429688
2018-02-19 03:00:00,52.403834,-0.94419,153.477,3.357900381088257,223.53010559082023,205.3643493652343,Kelmarsh 3,67.84418487548828
2018-02-19 04:00:00,52.403834,-0.94419,153.477,4.527873516082764,225.40356445312503,227.31564331054688,Kelmarsh 3,137.7493438720703
2018-02-19 05:00:00,52.403834,-0.94419,153.477,3.1810390949249268,256.98712158203125,241.5839843749999,Kelmarsh 3,396.9745788574219
2018-02-19 06:00:00,52.403834,-0.94419,153.477,4.081873893737793,261.5359191894531,241.5839843749999,Kelmarsh 3,254.53131103515625
2018-02-19 07:00:00,52.403834,-0.94419,153.477,4.250400066375732,264.06298828125,249.49140930175778,Kelmarsh 3,296.9088134765625
2018-02-19 08:00:00,52.403834,-0.94419,153.477,6.424843788146973,275.52191162109375,269.0231018066406,Kelmarsh 3,369.0787353515625
2018-02-19 09:00:00,52.403834,-0.94419,153.477,7.118702411651611,277.9273376464844,281.0963134765625,Kelmarsh 3,151.38540649414062
2018-02-19 10:00:00,52.403834,-0.94419,153.477,7.424472332000732,289.7829895019531,281.0963134765625,Kelmarsh 3,207.55313110351562
2018-02-19 11:00:00,52.403834,-0.94419,153.477,6.3445048332214355,297.8918151855469,294.26708984375,Kelmarsh 3,204.05316162109375
2018-02-19 12:00:00,52.403834,-0.94419,153.477,7.390448093414307,301.0613708496094,299.7549133300781,Kelmarsh 3,242.93653869628906
2018-02-19 13:00:00,52.403834,-0.94419,153.477,7.118983745574951,302.5455322265625,299.7549133300781,Kelmarsh 3,222.8970184326172
2018-02-19 14:00:00,52.403834,-0.94419,153.477,7.038790225982666,314.8945617675781,311.828125,Kelmarsh 3,120.75363159179688
2018-02-19 15:00:00,52.403834,-0.94419,153.477,7.688905239105225,312.52142333984375,311.828125,Kelmarsh 3,80.86624908447266
2018-02-19 16:00:00,52.403834,-0.94419,153.477,7.929728984832764,309.4619140625,311.828125,Kelmarsh 3,74.09402465820312
2018-02-19 17:00:00,52.403834,-0.94419,153.477,8.363391876220703,318.6949157714843,319.5110778808594,Kelmarsh 3,234.31993103027344
2018-02-19 18:00:00,52.403834,-0.94419,153.477,7.209285259246826,313.94085693359375,319.5110778808594,Kelmarsh 3,159.7373046875
2018-02-19 19:00:00,52.403834,-0.94419,153.477,6.797171592712402,310.4005737304687,317.71014404296864,Kelmarsh 3,161.19493103027344
2018-02-19 20:00:00,52.403834,-0.94419,153.477,8.139086723327637,313.50018310546875,308.5354309082031,Kelmarsh 3,59.0142936706543
2018-02-19 21:00:00,52.403834,-0.94419,153.477,7.771106719970703,316.9845886230469,308.5354309082031,Kelmarsh 3,78.08002471923828
2018-02-19 22:00:00,52.403834,-0.94419,153.477,7.61179256439209,317.62139892578125,310.7305603027344,Kelmarsh 3,64.0150375366211
2018-02-19 23:00:00,52.403834,-0.94419,153.477,7.522606372833252,322.61688232421875,326.986328125,Kelmarsh 3,31.20546531677246
2018-02-20 00:00:00,52.403834,-0.94419,153.477,6.557433605194092,320.55609130859375,313.45013427734375,Kelmarsh 3,27.77273941040039
2018-02-20 01:00:00,52.403834,-0.94419,153.477,6.8299736976623535,321.8360290527343,326.94281005859375,Kelmarsh 3,42.98737716674805
2018-02-20 02:00:00,52.403834,-0.94419,153.477,5.921838283538818,311.4248352050781,310.7305603027344,Kelmarsh 3,76.81404113769531
2018-02-20 03:00:00,52.403834,-0.94419,153.477,7.042417049407959,320.5442199707031,320.5861511230469,Kelmarsh 3,-0.719594419002533
2018-02-20 04:00:00,52.403834,-0.94419,153.477,6.538434028625488,309.3194274902344,307.4378662109375,Kelmarsh 3,-3.6390035152435303
2018-02-20 05:00:00,52.403834,-0.94419,153.477,6.777678489685059,313.93115234375,321.7062072753906,Kelmarsh 3,17.18167495727539
2018-02-20 06:00:00,52.403834,-0.94419,153.477,8.21759033203125,308.0399475097656,306.3403015136719,Kelmarsh 3,44.538307189941406
2018-02-20 07:00:00,52.403834,-0.94419,153.477,9.460832595825195,318.5073547363281,324.1444091796875,Kelmarsh 3,5.930214881896973
2018-02-20 08:00:00,52.403834,-0.94419,153.477,9.30449390411377,324.11944580078125,319.5110778808594,Kelmarsh 3,-1.8453764915466309
2018-02-20 09:00:00,52.403834,-0.94419,153.477,9.488553047180176,330.0368347167969,323.059814453125,Kelmarsh 3,-2.872364044189453
2018-02-20 10:00:00,52.403834,-0.94419,153.477,9.6626615524292,343.2676696777344,343.6401062011718,Kelmarsh 3,-2.487710475921631
2018-02-20 11:00:00,52.403834,-0.94419,153.477,10.235025405883789,358.5052795410156,1.2185317277908325,Kelmarsh 3,110.4063720703125
2018-02-20 12:00:00,52.403834,-0.94419,153.477,9.29872989654541,350.46032714843744,349.31561279296864,Kelmarsh 3,53.993656158447266
2018-02-20 13:00:00,52.403834,-0.94419,153.477,9.667572975158691,354.1024475097656,350.2428894042969,Kelmarsh 3,112.99610137939453
2018-02-20 14:00:00,52.403834,-0.94419,153.477,9.766606330871582,348.083251953125,345.8526306152344,Kelmarsh 3,128.30528259277344
2018-02-20 15:00:00,52.403834,-0.94419,153.477,8.744114875793457,352.4803161621094,356.4913024902344,Kelmarsh 3,81.025146484375
2018-02-20 16:00:00,52.403834,-0.94419,153.477,11.604207992553711,352.74072265624994,1.2185317277908325,Kelmarsh 3,123.93130493164062
2018-02-20 17:00:00,52.403834,-0.94419,153.477,11.614198684692383,357.9482116699219,1.2185317277908325,Kelmarsh 3,66.9502944946289
2018-02-20 18:00:00,52.403834,-0.94419,153.477,12.05279541015625,2.9466633796691895,1.764444351196289,Kelmarsh 3,14.751476287841797
2018-02-20 19:00:00,52.403834,-0.94419,153.477,12.290616989135742,359.7713623046875,4.511212348937988,Kelmarsh 3,38.704559326171875
2018-02-20 20:00:00,52.403834,-0.94419,153.477,10.816448211669922,9.348428726196289,4.511212348937988,Kelmarsh 3,83.61276245117188
2018-02-20 21:00:00,52.403834,-0.94419,153.477,8.799036026000977,3.892723798751831,4.511212348937988,Kelmarsh 3,14.751582145690918
2018-02-20 22:00:00,52.403834,-0.94419,153.477,6.952086925506592,4.534526824951172,13.291691780090332,Kelmarsh 3,-3.61232852935791
2018-02-20 23:00:00,52.403834,-0.94419,153.477,6.171710014343262,13.995713233947754,9.999011993408203,Kelmarsh 3,58.444580078125
2018-02-21 00:00:00,52.403834,-0.94419,153.477,4.130198001861572,63.291664123535156,50.77296829223633,Kelmarsh 3,49.04679870605469
2018-02-21 01:00:00,52.403834,-0.94419,153.477,5.2335076332092285,71.99883270263672,81.34040069580078,Kelmarsh 3,47.726287841796875
2018-02-21 02:00:00,52.403834,-0.94419,153.477,3.8615636825561523,71.72293853759766,60.07231521606445,Kelmarsh 3,84.54436492919922
2018-02-21 03:00:00,52.403834,-0.94419,153.477,4.763125896453857,62.4074592590332,73.65750122070312,Kelmarsh 3,93.03553009033203
2018-02-21 04:00:00,52.403834,-0.94419,153.477,3.3159592151641846,69.1122817993164,73.65750122070312,Kelmarsh 3,104.09185791015625
2018-02-21 05:00:00,52.403834,-0.94419,153.477,1.1438437700271606,41.39345169067383,73.65750122070312,Kelmarsh 3,122.5964584350586
2018-02-21 06:00:00,52.403834,-0.94419,153.477,2.3798434734344482,34.860260009765625,25.364852905273438,Kelmarsh 3,85.7090072631836
2018-02-21 07:00:00,52.403834,-0.94419,153.477,2.4763309955596924,29.79861068725586,25.364852905273438,Kelmarsh 3,-2.9657540321350098
2018-02-21 08:00:00,52.403834,-0.94419,153.477,2.777362585067749,0.002507885918021202,356.8282775878906,Kelmarsh 3,-6.95001220703125
2018-02-21 09:00:00,52.403834,-0.94419,153.477,2.8824751377105713,350.31610107421875,356.8282775878906,Kelmarsh 3,-2.8142125606536865
2018-02-21 10:00:00,52.403834,-0.94419,153.477,3.3806092739105225,348.85241699218744,356.8282775878906,Kelmarsh 3,4.944676876068115
2018-02-21 11:00:00,52.403834,-0.94419,153.477,2.9367055892944336,4.9305572509765625,356.8282775878906,Kelmarsh 3,-2.338883399963379
2018-02-21 12:00:00,52.403834,-0.94419,153.477,5.302756309509277,31.530973434448242,29.75510025024414,Kelmarsh 3,6.201899528503418
2018-02-21 13:00:00,52.403834,-0.94419,153.477,6.274043083190918,39.271751403808594,34.14533996582031,Kelmarsh 3,24.26888084411621
2018-02-21 14:00:00,52.403834,-0.94419,153.477,6.5618367195129395,40.04603576660156,34.14533996582031,Kelmarsh 3,21.960948944091797
2018-02-21 15:00:00,52.403834,-0.94419,153.477,2.87978196144104,40.16163635253906,45.12095260620117,Kelmarsh 3,61.26197814941406
2018-02-21 16:00:00,52.403834,-0.94419,153.477,4.236758708953857,48.18546676635742,59.389244079589844,Kelmarsh 3,77.24986267089844
2018-02-21 17:00:00,52.403834,-0.94419,153.477,3.0315933227539062,27.538490295410156,33.04777908325195,Kelmarsh 3,51.81740188598633
2018-02-21 18:00:00,52.403834,-0.94419,153.477,3.471579074859619,40.40636444091797,33.04777908325195,Kelmarsh 3,38.77999496459961
2018-02-21 19:00:00,52.403834,-0.94419,153.477,3.820770025253296,49.80403137207031,33.04777908325195,Kelmarsh 3,27.951875686645508
2018-02-21 20:00:00,52.403834,-0.94419,153.477,6.067062854766846,49.60963821411133,48.57826232910156,Kelmarsh 3,75.10713195800781
2018-02-21 21:00:00,52.403834,-0.94419,153.477,3.9311914443969727,72.41858673095703,59.6655387878418,Kelmarsh 3,152.17550659179688
2018-02-21 22:00:00,52.403834,-0.94419,153.477,5.09064245223999,65.8899917602539,54.99899673461914,Kelmarsh 3,142.38516235351562
2018-02-21 23:00:00,52.403834,-0.94419,153.477,3.378864288330078,62.49654769897461,54.99899673461914,Kelmarsh 3,156.1204833984375
2018-02-22 00:00:00,52.403834,-0.94419,153.477,4.31593656539917,49.54787063598633,54.99899673461914,Kelmarsh 3,109.87918090820312
2018-02-22 01:00:00,52.403834,-0.94419,153.477,3.7907204627990723,54.980079650878906,54.99899673461914,Kelmarsh 3,137.4889373779297
2018-02-22 02:00:00,52.403834,-0.94419,153.477,4.388627529144287,55.1507682800293,54.99899673461914,Kelmarsh 3,137.78875732421875
2018-02-22 03:00:00,52.403834,-0.94419,153.477,5.448026657104492,79.55213928222656,79.1452865600586,Kelmarsh 3,98.9449691772461
2018-02-22 04:00:00,52.403834,-0.94419,153.477,5.280611038208008,85.70973205566406,101.09642791748047,Kelmarsh 3,105.2955551147461
2018-02-22 05:00:00,52.403834,-0.94419,153.477,5.130218029022217,72.99745178222656,73.65750122070312,Kelmarsh 3,149.53660583496094
2018-02-22 06:00:00,52.403834,-0.94419,153.477,5.295052528381348,88.64338684082031,73.65750122070312,Kelmarsh 3,125.27957153320312
2018-02-22 07:00:00,52.403834,-0.94419,153.477,4.521572113037109,77.46141052246094,73.65750122070312,Kelmarsh 3,191.6378631591797
2018-02-22 08:00:00,52.403834,-0.94419,153.477,3.8024606704711914,82.42855072021484,73.65750122070312,Kelmarsh 3,187.35250854492188
2018-02-22 09:00:00,52.403834,-0.94419,153.477,4.06278133392334,93.50811767578125,99.99887084960938,Kelmarsh 3,141.30259704589844
2018-02-22 10:00:00,52.403834,-0.94419,153.477,3.9589240550994873,98.31964111328125,99.99887084960938,Kelmarsh 3,94.02943420410156
2018-02-22 11:00:00,52.403834,-0.94419,153.477,6.277231693267822,97.83881378173828,97.80375671386719,Kelmarsh 3,154.8026123046875
2018-02-22 12:00:00,52.403834,-0.94419,153.477,4.137699604034424,113.18489837646484,114.26712036132812,Kelmarsh 3,137.44732666015625
2018-02-22 13:00:00,52.403834,-0.94419,153.477,5.915875434875488,102.83145904541016,114.26712036132812,Kelmarsh 3,169.1376190185547
2018-02-22 14:00:00,52.403834,-0.94419,153.477,5.538035869598389,101.8816909790039,99.99887084960938,Kelmarsh 3,211.2894744873047
2018-02-22 15:00:00,52.403834,-0.94419,153.477,4.105188846588135,114.12015533447266,99.99887084960938,Kelmarsh 3,178.90818786621094
2018-02-22 16:00:00,52.403834,-0.94419,153.477,4.058233261108398,105.82704162597656,113.1695556640625,Kelmarsh 3,195.9274139404297
2018-02-22 17:00:00,52.403834,-0.94419,153.477,5.639034748077393,101.96736907958984,113.1695556640625,Kelmarsh 3,155.65151977539062
2018-02-22 18:00:00,52.403834,-0.94419,153.477,5.786365032196045,108.25163269042969,99.99887084960938,Kelmarsh 3,214.6427001953125
2018-02-22 19:00:00,52.403834,-0.94419,153.477,4.774059295654297,102.70062255859375,99.99887084960938,Kelmarsh 3,204.81874084472656
2018-02-22 20:00:00,52.403834,-0.94419,153.477,7.410525321960449,105.61151123046875,99.99887084960938,Kelmarsh 3,173.12098693847656
2018-02-22 21:00:00,52.403834,-0.94419,153.477,7.246454238891602,104.86767578125,99.99887084960938,Kelmarsh 3,148.8520965576172
2018-02-22 22:00:00,52.403834,-0.94419,153.477,7.104098320007324,98.18722534179688,99.99887084960938,Kelmarsh 3,210.36651611328125
2018-02-22 23:00:00,52.403834,-0.94419,153.477,6.516966342926025,90.97852325439453,99.99887084960938,Kelmarsh 3,215.70608520507812
2018-02-23 00:00:00,52.403834,-0.94419,153.477,7.369968891143799,96.51557922363281,99.99887084960938,Kelmarsh 3,291.735107421875
2018-02-23 01:00:00,52.403834,-0.94419,153.477,7.621992111206055,94.62045288085938,99.99887084960938,Kelmarsh 3,275.18756103515625
2018-02-23 02:00:00,52.403834,-0.94419,153.477,6.515741348266602,93.5367202758789,99.99887084960938,Kelmarsh 3,199.26039123535156
2018-02-23 03:00:00,52.403834,-0.94419,153.477,7.777137279510498,95.87642669677734,99.99887084960938,Kelmarsh 3,225.58763122558594
2018-02-23 04:00:00,52.403834,-0.94419,153.477,8.518226623535156,102.23572540283203,99.99887084960938,Kelmarsh 3,146.4282684326172
2018-02-23 05:00:00,52.403834,-0.94419,153.477,7.460183143615723,99.82491302490234,99.99887084960938,Kelmarsh 3,177.9873504638672
2018-02-23 06:00:00,52.403834,-0.94419,153.477,7.014553070068359,99.9625473022461,99.99887084960938,Kelmarsh 3,159.16102600097656
2018-02-23 07:00:00,52.403834,-0.94419,153.477,6.510451316833496,79.96318817138672,81.34040069580078,Kelmarsh 3,264.793212890625
2018-02-23 08:00:00,52.403834,-0.94419,153.477,5.5899553298950195,87.92084503173828,81.34040069580078,Kelmarsh 3,286.29364013671875
2018-02-23 09:00:00,52.403834,-0.94419,153.477,4.765928745269775,94.48405456542969,81.34040069580078,Kelmarsh 3,321.6044616699219
2018-02-23 10:00:00,52.403834,-0.94419,153.477,6.891810894012451,103.75360870361328,102.19398498535156,Kelmarsh 3,354.14678955078125
2018-02-23 11:00:00,52.403834,-0.94419,153.477,7.180093288421631,102.67577362060547,101.48686981201172,Kelmarsh 3,403.6911926269531
2018-02-23 12:00:00,52.403834,-0.94419,153.477,8.444440841674805,97.08809661865234,93.41352844238281,Kelmarsh 3,670.178466796875
2018-02-23 13:00:00,52.403834,-0.94419,153.477,7.741312026977539,104.3447494506836,101.09642791748047,Kelmarsh 3,713.1689453125
2018-02-23 14:00:00,52.403834,-0.94419,153.477,7.397683143615723,91.39752960205078,89.78385162353516,Kelmarsh 3,859.2349853515625
2018-02-23 15:00:00,52.403834,-0.94419,153.477,7.958381652832031,100.48365783691406,102.34961700439453,Kelmarsh 3,836.8692626953125
2018-02-23 16:00:00,52.403834,-0.94419,153.477,7.02203369140625,79.8699951171875,76.9501724243164,Kelmarsh 3,884.313720703125
2018-02-23 17:00:00,52.403834,-0.94419,153.477,7.36339807510376,89.0969009399414,85.18276977539062,Kelmarsh 3,798.477783203125
2018-02-23 18:00:00,52.403834,-0.94419,153.477,6.490942001342773,99.49011993408203,96.21235656738281,Kelmarsh 3,749.4524536132812
2018-02-23 19:00:00,52.403834,-0.94419,153.477,6.36067008972168,99.28024291992188,104.00495910644531,Kelmarsh 3,565.0311889648438
2018-02-23 20:00:00,52.403834,-0.94419,153.477,5.5493035316467285,95.3812026977539,83.53551483154297,Kelmarsh 3,391.99932861328125
2018-02-23 21:00:00,52.403834,-0.94419,153.477,6.7775468826293945,100.23184967041016,102.19398498535156,Kelmarsh 3,590.589111328125
2018-02-23 22:00:00,52.403834,-0.94419,153.477,7.460275650024414,95.74903106689453,96.7061996459961,Kelmarsh 3,715.8388061523438
2018-02-23 23:00:00,52.403834,-0.94419,153.477,5.445576190948486,98.34828186035156,93.41352844238281,Kelmarsh 3,818.218505859375
2018-02-24 00:00:00,52.403834,-0.94419,153.477,5.465342998504639,92.85929107666016,93.41352844238281,Kelmarsh 3,636.6549072265625
2018-02-24 01:00:00,52.403834,-0.94419,153.477,5.010471343994141,85.86689758300781,93.41352844238281,Kelmarsh 3,465.7940673828125
2018-02-24 02:00:00,52.403834,-0.94419,153.477,4.067904472351074,98.17420959472656,93.41352844238281,Kelmarsh 3,593.6387939453125
2018-02-24 03:00:00,52.403834,-0.94419,153.477,5.423468112945557,95.1213150024414,93.41352844238281,Kelmarsh 3,706.4885864257812
2018-02-24 04:00:00,52.403834,-0.94419,153.477,6.04534912109375,88.71622467041016,93.41352844238281,Kelmarsh 3,593.7055053710938
2018-02-24 05:00:00,52.403834,-0.94419,153.477,6.435365676879883,84.76840209960938,93.41352844238281,Kelmarsh 3,588.2378540039062
2018-02-24 06:00:00,52.403834,-0.94419,153.477,6.723938465118408,83.15262603759766,93.41352844238281,Kelmarsh 3,555.2670288085938
2018-02-24 07:00:00,52.403834,-0.94419,153.477,6.5305914878845215,73.82778930664062,74.75505828857422,Kelmarsh 3,416.7457275390625
2018-02-24 08:00:00,52.403834,-0.94419,153.477,5.805762767791748,79.51246643066406,74.75505828857422,Kelmarsh 3,368.73944091796875
2018-02-24 09:00:00,52.403834,-0.94419,153.477,6.630137920379639,85.89884185791016,83.53551483154297,Kelmarsh 3,215.7946014404297
2018-02-24 10:00:00,52.403834,-0.94419,153.477,7.776822090148926,83.0283203125,83.53551483154297,Kelmarsh 3,206.8195037841797
2018-02-24 11:00:00,52.403834,-0.94419,153.477,7.780738830566406,93.35460662841797,94.1405029296875,Kelmarsh 3,220.56277465820312
2018-02-24 12:00:00,52.403834,-0.94419,153.477,7.877096652984619,85.09232330322266,83.20581817626953,Kelmarsh 3,271.3146667480469
2018-02-24 13:00:00,52.403834,-0.94419,153.477,9.346857070922852,92.83805084228516,95.13104248046875,Kelmarsh 3,349.3818359375
2018-02-24 14:00:00,52.403834,-0.94419,153.477,8.5016508102417,95.01852416992188,102.19398498535156,Kelmarsh 3,345.24908447265625
2018-02-24 15:00:00,52.403834,-0.94419,153.477,8.163553237915039,89.90462493896484,92.31597137451172,Kelmarsh 3,297.21807861328125
2018-02-24 16:00:00,52.403834,-0.94419,153.477,8.983960151672363,82.89971923828125,92.31597137451172,Kelmarsh 3,305.2420349121094
2018-02-24 17:00:00,52.403834,-0.94419,153.477,8.059293746948242,82.71098327636719,92.31597137451172,Kelmarsh 3,292.9595031738281
2018-02-24 18:00:00,52.403834,-0.94419,153.477,8.577255249023438,79.57955932617188,76.9501724243164,Kelmarsh 3,481.483642578125
2018-02-24 19:00:00,52.403834,-0.94419,153.477,8.1591215133667,78.96642303466797,83.53551483154297,Kelmarsh 3,436.1034240722656
2018-02-24 20:00:00,52.403834,-0.94419,153.477,9.285414695739746,81.23965454101562,83.53551483154297,Kelmarsh 3,441.72259521484375
2018-02-24 21:00:00,52.403834,-0.94419,153.477,8.375239372253418,77.31352996826172,80.77973175048828,Kelmarsh 3,469.4391174316406
2018-02-24 22:00:00,52.403834,-0.94419,153.477,7.557060241699219,78.07295989990234,79.1452865600586,Kelmarsh 3,548.76806640625
2018-02-24 23:00:00,52.403834,-0.94419,153.477,6.696651458740234,86.05525207519531,81.34040069580078,Kelmarsh 3,522.8858642578125
2018-02-25 00:00:00,52.403834,-0.94419,153.477,5.523501396179199,79.51322174072266,81.34040069580078,Kelmarsh 3,499.5090637207031
2018-02-25 01:00:00,52.403834,-0.94419,153.477,6.388012886047363,78.74240112304688,81.34040069580078,Kelmarsh 3,305.6886291503906
2018-02-25 02:00:00,52.403834,-0.94419,153.477,6.779322147369385,80.32756042480469,81.34040069580078,Kelmarsh 3,191.9382781982422
2018-02-25 03:00:00,52.403834,-0.94419,153.477,6.340808391571045,78.0367660522461,81.34040069580078,Kelmarsh 3,154.02684020996094
2018-02-25 04:00:00,52.403834,-0.94419,153.477,7.414871692657471,73.06925201416016,81.34040069580078,Kelmarsh 3,121.25029754638672
2018-02-25 05:00:00,52.403834,-0.94419,153.477,6.557971000671387,75.70940399169922,71.73735046386719,Kelmarsh 3,47.8458137512207
2018-02-25 06:00:00,52.403834,-0.94419,153.477,6.365626335144043,77.57142639160156,73.65750122070312,Kelmarsh 3,68.50361633300781
2018-02-25 07:00:00,52.403834,-0.94419,153.477,6.018693447113037,78.38185119628906,73.65750122070312,Kelmarsh 3,117.85065460205078
2018-02-25 08:00:00,52.403834,-0.94419,153.477,7.0551676750183105,74.20074462890625,73.65750122070312,Kelmarsh 3,144.9033966064453
2018-02-25 09:00:00,52.403834,-0.94419,153.477,6.239419937133789,80.86495971679688,73.65750122070312,Kelmarsh 3,97.03954315185547
2018-02-25 10:00:00,52.403834,-0.94419,153.477,7.861875057220459,79.51081085205078,83.53551483154297,Kelmarsh 3,60.18324661254883
2018-02-25 11:00:00,52.403834,-0.94419,153.477,8.302790641784668,85.11577606201172,82.22010040283203,Kelmarsh 3,11.147660255432129
2018-02-25 12:00:00,52.403834,-0.94419,153.477,7.775429725646973,90.42383575439453,92.8429946899414,Kelmarsh 3,-2.389099597930908
2018-02-25 13:00:00,52.403834,-0.94419,153.477,7.621899604797363,91.98860931396484,85.91214752197266,Kelmarsh 3,-1.6170384883880615
2018-02-25 14:00:00,52.403834,-0.94419,153.477,6.473021030426025,88.77257537841797,87.86986541748047,Kelmarsh 3,-2.058776617050171
2018-02-25 15:00:00,52.403834,-0.94419,153.477,5.778764247894287,70.33509063720703,81.34040069580078,Kelmarsh 3,-2.881967067718506
2018-02-25 16:00:00,52.403834,-0.94419,153.477,6.484983444213867,76.37124633789062,73.65750122070312,Kelmarsh 3,134.18804931640625
2018-02-25 17:00:00,52.403834,-0.94419,153.477,6.962224960327148,84.38562774658203,73.06204223632812,Kelmarsh 3,187.12730407714844
2018-02-25 18:00:00,52.403834,-0.94419,153.477,6.5438714027404785,79.2524185180664,84.63307189941406,Kelmarsh 3,288.5531005859375
2018-02-25 19:00:00,52.403834,-0.94419,153.477,7.54319429397583,78.34424591064453,84.63307189941406,Kelmarsh 3,382.22186279296875
2018-02-25 20:00:00,52.403834,-0.94419,153.477,7.711110591888428,79.86817169189453,84.63307189941406,Kelmarsh 3,524.57177734375
2018-02-25 21:00:00,52.403834,-0.94419,153.477,7.06212854385376,77.19320678710938,84.63307189941406,Kelmarsh 3,517.873779296875
2018-02-25 22:00:00,52.403834,-0.94419,153.477,6.794642925262451,72.4861068725586,84.18806457519531,Kelmarsh 3,545.4910888671875
2018-02-25 23:00:00,52.403834,-0.94419,153.477,7.570555686950684,69.26396179199219,78.0477294921875,Kelmarsh 3,642.430419921875
2018-02-26 00:00:00,52.403834,-0.94419,153.477,6.797408580780029,73.51152038574219,64.87704467773438,Kelmarsh 3,429.6999816894531
2018-02-26 01:00:00,52.403834,-0.94419,153.477,6.044291019439697,67.58900451660156,64.87704467773438,Kelmarsh 3,375.2070007324219
2018-02-26 02:00:00,52.403834,-0.94419,153.477,5.501733779907227,66.09133911132812,64.87704467773438,Kelmarsh 3,451.07965087890625
2018-02-26 03:00:00,52.403834,-0.94419,153.477,6.323526859283447,68.23218536376953,64.87704467773438,Kelmarsh 3,496.6562805175781
2018-02-26 04:00:00,52.403834,-0.94419,153.477,6.025579929351807,64.2747573852539,64.87704467773438,Kelmarsh 3,407.7296142578125
2018-02-26 05:00:00,52.403834,-0.94419,153.477,6.115571022033691,69.24951934814453,68.16971588134766,Kelmarsh 3,588.1749267578125
2018-02-26 06:00:00,52.403834,-0.94419,153.477,5.000565528869629,74.85311126708984,68.16971588134766,Kelmarsh 3,470.9036560058594
2018-02-26 07:00:00,52.403834,-0.94419,153.477,4.340735912322998,57.70042037963867,68.16971588134766,Kelmarsh 3,332.9436950683594
2018-02-26 08:00:00,52.403834,-0.94419,153.477,5.800268173217773,70.11360931396484,68.16971588134766,Kelmarsh 3,354.422119140625
2018-02-26 09:00:00,52.403834,-0.94419,153.477,7.9521074295043945,72.83568572998047,73.65750122070312,Kelmarsh 3,450.24151611328125
2018-02-26 10:00:00,52.403834,-0.94419,153.477,7.7277984619140625,80.27516174316406,78.10354614257812,Kelmarsh 3,495.08770751953125
2018-02-26 11:00:00,52.403834,-0.94419,153.477,8.716622352600098,74.7241439819336,72.84715270996094,Kelmarsh 3,435.1073303222656
2018-02-26 12:00:00,52.403834,-0.94419,153.477,7.194089412689209,73.7526626586914,70.69525146484375,Kelmarsh 3,453.25384521484375
2018-02-26 13:00:00,52.403834,-0.94419,153.477,8.232772827148438,42.52535629272461,47.15151596069336,Kelmarsh 3,362.8444519042969
2018-02-26 14:00:00,52.403834,-0.94419,153.477,7.033635139465332,54.656211853027344,53.68138885498047,Kelmarsh 3,519.5
2018-02-26 15:00:00,52.403834,-0.94419,153.477,6.178200721740723,79.2252197265625,68.16971588134766,Kelmarsh 3,550.4924926757812
2018-02-26 16:00:00,52.403834,-0.94419,153.477,7.673725605010986,51.005210876464844,54.99899673461914,Kelmarsh 3,386.1364440917969
2018-02-26 17:00:00,52.403834,-0.94419,153.477,7.412205696105957,59.842777252197266,61.58436584472656,Kelmarsh 3,333.9455871582031
2018-02-26 18:00:00,52.403834,-0.94419,153.477,8.215258598327637,36.47414779663086,40.73070526123047,Kelmarsh 3,253.92306518554688
2018-02-26 19:00:00,52.403834,-0.94419,153.477,7.185810565948486,41.47574996948242,37.60633087158203,Kelmarsh 3,257.9693298339844
2018-02-26 20:00:00,52.403834,-0.94419,153.477,7.349014759063721,44.046783447265625,50.6087532043457,Kelmarsh 3,232.73269653320312
2018-02-26 21:00:00,52.403834,-0.94419,153.477,6.179593086242676,51.6490592956543,41.499908447265625,Kelmarsh 3,207.80224609375
2018-02-26 22:00:00,52.403834,-0.94419,153.477,5.916060924530029,44.4986686706543,37.43802261352539,Kelmarsh 3,195.79824829101562
2018-02-26 23:00:00,52.403834,-0.94419,153.477,6.2363200187683105,32.411277770996094,37.43802261352539,Kelmarsh 3,208.09994506835938
2018-02-27 00:00:00,52.403834,-0.94419,153.477,5.798672199249268,16.975921630859375,20.974609375,Kelmarsh 3,180.936767578125
2018-02-27 01:00:00,52.403834,-0.94419,153.477,4.71577787399292,18.512422561645508,20.974609375,Kelmarsh 3,173.5947723388672
2018-02-27 02:00:00,52.403834,-0.94419,153.477,6.242390155792236,17.63992691040039,20.974609375,Kelmarsh 3,185.73318481445312
2018-02-27 03:00:00,52.403834,-0.94419,153.477,5.169087886810303,18.864831924438477,20.974609375,Kelmarsh 3,108.16273498535156
2018-02-27 04:00:00,52.403834,-0.94419,153.477,5.125799655914307,347.5397033691406,356.8282775878906,Kelmarsh 3,126.03982543945312
2018-02-27 05:00:00,52.403834,-0.94419,153.477,4.918661117553711,0.8846166133880615,356.8282775878906,Kelmarsh 3,105.28758239746094
2018-02-27 06:00:00,52.403834,-0.94419,153.477,5.505904197692871,352.5075378417969,356.8282775878906,Kelmarsh 3,50.14741516113281
2018-02-27 07:00:00,52.403834,-0.94419,153.477,4.9660325050354,352.66110229492193,356.8282775878906,Kelmarsh 3,91.72135925292969
2018-02-27 08:00:00,52.403834,-0.94419,153.477,4.235876560211182,14.535154342651367,0.23148834705352783,Kelmarsh 3,47.681846618652344
2018-02-27 09:00:00,52.403834,-0.94419,153.477,4.032710075378418,31.380138397216797,17.68193244934082,Kelmarsh 3,37.6837158203125
2018-02-27 10:00:00,52.403834,-0.94419,153.477,5.1372528076171875,32.86614990234375,40.730709075927734,Kelmarsh 3,82.3843994140625
2018-02-27 11:00:00,52.403834,-0.94419,153.477,4.563968658447266,69.80186462402344,58.29167938232422,Kelmarsh 3,128.6494140625
2018-02-27 12:00:00,52.403834,-0.94419,153.477,4.6399078369140625,71.17015075683594,75.85261535644531,Kelmarsh 3,122.90215301513672
2018-02-27 13:00:00,52.403834,-0.94419,153.477,4.252008438110352,58.03596878051758,62.60908508300781,Kelmarsh 3,129.67584228515625
2018-02-27 14:00:00,52.403834,-0.94419,153.477,6.097342491149902,36.058265686035156,48.293190002441406,Kelmarsh 3,106.67363739013672
2018-02-27 15:00:00,52.403834,-0.94419,153.477,6.500612735748291,41.69076156616211,42.92582702636719,Kelmarsh 3,79.24321746826172
2018-02-27 16:00:00,52.403834,-0.94419,153.477,5.511287212371826,48.48292922973633,42.92582702636719,Kelmarsh 3,115.64603424072266
2018-02-27 17:00:00,52.403834,-0.94419,153.477,5.94592809677124,40.88933181762695,42.92582702636719,Kelmarsh 3,115.103515625
2018-02-27 18:00:00,52.403834,-0.94419,153.477,5.466269493103027,33.08660125732422,42.92582702636719,Kelmarsh 3,124.08658599853516
2018-02-27 19:00:00,52.403834,-0.94419,153.477,5.29586935043335,37.015968322753906,20.974609375,Kelmarsh 3,301.93524169921875
2018-02-27 20:00:00,52.403834,-0.94419,153.477,5.091482639312744,23.181655883789062,34.14533996582031,Kelmarsh 3,342.3865966796875
2018-02-27 21:00:00,52.403834,-0.94419,153.477,5.658973217010498,27.714683532714844,34.14533996582031,Kelmarsh 3,304.5095520019531
2018-02-27 22:00:00,52.403834,-0.94419,153.477,6.364029884338379,37.5756950378418,22.817901611328125,Kelmarsh 3,355.54248046875
2018-02-27 23:00:00,52.403834,-0.94419,153.477,6.336498737335205,18.962139129638672,6.706326484680176,Kelmarsh 3,302.6154479980469
2018-02-28 00:00:00,52.403834,-0.94419,153.477,6.51169490814209,28.83189582824707,33.04777908325195,Kelmarsh 3,320.225830078125
2018-02-28 01:00:00,52.403834,-0.94419,153.477,6.560495853424072,31.164213180541992,33.04777908325195,Kelmarsh 3,224.57708740234375
2018-02-28 02:00:00,52.403834,-0.94419,153.477,5.937073230743408,41.30249786376953,33.04777908325195,Kelmarsh 3,168.1090087890625
2018-02-28 03:00:00,52.403834,-0.94419,153.477,4.437966823577881,31.73905372619629,33.04777908325195,Kelmarsh 3,144.29689025878906
2018-02-28 04:00:00,52.403834,-0.94419,153.477,5.882667064666748,21.96142578125,33.04777908325195,Kelmarsh 3,213.26463317871094
2018-02-28 05:00:00,52.403834,-0.94419,153.477,5.262048721313477,34.43946838378906,33.04777908325195,Kelmarsh 3,125.62476348876953
2018-02-28 06:00:00,52.403834,-0.94419,153.477,4.545870304107666,51.934967041015625,52.80387496948242,Kelmarsh 3,100.14856719970703
2018-02-28 07:00:00,52.403834,-0.94419,153.477,4.9515910148620605,76.95118713378906,80.24284362792969,Kelmarsh 3,146.90309143066406
2018-02-28 08:00:00,52.403834,-0.94419,153.477,4.623944282531738,68.6548080444336,80.24284362792969,Kelmarsh 3,162.90805053710938
2018-02-28 09:00:00,52.403834,-0.94419,153.477,4.686425685882568,74.08397674560547,80.24284362792969,Kelmarsh 3,144.59088134765625
2018-02-28 10:00:00,52.403834,-0.94419,153.477,4.361006259918213,94.33348083496094,80.24284362792969,Kelmarsh 3,95.20113372802734
2018-02-28 11:00:00,52.403834,-0.94419,153.477,5.75887393951416,79.765625,98.90131378173828,Kelmarsh 3,44.50477981567383
2018-02-28 12:00:00,52.403834,-0.94419,153.477,6.942753314971924,88.21269226074219,86.37664794921875,Kelmarsh 3,-3.918581008911133
2018-02-28 13:00:00,52.403834,-0.94419,153.477,8.168731689453125,80.23833465576172,80.24284362792969,Kelmarsh 3,10.360723495483398
2018-02-28 14:00:00,52.403834,-0.94419,153.477,10.345110893249512,80.12217712402344,79.1452865600586,Kelmarsh 3,113.8832778930664
2018-02-28 15:00:00,52.403834,-0.94419,153.477,10.44375228881836,77.83161163330078,79.1452865600586,Kelmarsh 3,123.22765350341797
2018-02-28 16:00:00,52.403834,-0.94419,153.477,12.131695747375488,73.63964080810547,75.4755859375,Kelmarsh 3,170.49978637695312
2018-02-28 17:00:00,52.403834,-0.94419,153.477,10.425263404846191,68.9250717163086,65.45995330810547,Kelmarsh 3,194.69552612304688
2018-02-28 18:00:00,52.403834,-0.94419,153.477,9.458732604980469,68.82506561279297,69.26727294921875,Kelmarsh 3,141.2465362548828
2018-02-28 19:00:00,52.403834,-0.94419,153.477,9.917146682739258,59.94086456298828,69.26727294921875,Kelmarsh 3,174.28196716308594
2018-02-28 20:00:00,52.403834,-0.94419,153.477,10.038514137268066,69.74923706054688,62.17189025878906,Kelmarsh 3,165.06680297851562
2018-02-28 21:00:00,52.403834,-0.94419,153.477,9.061327934265137,70.5077896118164,63.779483795166016,Kelmarsh 3,148.18785095214844
2018-02-28 22:00:00,52.403834,-0.94419,153.477,9.394376754760742,63.579471588134766,68.16971588134766,Kelmarsh 3,134.01087951660156
2018-02-28 23:00:00,52.403834,-0.94419,153.477,9.858068466186523,65.8150634765625,57.19411849975586,Kelmarsh 3,161.4002685546875
