latitude5,longitude5,elevation5,wind_speed5,wind_direction5,nacelle_position5,production5
0.6980011874125598,0.6691975584338258,-0.6349707493732,0.4944522312748867,0.6985100733272808,0.714722956826503,0.9972762149099
0.6980011874125598,0.6691975584338258,-0.6349707493732,0.3349078604028563,0.6850778143948846,0.6717780255960837,0.9405591065738972
0.6980011874125598,0.6691975584338258,-0.6349707493732,0.4447450262253413,0.6044189532137139,0.6160858675588333,0.9501579169843756
0.6980011874125598,0.6691975584338258,-0.6349707493732,0.4562417263052214,0.6032691914922497,0.6042931336625683,0.9556523091971182
0.6980011874125598,0.6691975584338258,-0.6349707493732,0.4358490191985969,0.6082025894433947,0.6288330943656649,0.8232280278408847
0.6980011874125598,0.6691975584338258,-0.6349707493732,0.3923529179466353,0.6176462448369728,0.5978309241094919,0.6393701843453359
0.6980011874125598,0.6691975584338258,-0.6349707493732,0.4217567489571343,0.6207600324439814,0.6073606287504555,0.5156596183653421
0.6980011874125598,0.6691975584338258,-0.6349707493732,0.4223221722355725,0.5773715486282966,0.5736181827836976,0.7611241533443578
0.6980011874125598,0.6691975584338258,-0.6349707493732,0.3339377286917268,0.5536742788723165,0.5736181827836976,0.9821522284158478
0.6980011874125598,0.6691975584338258,-0.6349707493732,0.301226965338865,0.5802443605818245,0.5674831926079237,0.98332847777039
0.6980011874125598,0.6691975584338258,-0.6349707493732,0.3013307991531944,0.5725992540479552,0.5674831926079237,0.995840065088647
0.6980011874125598,0.6691975584338258,-0.6349707493732,0.2869935403830396,0.6207703933355142,0.615663932394096,0.9838253082963792
0.6980011874125598,0.6691975584338258,-0.6349707493732,0.2237862671217699,0.6744962443648328,0.635733956142765,0.9884736140440278
0.6980011874125598,0.6691975584338258,-0.6349707493732,0.217336229121875,0.7008495966055536,0.6840480059476323,0.9827471678431502
0.6980011874125598,0.6691975584338258,-0.6349707493732,0.1971324127645395,0.7155530180335642,0.6840480059476323,0.9887748142458428
0.6980011874125598,0.6691975584338258,-0.6349707493732,0.1950326834659617,0.6985896059085971,0.7177904519143901,0.9290293719907544
0.6980011874125598,0.6691975584338258,-0.6349707493732,0.2477165425355114,0.6838562058354134,0.7024529764749546,0.9482521956372584
0.6980011874125598,0.6691975584338258,-0.6349707493732,0.3853418386457877,0.7000986018200966,0.7024529764749546,0.9889812541735152
0.6980011874125598,0.6691975584338258,-0.6349707493732,0.3612124266996512,0.7413999604692777,0.733740402877977,0.9919621198337616
0.6980011874125598,0.6691975584338258,-0.6349707493732,0.5894580756579743,0.7795757693518001,0.7552169624668893,0.986907572737264
0.6980011874125598,0.6691975584338258,-0.6349707493732,0.4378071492343716,0.7938055196935406,0.8210623032235813,0.986649552201596
0.6980011874125598,0.6691975584338258,-0.6349707493732,0.483594114445376,0.793045352971317,0.8050731183453431,0.9928996179458276
0.6980011874125598,0.6691975584338258,-0.6349707493732,0.3645037786776214,0.7687431175527554,0.7787814486441923,0.9922422295591866
0.6980011874125598,0.6691975584338258,-0.6349707493732,0.3768935554056015,0.7513803864770683,0.766870373320583,0.9750032618937796
0.6980011874125598,0.6691975584338258,-0.6349707493732,0.2664428703972049,0.7095175864022787,0.726992937178051,0.9605224468078548
0.6980011874125598,0.6691975584338258,-0.6349707493732,0.2827242876807169,0.7360505982006872,0.726992937178051,0.9127361271357268
0.6980011874125598,0.6691975584338258,-0.6349707493732,0.3461556556939727,0.7210897256031513,0.726992937178051,0.7411182209227044
0.6980011874125598,0.6691975584338258,-0.6349707493732,0.3493726622375034,0.7130272534837199,0.726992937178051,0.7254750209736807
0.6980011874125598,0.6691975584338258,-0.6349707493732,0.3644210503297316,0.6984417508909015,0.703777078448871,0.676715014516907
0.6980011874125598,0.6691975584338258,-0.6349707493732,0.1400232644900325,0.6494766021329559,0.6932504912112935,0.8383863818243189
0.6980011874125598,0.6691975584338258,-0.6349707493732,0.247193245514059,0.6293799544980212,0.643975295788592,0.9340315160094252
0.6980011874125598,0.6691975584338258,-0.6349707493732,0.2413431573881521,0.6379934222261877,0.6472380648929872,0.8495371340587378
0.6980011874125598,0.6691975584338258,-0.6349707493732,0.2548843357461411,0.5633368717935333,0.5766856778715849,0.7933867661843903
0.6980011874125598,0.6691975584338258,-0.6349707493732,0.3455794362391209,0.5790534525329201,0.5766856778715849,0.7528528679895472
0.6980011874125598,0.6691975584338258,-0.6349707493732,0.2114844898160461,0.5301404903966709,0.5337407466411659,0.7332328501623392
0.6980011874125598,0.6691975584338258,-0.6349707493732,0.1857115611162073,0.5079324289478687,0.5337407466411659,0.9345057873628972
0.6980011874125598,0.6691975584338258,-0.6349707493732,0.3039398116128605,0.4532956262543861,0.4478508841803282,0.6237534796744512
0.6980011874125598,0.6691975584338258,-0.6349707493732,0.2655733971544009,0.5199207872422078,0.4912505876562251,0.7763321492568994
0.6980011874125598,0.6691975584338258,-0.6349707493732,0.4246841216071573,0.5881274703822597,0.5644156975200366,0.8074120504794292
0.6980011874125598,0.6691975584338258,-0.6349707493732,0.4222300025255642,0.673705929146755,0.6748455206839709,0.9067887890372828
0.6980011874125598,0.6691975584338258,-0.6349707493732,0.261159835560685,0.7065390423999112,0.6748455206839709,0.8708279406005184
0.6980011874125598,0.6691975584338258,-0.6349707493732,0.3984302761705321,0.6254865522658295,0.6656430354203098,0.9433807655739296
0.6980011874125598,0.6691975584338258,-0.6349707493732,0.4171285763114976,0.5994903535443032,0.6045374074268313,0.9757155207677416
0.6980011874125598,0.6691975584338258,-0.6349707493732,0.4307218515129247,0.5711411708780457,0.5674831926079237,0.8357853209826276
0.6980011874125598,0.6691975584338258,-0.6349707493732,0.5016453637466279,0.5332358916674755,0.5490782220806014,0.8829030901775462
0.6980011874125598,0.6691975584338258,-0.6349707493732,0.5432086953929,0.5321862993850529,0.5417183235020833,0.8380523415770946
0.6980011874125598,0.6691975584338258,-0.6349707493732,0.376180584382846,0.5751612817181646,0.5644156975200366,0.7633747245421975
0.6980011874125598,0.6691975584338258,-0.6349707493732,0.5205642445900016,0.691664623798937,0.677913015771858,0.5841534372252777
0.6980011874125598,0.6691975584338258,-0.6349707493732,0.5407729509801832,0.7184259573751021,0.7208579470022769,0.3972729289776954
0.6980011874125598,0.6691975584338258,-0.6349707493732,0.6171183030087259,0.7241482268135374,0.7354605541620729,0.2471150818481794
0.6980011874125598,0.6691975584338258,-0.6349707493732,0.7404516207828639,0.7194367387769464,0.7033731823557615,0.3572335407689604
0.6980011874125598,0.6691975584338258,-0.6349707493732,0.6879811026268334,0.7077125407540267,0.7024529764749546,0.4040593331737445
0.6980011874125598,0.6691975584338258,-0.6349707493732,0.497737655940316,0.6893754612475416,0.7024529764749546,0.4594807577861223
0.6980011874125598,0.6691975584338258,-0.6349707493732,0.5957722300178729,0.7353418113094262,0.7024529764749546,0.4843244871297862
0.6980011874125598,0.6691975584338258,-0.6349707493732,0.6081169168325969,0.7366619757264711,0.7024529764749546,0.5880640462820371
0.6980011874125598,0.6691975584338258,-0.6349707493732,0.6928006851295889,0.7603423878023755,0.7024529764749546,0.5838353176440748
0.6980011874125598,0.6691975584338258,-0.6349707493732,0.6783222928140448,0.7397512199100942,0.7024529764749546,0.5016363314970365
0.6980011874125598,0.6691975584338258,-0.6349707493732,0.611363305911151,0.7322520575737606,0.7024529764749546,0.4635138267259874
0.6980011874125598,0.6691975584338258,-0.6349707493732,0.5007532608713023,0.7584731810594257,0.7024529764749546,0.5010494405245126
0.6980011874125598,0.6691975584338258,-0.6349707493732,0.5091435411244829,0.7397933428789494,0.7024529764749546,0.4361866203525949
0.6980011874125598,0.6691975584338258,-0.6349707493732,0.5481057140002052,0.7390015839300841,0.7024529764749546,0.4705356922851871
0.6980011874125598,0.6691975584338258,-0.6349707493732,0.4714446902409221,0.7686716104161101,0.7024529764749546,0.5483102019743984
0.6980011874125598,0.6691975584338258,-0.6349707493732,0.3443465975685973,0.7388339413080678,0.7024529764749546,0.5495051918915265
0.6980011874125598,0.6691975584338258,-0.6349707493732,0.665209892011457,0.756839472285499,0.7024529764749546,0.4070088568586315
0.6980011874125598,0.6691975584338258,-0.6349707493732,0.6092426828358671,0.7202885399414982,0.7024529764749546,0.3592823131188902
0.6980011874125598,0.6691975584338258,-0.6349707493732,0.62210516273897,0.7174736046074766,0.7024529764749546,0.3983192574728042
0.6980011874125598,0.6691975584338258,-0.6349707493732,0.4743030943757392,0.6909622063082084,0.7024529764749546,0.377873215569603
0.6980011874125598,0.6691975584338258,-0.6349707493732,0.4873079991316063,0.6982207751550926,0.7024529764749546,0.3018807042657339
0.6980011874125598,0.6691975584338258,-0.6349707493732,0.493972881042129,0.7067011648747995,0.7024529764749546,0.1884476184897462
0.6980011874125598,0.6691975584338258,-0.6349707493732,0.4551651993339859,0.7015924385583286,0.7024529764749546,0.2446503600679981
0.6980011874125598,0.6691975584338258,-0.6349707493732,0.4016028702079543,0.6777654028821649,0.7024529764749546,0.2511538052681351
0.6980011874125598,0.6691975584338258,-0.6349707493732,0.3448809871320902,0.705567369117337,0.7024529764749546,0.2066012019815532
0.6980011874125598,0.6691975584338258,-0.6349707493732,0.3330002818754647,0.6807112506284656,0.7024529764749546,0.2308112330071118
0.6980011874125598,0.6691975584338258,-0.6349707493732,0.2805229684789858,0.6739875840383038,0.7024529764749546,0.361701343762547
0.6980011874125598,0.6691975584338258,-0.6349707493732,0.3563410225501112,0.6604703148401334,0.7024529764749546,0.2597235149890796
0.6980011874125598,0.6691975584338258,-0.6349707493732,0.2743306203917989,0.6261352969414039,0.7024529764749546,0.1124330033091591
0.6980011874125598,0.6691975584338258,-0.6349707493732,0.2535524262802939,0.5839091862602382,0.7024529764749546,0.379542476840203
0.6980011874125598,0.6691975584338258,-0.6349707493732,0.2741477416309442,0.6258216251965115,0.7024529764749546,0.2359363656394941
0.6980011874125598,0.6691975584338258,-0.6349707493732,0.2736079751482179,0.5614615079634016,0.7024529764749546,0.1699645623956711
0.6980011874125598,0.6691975584338258,-0.6349707493732,0.1200303651987666,0.479580486208047,0.7024529764749546,0.1457313847191441
0.6980011874125598,0.6691975584338258,-0.6349707493732,0.2605884426317593,0.4474540791753113,0.7024529764749546,0.1540610066841366
0.6980011874125598,0.6691975584338258,-0.6349707493732,0.3519710267035696,0.4690998074824306,0.7024529764749546,0.3167194405979152
0.6980011874125598,0.6691975584338258,-0.6349707493732,0.3437898535692365,0.5774681087403702,0.7024529764749546,0.2815774196261196
0.6980011874125598,0.6691975584338258,-0.6349707493732,0.3533118694761746,0.6074955859842825,0.7024529764749546,0.150007890042132
0.6980011874125598,0.6691975584338258,-0.6349707493732,0.5103777346093017,0.658171173561237,0.7024529764749546,0.3108270611085598
0.6980011874125598,0.6691975584338258,-0.6349707493732,0.6281046191409031,0.6608330734317969,0.7024529764749546,0.3016288228798784
0.6980011874125598,0.6691975584338258,-0.6349707493732,0.5161978898068779,0.6818364264638741,0.7024529764749546,0.4412760342951579
0.6980011874125598,0.6691975584338258,-0.6349707493732,0.7528132004383289,0.7411497704163594,0.7024529764749546,0.4538115319863696
0.6980011874125598,0.6691975584338258,-0.6349707493732,0.6352820018964648,0.7674493649165852,0.7024529764749546,0.3199680789361161
0.6980011874125598,0.6691975584338258,-0.6349707493732,0.4879016618205064,0.7502583528792557,0.7657508420951248,0.2180266885135705
0.6980011874125598,0.6691975584338258,-0.6349707493732,0.5823317101282096,0.7071811204362617,0.7300604322659381,0.4536764706904905
0.6980011874125598,0.6691975584338258,-0.6349707493732,0.504681248554093,0.6893737202780625,0.6993854813870676,0.4094040065032561
0.6980011874125598,0.6691975584338258,-0.6349707493732,0.5242107272650544,0.6915598259288416,0.6748455206839709,0.2538717302606865
0.6980011874125598,0.6691975584338258,-0.6349707493732,0.4402504298016045,0.6411597786189246,0.631900589453552,0.2447178760289764
0.6980011874125598,0.6691975584338258,-0.6349707493732,0.2027400738075307,0.6932416873707943,0.6680958800605156,0.2946010237883238
0.6980011874125598,0.6691975584338258,-0.6349707493732,0.2949132978653535,0.6418376951489383,0.631900589453552,0.3395213298373708
0.6980011874125598,0.6691975584338258,-0.6349707493732,0.1476471644006709,0.6989488400986323,0.6963179862991805,0.4634393638323263
0.6980011874125598,0.6691975584338258,-0.6349707493732,0.1867290478207425,0.6526088185388386,0.6963179862991805,0.4394915097524766
0.6980011874125598,0.6691975584338258,-0.6349707493732,0.2163035219254942,0.6641768388607002,0.6380355796293261,0.2734814672150024
0.6980011874125598,0.6691975584338258,-0.6349707493732,0.2316102773375777,0.6164634046954097,0.619630609102004,0.3734639548036562
0.6980011874125598,0.6691975584338258,-0.6349707493732,0.1696248137117113,0.6302312885732005,0.6687382927673685,0.7365454061560062
0.6980011874125598,0.6691975584338258,-0.6349707493732,0.152045674854328,0.5576666191261136,0.6012256385746815,0.8391230798018414
0.6980011874125598,0.6691975584338258,-0.6349707493732,0.2050676024284326,0.5582560009887244,0.5552132122563753,0.9333726589266568
0.6980011874125598,0.6691975584338258,-0.6349707493732,0.1938188121955683,0.5353835261390378,0.5552132122563753,0.9684311992105687
0.6980011874125598,0.6691975584338258,-0.6349707493732,0.2128211411319259,0.5538114332971171,0.5552132122563753,0.9498133608728788
0.6980011874125598,0.6691975584338258,-0.6349707493732,0.1357290112301721,0.5275954053318779,0.5552132122563753,0.8710700992180102
0.6980011874125598,0.6691975584338258,-0.6349707493732,0.2512674684648185,0.5411213793774429,0.5552132122563753,0.6888389248053657
0.6980011874125598,0.6691975584338258,-0.6349707493732,0.3958471110273384,0.5455884098215951,0.5552132122563753,0.6915904388783516
0.6980011874125598,0.6691975584338258,-0.6349707493732,0.3970238942564055,0.5726260479928621,0.555518767689501,0.7542473655886263
0.6980011874125598,0.6691975584338258,-0.6349707493732,0.4139017473643278,0.681862838244749,0.6659596360533208,0.9623295892708988
0.6980011874125598,0.6691975584338258,-0.6349707493732,0.4792557873829806,0.7515543984996172,0.7361954224417124,0.9566141876648994
0.6980011874125598,0.6691975584338258,-0.6349707493732,0.2599185928077375,0.7530092545065902,0.7515328978811477,0.9683685740076948
0.6980011874125598,0.6691975584338258,-0.6349707493732,0.2537734938690895,0.7673172210868704,0.7515328978811477,0.9812938636511286
0.6980011874125598,0.6691975584338258,-0.6349707493732,0.1792648466451299,0.7509740187230921,0.7515328978811477,0.9971161857798544
0.6980011874125598,0.6691975584338258,-0.6349707493732,0.2297657400128514,0.7755402020997221,0.7515328978811477,0.9777699329108008
0.6980011874125598,0.6691975584338258,-0.6349707493732,0.1462277212299812,0.7444559139194508,0.7515328978811477,0.9769616213101046
0.6980011874125598,0.6691975584338258,-0.6349707493732,0.1373689186739166,0.7647345565589354,0.8006128192873407,0.9631453618479224
0.6980011874125598,0.6691975584338258,-0.6349707493732,0.1614302406172415,0.7708879919507537,0.8006128192873407,0.9261155963696092
0.6980011874125598,0.6691975584338258,-0.6349707493732,0.1912237924272929,0.8053098460100769,0.7852753438479054,0.9424263480824756
0.6980011874125598,0.6691975584338258,-0.6349707493732,0.0758097770025417,0.847084111417464,0.7852753438479054,0.883091024534013
0.6980011874125598,0.6691975584338258,-0.6349707493732,0.1472644081933537,0.9052666319994018,0.9110426424512752,0.8580475231430952
0.6980011874125598,0.6691975584338258,-0.6349707493732,0.1341327859629553,0.9616784592332932,0.9110426424512752,0.9666566618015542
0.6980011874125598,0.6691975584338258,-0.6349707493732,0.0948788517119025,0.9136493575776096,0.9570550687695812,0.9939204205022414
0.6980011874125598,0.6691975584338258,-0.6349707493732,0.0909229103997905,0.0016161801504871,0.0061349645218048,0.9934500852543908
0.6980011874125598,0.6691975584338258,-0.6349707493732,0.0880447979507756,0.0959268107060009,0.0490797211719649,0.9534178936566804
0.6980011874125598,0.6691975584338258,-0.6349707493732,0.1437917439585575,0.0827072632122228,0.1104294097019092,0.9812090905106527
0.6980011874125598,0.6691975584338258,-0.6349707493732,0.1880082677118974,0.0546743690529099,0.024539856421377,0.9805574006649864
0.6980011874125598,0.6691975584338258,-0.6349707493732,0.1702733675485332,0.0569617110173198,0.0950919875694231,0.9085324838276212
0.6980011874125598,0.6691975584338258,-0.6349707493732,0.1487452625557599,0.0741183335996077,0.0530183157790056,0.8737297316612637
0.6980011874125598,0.6691975584338258,-0.6349707493732,0.2476844080339513,0.0524646806966592,0.0545992666265138,0.6344283743635803
0.6980011874125598,0.6691975584338258,-0.6349707493732,0.1843007548866484,0.056789668201102,0.0368097887966709,0.6829188457070468
0.6980011874125598,0.6691975584338258,-0.6349707493732,0.2941176620016282,0.0799506078930738,0.0858895342899315,0.720230013363377
0.6980011874125598,0.6691975584338258,-0.6349707493732,0.3503879261998359,0.0914095893856522,0.0979752325179078,0.5683009774520167
0.6980011874125598,0.6691975584338258,-0.6349707493732,0.3067639008418614,0.0850519934754309,0.1012269564224175,0.4921736692175714
0.6980011874125598,0.6691975584338258,-0.6349707493732,0.3447644307647715,0.0813104483676026,0.0736195912532477,0.7480001784888045
0.6980011874125598,0.6691975584338258,-0.6349707493732,0.3407642145448776,0.0677358227176366,0.0736195912532477,0.6842835581486614
0.6980011874125598,0.6691975584338258,-0.6349707493732,0.3874217749542741,0.1033182664793293,0.103387028635929,0.964962021461872
0.6980011874125598,0.6691975584338258,-0.6349707493732,0.3629163173653755,0.0948837258277893,0.0889570187164287,0.8342449524841715
0.6980011874125598,0.6691975584338258,-0.6349707493732,0.2761146144527164,0.0794506311826044,0.0889570187164287,0.4549284753912856
0.6980011874125598,0.6691975584338258,-0.6349707493732,0.3223595280644118,0.0444638856057177,0.0521472055984621,0.3663121683850233
0.6980011874125598,0.6691975584338258,-0.6349707493732,0.3612928687984182,0.0516479908525429,0.0521472055984621,0.3757861689985922
0.6980011874125598,0.6691975584338258,-0.6349707493732,0.3362822348292631,0.0670117864199337,0.0828220498634342,0.3617734861163266
0.6980011874125598,0.6691975584338258,-0.6349707493732,0.2943105113489353,0.0819761462642612,0.0736195912532477,0.4010433363021297
0.6980011874125598,0.6691975584338258,-0.6349707493732,0.3132172412016004,0.0726919753521841,0.0736195912532477,0.3501633844810905
0.6980011874125598,0.6691975584338258,-0.6349707493732,0.3317572397597816,0.0558605902845891,0.0736195912532477,0.3936671037413018
0.6980011874125598,0.6691975584338258,-0.6349707493732,0.3630465065515378,0.0819431262303337,0.0705521121574454,0.4057011298267614
0.6980011874125598,0.6691975584338258,-0.6349707493732,0.384971000570472,0.0772026521134856,0.0705521121574454,0.4470844337399465
0.6980011874125598,0.6691975584338258,-0.6349707493732,0.349960228262076,0.0755254297182541,0.0705521121574454,0.5283653673116464
0.6980011874125598,0.6691975584338258,-0.6349707493732,0.3355480101572544,0.0459483009389954,0.0668314576817358,0.5437743983501117
0.6980011874125598,0.6691975584338258,-0.6349707493732,0.3766412635811004,0.0529764407981138,0.0624455857862822,0.4540903786331249
0.6980011874125598,0.6691975584338258,-0.6349707493732,0.3729922406292443,0.092316952954183,0.0674846224002533,0.2862919635691155
0.6980011874125598,0.6691975584338258,-0.6349707493732,0.3308680582027797,0.1023762639875691,0.1042944408489147,0.2367177119792907
0.6980011874125598,0.6691975584338258,-0.6349707493732,0.3540006655313534,0.1034533614646245,0.1042944408489147,0.4038023113514429
0.6980011874125598,0.6691975584338258,-0.6349707493732,0.2885164363265383,0.1144983372304214,0.1042944408489147,0.5118866555096462
0.6980011874125598,0.6691975584338258,-0.6349707493732,0.3682208810478023,0.1461600540316379,0.1595091498644748,0.3899660188740826
0.6980011874125598,0.6691975584338258,-0.6349707493732,0.3802803794534239,0.1403293137021334,0.1395671267623551,0.6874605828636885
0.6980011874125598,0.6691975584338258,-0.6349707493732,0.4464131413260877,0.1451027972372414,0.150306707246373,0.8406917060137894
0.6980011874125598,0.6691975584338258,-0.6349707493732,0.3745456622323276,0.1378761921653627,0.1411042433054915,0.72567047505432
0.6980011874125598,0.6691975584338258,-0.6349707493732,0.3914095014798858,0.1407045032405027,0.1411042433054915,0.7574074121764202
0.6980011874125598,0.6691975584338258,-0.6349707493732,0.3728463864027957,0.1186629485372887,0.1257668318343952,0.7871231296879413
0.6980011874125598,0.6691975584338258,-0.6349707493732,0.3309809735066805,0.1281198841309772,0.1257668318343952,0.5956002198511428
0.6980011874125598,0.6691975584338258,-0.6349707493732,0.3060197690903203,0.1330176028234724,0.1257668318343952,0.6960268998965786
0.6980011874125598,0.6691975584338258,-0.6349707493732,0.3750796284163534,0.1486511690425852,0.1472392228198757,0.8237890110137206
0.6980011874125598,0.6691975584338258,-0.6349707493732,0.3680148645990654,0.1421078838755052,0.1472392228198757,0.8489175792843396
0.6980011874125598,0.6691975584338258,-0.6349707493732,0.4016032935874215,0.1404976463425409,0.1472392228198757,0.8890652691455119
0.6980011874125598,0.6691975584338258,-0.6349707493732,0.4126128955902942,0.1532168721166541,0.1472392228198757,0.9236590552268578
0.6980011874125598,0.6691975584338258,-0.6349707493732,0.3471179972229058,0.1494050300582817,0.1472392228198757,0.8220003741218825
0.6980011874125598,0.6691975584338258,-0.6349707493732,0.3876039128010612,0.1535979108878459,0.1472392228198757,0.724852117572112
0.6980011874125598,0.6691975584338258,-0.6349707493732,0.3318380205621223,0.1508898859417629,0.1472392228198757,0.6317410716852859
0.6980011874125598,0.6691975584338258,-0.6349707493732,0.3689378318375494,0.1337237251821775,0.1472392228198757,0.5714114996063934
0.6980011874125598,0.6691975584338258,-0.6349707493732,0.3734974170095008,0.1408800120721769,0.1472392228198757,0.3744869310303387
0.6980011874125598,0.6691975584338258,-0.6349707493732,0.3859895668926486,0.1549919497354006,0.1472392228198757,0.2192553262589781
0.6980011874125598,0.6691975584338258,-0.6349707493732,0.3443087051062833,0.161704331870952,0.1595091498644748,0.1234186447249315
0.6980011874125598,0.6691975584338258,-0.6349707493732,0.3480722522040155,0.1387572713410292,0.1595091498644748,0.0714741378898421
0.6980011874125598,0.6691975584338258,-0.6349707493732,0.3485691726846617,0.1385742572323942,0.150306707246373,0.0529048399591639
0.6980011874125598,0.6691975584338258,-0.6349707493732,0.2788253226604026,0.1571258581488154,0.150306707246373,0.0647848108360763
0.6980011874125598,0.6691975584338258,-0.6349707493732,0.3084021676901706,0.1730158245863656,0.1748330533546299,0.1406802449976621
0.6980011874125598,0.6691975584338258,-0.6349707493732,0.2637340673971211,0.2020717134730438,0.1717790875704636,0.1567886838189742
0.6980011874125598,0.6691975584338258,-0.6349707493732,0.2471149626505747,0.2115802093640433,0.2331285735340008,0.1717842915845271
0.6980011874125598,0.6691975584338258,-0.6349707493732,0.2087765759128434,0.1790590481176358,0.2147237309433566,0.2680662083496062
0.6980011874125598,0.6691975584338258,-0.6349707493732,0.1844762880137472,0.1641445341403092,0.2147237309433566,0.3730058684815085
0.6980011874125598,0.6691975584338258,-0.6349707493732,0.1554337478715788,0.1726905393011687,0.2147237309433566,0.5613800113167718
0.6980011874125598,0.6691975584338258,-0.6349707493732,0.1452050481269729,0.164067379468525,0.1380367588789942,0.4000629816370653
0.6980011874125598,0.6691975584338258,-0.6349707493732,0.1767233843794547,0.1846428255571586,0.2055213096480345,0.5158735192693421
0.6980011874125598,0.6691975584338258,-0.6349707493732,0.2137556242919176,0.183967817720055,0.2055213096480345,0.3007214036645027
0.6980011874125598,0.6691975584338258,-0.6349707493732,0.2307480438836627,0.1982093302214457,0.2055213096480345,0.2313977274316813
0.6980011874125598,0.6691975584338258,-0.6349707493732,0.2182748614006452,0.1973844928524815,0.2055213096480345,0.4528933325414185
0.6980011874125598,0.6691975584338258,-0.6349707493732,0.2117821890884039,0.2237152124899767,0.2055213096480345,0.4402915966548592
0.6980011874125598,0.6691975584338258,-0.6349707493732,0.1751205755615231,0.2249184771759142,0.2055213096480345,0.357283623306906
0.6980011874125598,0.6691975584338258,-0.6349707493732,0.2530186294480551,0.2481266194336659,0.2638033111850744,0.2022997875722441
0.6980011874125598,0.6691975584338258,-0.6349707493732,0.2147453373034049,0.2855921127687992,0.2638033111850744,0.1675457667433948
0.6980011874125598,0.6691975584338258,-0.6349707493732,0.2320566674788143,0.2776975380474055,0.2638033111850744,0.3038406204999537
0.6980011874125598,0.6691975584338258,-0.6349707493732,0.1633569135586035,0.3072207923138265,0.2638033111850744,0.469217948745728
0.6980011874125598,0.6691975584338258,-0.6349707493732,0.1304524646839869,0.3237406818483775,0.285275627540826,0.5639959941111179
0.6980011874125598,0.6691975584338258,-0.6349707493732,0.1466199823063369,0.2999429454146636,0.285275627540826,0.6446319350914924
0.6980011874125598,0.6691975584338258,-0.6349707493732,0.1675638236343818,0.3059847676778165,0.285275627540826,0.6578491427772154
0.6980011874125598,0.6691975584338258,-0.6349707493732,0.1520514539840552,0.2713990501741262,0.285275627540826,0.7330533167477213
0.6980011874125598,0.6691975584338258,-0.6349707493732,0.189151244090509,0.2813821937928106,0.285275627540826,0.6089805115548564
0.6980011874125598,0.6691975584338258,-0.6349707493732,0.1734567577623688,0.314822501998734,0.285275627540826,0.5436937375587928
0.6980011874125598,0.6691975584338258,-0.6349707493732,0.20215926068546,0.3738521316201648,0.365030052047516,0.4850298431319492
0.6980011874125598,0.6691975584338258,-0.6349707493732,0.1141539322855136,0.3287973276998273,0.365030052047516,0.3186056576604603
0.6980011874125598,0.6691975584338258,-0.6349707493732,0.0987840509948713,0.3790151252291728,0.3668694829612631,0.1835055588296489
0.6980011874125598,0.6691975584338258,-0.6349707493732,0.1603984860246618,0.377087999404047,0.3742325373111771,0.1610500175109656
0.6980011874125598,0.6691975584338258,-0.6349707493732,0.1090936691401447,0.4027261104276336,0.3952671609679918,0.1845487883759288
0.6980011874125598,0.6691975584338258,-0.6349707493732,0.1389082946631758,0.4434982568179008,0.4348198085301074,0.2591778650038142
0.6980011874125598,0.6691975584338258,-0.6349707493732,0.1483414643889232,0.6087681922106845,0.5542643059140901,0.336814199761356
0.6980011874125598,0.6691975584338258,-0.6349707493732,0.0647251627425687,0.3977058338532247,0.3957050029263866,0.1941530329620789
0.6980011874125598,0.6691975584338258,-0.6349707493732,0.1242307128928033,0.3889841712413452,0.3957050029263866,0.1914317740293181
0.6980011874125598,0.6691975584338258,-0.6349707493732,0.1656618548849305,0.3994871853314957,0.3957050029263866,0.253020532733069
0.6980011874125598,0.6691975584338258,-0.6349707493732,0.1844350720226159,0.3788039159075137,0.3957050029263866,0.1385323356591304
0.6980011874125598,0.6691975584338258,-0.6349707493732,0.1569950655017253,0.3745835086519814,0.3957050029263866,0.1947523197299183
0.6980011874125598,0.6691975584338258,-0.6349707493732,0.1793043902873659,0.3682339381864311,0.3957050029263866,0.4167874063011858
0.6980011874125598,0.6691975584338258,-0.6349707493732,0.1836332548186695,0.3873173415846493,0.3957050029263866,0.4815582860955259
0.6980011874125598,0.6691975584338258,-0.6349707493732,0.1868446727532333,0.4482943304935642,0.3957050029263866,0.4550532558142727
0.6980011874125598,0.6691975584338258,-0.6349707493732,0.2369566074044432,0.3936573579494008,0.3957050029263866,0.4439757033948453
0.6980011874125598,0.6691975584338258,-0.6349707493732,0.2799534807576625,0.3952359926400561,0.3957050029263866,0.4512322959691321
0.6980011874125598,0.6691975584338258,-0.6349707493732,0.2873957085389277,0.3956573072539486,0.3865025176627254,0.5509469815059089
0.6980011874125598,0.6691975584338258,-0.6349707493732,0.2710469104132116,0.3755212542610524,0.3865025176627254,0.6120732918600137
0.6980011874125598,0.6691975584338258,-0.6349707493732,0.1733900119893655,0.3973234575079211,0.3865025176627254,0.4953853551612059
0.6980011874125598,0.6691975584338258,-0.6349707493732,0.2246262731536571,0.3774442187444969,0.3865025176627254,0.5437563627616667
0.6980011874125598,0.6691975584338258,-0.6349707493732,0.2575438785452169,0.366873986247393,0.3865025176627254,0.4103250258447719
0.6980011874125598,0.6691975584338258,-0.6349707493732,0.1623005606189799,0.44503655197185,0.3865025176627254,0.3060775915716534
0.6980011874125598,0.6691975584338258,-0.6349707493732,0.1600599094647464,0.668795291186846,0.6159514061100343,0.2942888083655532
0.6980011874125598,0.6691975584338258,-0.6349707493732,0.1395342400364495,0.7735701889776772,0.7361969576818509,0.277040558540621
0.6980011874125598,0.6691975584338258,-0.6349707493732,0.1659485462911413,0.7508439131015474,0.7822093840001569,0.613373322924176
0.6980011874125598,0.6691975584338258,-0.6349707493732,0.1844130986282685,0.7230580402183877,0.7822093840001569,0.6975601011579329
0.6980011874125598,0.6691975584338258,-0.6349707493732,0.1582132340737107,0.7533230536394935,0.7822093840001569,0.6979460157523782
0.6980011874125598,0.6691975584338258,-0.6349707493732,0.2164640674194544,0.7718249732317608,0.7822093840001569,0.860045713598396
0.6980011874125598,0.6691975584338258,-0.6349707493732,0.170192438563379,0.7755593103013197,0.7822093840001569,0.8781153170456362
0.6980011874125598,0.6691975584338258,-0.6349707493732,0.1394161700875356,0.7840451352428143,0.7822093840001569,0.8757769178193758
0.6980011874125598,0.6691975584338258,-0.6349707493732,0.1054847825617787,0.7515459908909143,0.7822093840001569,0.8861378052764589
0.6980011874125598,0.6691975584338258,-0.6349707493732,0.1515064375959357,0.7279559393772314,0.7024545117150933,0.9307597897681008
0.6980011874125598,0.6691975584338258,-0.6349707493732,0.1461840496379401,0.7477197646030059,0.7668719085607216,0.6248467770717153
0.6980011874125598,0.6691975584338258,-0.6349707493732,0.1160197444284664,0.7726012757686668,0.7668719085607216,0.9460252410731478
0.6980011874125598,0.6691975584338258,-0.6349707493732,0.0172239869913271,0.8988940892292642,0.8282218103184629,0.8516678009047335
0.6980011874125598,0.6691975584338258,-0.6349707493732,0.0766430724698739,0.8726035817404645,0.8282218103184629,0.8331095328819723
0.6980011874125598,0.6691975584338258,-0.6349707493732,0.1213608880968588,0.872435004939703,0.8895717120762039,0.7067455029824604
0.6980011874125598,0.6691975584338258,-0.6349707493732,0.1757871441946741,0.8311241771150638,0.7883443741759311,0.7213985667502111
0.6980011874125598,0.6691975584338258,-0.6349707493732,0.1585130079054578,0.9305694577789552,0.9171791678671878,0.4936631914560956
0.6980011874125598,0.6691975584338258,-0.6349707493732,0.1334488058492159,0.0088207752943901,0.975461574537042,0.3618834033345041
0.6980011874125598,0.6691975584338258,-0.6349707493732,0.2406651363404134,0.9606146844190182,0.975461574537042,0.5989181806465588
0.6980011874125598,0.6691975584338258,-0.6349707493732,0.2226363473198963,0.9470651860541528,0.975461574537042,0.5695416731926305
0.6980011874125598,0.6691975584338258,-0.6349707493732,0.2373236138955808,0.9283874710071875,0.9575737240630452,0.4180948983416755
0.6980011874125598,0.6691975584338258,-0.6349707493732,0.2294330695965034,0.9101545099680745,0.9110441776914135,0.5330935113807824
0.6980011874125598,0.6691975584338258,-0.6349707493732,0.18239307051439,0.9242844730348048,0.9110441776914135,0.4801594411559096
0.6980011874125598,0.6691975584338258,-0.6349707493732,0.1893468030664062,0.9224478776225816,0.9110441776914135,0.7649346560730711
0.6980011874125598,0.6691975584338258,-0.6349707493732,0.2022626922892956,0.9533296188659184,0.9110441776914135,0.9069284914129246
0.6980011874125598,0.6691975584338258,-0.6349707493732,0.214529434944109,0.9391064077753912,0.9509216138339456,0.8321481831447971
0.6980011874125598,0.6691975584338258,-0.6349707493732,0.1684421878459969,0.9399547270009851,0.9509216138339456,0.818071553233143
0.6980011874125598,0.6691975584338258,-0.6349707493732,0.1786928186470034,0.9072587257099596,0.9509216138339456,0.9057812047460158
0.6980011874125598,0.6691975584338258,-0.6349707493732,0.1625624631573864,0.9045738110721422,0.8834367219004301,0.7895585803543027
0.6980011874125598,0.6691975584338258,-0.6349707493732,0.2138175647079682,0.8986415212668137,0.9539891089218326,0.8627602752768156
0.6980011874125598,0.6691975584338258,-0.6349707493732,0.1761350139338945,0.9417534457113748,0.9018416924277524,0.8277982577023987
0.6980011874125598,0.6691975584338258,-0.6349707493732,0.1882408300532273,0.9262769913720648,0.9539891089218326,0.774518074548134
0.6980011874125598,0.6691975584338258,-0.6349707493732,0.1666204283366056,0.9186244538709076,0.9539891089218326,0.7769902426176815
0.6980011874125598,0.6691975584338258,-0.6349707493732,0.03794703592723,0.8334659084521878,0.8834367219004301,0.5747631229170501
0.6980011874125598,0.6691975584338258,-0.6349707493732,0.1694465709560224,0.8800405787276006,0.877301731724656,0.619204810272088
0.6980011874125598,0.6691975584338258,-0.6349707493732,0.2208335552106353,0.8921739470407306,0.877301731724656,0.8899857891303443
0.6980011874125598,0.6691975584338258,-0.6349707493732,0.1947266224491267,0.9251901168651916,0.9244504063277064,0.953970887122583
0.6980011874125598,0.6691975584338258,-0.6349707493732,0.1545733349493727,0.9802165570205852,0.9815965647128162,0.9682555431537274
0.6980011874125598,0.6691975584338258,-0.6349707493732,0.1356603814185398,0.8761390236627272,0.8957067022519783,0.993541731892743
0.6980011874125598,0.6691975584338258,-0.6349707493732,0.1751032170033681,0.9235715248018626,0.9478541187460584,0.98179198662971
0.6980011874125598,0.6691975584338258,-0.6349707493732,0.1776627152343458,0.9141576357401064,0.9478541187460584,0.9955268215785872
0.6980011874125598,0.6691975584338258,-0.6349707493732,0.1800441823993682,0.9529314039446238,0.9478541187460584,0.9806323629153308
0.6980011874125598,0.6691975584338258,-0.6349707493732,0.0949498312795777,0.0451145888719559,0.0552162252650978,0.990738343472536
0.6980011874125598,0.6691975584338258,-0.6349707493732,0.1049790557882149,0.0995032609520257,0.0552162252650978,0.9319563658770466
0.6980011874125598,0.6691975584338258,-0.6349707493732,0.0745567960538662,0.071373912837315,0.1042959760890533,0.9795144501709708
0.6980011874125598,0.6691975584338258,-0.6349707493732,0.0531213952876785,0.0153898372927295,0.1042959760890533,0.9721589849733848
0.6980011874125598,0.6691975584338258,-0.6349707493732,0.0434957784251179,0.0149102970692604,0.1042959760890533,0.9899664555358
0.6980011874125598,0.6691975584338258,-0.6349707493732,0.0,0.1138497624055278,0.1042959760890533,0.9907337023927733
0.6980011874125598,0.6691975584338258,-0.6349707493732,0.0451833001821918,0.2414702561757982,0.2331301087741393,0.9844271799694032
0.6980011874125598,0.6691975584338258,-0.6349707493732,0.0063793997819151,0.2691196328055454,0.2852771627809645,0.957921620957544
0.6980011874125598,0.6691975584338258,-0.6349707493732,0.0518276905265023,0.3153149203539048,0.3312892479347953,0.9399392580602736
0.6980011874125598,0.6691975584338258,-0.6349707493732,0.0852273981173564,0.3451333963350091,0.3006145316065013,0.9543125058418248
0.6980011874125598,0.6691975584338258,-0.6349707493732,0.1108611196483816,0.4320812762140008,0.4406010537906302,0.9575860532663472
0.6980011874125598,0.6691975584338258,-0.6349707493732,0.0946935173501381,0.4349360839953562,0.439670015937735,0.7033219723094043
0.6980011874125598,0.6691975584338258,-0.6349707493732,0.0699476754842532,0.454450610884287,0.4335873518633489,0.8243698509581995
0.6980011874125598,0.6691975584338258,-0.6349707493732,0.0969171698187638,0.4252509433962542,0.3834365578149769,0.7539086842616393
0.6980011874125598,0.6691975584338258,-0.6349707493732,0.1188375888103262,0.4185013745772603,0.3926390430786381,0.837496939449543
0.6980011874125598,0.6691975584338258,-0.6349707493732,0.1461817845577906,0.4243674226170503,0.3926390430786381,0.9900660918810854
0.6980011874125598,0.6691975584338258,-0.6349707493732,0.1539944058659309,0.3705950325011741,0.3926390430786381,0.981000065677796
0.6980011874125598,0.6691975584338258,-0.6349707493732,0.1942498336621456,0.3995077372638807,0.3926390430786381,0.9818543768412036
0.6980011874125598,0.6691975584338258,-0.6349707493732,0.2003100026796744,0.3553668573946225,0.3926390430786381,0.9861413833415028
0.6980011874125598,0.6691975584338258,-0.6349707493732,0.1647525204652902,0.3539289652244012,0.3926390430786381,0.9299879018313648
0.6980011874125598,0.6691975584338258,-0.6349707493732,0.2228580076399459,0.3608662402770891,0.3926390430786381,0.97941452008646
0.6980011874125598,0.6691975584338258,-0.6349707493732,0.1968376136415319,0.4077327140222326,0.3926390430786381,0.9801068046930888
0.6980011874125598,0.6691975584338258,-0.6349707493732,0.1911780039379159,0.3905379228072534,0.3926390430786381,0.9748633245267576
0.6980011874125598,0.6691975584338258,-0.6349707493732,0.2446022690196954,0.4500397585528317,0.4576768475224672,0.9901975108105684
0.6980011874125598,0.6691975584338258,-0.6349707493732,0.2096528867340426,0.4649268310295306,0.435583974309057,0.98814956093047
0.6980011874125598,0.6691975584338258,-0.6349707493732,0.235595273065626,0.4576947164261913,0.4903890620651575,0.9952536440988838
0.6980011874125598,0.6691975584338258,-0.6349707493732,0.2946533217035227,0.4223047984112622,0.434350408857754,0.9710425409251522
0.6980011874125598,0.6691975584338258,-0.6349707493732,0.2625309076272477,0.3863535663587353,0.3773015676392027,0.9535701680711732
0.6980011874125598,0.6691975584338258,-0.6349707493732,0.3271111158247358,0.3656253714296638,0.3773015676392027,0.9876765820295902
0.6980011874125598,0.6691975584338258,-0.6349707493732,0.3275322090428074,0.363638543090213,0.3773015676392027,0.9792294056265576
0.6980011874125598,0.6691975584338258,-0.6349707493732,0.2399751971606732,0.3491193034942683,0.3773015676392027,0.542982242406817
0.6980011874125598,0.6691975584338258,-0.6349707493732,0.3214414720277472,0.3718111209135171,0.3773015676392027,0.7502674340746519
0.6980011874125598,0.6691975584338258,-0.6349707493732,0.2981498645402686,0.3636159104869874,0.3773015676392027,0.9926971728716216
0.6980011874125598,0.6691975584338258,-0.6349707493732,0.3033843800898481,0.3729640673352476,0.3773015676392027,0.9689457715857778
0.6980011874125598,0.6691975584338258,-0.6349707493732,0.3398232960169846,0.3594472227637793,0.3773015676392027,0.9842454141366714
0.6980011874125598,0.6691975584338258,-0.6349707493732,0.3494822328436134,0.3653667313053724,0.3773015676392027,0.2462898361811336
0.6980011874125598,0.6691975584338258,-0.6349707493732,0.3215494337918818,0.3649861383922179,0.3773015676392027,0.0047226083468963
0.6980011874125598,0.6691975584338258,-0.6349707493732,0.2916602828981378,0.3746583703395739,0.3680990823755415,0.0042891273893005
0.6980011874125598,0.6691975584338258,-0.6349707493732,0.2573351312989166,0.4001215776245369,0.3680990823755415,0.0046294068412611
0.6980011874125598,0.6691975584338258,-0.6349707493732,0.333727774813945,0.3753931019223377,0.3680990823755415,0.0047662565041592
0.6980011874125598,0.6691975584338258,-0.6349707493732,0.3243669394701678,0.3625976131925148,0.3680990823755415,0.004951118990882
0.6980011874125598,0.6691975584338258,-0.6349707493732,0.2789332844245372,0.3491307471838918,0.3680990823755415,0.0046776764574244
0.6980011874125598,0.6691975584338258,-0.6349707493732,0.3042867499172531,0.3576686738217426,0.3680990823755415,0.0048350664093741
0.6980011874125598,0.6691975584338258,-0.6349707493732,0.2408759158081562,0.363708224332039,0.3680990823755415,0.0047418242851117
0.6980011874125598,0.6691975584338258,-0.6349707493732,0.177892758467846,0.3436187316570356,0.3680990823755415,0.0046460958189442
0.6980011874125598,0.6691975584338258,-0.6349707493732,0.1780229688229816,0.3489733592967327,0.3680990823755415,0.004676135932877
0.6980011874125598,0.6691975584338258,-0.6349707493732,0.1760245753998768,0.3397165396521091,0.3680990823755415,0.0045613671983199
0.6980011874125598,0.6691975584338258,-0.6349707493732,0.1464963555019161,0.326004409260313,0.3680990823755415,0.0047457161003657
0.6980011874125598,0.6691975584338258,-0.6349707493732,0.1475429283758476,0.3467273388182776,0.3680990823755415,0.0051156978661498
0.6980011874125598,0.6691975584338258,-0.6349707493732,0.1455799929831203,0.3691459514173506,0.3680990823755415,0.0057414061044108
0.6980011874125598,0.6691975584338258,-0.6349707493732,0.1355526630975989,0.2926405975547854,0.3067495004594958,0.0057586085807145
0.6980011874125598,0.6691975584338258,-0.6349707493732,0.1715745820030089,0.2788914184832251,0.3067495004594958,0.0054597475643374
0.6980011874125598,0.6691975584338258,-0.6349707493732,0.1712119998273034,0.2883751374061529,0.3067495004594958,0.0055616786899509
0.6980011874125598,0.6691975584338258,-0.6349707493732,0.1237931290444845,0.3947447844709865,0.3773015676392027,0.0051732106295977
0.6980011874125598,0.6691975584338258,-0.6349707493732,0.1087270331060409,0.3831705645992732,0.3773015676392027,0.0056310021224719
0.6980011874125598,0.6691975584338258,-0.6349707493732,0.0469373189768319,0.351432775924363,0.3588965971118804,0.0051968319677441
0.6980011874125598,0.6691975584338258,-0.6349707493732,0.0686753884318736,0.4297465087547923,0.3588965971118804,0.0056392182151442
0.6980011874125598,0.6691975584338258,-0.6349707493732,0.1527082425515141,0.3607416123400024,0.4018415283422993,0.0057200955817709
0.6980011874125598,0.6691975584338258,-0.6349707493732,0.0568466741738196,0.3874336043757033,0.3773015676392027,0.0053388166742196
0.6980011874125598,0.6691975584338258,-0.6349707493732,0.0396804678952778,0.4720731285763614,0.4693264202758147,0.0054407477998331
0.6980011874125598,0.6691975584338258,-0.6349707493732,0.0995579357384695,0.4418770320690179,0.4693264202758147,0.0056951904540446
0.6980011874125598,0.6691975584338258,-0.6349707493732,0.1053918507687295,0.535801825903345,0.5478782186845487,0.0054363830185294
0.6980011874125598,0.6691975584338258,-0.6349707493732,0.1265422377698452,0.562474072797395,0.5582837778245396,0.005784027178376
0.6980011874125598,0.6691975584338258,-0.6349707493732,0.1300750430579564,0.5352166478450853,0.4886006352404567,0.0052155750546517
0.6980011874125598,0.6691975584338258,-0.6349707493732,0.1844309652417841,0.5741145768973169,0.5521487876487654,0.0054602610342725
0.6980011874125598,0.6691975584338258,-0.6349707493732,0.2005144102864359,0.548069079015669,0.5521487876487654,0.0052641014057826
0.6980011874125598,0.6691975584338258,-0.6349707493732,0.238335279132442,0.6121269469621745,0.5950937188791843,0.0048928358504186
0.6980011874125598,0.6691975584338258,-0.6349707493732,0.2596466561759585,0.5734157687335568,0.5748506394504563,0.0052661554576361
0.6980011874125598,0.6691975584338258,-0.6349707493732,0.2703110133923075,0.5704261419742626,0.5368113122093302,0.0052920875252328
0.6980011874125598,0.6691975584338258,-0.6349707493732,0.2778751744601247,0.5365861538849223,0.5368113122093302,0.0050504824799649
0.6980011874125598,0.6691975584338258,-0.6349707493732,0.3139143990012563,0.5432383133384386,0.5368113122093302,0.0049706322253214
0.6980011874125598,0.6691975584338258,-0.6349707493732,0.3828910219240388,0.5491994352968438,0.5368113122093302,0.0052530609989831
0.6980011874125598,0.6691975584338258,-0.6349707493732,0.4016411860497354,0.5418634994648244,0.5368113122093302,0.0050376448136504
0.6980011874125598,0.6691975584338258,-0.6349707493732,0.413468291465814,0.5563449685156112,0.5368113122093302,0.0048977142163994
0.6980011874125598,0.6691975584338258,-0.6349707493732,0.3924346301838038,0.5399060128304936,0.5368113122093302,0.0053845187685942
0.6980011874125598,0.6691975584338258,-0.6349707493732,0.4126170447090727,0.5413126312441001,0.5091948582053123,0.0049518892531557
0.6980011874125598,0.6691975584338258,-0.6349707493732,0.4923107355918701,0.5453444193185286,0.5276088269456689,0.0054967200387335
0.6980011874125598,0.6691975584338258,-0.6349707493732,0.4343912390171527,0.5630929662158066,0.5613512729124267,0.0052861822193817
0.6980011874125598,0.6691975584338258,-0.6349707493732,0.446034005013215,0.5657924880121791,0.5613512729124267,0.0053745054164069
0.6980011874125598,0.6691975584338258,-0.6349707493732,0.4640763210077091,0.5660160115082011,0.5797562434397489,0.005658474714616
0.6980011874125598,0.6691975584338258,-0.6349707493732,0.4372824973986242,0.5819938650574328,0.5797562434397489,0.0056697719137541
0.6980011874125598,0.6691975584338258,-0.6349707493732,0.4259381715889875,0.5962015772733309,0.5981612139670714,0.0053562759141764
0.6980011874125598,0.6691975584338258,-0.6349707493732,0.3945925106522008,0.5896269971183009,0.5981612139670714,0.0051477920893071
0.6980011874125598,0.6691975584338258,-0.6349707493732,0.4401060574032911,0.5908489029164637,0.5981612139670714,0.0049909157220345
0.6980011874125598,0.6691975584338258,-0.6349707493732,0.3901002851534802,0.6318359104180286,0.6257686697580551,0.0052376557535089
0.6980011874125598,0.6691975584338258,-0.6349707493732,0.3929766405777063,0.7178198452204255,0.7055235420431188,0.005651285619185
0.6980011874125598,0.6691975584338258,-0.6349707493732,0.2938313939748846,0.802584506910213,0.7945226922400589,0.0051488191439194
0.6980011874125598,0.6691975584338258,-0.6349707493732,0.5484170672603801,0.7835936721330676,0.7614246206758867,0.0050520230045123
0.6980011874125598,0.6691975584338258,-0.6349707493732,0.4986686250507299,0.7710476515907694,0.7576709585371988,0.0056767042168465
0.6980011874125598,0.6691975584338258,-0.6349707493732,0.3233211075103039,0.7276374693506044,0.7484684732735377,0.0052522907367094
0.6980011874125598,0.6691975584338258,-0.6349707493732,0.27423787911951,0.690630572853814,0.6932535616915705,0.0051534406028197
0.6980011874125598,0.6691975584338258,-0.6349707493732,0.2575905561314751,0.6813540929928799,0.6710126230959115,0.0049865509407308
0.6980011874125598,0.6691975584338258,-0.6349707493732,0.3469278575041888,0.6547628648736038,0.6595111157248128,0.0054071131094994
0.6980011874125598,0.6691975584338258,-0.6349707493732,0.4022475077847046,0.6687292192719883,0.6595111157248128,0.0049018223201065
0.6980011874125598,0.6691975584338258,-0.6349707493732,0.4310444243289802,0.6895526579703567,0.6595111157248128,0.0053434382478619
0.6980011874125598,0.6691975584338258,-0.6349707493732,0.4005380708479601,0.6782705388070657,0.6595111157248128,0.0058071349892164
0.6980011874125598,0.6691975584338258,-0.6349707493732,0.3618140489225346,0.6647258387239352,0.6595111157248128,0.0056700286487217
0.6980011874125598,0.6691975584338258,-0.6349707493732,0.3897316063134473,0.673611407242852,0.6809835813400222,0.0049459838325627
0.6980011874125598,0.6691975584338258,-0.6349707493732,0.2583792062339917,0.6872268501345642,0.6736032555385497,0.0051976022300178
0.6980011874125598,0.6691975584338258,-0.6349707493732,0.4030480760192228,0.6995015766768464,0.6993885518673446,0.0052166019945221
0.6980011874125598,0.6691975584338258,-0.6349707493732,0.3939670521653145,0.6976030706914468,0.6993885518673446,0.0050301989832518
0.6980011874125598,0.6691975584338258,-0.6349707493732,0.3766767004425045,0.7362376887256633,0.7423334830977636,0.0051295625870766
0.6980011874125598,0.6691975584338258,-0.6349707493732,0.2667814892950671,0.6850921243147478,0.7024560469552318,0.0052641014057826
0.6980011874125598,0.6691975584338258,-0.6349707493732,0.3725744497710167,0.68704400587661,0.6901860666036834,0.0054160994644454
0.6980011874125598,0.6691975584338258,-0.6349707493732,0.349759969774093,0.6864533501338923,0.6901860666036834,0.0052615338839939
0.6980011874125598,0.6691975584338258,-0.6349707493732,0.3795090244021423,0.6880764857029349,0.6901860666036834,0.0052882362138642
0.6980011874125598,0.6691975584338258,-0.6349707493732,0.3513199537589179,0.6748649052676561,0.6901860666036834,0.00571650100537
0.6980011874125598,0.6691975584338258,-0.6349707493732,0.3505321292463624,0.7069165355381399,0.6901860666036834,0.0057242036281071
0.6980011874125598,0.6691975584338258,-0.6349707493732,0.4431959230928233,0.6973189105023551,0.7147260273067798,0.0053213574342628
0.6980011874125598,0.6691975584338258,-0.6349707493732,0.4338970705030434,0.692381775836231,0.7147260273067798,0.0053051819838859
0.6980011874125598,0.6691975584338258,-0.6349707493732,0.4769192831173743,0.6586526153161568,0.6901860666036834,0.0051167249207621
0.6980011874125598,0.6691975584338258,-0.6349707493732,0.357277156890025,0.6986742340103393,0.6901860666036834,0.0046776764574244
0.6980011874125598,0.6691975584338258,-0.6349707493732,0.3080684176561811,0.6698157540774998,0.677916086252135,0.0049860373560537
0.6980011874125598,0.6691975584338258,-0.6349707493732,0.4158399785651442,0.6933894574631493,0.6656461059005866,0.0046468660812179
0.6980011874125598,0.6691975584338258,-0.6349707493732,0.3938578202627783,0.6768275723477536,0.6739168283368427,0.0057781218438394
0.6980011874125598,0.6691975584338258,-0.6349707493732,0.429563273600947,0.6693794076783507,0.6564436206369257,0.0051883591974752
0.6980011874125598,0.6691975584338258,-0.6349707493732,0.4536130478693041,0.7087495640860649,0.7085910371310058,0.005642299264239
0.6980011874125598,0.6691975584338258,-0.6349707493732,0.4189945366372638,0.6762587424175271,0.674848591164248,0.0057046903362967
0.6980011874125598,0.6691975584338258,-0.6349707493732,0.3297609632340128,0.6893786034851376,0.674848591164248,0.0051742376842099
0.6980011874125598,0.6691975584338258,-0.6349707493732,0.3761927353735544,0.6757924598358752,0.674848591164248,0.0057247170980422
0.6980011874125598,0.6691975584338258,-0.6349707493732,0.4055546941547479,0.6947731884975088,0.674848591164248,0.0052928577875065
0.6980011874125598,0.6691975584338258,-0.6349707493732,0.3304395558440322,0.6988057409000014,0.674848591164248,0.0052499799498882
0.6980011874125598,0.6691975584338258,-0.6349707493732,0.4080425989178229,0.6881268888924823,0.711658532218893,0.0056268940761358
0.6980011874125598,0.6691975584338258,-0.6349707493732,0.376088668700518,0.6911478106397265,0.6932535616915705,0.005665663810047
0.6980011874125598,0.6691975584338258,-0.6349707493732,0.4093685387331827,0.7146241046598983,0.6932535616915705,0.0049610106593003
0.6980011874125598,0.6691975584338258,-0.6349707493732,0.4916935330045939,0.7142361657047963,0.6932535616915705,0.0055434491877204
0.6980011874125598,0.6691975584338258,-0.6349707493732,0.4984649371890628,0.7247921307447073,0.7442373514517693,0.0058035404415009
0.6980011874125598,0.6691975584338258,-0.6349707493732,0.4322753154539548,0.7189671865696871,0.7300635027462153,0.0052884930062028
0.6980011874125598,0.6691975584338258,-0.6349707493732,0.3786140848843866,0.7033659769052799,0.711658532218893,0.0055983944293795
0.6980011874125598,0.6691975584338258,-0.6349707493732,0.353298533022958,0.7212571983744872,0.7392659880098765,0.0052214803605029
0.6980011874125598,0.6691975584338258,-0.6349707493732,0.4366585630778195,0.7281872760045733,0.7208610174825542,0.0056091780438405
0.6980011874125598,0.6691975584338258,-0.6349707493732,0.5333653344703612,0.7264136102696116,0.7208610174825542,0.0057234333658333
0.6980011874125598,0.6691975584338258,-0.6349707493732,0.467321524623755,0.7311264571116498,0.7361984929219895,0.0052748850776145
0.6980011874125598,0.6691975584338258,-0.6349707493732,0.5046627892093232,0.7144485639812215,0.6993885518673446,0.0057185550572235
0.6980011874125598,0.6691975584338258,-0.6349707493732,0.4756371630768691,0.7148342099521318,0.6993885518673446,0.0055755433535067
0.6980011874125598,0.6691975584338258,-0.6349707493732,0.4594311708454378,0.7141203275404445,0.7053677578146182,0.0052050480604164
0.6980011874125598,0.6691975584338258,-0.6349707493732,0.3557638293224849,0.7020782964309509,0.6901860666036834,0.0056713123809305
0.6980011874125598,0.6691975584338258,-0.6349707493732,0.344790172236377,0.6904649259772977,0.6901860666036834,0.0056813257904888
0.6980011874125598,0.6691975584338258,-0.6349707493732,0.4175802798650472,0.6851635040633822,0.6901860666036834,0.0048725523537055
0.6980011874125598,0.6691975584338258,-0.6349707493732,0.3725999795528886,0.6796662443144266,0.6595111157248128,0.0056317723847456
0.6980011874125598,0.6691975584338258,-0.6349707493732,0.3397441240566192,0.6688734225000451,0.6595111157248128,0.0056890284132259
0.6980011874125598,0.6691975584338258,-0.6349707493732,0.3685702537841312,0.6313923453649424,0.622701174670168,0.0052494664799531
0.6980011874125598,0.6691975584338258,-0.6349707493732,0.3696596938291161,0.540901762447081,0.5276088269456689,0.0056340831715668
0.6980011874125598,0.6691975584338258,-0.6349707493732,0.4225380534258949,0.5323468507411434,0.5276088269456689,0.0056849203095188
0.6980011874125598,0.6691975584338258,-0.6349707493732,0.4928076560725163,0.5729026922893256,0.5582837778245396,0.0053693703154585
0.6980011874125598,0.6691975584338258,-0.6349707493732,0.6527359051074518,0.6440982378606076,0.6319036599338292,0.0046923114406249
0.6980011874125598,0.6691975584338258,-0.6349707493732,0.7101325703781306,0.6889767792368746,0.6656461059005866,0.0056084077815668
0.6980011874125598,0.6691975584338258,-0.6349707493732,0.8939162625059813,0.7043528093611215,0.7055235420431188,0.0056666908646592
0.6980011874125598,0.6691975584338258,-0.6349707493732,0.8853374937140055,0.7081662119226245,0.7108805066331371,0.0052928577875065
0.6980011874125598,0.6691975584338258,-0.6349707493732,1.0,0.8000488910208784,0.7425077328534857,0.0056666908646592
0.6980011874125598,0.6691975584338258,-0.6349707493732,0.7310293954163435,0.8136207247502777,0.7914134045039565,0.0054094238389496
0.6980011874125598,0.6691975584338258,-0.6349707493732,0.5143472134798772,0.8004802268249421,0.7914134045039565,0.0053855457658355
0.6980011874125598,0.6691975584338258,-0.6349707493732,,,,0.005660271974131
0.6980011874125598,0.6691975584338258,-0.6349707493732,,,,0.005483882372419
0.6980011874125598,0.6691975584338258,-0.6349707493732,0.371464010104459,0.7147547198334856,0.7055235420431188,0.005349343553713
0.6980011874125598,0.6691975584338258,-0.6349707493732,0.2983482389896226,0.7138303075028626,0.7085910371310058,0.0057303657262967
0.6980011874125598,0.6691975584338258,-0.6349707493732,0.3114569775598191,0.7050359487995719,0.7085910371310058,0.0055593679031297
0.6980011874125598,0.6691975584338258,-0.6349707493732,0.2739576654191473,0.7254339964677065,0.7085910371310058,0.0053336815732712
0.6980011874125598,0.6691975584338258,-0.6349707493732,0.2306330963583194,0.6872323278190221,0.7147260273067798,0.005703920074023
0.6980011874125598,0.6691975584338258,-0.6349707493732,0.3764590833963665,0.7081155539570556,0.7300635027462153,0.0053963294376674
0.6980011874125598,0.6691975584338258,-0.6349707493732,0.2842691781875364,0.7507468434374315,0.7720882280958276,0.0053996672217299
0.6980011874125598,0.6691975584338258,-0.6349707493732,0.2747479667015859,0.7082114771290756,0.714952986973925,0.0057321629858117
0.6980011874125598,0.6691975584338258,-0.6349707493732,0.2270182824674127,0.803316138718051,0.8307773028201527,0.0055498680208776
0.6980011874125598,0.6691975584338258,-0.6349707493732,0.2132603549911935,0.7711969503392522,0.7079564712070828,0.00539478891312
0.6980011874125598,0.6691975584338258,-0.6349707493732,0.2391783123275198,0.7684080021594033,0.7454009781856507,0.0056679745968681
0.6980011874125598,0.6691975584338258,-0.6349707493732,0.2799007488450234,0.7508213229609919,0.7454009781856507,0.0052813039107718
0.6980011874125598,0.6691975584338258,-0.6349707493732,0.257514813544794,0.7248804530987586,0.7096715476696099,0.0054020861527776
0.6980011874125598,0.6691975584338258,-0.6349707493732,0.2331666837659048,0.7088713894869174,0.7177935223946671,0.0056828933367501
0.6980011874125598,0.6691975584338258,-0.6349707493732,0.2168975233179681,0.6956787898652256,0.7177935223946671,0.0055308682563734
0.6980011874125598,0.6691975584338258,-0.6349707493732,0.2331782208563859,0.6923427951049718,0.7177935223946671,0.0054386937479796
0.6980011874125598,0.6691975584338258,-0.6349707493732,0.2122574748782765,0.6851949689020129,0.7177935223946671,0.0056348534338405
0.6980011874125598,0.6691975584338258,-0.6349707493732,0.1403092149821757,0.6842950999947757,0.7024560469552318,0.0054250858193914
0.6980011874125598,0.6691975584338258,-0.6349707493732,0.134094046741707,0.6719741316046272,0.7024560469552318,0.0054012077462773
0.6980011874125598,0.6691975584338258,-0.6349707493732,0.2164973238766025,0.6957007430657279,0.711658532218893,0.005687744623646
0.6980011874125598,0.6691975584338258,-0.6349707493732,0.4039947525078697,0.6908694253737843,0.711658532218893,0.0055105847596603
0.6980011874125598,0.6691975584338258,-0.6349707493732,0.2187561168410053,0.7093377994565804,0.677916086252135,0.0054063428472257
0.6980011874125598,0.6691975584338258,-0.6349707493732,0.227108102421378,0.7014683201732845,0.677916086252135,0.0056484613624287
0.6980011874125598,0.6691975584338258,-0.6349707493732,0.2141701339592744,0.6792556302934286,0.677916086252135,0.0054191805135402
0.6980011874125598,0.6691975584338258,-0.6349707493732,0.2383212864410513,0.6867435824848251,0.677916086252135,0.0053406139337346
0.6980011874125598,0.6691975584338258,-0.6349707493732,0.2538839112341338,0.6867358967415157,0.677916086252135,0.0057034066040878
0.6980011874125598,0.6691975584338258,-0.6349707493732,0.289401489933735,0.6821431767935214,0.677916086252135,0.0054992875605223
0.6980011874125598,0.6691975584338258,-0.6349707493732,0.3173269010137641,0.6917790182325013,0.7026732407892733,0.0054135319426567
0.6980011874125598,0.6691975584338258,-0.6349707493732,0.2410646160366849,0.6691191964352611,0.674848591164248,0.0056284346006832
0.6980011874125598,0.6691975584338258,-0.6349707493732,0.2492534311704008,0.6931445327813378,0.674848591164248,0.0053362491524309
0.6980011874125598,0.6691975584338258,-0.6349707493732,0.3233730985088754,0.704449581786546,0.6993885518673446,0.0054186669862341
0.6980011874125598,0.6691975584338258,-0.6349707493732,0.2349104356084655,0.6937083096538083,0.6567884952758207,0.005642299264239
0.6980011874125598,0.6691975584338258,-0.6349707493732,0.2106480401716833,0.6834510270362033,0.6840510764279093,0.0055413951358668
0.6980011874125598,0.6691975584338258,-0.6349707493732,0.3816290124082254,0.6899906179509744,0.6840510764279093,0.0053686000531848
0.6980011874125598,0.6691975584338258,-0.6349707493732,0.3579710334988101,0.6936370997558545,0.6840510764279093,0.0057121362240662
0.6980011874125598,0.6691975584338258,-0.6349707493732,0.2908180752930211,0.6421359954072124,0.6654832851547847,0.0053881132876242
0.6980011874125598,0.6691975584338258,-0.6349707493732,0.2924307911904851,0.662306358237644,0.6564436206369257,0.0053891403422365
0.6980011874125598,0.6691975584338258,-0.6349707493732,0.2580471285488976,0.6368436180420534,0.6564436206369257,0.0057105956995188
0.6980011874125598,0.6691975584338258,-0.6349707493732,0.2523989289219224,0.5888392721231064,0.568700936556688,0.0054903012055763
0.6980011874125598,0.6691975584338258,-0.6349707493732,0.2713913507787477,0.6164028104650101,0.6165661844943937,0.005443828848928
0.6980011874125598,0.6691975584338258,-0.6349707493732,0.2770263833042932,0.5796362951443179,0.5613512729124267,0.0056754204846376
0.6980011874125598,0.6691975584338258,-0.6349707493732,0.308705434402522,0.5377649176101447,0.5368113122093302,0.0051803997823996
0.6980011874125598,0.6691975584338258,-0.6349707493732,0.2782732146662076,0.5560814027215745,0.5368113122093302,0.0053770729381956
0.6980011874125598,0.6691975584338258,-0.6349707493732,0.25999276889039,0.5438571642941803,0.5584424619510796,0.0056741366950578
0.6980011874125598,0.6691975584338258,-0.6349707493732,0.2808393811237936,0.5624059202116968,0.5521487876487654,0.0054202075107815
0.6980011874125598,0.6691975584338258,-0.6349707493732,0.1795450180075459,0.5916139953084325,0.5521487876487654,0.0054250858193914
0.6980011874125598,0.6691975584338258,-0.6349707493732,0.1166434564750507,0.5574053887789387,0.5521487876487654,0.0056618125560494
0.6980011874125598,0.6691975584338258,-0.6349707493732,0.0823037829601047,0.5285887770389331,0.5475995725994066,0.0053804107222581
0.6980011874125598,0.6691975584338258,-0.6349707493732,0.061053118532184,0.4102366952222556,0.4171790037817346,0.0053570461764501
0.6980011874125598,0.6691975584338258,-0.6349707493732,0.0773622883397706,0.3250889990157762,0.3379998465486169,0.0056248400242823
0.6980011874125598,0.6691975584338258,-0.6349707493732,0.0549449594520487,0.2729428654752036,0.2546024464526706,0.0054361262261909
0.6980011874125598,0.6691975584338258,-0.6349707493732,0.086580286035803,0.1435356380832121,0.1705529424464969,0.0054846526346927
0.6980011874125598,0.6691975584338258,-0.6349707493732,0.0818521852514217,0.1022048103409006,0.116565924456432,0.0056628395532907
0.6980011874125598,0.6691975584338258,-0.6349707493732,0.0801032046724411,0.1258238532426741,0.116565924456432,0.0054243155571176
0.6980011874125598,0.6691975584338258,-0.6349707493732,0.0974491249503203,0.1005634158236646,0.116565924456432,0.0053454922423445
0.6980011874125598,0.6691975584338258,-0.6349707493732,0.1282802104826787,0.0554877945792532,0.0521487514999905,0.0056284346006832
0.6980011874125598,0.6691975584338258,-0.6349707493732,0.1636049504194594,0.995406388335931,0.9785290696249292,0.0054422883243806
0.6980011874125598,0.6691975584338258,-0.6349707493732,0.1933869863080032,0.914310586278228,0.9079766826035266,0.0055272737373434
0.6980011874125598,0.6691975584338258,-0.6349707493732,0.0969521727162141,0.8481621536889317,0.9079766826035266,0.0057324197207793
0.6980011874125598,0.6691975584338258,-0.6349707493732,0.1114081153355102,0.8269922196015934,0.8282218103184629,0.0054022348008895
0.6980011874125598,0.6691975584338258,-0.6349707493732,0.1907845785680254,0.8722598888877285,0.880369226812543,0.0053927349186374
0.6980011874125598,0.6691975584338258,-0.6349707493732,0.1263230330507053,0.8516703345769153,0.880369226812543,0.0057247171554132
0.6980011874125598,0.6691975584338258,-0.6349707493732,0.2170000023180025,0.7806397140167558,0.7914118692638181,0.005401978008551
0.6980011874125598,0.6691975584338258,-0.6349707493732,0.1949626141641409,0.7820529566069161,0.7914118692638181,0.0052420206495545
0.6980011874125598,0.6691975584338258,-0.6349707493732,0.1978221614235194,0.777149282524923,0.7914118692638181,0.0057994323664793
0.6980011874125598,0.6691975584338258,-0.6349707493732,0.0870339794728487,0.7266496177906774,0.7544687034815971,0.0053452355073769
0.6980011874125598,0.6691975584338258,-0.6349707493732,0.1638653711297308,0.646528758641155,0.690184531363545,0.0053809242495642
0.6980011874125598,0.6691975584338258,-0.6349707493732,0.1162981693505802,0.609528146619557,0.6073621639905943,0.005707514650424
0.6980011874125598,0.6691975584338258,-0.6349707493732,0.087416037104045,0.67464053251823,0.6625770755725611,0.0053303437892088
0.6980011874125598,0.6691975584338258,-0.6349707493732,0.1017507238439366,0.6220260569564997,0.6019395678846539,0.0053873430827215
0.6980011874125598,0.6691975584338258,-0.6349707493732,0.1054853223705994,0.4684272837115346,0.4754598752114503,0.005660272031502
0.6980011874125598,0.6691975584338258,-0.6349707493732,0.1860032907380777,0.4499695677589631,0.4754598752114503,0.0054358694912233
0.6980011874125598,0.6691975584338258,-0.6349707493732,0.2314402481435524,0.4072968347124557,0.414109973453709,0.0055087874427744
0.6980011874125598,0.6691975584338258,-0.6349707493732,0.2767082771416165,0.3964113168889909,0.414109973453709,0.0056084077815668
0.6980011874125598,0.6691975584338258,-0.6349707493732,0.3148472521502993,0.3883535581259534,0.3742325373111771,0.0053282897947262
0.6980011874125598,0.6691975584338258,-0.6349707493732,0.3776194395021065,0.4073018453075412,0.3895700127506125,0.0053801539872905
0.6980011874125598,0.6691975584338258,-0.6349707493732,0.4271932376815388,0.4381135231450199,0.4291461153703998,0.0057218928412859
0.6980011874125598,0.6691975584338258,-0.6349707493732,0.3760025956548374,0.4357500509207448,0.4263799538052573,0.005514949540964
0.6980011874125598,0.6691975584338258,-0.6349707493732,0.3378158422732818,0.4493451541934229,0.4570549046841279,0.0053660325313961
0.6980011874125598,0.6691975584338258,-0.6349707493732,0.3021400254978166,0.4667298809322825,0.4570549046841279,0.0056569341900686
0.6980011874125598,0.6691975584338258,-0.6349707493732,0.1458989035667846,0.5392700918813246,0.5398772720570785,0.0053899106045102
0.6980011874125598,0.6691975584338258,-0.6349707493732,0.2932598105251986,0.5885334984348742,0.5891194171712423,0.005536516827257
0.6980011874125598,0.6691975584338258,-0.6349707493732,0.3354509292454267,0.636628629542745,0.6349696197815776,0.0056471775728489
0.6980011874125598,0.6691975584338258,-0.6349707493732,0.2286651227499326,0.694882444947977,0.7024545117150933,0.005316479125653
0.6980011874125598,0.6691975584338258,-0.6349707493732,0.3764047214727787,0.6960050730231726,0.7024545117150933,0.0049313489641041
0.6980011874125598,0.6691975584338258,-0.6349707493732,0.3416753694962269,0.7071453668679389,0.7024545117150933,0.0057087983826329
0.6980011874125598,0.6691975584338258,-0.6349707493732,0.322007572713333,0.7208355440592329,0.7024545117150933,0.0050096586942002
0.6980011874125598,0.6691975584338258,-0.6349707493732,0.2502846777076198,0.7012949450907888,0.7177919871545285,0.004934429898457
0.6980011874125598,0.6691975584338258,-0.6349707493732,0.2571982103792259,0.7061227808437744,0.7177919871545285,0.0058082971237127
0.6980011874125598,0.6691975584338258,-0.6349707493732,0.2375864478688151,0.6961999766794682,0.7177919871545285,0.0055195711146063
0.6980011874125598,0.6691975584338258,-0.6349707493732,0.2044855615059069,0.6986566120021995,0.7177919871545285,0.005007090656073
0.6980011874125598,0.6691975584338258,-0.6349707493732,0.2504931920952132,0.705521764209524,0.7177919871545285,0.0049914291919697
0.6980011874125598,0.6691975584338258,-0.6349707493732,0.2802843094733283,0.7132013504316093,0.7177919871545285,0.0054697609165246
0.6980011874125598,0.6691975584338258,-0.6349707493732,0.2195204226241582,0.7536044112923509,0.7177919871545285,0.005565786736287
0.6980011874125598,0.6691975584338258,-0.6349707493732,0.1725078797004924,0.7466422318835807,0.7822093840001569,0.0053036414593384
0.6980011874125598,0.6691975584338258,-0.6349707493732,0.240464263952203,0.7654080994339166,0.7822093840001569,0.0054815715855979
0.6980011874125598,0.6691975584338258,-0.6349707493732,0.305889812762865,0.7638740930096592,0.7515344331212863,0.0055252196854899
0.6980011874125598,0.6691975584338258,-0.6349707493732,0.1979015027356717,0.7345272074439844,0.7515344331212863,0.0054104508935618
0.6980011874125598,0.6691975584338258,-0.6349707493732,0.2911733541729174,0.7742633496062984,0.7822093840001569,0.0049521459307524
0.6980011874125598,0.6691975584338258,-0.6349707493732,0.3100499394075182,0.7811733848560424,0.7975468594395922,0.004887187336906
0.6980011874125598,0.6691975584338258,-0.6349707493732,0.4413167956656273,0.7696128379641388,0.7822093840001569,0.0045993667273283
0.6980011874125598,0.6691975584338258,-0.6349707493732,0.3498064991775377,0.7814330016217486,0.7985277925969894,0.0046663793156573
0.6980011874125598,0.6691975584338258,-0.6349707493732,0.2248058495546677,0.7645964679553899,0.785276879088044,0.0050040101806876
0.6980011874125598,0.6691975584338258,-0.6349707493732,0.2401753286348161,0.7314049273029325,0.7300619675060768,0.004559569881434
0.6980011874125598,0.6691975584338258,-0.6349707493732,0.3506685844486392,0.7136728559216982,0.6963195215393189,0.0046080962899358
0.6980011874125598,0.6691975584338258,-0.6349707493732,0.3761572561742036,0.7002282403522687,0.6963195215393189,0.0045998801972635
0.6980011874125598,0.6691975584338258,-0.6349707493732,0.2794771788570687,0.7017409305160772,0.7116569969787543,0.0046296636335997
0.6980011874125598,0.6691975584338258,-0.6349707493732,0.2095208346782246,0.734374087055182,0.7331294625939638,0.0046355689394508
0.6980011874125598,0.6691975584338258,-0.6349707493732,0.2595249557481134,0.6913128630388599,0.7024545117150933,0.0045405701169297
0.6980011874125598,0.6691975584338258,-0.6349707493732,0.1911954471719643,0.6125408730714492,0.6288346296058036,0.0045562321547425
0.6980011874125598,0.6691975584338258,-0.6349707493732,0.1486857354026724,0.53823769698034,0.5774402483996689,0.004592434366865
0.6980011874125598,0.6691975584338258,-0.6349707493732,0.2198650958484012,0.5360729075900099,0.555214747496514,0.004572664340087
0.6980011874125598,0.6691975584338258,-0.6349707493732,0.2894576723890317,0.5450040810167397,0.555214747496514,0.0046376229339334
0.6980011874125598,0.6691975584338258,-0.6349707493732,0.3817503106255767,0.5678512905776475,0.555214747496514,0.0051547244497705
0.6980011874125598,0.6691975584338258,-0.6349707493732,0.4034268736285217,0.5541087569139761,0.555214747496514,0.0044609765398829
0.6980011874125598,0.6691975584338258,-0.6349707493732,0.4552596129551703,0.5592671645546007,0.5490797573207398,0.0079081057174503
0.6980011874125598,0.6691975584338258,-0.6349707493732,0.3383670400016223,0.5354103200839448,0.5490797573207398,0.2431297602194172
0.6980011874125598,0.6691975584338258,-0.6349707493732,0.3403684817568909,0.5531389944515617,0.5236163496743218,0.6580398970302469
0.6980011874125598,0.6691975584338258,-0.6349707493732,0.4222978279162088,0.5420120338852431,0.5368097769691916,0.9832753109705766
0.6980011874125598,0.6691975584338258,-0.6349707493732,0.4476557177243569,0.5662878575229298,0.5460122622328528,0.9959223120717834
0.6980011874125598,0.6691975584338258,-0.6349707493732,0.4374957112983033,0.5514211246652648,0.5460122622328528,0.9803055486530536
0.6980011874125598,0.6691975584338258,-0.6349707493732,0.4624123973636879,0.5690259778865291,0.5644172327601752,0.98910474214391
0.6980011874125598,0.6691975584338258,-0.6349707493732,0.4333663643409151,0.5931028639142493,0.5644172327601752,1.0
0.6980011874125598,0.6691975584338258,-0.6349707493732,0.5782743376802444,0.6270607708387821,0.6207054051356479,0.9979527550940428
0.6980011874125598,0.6691975584338258,-0.6349707493732,0.5799720893436943,0.62534969507972,0.6227007482145738,0.9921148642310152
0.6980011874125598,0.6691975584338258,-0.6349707493732,0.5002151879064448,0.6166940194573579,0.6134971541663682,0.9972374413321358
0.6980011874125598,0.6691975584338258,-0.6349707493732,0.4205960118098738,0.6013077558295884,0.6134971541663682,0.993058472118971
0.6980011874125598,0.6691975584338258,-0.6349707493732,0.4545378779774438,0.6249545374706813,0.6134971541663682,0.9981191289913588
0.6980011874125598,0.6691975584338258,-0.6349707493732,0.5315362504961875,0.6445167074755955,0.6441721050452388,0.9936018896861228
0.6980011874125598,0.6691975584338258,-0.6349707493732,0.3963018629130519,0.6489329950288383,0.6441721050452388,0.9941656340076784
0.6980011874125598,0.6691975584338258,-0.6349707493732,0.4067426546017489,0.6058466331117479,0.6104296590784812,0.9806991592152068
0.6980011874125598,0.6691975584338258,-0.6349707493732,0.2981051133305862,0.5922193006723753,0.5858896983753845,0.990007344035988
0.6980011874125598,0.6691975584338258,-0.6349707493732,0.3775454751091877,0.5870084516340325,0.5736197180238363,0.9939050285668258
0.6980011874125598,0.6691975584338258,-0.6349707493732,0.4076588477687577,0.571961549666637,0.5736197180238363,0.9957158721441108
0.6980011874125598,0.6691975584338258,-0.6349707493732,0.4528534627672104,0.5598605803708827,0.5589229068233184,0.9912555007529292
0.6980011874125598,0.6691975584338258,-0.6349707493732,0.5120785346049155,0.5351734208468045,0.552147252408627,0.9572815044373618
0.6980011874125598,0.6691975584338258,-0.6349707493732,0.4822683016438563,0.5242133385744385,0.5444785146889093,0.9737314297952644
0.6980011874125598,0.6691975584338258,-0.6349707493732,0.5592133706876802,0.5471712058539316,0.5368097769691916,0.9288792124986852
0.6980011874125598,0.6691975584338258,-0.6349707493732,0.5854360553955198,0.5590341718831204,0.5644172327601752,0.948930087021838
0.6980011874125598,0.6691975584338258,-0.6349707493732,0.5662249580438885,0.5638148740721652,0.5644172327601752,0.9511149193810138
0.6980011874125598,0.6691975584338258,-0.6349707493732,0.656323199332991,0.5786442822427095,0.5644172327601752,0.9725387310440948
0.6980011874125598,0.6691975584338258,-0.6349707493732,0.7145073504126515,0.5721421858657398,0.5644172327601752,0.8735885018416493
0.6980011874125598,0.6691975584338258,-0.6349707493732,0.7002691836067935,0.5607274982460319,0.5644172327601752,0.722177093193443
0.6980011874125598,0.6691975584338258,-0.6349707493732,0.6604384054161749,0.5750870145079553,0.5644172327601752,0.6362886836264374
0.6980011874125598,0.6691975584338258,-0.6349707493732,0.4290487828724122,0.7443615618662287,0.7432951404623103,0.2442708489886683
0.6980011874125598,0.6691975584338258,-0.6349707493732,0.4910622742190069,0.6897880710140396,0.7055220068029804,0.1510947986112419
0.6980011874125598,0.6691975584338258,-0.6349707493732,0.4207967783532174,0.6648978125383138,0.6441721050452388,0.2522314904255647
0.6980011874125598,0.6691975584338258,-0.6349707493732,0.4259504072555893,0.6364802649730069,0.6411046099573519,0.1665903358516131
0.6980011874125598,0.6691975584338258,-0.6349707493732,0.4695084065856547,0.5982500614099366,0.6058364338118185,0.3228824126617897
0.6980011874125598,0.6691975584338258,-0.6349707493732,0.4005747778477658,0.5786035180793012,0.5859422377045697,0.2688747843156054
0.6980011874125598,0.6691975584338258,-0.6349707493732,0.3752645182296772,0.5833282544690003,0.5828222032874976,0.262384909867686
0.6980011874125598,0.6691975584338258,-0.6349707493732,0.3880469794134802,0.5881502728361662,0.5613497376722881,0.3903465580407016
0.6980011874125598,0.6691975584338258,-0.6349707493732,0.3861658621027884,0.6234238431347009,0.5993646716534354,0.1959367937827739
0.6980011874125598,0.6691975584338258,-0.6349707493732,0.3639599054140633,0.5878275990051877,0.5828222032874976,0.2830882379584917
0.6980011874125598,0.6691975584338258,-0.6349707493732,0.4301483840246097,0.57674968282297,0.552147252408627,0.0885254722814882
0.6980011874125598,0.6691975584338258,-0.6349707493732,0.3899874121875262,0.5876046699865487,0.5889571934632717,0.0689559922880253
0.6980011874125598,0.6691975584338258,-0.6349707493732,0.34351723953031,0.5841938135387025,0.5576653319220712,0.1496322563205786
0.6980011874125598,0.6691975584338258,-0.6349707493732,0.3790177348684098,0.5737723702380385,0.5705522229359492,0.1089258671090487
0.6980011874125598,0.6691975584338258,-0.6349707493732,0.3709787325591606,0.594740309403155,0.5920246885511585,0.128105973728686
0.6980011874125598,0.6691975584338258,-0.6349707493732,0.4087869423590976,0.5747516443385817,0.5644172327601752,0.1283229368641117
0.6980011874125598,0.6691975584338258,-0.6349707493732,0.3534415082690296,0.5957103266415912,0.5766872131117233,0.0796530275712756
0.6980011874125598,0.6691975584338258,-0.6349707493732,0.3799238939420463,0.5969034852120167,0.5766872131117233,0.0684761325457884
0.6980011874125598,0.6691975584338258,-0.6349707493732,0.4139243134899292,0.5826303380213146,0.6042946689027068,0.0681420629246415
0.6980011874125598,0.6691975584338258,-0.6349707493732,0.3720973011114885,0.5753859941689526,0.5920246885511585,0.1371051595712158
0.6980011874125598,0.6691975584338258,-0.6349707493732,0.4405212233088219,0.6290771531967039,0.6411046099573519,0.1261951119451226
0.6980011874125598,0.6691975584338258,-0.6349707493732,0.2689675880049526,0.5668114222467048,0.5766872131117233,0.1193498791256891
0.6980011874125598,0.6691975584338258,-0.6349707493732,0.2876846438563146,0.5980805928931009,0.5864791879430179,0.1960351376754671
0.6980011874125598,0.6691975584338258,-0.6349707493732,0.283001876428383,0.5641414120061334,0.5490797573207398,0.1688886984214395
0.6980011874125598,0.6691975584338258,-0.6349707493732,0.3074852971160142,0.5733390386884749,0.5736197180238363,0.1959717193766844
0.6980011874125598,0.6691975584338258,-0.6349707493732,0.329389236061816,0.5748308796812065,0.5736197180238363,0.173232205661761
0.6980011874125598,0.6691975584338258,-0.6349707493732,0.3388479144004618,0.5977633118212397,0.5819037032290669,0.0749258822155063
0.6980011874125598,0.6691975584338258,-0.6349707493732,0.3619218413348823,0.550484015996247,0.5797547081996106,0.0819906557320691
0.6980011874125598,0.6691975584338258,-0.6349707493732,0.2993030231950663,0.566974309049657,0.5797547081996106,0.1018071336967638
0.6980011874125598,0.6691975584338258,-0.6349707493732,0.3452790908450932,0.5648727041126098,0.5766872131117233,0.2163479100920647
0.6980011874125598,0.6691975584338258,-0.6349707493732,0.4099830740298156,0.55086426920804,0.5460122622328528,0.2997087083107121
0.6980011874125598,0.6691975584338258,-0.6349707493732,0.3171126498343903,0.5775177051391839,0.5799256316016994,0.2440325824159142
0.6980011874125598,0.6691975584338258,-0.6349707493732,0.281044254447969,0.540118920658961,0.5490797573207398,0.3955936511995063
0.6980011874125598,0.6691975584338258,-0.6349707493732,0.263735125845789,0.5767783875880365,0.5644172327601752,0.2879584049431509
0.6980011874125598,0.6691975584338258,-0.6349707493732,0.2638209025258427,0.5916947168445149,0.5889571934632717,0.3105202211136156
0.6980011874125598,0.6691975584338258,-0.6349707493732,0.219883385841384,0.6360127085112481,0.6110533503847559,0.0773739122641992
0.6980011874125598,0.6691975584338258,-0.6349707493732,0.229886297316135,0.6488500654339048,0.6288346296058036,0.0247886353391509
0.6980011874125598,0.6691975584338258,-0.6349707493732,0.2647941884140028,0.6311541297850254,0.6288346296058036,0.0713318799829385
0.6980011874125598,0.6691975584338258,-0.6349707493732,0.1110554190703638,0.5798826210942459,0.5613497376722881,0.1006159770765284
0.6980011874125598,0.6691975584338258,-0.6349707493732,0.1432519774758313,0.6203966793749349,0.6196321443421424,0.0922721748504256
0.6980011874125598,0.6691975584338258,-0.6349707493732,0.1180691127394214,0.638062933617333,0.6196321443421424,0.1100632988249424
0.6980011874125598,0.6691975584338258,-0.6349707493732,0.2363319533385444,0.719059160713377,0.690184531363545,0.1035351795298645
0.6980011874125598,0.6691975584338258,-0.6349707493732,0.2516712666316553,0.7684384054312786,0.7883443741759311,0.0562076511540253
0.6980011874125598,0.6691975584338258,-0.6349707493732,0.1408860695062282,0.8156636887397553,0.7883443741759311,0.0563000835448056
0.6980011874125598,0.6691975584338258,-0.6349707493732,0.2347909367538498,0.92071922231805,0.929449148218736,0.0667069668928598
0.6980011874125598,0.6691975584338258,-0.6349707493732,0.181977608243232,0.94230639460294,0.929449148218736,0.0550075208004513
0.6980011874125598,0.6691975584338258,-0.6349707493732,0.1751147964317959,0.9355695221223412,0.9417191285702842,0.1517428754644348
0.6980011874125598,0.6691975584338258,-0.6349707493732,0.2086142310561476,0.9112941231113566,0.9110441776914135,0.1514268120578103
0.6980011874125598,0.6691975584338258,-0.6349707493732,0.2390125592661131,0.9001700924692834,0.9110441776914135,0.1695796758885149
0.6980011874125598,0.6691975584338258,-0.6349707493732,0.2339108366864193,0.9034000579420054,0.9110441776914135,0.0280297704760107
0.6980011874125598,0.6691975584338258,-0.6349707493732,0.1970772040820173,0.9784761820190736,0.9877315548885904,0.0976381883346688
0.6980011874125598,0.6691975584338258,-0.6349707493732,0.1800861816425139,0.99766107119911,0.9877315548885904,0.1367254722483507
0.6980011874125598,0.6691975584338258,-0.6349707493732,0.1110191036965652,0.8965154153690513,0.9171791678671878,0.0822923552905673
0.6980011874125598,0.6691975584338258,-0.6349707493732,0.1336848081487168,0.9054651874453364,0.880369226812543,0.1399546063019792
0.6980011874125598,0.6691975584338258,-0.6349707493732,0.0783204807499252,0.925865358246982,0.880369226812543,0.1867811477417883
0.6980011874125598,0.6691975584338258,-0.6349707493732,0.0831865609026653,0.8382984150988972,0.875847006402287,0.1744852384498453
0.6980011874125598,0.6691975584338258,-0.6349707493732,0.0881850212303104,0.8582302226480502,0.7913161726285168,0.3282183325623818
0.6980011874125598,0.6691975584338258,-0.6349707493732,0.178645654174358,0.7848849619343651,0.8006143545274793,0.3069136321552357
0.6980011874125598,0.6691975584338258,-0.6349707493732,0.1233167636369705,0.7844538809063226,0.8006143545274793,0.3720935731949896
0.6980011874125598,0.6691975584338258,-0.6349707493732,0.1143473108571546,0.7778810841834418,0.8006143545274793,0.3967460195550161
0.6980011874125598,0.6691975584338258,-0.6349707493732,0.1115102344629976,0.6290136715047298,0.6226996394300294,0.2488269646803976
0.6980011874125598,0.6691975584338258,-0.6349707493732,0.1835427786265301,0.5524163647298095,0.5674847278480624,0.1888825728478867
0.6980011874125598,0.6691975584338258,-0.6349707493732,0.2921237140629289,0.553883619836486,0.5455442698639597,0.1457832737533265
0.6980011874125598,0.6691975584338258,-0.6349707493732,0.3102686995782177,0.5844588230635263,0.567099169345496,0.1247838785536714
0.6980011874125598,0.6691975584338258,-0.6349707493732,0.3333007542833326,0.5737116486196284,0.5828222032874976,0.1462320926029101
0.6980011874125598,0.6691975584338258,-0.6349707493732,0.2978276515967603,0.5744014546973027,0.5736197180238363,0.1255180136564515
0.6980011874125598,0.6691975584338258,-0.6349707493732,0.3056406962843678,0.5434086735713487,0.5490797573207398,0.0802246147301516
0.6980011874125598,0.6691975584338258,-0.6349707493732,0.330815347459114,0.5386159119839624,0.5490797573207398,0.0636534485069292
0.6980011874125598,0.6691975584338258,-0.6349707493732,0.3481283076454721,0.5545839141937037,0.5490797573207398,0.1008265073229159
0.6980011874125598,0.6691975584338258,-0.6349707493732,0.357407388414134,0.540837389039032,0.5490797573207398,0.1268822193979022
0.6980011874125598,0.6691975584338258,-0.6349707493732,0.4289864190768944,0.5463957525704299,0.5490797573207398,0.0960233789729936
0.6980011874125598,0.6691975584338258,-0.6349707493732,0.4135960250510667,0.5450357157060515,0.5490797573207398,0.1244364878586487
0.6980011874125598,0.6691975584338258,-0.6349707493732,0.3605701600479172,0.5402580283665919,0.5294526503520345,0.159568719970755
0.6980011874125598,0.6691975584338258,-0.6349707493732,0.5074806759291297,0.5699765472220056,0.5582822425844011,0.3392579044999537
0.6980011874125598,0.6691975584338258,-0.6349707493732,0.4309389181657554,0.5638315619015606,0.5582822425844011,0.4921061679435543
0.6980011874125598,0.6691975584338258,-0.6349707493732,0.4762257028742163,0.5864388998384126,0.5920246885511585,0.6517767892644037
0.6980011874125598,0.6691975584338258,-0.6349707493732,0.4220127665209468,0.5694522181701667,0.5766872131117233,0.736985251272251
0.6980011874125598,0.6691975584338258,-0.6349707493732,0.3778848137521441,0.5943206083707309,0.6012271738148198,0.7927700313065569
0.6980011874125598,0.6691975584338258,-0.6349707493732,0.3029849639004968,0.5989092519023843,0.6012271738148198,0.7543313162592706
0.6980011874125598,0.6691975584338258,-0.6349707493732,0.4207461845068877,0.6409880595805673,0.6272718830814658,0.8174856022261405
0.6980011874125598,0.6691975584338258,-0.6349707493732,0.4535287953553324,0.6390936300115089,0.6503070952210128,0.7057286952795131
0.6980011874125598,0.6691975584338258,-0.6349707493732,0.3543952128568319,0.6468667190334118,0.6503070952210128,0.5917003616500363
0.6980011874125598,0.6691975584338258,-0.6349707493732,0.3379126691574292,0.6483633158452081,0.6648772064645435,0.8294654627984203
0.6980011874125598,0.6691975584338258,-0.6349707493732,0.3572896042463605,0.6647864754170049,0.6625770755725611,0.7838056388752861
0.6980011874125598,0.6691975584338258,-0.6349707493732,0.4877802789272618,0.6890176707882936,0.6748470559241097,0.7904672920222706
0.6980011874125598,0.6691975584338258,-0.6349707493732,0.4475161718519695,0.7011881514751931,0.7147244920666415,0.8066250055986582
0.6980011874125598,0.6691975584338258,-0.6349707493732,0.3501180217894994,0.743211927532775,0.7147244920666415,0.6715210587839929
0.6980011874125598,0.6691975584338258,-0.6349707493732,0.3729918595877237,0.7198954205406297,0.7024545117150933,0.8853233838998724
0.6980011874125598,0.6691975584338258,-0.6349707493732,0.3885463554950362,0.7412848017076493,0.7361969576818509,0.9785428195609034
0.6980011874125598,0.6691975584338258,-0.6349707493732,0.357539440469952,0.7149547190102075,0.7024545117150933,0.9715917745289686
0.6980011874125598,0.6691975584338258,-0.6349707493732,0.3979160394696778,0.6951663503610476,0.7024545117150933,0.975509609570675
0.6980011874125598,0.6691975584338258,-0.6349707493732,0.3838766916616143,0.6852381534376236,0.7024545117150933,0.9032947022022646
0.6980011874125598,0.6691975584338258,-0.6349707493732,0.3518826250708194,0.6528986262630693,0.6595095804846739,0.960626195502297
0.6980011874125598,0.6691975584338258,-0.6349707493732,0.4011440962173022,0.6434960747342611,0.6288346296058036,0.9943120336376612
0.6980011874125598,0.6691975584338258,-0.6349707493732,0.4197966713758105,0.655635260433211,0.6288346296058036,0.9973336703024056
0.6980011874125598,0.6691975584338258,-0.6349707493732,0.3658660867892132,0.6552493596862793,0.6687120657483357,0.9427365367045905
0.6980011874125598,0.6691975584338258,-0.6349707493732,0.4123096288779428,0.6745981972360235,0.6687120657483357,0.974449622201581
0.6980011874125598,0.6691975584338258,-0.6349707493732,0.4539618702123257,0.6842383274046956,0.6687120657483357,0.93529688584498
0.6980011874125598,0.6691975584338258,-0.6349707493732,0.4755526988731638,0.6944480518316577,0.6871170362756577,0.7030993767243299
0.6980011874125598,0.6691975584338258,-0.6349707493732,0.3791118097860205,0.6878265928887082,0.6871170362756577,0.8054944620676021
0.6980011874125598,0.6691975584338258,-0.6349707493732,0.4455679065577806,0.6771084204485686,0.6738323048381055,0.3395220935593571
0.6980011874125598,0.6691975584338258,-0.6349707493732,0.4353793220176914,0.7037200306495488,0.7147244920666415,0.3450282647150416
0.6980011874125598,0.6691975584338258,-0.6349707493732,0.351303187932017,0.6723226652017679,0.6963195215393189,0.3611056406132584
0.6980011874125598,0.6691975584338258,-0.6349707493732,0.4086143728882691,0.7010056044559306,0.6963195215393189,0.3303839543762105
0.6980011874125598,0.6691975584338258,-0.6349707493732,0.3444897421664558,0.6772095665290251,0.6954010214808884,0.4147329941581266
0.6980011874125598,0.6691975584338258,-0.6349707493732,0.3357749415516706,0.6346559837351466,0.643658993674497,0.5820217129180703
0.6980011874125598,0.6691975584338258,-0.6349707493732,0.410702861461993,0.636259119386517,0.6380371148694646,0.6769653978327125
0.6980011874125598,0.6691975584338258,-0.6349707493732,0.3979706977588926,0.6507204186689506,0.6317393039478881,0.537420055180832
0.6980011874125598,0.6691975584338258,-0.6349707493732,0.3554593771476254,0.640649589636268,0.652759982506778,0.3788186446407569
0.6980011874125598,0.6691975584338258,-0.6349707493732,0.4803464552284204,0.6581516407329373,0.6595095804846739,0.3394789726410555
0.6980011874125598,0.6691975584338258,-0.6349707493732,0.4943268686146503,0.6678731718404152,0.6595095804846739,0.3100416024196064
0.6980011874125598,0.6691975584338258,-0.6349707493732,0.4855071969058412,0.6410387175461365,0.6595095804846739,0.2276738484005643
0.6980011874125598,0.6691975584338258,-0.6349707493732,0.4303035102613898,0.6236192563430392,0.6239246757694517,0.1480163968411722
0.6980011874125598,0.6691975584338258,-0.6349707493732,0.4492571082210733,0.6636351425767428,0.6533745903088999,0.1265152877009039
0.6980011874125598,0.6691975584338258,-0.6349707493732,0.3986466230782685,0.6807345626344147,0.6687120657483357,0.1166435127716605
0.6980011874125598,0.6691975584338258,-0.6349707493732,0.6378553869739664,0.6781273971457646,0.6687120657483357,0.1322969568761732
0.6980011874125598,0.6691975584338258,-0.6349707493732,0.4651867183363202,0.6428605359491236,0.6687120657483357,0.2254447789140303
0.6980011874125598,0.6691975584338258,-0.6349707493732,0.4458312909243222,0.6368425140126274,0.6579796283955177,0.235906330803688
0.6980011874125598,0.6691975584338258,-0.6349707493732,0.4813144700422138,0.6517669961017875,0.6306038232832133,0.2568181403097833
0.6980011874125598,0.6691975584338258,-0.6349707493732,0.4842918861452594,0.6661150899054226,0.6472396001331259,0.1877571403793541
0.6980011874125598,0.6691975584338258,-0.6349707493732,0.4972950550453108,0.6454772980012433,0.6472396001331259,0.2051322268018518
0.6980011874125598,0.6691975584338258,-0.6349707493732,0.4248455985359453,0.6698276011624904,0.6472396001331259,0.2950529415867362
0.6980011874125598,0.6691975584338258,-0.6349707493732,0.4171887385337858,0.7259484741800551,0.7067045681652366,0.3612820310181636
0.6980011874125598,0.6691975584338258,-0.6349707493732,0.2919397980223796,0.8584171433223451,0.8445258047162171,0.1817156441721799
0.6980011874125598,0.6691975584338258,-0.6349707493732,0.2667756254894464,0.8326241284778072,0.87292032695155,0.1183348632320172
0.6980011874125598,0.6691975584338258,-0.6349707493732,0.1835458269586939,0.8555972823185783,0.8159518299669146,0.1131982086785152
0.6980011874125598,0.6691975584338258,-0.6349707493732,0.3423219122805797,0.8022254425708585,0.7914118692638181,0.1077384923813414
0.6980011874125598,0.6691975584338258,-0.6349707493732,0.2640553065678549,0.7897296129047566,0.8251543152305758,0.1022906211184355
0.6980011874125598,0.6691975584338258,-0.6349707493732,0.1222520807063298,0.8603919122634544,0.8067493447032534,0.2223262817396816
0.6980011874125598,0.6691975584338258,-0.6349707493732,0.1503357722001696,0.834343611845572,0.8834367219004301,0.218699953505349
0.6980011874125598,0.6691975584338258,-0.6349707493732,0.1745146136991009,0.7596826877578852,0.7730068987364958,0.2137039780104135
0.6980011874125598,0.6691975584338258,-0.6349707493732,0.2517752062908515,0.7729064125168457,0.7730068987364958,0.1528295196682418
0.6980011874125598,0.6691975584338258,-0.6349707493732,0.2801125867614342,0.7791620980185466,0.7730068987364958,0.1117119910062776
0.6980011874125598,0.6691975584338258,-0.6349707493732,0.3158851034072065,0.7832133764586048,0.7730068987364958,0.0680088081249991
0.6980011874125598,0.6691975584338258,-0.6349707493732,0.3344931602147393,0.7641661512554114,0.7730068987364958,0.093231255452084
0.6980011874125598,0.6691975584338258,-0.6349707493732,0.346814942200288,0.7935716353059857,0.7730068987364958,0.1095913480113518
0.6980011874125598,0.6691975584338258,-0.6349707493732,0.2898695782726653,0.7837102746254835,0.7769818060373684,0.0922531992964591
0.6980011874125598,0.6691975584338258,-0.6349707493732,0.1852319568557694,0.7608098168761236,0.7668719085607216,0.0505130205830083
0.6980011874125598,0.6691975584338258,-0.6349707493732,0.2001485257508864,0.7120532447542837,0.6963195215393189,0.04226400433323
0.6980011874125598,0.6691975584338258,-0.6349707493732,0.2429105505136529,0.7222508248575635,0.7269944724181897,0.0759357650162127
0.6980011874125598,0.6691975584338258,-0.6349707493732,0.1929131611772925,0.7121887855976161,0.7269944724181897,0.1174053548268848
0.6980011874125598,0.6691975584338258,-0.6349707493732,0.2076393574949856,0.6996441663234347,0.7269944724181897,0.0756674268902493
0.6980011874125598,0.6691975584338258,-0.6349707493732,0.1333631032605691,0.6717202048367298,0.6932520264514318,0.0878652713417633
0.6980011874125598,0.6691975584338258,-0.6349707493732,0.1532595461247214,0.6476260789649014,0.6257671345179167,0.0884520081011938
0.6980011874125598,0.6691975584338258,-0.6349707493732,0.1782924286848776,0.6400978721621393,0.6257671345179167,0.120141521025339
0.6980011874125598,0.6691975584338258,-0.6349707493732,0.1362407605766568,0.6397617376647019,0.6257671345179167,0.0842651299593828
0.6980011874125598,0.6691975584338258,-0.6349707493732,0.2014222628779411,0.5896424535302598,0.6257671345179167,0.1024246396400641
0.6980011874125598,0.6691975584338258,-0.6349707493732,0.2379585984204791,0.6301796539662168,0.6477282329527703,0.1046262298220537
0.6980011874125598,0.6691975584338258,-0.6349707493732,0.2443998301274563,0.591319304377127,0.616564649254255,0.0564051100048786
0.6980011874125598,0.6691975584338258,-0.6349707493732,0.2180810171115902,0.5767855637793031,0.616564649254255,0.041436761239451
0.6980011874125598,0.6691975584338258,-0.6349707493732,0.1728627352009215,0.5578301004064486,0.5490797573207398,0.0444165327210826
0.6980011874125598,0.6691975584338258,-0.6349707493732,0.2434895642729881,0.5612337806630281,0.5490797573207398,0.0293926837648692
0.6980011874125598,0.6691975584338258,-0.6349707493732,0.1956637093928417,0.586102085938252,0.6073621639905943,0.0263661820442029
0.6980011874125598,0.6691975584338258,-0.6349707493732,0.270568089404788,0.5648380970363829,0.5705522229359492,0.0450040295307591
0.6980011874125598,0.6691975584338258,-0.6349707493732,0.2700876807233624,0.5504983259161101,0.5521607710509576,0.0517262553777794
0.6980011874125598,0.6691975584338258,-0.6349707493732,0.1895781164383079,0.5230764430420504,0.5153373113539821,0.0585614716896238
0.6980011874125598,0.6691975584338258,-0.6349707493732,0.2418664332406311,0.5405730164542611,0.5153373113539821,0.0476252408833188
0.6980011874125598,0.6691975584338258,-0.6349707493732,0.3755909861368309,0.5897940028002641,0.5830831941110464,0.0592429320057934
0.6980011874125598,0.6691975584338258,-0.6349707493732,0.4214086040212602,0.6168940186340794,0.6104296590784812,0.0443803256898009
0.6980011874125598,0.6691975584338258,-0.6349707493732,0.4505465950643077,0.613308470760961,0.6319021246936907,0.05659897422196
0.6980011874125598,0.6691975584338258,-0.6349707493732,0.4786714390423587,0.7010154133327507,0.7085895018908672,0.0675463561036127
0.6980011874125598,0.6691975584338258,-0.6349707493732,0.4630392530028162,0.6798282818639743,0.6998455416819114,0.1231898806161219
0.6980011874125598,0.6691975584338258,-0.6349707493732,0.4244777664548467,0.6150420941979081,0.6336064971208072,0.0792185725698184
0.6980011874125598,0.6691975584338258,-0.6349707493732,0.3863129864676385,0.6104897987119603,0.5981596787269328,0.046501512102294
0.6980011874125598,0.6691975584338258,-0.6349707493732,0.4088204740128994,0.6155808180949505,0.5981596787269328,0.0195956645505773
0.6980011874125598,0.6691975584338258,-0.6349707493732,0.4584021047124748,0.6530339972557208,0.6472396001331259,0.0105188957530508
0.6980011874125598,0.6691975584338258,-0.6349707493732,0.430344535731761,0.7482875754291469,0.7529022467935912,0.0188427778699902
0.6980011874125598,0.6691975584338258,-0.6349707493732,0.277309137281459,0.7344649571694464,0.7537258178367897,0.0203161609739441
0.6980011874125598,0.6691975584338258,-0.6349707493732,0.2631918453134851,0.6935129813708104,0.6993870166272059,0.0165781356453146
0.6980011874125598,0.6691975584338258,-0.6349707493732,0.2957509329722245,0.6811417796417952,0.7116569969787543,0.0075854094266822
0.6980011874125598,0.6691975584338258,-0.6349707493732,0.3017645725863085,0.7051418506990929,0.6953943687736215,0.0113133189959921
0.6980011874125598,0.6691975584338258,-0.6349707493732,0.4175286275700496,0.7368673251996402,0.7195442078992957,0.0012781603429546
0.6980011874125598,0.6691975584338258,-0.6349707493732,0.3537449443331679,0.750355507468712,0.7366700675178723,0.0043664913020389
0.6980011874125598,0.6691975584338258,-0.6349707493732,0.4167363152351419,0.7476030771852498,0.7546019282091734,0.0045823669138789
0.6980011874125598,0.6691975584338258,-0.6349707493732,0.2661411913578555,0.7322915478570623,0.7515344331212863,0.0040134531261805
0.6980011874125598,0.6691975584338258,-0.6349707493732,0.3564580446348437,0.6895495157327609,0.6993870166272059,0.0069669130314309
0.6980011874125598,0.6691975584338258,-0.6349707493732,0.5146522160480441,0.6911147746822978,0.690184531363545,0.0055942832850124
0.6980011874125598,0.6691975584338258,-0.6349707493732,0.4068822851500296,0.6951036329971371,0.690184531363545,0.0304251551120157
0.6980011874125598,0.6691975584338258,-0.6349707493732,0.4767126739373832,0.6900998744014426,0.690184531363545,0.0160021938024207
0.6980011874125598,0.6691975584338258,-0.6349707493732,0.412475297263456,0.6786324906079948,0.690184531363545,0.0085456272351624
0.6980011874125598,0.6691975584338258,-0.6349707493732,0.3375414077026463,0.6364824305691881,0.640629879590073,0.0
0.6980011874125598,0.6691975584338258,-0.6349707493732,0.336618482802109,0.6359697362889887,0.6503070952210128,0.0134011843650939
0.6980011874125598,0.6691975584338258,-0.6349707493732,0.3184220778505295,0.6471662507091221,0.6503070952210128,0.0178350283504088
0.6980011874125598,0.6691975584338258,-0.6349707493732,0.3051668499846837,0.6703576626748083,0.6558351964409171,0.021838582923658
0.6980011874125598,0.6691975584338258,-0.6349707493732,0.2904868020289148,0.784843858069595,0.785276879088044,0.0324500464629134
0.6980011874125598,0.6691975584338258,-0.6349707493732,0.4483249959860979,0.8691740417177227,0.8527617710215595,0.0152292630914344
0.6980011874125598,0.6691975584338258,-0.6349707493732,0.3456462031810975,0.8686567614691396,0.8619642562852204,0.0259088704592625
0.6980011874125598,0.6691975584338258,-0.6349707493732,0.2600578634834711,0.7931982185840979,0.8134325861907178,0.052676083193835
0.6980011874125598,0.6691975584338258,-0.6349707493732,0.3849668937896402,0.7924596228983444,0.7760743938243828,0.0670839187691875
0.6980011874125598,0.6691975584338258,-0.6349707493732,0.4353169582221736,0.7686200607344665,0.7760743938243828,0.0686722989440495
0.6980011874125598,0.6691975584338258,-0.6349707493732,0.3055566342911563,0.8002278287131727,0.8128843348790272,0.0888628684993637
0.6980011874125598,0.6691975584338258,-0.6349707493732,0.3778230003499336,0.7908700753014433,0.7914118692638181,0.1155186310641758
0.6980011874125598,0.6691975584338258,-0.6349707493732,0.341410969018964,0.8245681956095889,0.8010742442400857,0.116288690474233
0.6980011874125598,0.6691975584338258,-0.6349707493732,0.3811398397718289,0.809063036505212,0.8098402095576935,0.1214879922610509
0.6980011874125598,0.6691975584338258,-0.6349707493732,0.3522261128325543,0.8045824604692606,0.8154519387195879,0.1383033365589404
0.6980011874125598,0.6691975584338258,-0.6349707493732,0.4200162359674976,0.8070265268416074,0.8112733562270045,0.0772866496837876
0.6980011874125598,0.6691975584338258,-0.6349707493732,0.4070707313508779,0.8407455387834999,0.8435592857578981,0.0509561849525012
0.6980011874125598,0.6691975584338258,-0.6349707493732,0.265122688542599,0.888495066218475,0.8742342366367689,0.0849147342565483
0.6980011874125598,0.6691975584338258,-0.6349707493732,0.2914179404911157,0.8831370415651605,0.8588967611973336,0.0951901582859759
0.6980011874125598,0.6691975584338258,-0.6349707493732,0.3154811570575562,0.8725277434114569,0.8834367219004301,0.0664176190687934
0.6980011874125598,0.6691975584338258,-0.6349707493732,0.1680055777704525,0.85852576283276,0.8834367219004301,0.0674227983701517
0.6980011874125598,0.6691975584338258,-0.6349707493732,0.1933545131028694,0.8589267802902889,0.8466267808457854,0.054702200905999
0.6980011874125598,0.6691975584338258,-0.6349707493732,0.2005221369617122,0.8531372499822298,0.8355491703351563,0.0693812532517247
0.6980011874125598,0.6691975584338258,-0.6349707493732,0.142230955552745,0.8477068689388657,0.8435592857578981,0.0912035809220248
0.6980011874125598,0.6691975584338258,-0.6349707493732,0.2990340925575044,0.8298546282009173,0.8098168397911405,0.0527967475959249
0.6980011874125598,0.6691975584338258,-0.6349707493732,0.2406065617911271,0.8303660486010105,0.8312893054063498,0.0587684550348636
0.6980011874125598,0.6691975584338258,-0.6349707493732,0.4236611521385219,0.8050960889282048,0.8312893054063498,0.0985114823955236
0.6980011874125598,0.6691975584338258,-0.6349707493732,0.3124673303203321,0.8030802161223256,0.834356800494237,0.1211398158136
0.6980011874125598,0.6691975584338258,-0.6349707493732,0.2458867176472701,0.8196947549487901,0.834356800494237,0.1447721205304698
0.6980011874125598,0.6691975584338258,-0.6349707493732,0.213407860397564,0.839765330504212,0.8085422493116915,0.1544423095727418
0.6980011874125598,0.6691975584338258,-0.6349707493732,0.2378746211031611,0.8721313119223114,0.8496942759336724,0.1187536545892753
0.6980011874125598,0.6691975584338258,-0.6349707493732,0.2286178100944736,0.8764227592251168,0.8496942759336724,0.2217277440068671
0.6980011874125598,0.6691975584338258,-0.6349707493732,0.4119149122006774,0.8656182177137558,0.8496942759336724,0.2112215584418967
0.6980011874125598,0.6691975584338258,-0.6349707493732,0.1867309530283449,0.8568567251172126,0.8496942759336724,0.1744567310580118
0.6980011874125598,0.6691975584338258,-0.6349707493732,0.3044713433649498,0.8719371725940798,0.8493114041013485,0.1490283431599377
0.6980011874125598,0.6691975584338258,-0.6349707493732,0.4617178433477554,0.8850075221882165,0.8680992464609948,0.1323426333257365
0.6980011874125598,0.6691975584338258,-0.6349707493732,0.3857769457242235,0.8985092925117583,0.8680992464609948,0.1366345746450236
0.6980011874125598,0.6691975584338258,-0.6349707493732,0.3605637246800158,0.9048758905080656,0.9101256776329828,0.1221727938609104
0.6980011874125598,0.6691975584338258,-0.6349707493732,0.2790631560760991,0.9073346489643076,0.9110441776914135,0.1225248329791764
0.6980011874125598,0.6691975584338258,-0.6349707493732,0.2693487353702944,0.8963631442336533,0.919266412126628,0.1460035928594034
0.6980011874125598,0.6691975584338258,-0.6349707493732,0.2060281657636035,0.9325644389510876,0.9325166433066232,0.2399737966068576
0.6980011874125598,0.6691975584338258,-0.6349707493732,0.2359496416796678,0.9191819038055156,0.9325166433066232,0.3979030289902885
0.6980011874125598,0.6691975584338258,-0.6349707493732,0.2191736325025791,0.8949786913339002,0.9325166433066232,0.505704913509263
0.6980011874125598,0.6691975584338258,-0.6349707493732,0.1157833081650116,0.9010540803378596,0.9325166433066232,0.4468815774308249
0.6980011874125598,0.6691975584338258,-0.6349707493732,0.1050747183788275,0.8843761872074314,0.837424295582124,0.4966399447671852
0.6980011874125598,0.6691975584338258,-0.6349707493732,0.134672869980282,0.8262702692825648,0.837424295582124,0.6167480341379561
0.6980011874125598,0.6691975584338258,-0.6349707493732,0.1952536875478372,0.7908111371151821,0.8067975341853793,0.6010830387384012
0.6980011874125598,0.6691975584338258,-0.6349707493732,0.2164149130633131,0.7714696456073853,0.7822093840001569,0.5251308284562689
0.6980011874125598,0.6691975584338258,-0.6349707493732,0.2259057682414657,0.8058014788058487,0.7822093840001569,0.5921420279494792
0.6980011874125598,0.6691975584338258,-0.6349707493732,0.1913597607431825,0.8141021665051972,0.7822093840001569,0.6414993237473591
0.6980011874125598,0.6691975584338258,-0.6349707493732,0.1794626071942565,0.7591170000652551,0.7822093840001569,0.572583930351004
0.6980011874125598,0.6691975584338258,-0.6349707493732,0.2069776153877605,0.7188073570789908,0.7024545117150933,0.8870578552785306
0.6980011874125598,0.6691975584338258,-0.6349707493732,0.1786451461189973,0.7173592950992523,0.7024545117150933,0.9197931532802176
0.6980011874125598,0.6691975584338258,-0.6349707493732,0.2729200258519736,0.6997773717199055,0.7024545117150933,0.727558454552218
0.6980011874125598,0.6691975584338258,-0.6349707493732,0.2432714815094362,0.6953673261791843,0.7024545117150933,0.6135812902958211
0.6980011874125598,0.6691975584338258,-0.6349707493732,0.2694811472986596,0.7063107630848249,0.7024545117150933,0.4818823685830062
0.6980011874125598,0.6691975584338258,-0.6349707493732,0.1959259718037954,0.701062971523394,0.7024545117150933,0.4755254992563874
0.6980011874125598,0.6691975584338258,-0.6349707493732,0.0980721278362971,0.7147007073169696,0.7024545117150933,0.6976738369860416
0.6980011874125598,0.6691975584338258,-0.6349707493732,0.0898657318702058,0.63672752510168,0.7024545117150933,0.6045576212888469
0.6980011874125598,0.6691975584338258,-0.6349707493732,0.0983887521708385,0.554037674404033,0.5736197180238363,0.5715113709430591
0.6980011874125598,0.6691975584338258,-0.6349707493732,0.0674641315296902,0.5895524751320701,0.5736197180238363,0.8325621204613539
0.6980011874125598,0.6691975584338258,-0.6349707493732,0.0795007991975434,0.5459286631980437,0.5613497376722881,0.6328163922419504
0.6980011874125598,0.6691975584338258,-0.6349707493732,0.0562010734087814,0.470012967205446,0.5613497376722881,0.4693664045502893
0.6980011874125598,0.6691975584338258,-0.6349707493732,0.0243884884265994,0.4243228368133225,0.5613497376722881,0.3998478176543957
0.6980011874125598,0.6691975584338258,-0.6349707493732,0.0037933000897892,0.3517824560135996,0.5613497376722881,0.4973023854685045
0.6980011874125598,0.6691975584338258,-0.6349707493732,0.0384843097633432,0.2400942108847479,0.5613497376722881,0.8765117946137003
0.6980011874125598,0.6691975584338258,-0.6349707493732,0.0511359361072965,0.1884038291836138,0.321008682929416,0.6488303498413843
0.6980011874125598,0.6691975584338258,-0.6349707493732,0.0786300346473645,0.1777413040727934,0.1656441400402489,0.616754672644452
0.6980011874125598,0.6691975584338258,-0.6349707493732,0.1009234615340119,0.1191965132198997,0.14225091842951,0.5527923688161113
0.6980011874125598,0.6691975584338258,-0.6349707493732,0.1232121571551135,0.092606941144762,0.1165643785549036,0.5160409506278699
0.6980011874125598,0.6691975584338258,-0.6349707493732,0.1597952761287764,0.067754745145052,0.0652134904886654,0.4708607734860341
0.6980011874125598,0.6691975584338258,-0.6349707493732,0.1990780531060318,0.0528531185881362,0.0705521228188352,0.4158994913703823
0.6980011874125598,0.6691975584338258,-0.6349707493732,0.2465850820784074,0.0542048593083211,0.0705521228188352,0.8812253692172521
0.6980011874125598,0.6691975584338258,-0.6349707493732,0.2601493346173585,0.042873090667879,0.0306748332704138,0.7989943654946356
0.6980011874125598,0.6691975584338258,-0.6349707493732,0.3004455973631841,0.0470860404169544,0.0613496695393436,0.8829957355292648
0.6980011874125598,0.6691975584338258,-0.6349707493732,0.190023130596276,0.1405768286068279,0.1073619359368018,0.700349096356091
0.6980011874125598,0.6691975584338258,-0.6349707493732,0.252807659459552,0.1015369786950636,0.0828220498634342,0.7355388793259509
0.6980011874125598,0.6691975584338258,-0.6349707493732,0.3137998536864068,0.0718728067496939,0.0682366875017222,0.8223493363217615
0.6980011874125598,0.6691975584338258,-0.6349707493732,0.391378975820301,0.0975778336337086,0.0981594826573102,0.7657478437449105
0.6980011874125598,0.6691975584338258,-0.6349707493732,0.314830761520052,0.0991717336543069,0.0981594826573102,0.7582398691414516
0.6980011874125598,0.6691975584338258,-0.6349707493732,0.2232497818299144,0.0404105583418215,0.0582821851128464,0.4889096389439549
0.6980011874125598,0.6691975584338258,-0.6349707493732,0.298931084333136,0.032497923716001,0.0306748332704138,0.3976316433198607
0.6980011874125598,0.6691975584338258,-0.6349707493732,0.2711639113289708,0.0362285585715004,0.0306748332704138,0.4022575955124496
0.6980011874125598,0.6691975584338258,-0.6349707493732,0.2329961041785722,0.0589763895605991,0.0306748332704138,0.3193430899860465
0.6980011874125598,0.6691975584338258,-0.6349707493732,0.2691646288089849,0.0485996116811698,0.0582821851128464,0.2505280672830404
0.6980011874125598,0.6691975584338258,-0.6349707493732,0.2914204807679189,0.0542323645029541,0.0582821851128464,0.3093707607764381
0.6980011874125598,0.6691975584338258,-0.6349707493732,0.4001314995456131,0.0860667026742701,0.0736196072453325,0.4203190330092213
0.6980011874125598,0.6691975584338258,-0.6349707493732,0.3078063669349611,0.0988568411076456,0.0858895449513213,0.4541892218825014
0.6980011874125598,0.6691975584338258,-0.6349707493732,0.2324522097460407,0.0779305047436743,0.0829314303926091,0.4622805625877784
0.6980011874125598,0.6691975584338258,-0.6349707493732,0.3341619081196063,0.0834812409179346,0.0736196072453325,0.542391650320052
0.6980011874125598,0.6691975584338258,-0.6349707493732,0.3525181599890251,0.0408652247292525,0.0337423150315636,0.402671239089781
0.6980011874125598,0.6691975584338258,-0.6349707493732,0.2879956372439423,0.04701274984816,0.0460122474068575,0.5205603048555295
0.6980011874125598,0.6691975584338258,-0.6349707493732,0.2552287972806505,0.0825504644946129,0.0889538736064227,0.683180508609111
0.6980011874125598,0.6691975584338258,-0.6349707493732,0.2654844027903966,0.0369784095187783,0.0460122474068575,0.8000494180447415
0.6980011874125598,0.6691975584338258,-0.6349707493732,0.245479193741122,0.0538255031204367,0.0460122474068575,0.8331172288496801
0.6980011874125598,0.6691975584338258,-0.6349707493732,0.2452797608431,0.021347380444211,0.0460122474068575,0.7242322690584884
0.6980011874125598,0.6691975584338258,-0.6349707493732,0.2278316367618401,0.0417874104236059,0.0460122474068575,0.6784248705484693
0.6980011874125598,0.6691975584338258,-0.6349707493732,0.2064568163051646,0.048969328842915,0.0736196072453325,0.7046962606497698
0.6980011874125598,0.6691975584338258,-0.6349707493732,0.1869699295686028,0.0437838406343595,0.0736196072453325,0.6014221900481489
0.6980011874125598,0.6691975584338258,-0.6349707493732,0.190089093117265,0.0523809708501603,0.0736196072453325,0.5819965688403685
0.6980011874125598,0.6691975584338258,-0.6349707493732,0.130333802003819,0.0581702039195278,0.0736196072453325,0.5267086780798973
0.6980011874125598,0.6691975584338258,-0.6349707493732,0.2078222997627603,0.0538452588777552,0.0736196072453325,0.5360833654613288
0.6980011874125598,0.6691975584338258,-0.6349707493732,0.1650619261799159,0.0627551797380414,0.0736196072453325,0.5302721461199756
0.6980011874125598,0.6691975584338258,-0.6349707493732,0.1953672379209388,0.0531720928589721,0.0736196072453325,0.5660080490578617
0.6980011874125598,0.6691975584338258,-0.6349707493732,0.2002529734654434,0.0616080082394605,0.0736196072453325,0.5441148421124515
0.6980011874125598,0.6691975584338258,-0.6349707493732,0.2088103615943255,0.0572190241831669,0.0736196072453325,0.5203554511196745
0.6980011874125598,0.6691975584338258,-0.6349707493732,0.1628731813483604,0.0299139481531231,0.0581460551565358,0.4873140474711072
0.6980011874125598,0.6691975584338258,-0.6349707493732,0.1559023442658696,0.0565966806727998,0.0736196072453325,0.5226121908412494
0.6980011874125598,0.6691975584338258,-0.6349707493732,0.161776353331673,0.1213693492862358,0.0736196072453325,0.5330529166198201
0.6980011874125598,0.6691975584338258,-0.6349707493732,0.1527436794129183,0.1081240853378075,0.1110195709371031,0.45721655708822
0.6980011874125598,0.6691975584338258,-0.6349707493732,0.2379628110461777,0.1215945500577314,0.1073619359368018,0.4902486785772619
0.6980011874125598,0.6691975584338258,-0.6349707493732,0.2122818403666135,0.1215515672198043,0.1503067179077628,0.5659122313225078
0.6980011874125598,0.6691975584338258,-0.6349707493732,0.2045886332371954,0.104685681232658,0.110429420363299,0.6337846742248472
0.6980011874125598,0.6691975584338258,-0.6349707493732,0.2144832865821848,0.0758153860618305,0.110429420363299,0.661621870641531
0.6980011874125598,0.6691975584338258,-0.6349707493732,0.1653929030783952,0.0898271542860124,0.110429420363299,0.661564591492561
0.6980011874125598,0.6691975584338258,-0.6349707493732,0.1465169740819686,0.0778292949692122,0.110429420363299,0.5064231059155798
0.6980011874125598,0.6691975584338258,-0.6349707493732,0.1399161389003457,0.0895452552341097,0.110429420363299,0.4860535830806179
0.6980011874125598,0.6691975584338258,-0.6349707493732,0.1091583932761921,0.087859964931537,0.110429420363299,0.4345920863409588
0.6980011874125598,0.6691975584338258,-0.6349707493732,0.1342308512320442,0.0980635747339878,0.110429420363299,0.4785221974608877
0.6980011874125598,0.6691975584338258,-0.6349707493732,0.1591409643312007,0.0911588473180211,0.110429420363299,0.5481276136718355
0.6980011874125598,0.6691975584338258,-0.6349707493732,0.1124654102944484,0.1405663190959492,0.110429420363299,0.532276740090392
0.6980011874125598,0.6691975584338258,-0.6349707493732,0.0759218878854548,0.1343601981460593,0.110429420363299,0.5246525035014852
0.6980011874125598,0.6691975584338258,-0.6349707493732,0.0864650527293194,0.1728113880606061,0.1840490146150626,0.620269086233874
0.6980011874125598,0.6691975584338258,-0.6349707493732,0.0597197272382016,0.1364695206734185,0.1226993580692879,0.5378540255125671
0.6980011874125598,0.6691975584338258,-0.6349707493732,0.0813318201327796,0.0875113039463856,0.0552147006863492,0.6075749106130539
0.6980011874125598,0.6691975584338258,-0.6349707493732,0.1337545281624771,0.985155390193518,0.0122699427035153,0.7438736123534668
0.6980011874125598,0.6691975584338258,-0.6349707493732,0.1008995300096287,0.0859994736516491,0.067484638392338,0.6896559310871365
0.6980011874125598,0.6691975584338258,-0.6349707493732,0.1181951951447519,0.0552534218709908,0.067484638392338,0.7492185500482813
0.6980011874125598,0.6691975584338258,-0.6349707493732,0.071465871915666,0.002783486584762,0.0337423017048263,0.6614649551472755
0.6980011874125598,0.6691975584338258,-0.6349707493732,0.238216754050601,0.9129885535036936,0.9399501907662308,0.6041578422029585
0.6980011874125598,0.6691975584338258,-0.6349707493732,0.1951299125606029,0.939279230843174,0.9233126228028232,0.5384618307179457
0.6980011874125598,0.6691975584338258,-0.6349707493732,0.1159166197747445,0.9464144880957484,0.9233126228028232,0.73809347062217
0.6980011874125598,0.6691975584338258,-0.6349707493732,0.0592855410101069,0.0019668664059641,0.969325049121129,0.7013405249899562
0.6980011874125598,0.6691975584338258,-0.6349707493732,0.1557680271299022,0.912437472969618,0.9325151080664846,0.7597301844758846
0.6980011874125598,0.6691975584338258,-0.6349707493732,0.1482046704830726,0.9264763111460632,0.9325151080664846,0.768955887322149
0.6980011874125598,0.6691975584338258,-0.6349707493732,0.1319629979470435,0.9723545087045776,0.9907975147363388,0.632786607084486
0.6980011874125598,0.6691975584338258,-0.6349707493732,0.1081192401274232,0.979495625805642,0.9907975147363388,0.579151293206607
0.6980011874125598,0.6691975584338258,-0.6349707493732,0.1259629170603963,0.9052289251482492,0.9509200785938068,0.5618219126075952
0.6980011874125598,0.6691975584338258,-0.6349707493732,0.1306634346724899,0.9754691455649904,0.969325049121129,0.5672649592037224
0.6980011874125598,0.6691975584338258,-0.6349707493732,0.0964602481132808,0.8747662055346132,0.8865026817481786,0.6231313399948687
0.6980011874125598,0.6691975584338258,-0.6349707493732,0.2140384206070302,0.884390794365986,0.8865026817481786,0.5667901591196446
0.6980011874125598,0.6691975584338258,-0.6349707493732,0.2204998475145926,0.8819406133691279,0.8865026817481786,0.6232401997518343
0.6980011874125598,0.6691975584338258,-0.6349707493732,0.2399290487987491,0.89430141174394,0.8865026817481786,0.6355489895088149
0.6980011874125598,0.6691975584338258,-0.6349707493732,0.2963006488724298,0.910647501569293,0.9049076522755012,0.6343639279775084
0.6980011874125598,0.6691975584338258,-0.6349707493732,0.3291342346087247,0.9246116903714968,0.926996687388565,0.5971795969187437
0.6980011874125598,0.6691975584338258,-0.6349707493732,0.2814038517984307,0.9196418594493057,0.8957051670118398,0.6329653180292725
0.6980011874125598,0.6691975584338258,-0.6349707493732,0.2906895161178075,0.8921975562853712,0.9202451277149364,0.6839014621641474
0.6980011874125598,0.6691975584338258,-0.6349707493732,0.2905156341706307,0.9040704585793902,0.9110426424512752,0.7972989026851222
0.6980011874125598,0.6691975584338258,-0.6349707493732,0.3019504996793271,0.8892712838300404,0.8742327013966302,0.7065588023307405
0.6980011874125598,0.6691975584338258,-0.6349707493732,0.2806325179161224,0.903011099882818,0.9079751473633878,0.7006772618188055
0.6980011874125598,0.6691975584338258,-0.6349707493732,0.2503354409057365,0.9274786849392044,0.9079751473633878,0.7297666685537424
0.6980011874125598,0.6691975584338258,-0.6349707493732,0.3242309923232517,0.8899358246189358,0.898772662099727,0.8463549982811872
0.6980011874125598,0.6691975584338258,-0.6349707493732,0.282815504786924,0.9003619388133235,0.898772662099727,0.7838472323496152
0.6980011874125598,0.6691975584338258,-0.6349707493732,0.2643084451512905,0.9055941890374553,0.898772662099727,0.6922498246917258
0.6980011874125598,0.6691975584338258,-0.6349707493732,0.1921912568477791,0.9544310156060056,0.9523939944179076,0.6332780915565716
0.6980011874125598,0.6691975584338258,-0.6349707493732,0.2427828169284003,0.9007838479045992,0.920893766673462,0.7037312685461985
0.6980011874125598,0.6691975584338258,-0.6349707493732,0.167850599716486,0.9213202389523006,0.901840157187614,0.7279937173365453
0.6980011874125598,0.6691975584338258,-0.6349707493732,0.1563382769342665,0.9103818551044158,0.901840157187614,0.8097088562313606
0.6980011874125598,0.6691975584338258,-0.6349707493732,0.1772541117105564,0.9007512365738723,0.901840157187614,0.7069180454035117
0.6980011874125598,0.6691975584338258,-0.6349707493732,0.1406923733999867,0.899135192270756,0.901840157187614,0.6807612136001513
0.6980011874125598,0.6691975584338258,-0.6349707493732,0.1202042894838901,0.8887892475977379,0.901840157187614,0.560493623829941
0.6980011874125598,0.6691975584338258,-0.6349707493732,0.0663939023280292,0.8451581745471043,0.8343552652540985,0.6556450411248479
0.6980011874125598,0.6691975584338258,-0.6349707493732,0.1094056151315736,0.788643587651288,0.7822078487600184,0.6506667487312867
0.6980011874125598,0.6691975584338258,-0.6349707493732,0.0386340696653766,0.8648997493336849,0.7822078487600184,0.5895607651315857
0.6980011874125598,0.6691975584338258,-0.6349707493732,0.060231550676093,0.8687162941327841,0.8251527799904371,0.653832493860055
0.6980011874125598,0.6691975584338258,-0.6349707493732,0.1467147346310951,0.7751000340602533,0.7760728585842441,0.4774831243246484
0.6980011874125598,0.6691975584338258,-0.6349707493732,0.1312097952904178,0.7414506608975167,0.7760728585842441,0.5413509909919951
0.6980011874125598,0.6691975584338258,-0.6349707493732,0.1575298996136588,0.6507906094628194,0.6896964529361729,0.512743492830393
0.6980011874125598,0.6691975584338258,-0.6349707493732,0.1889320605403424,0.6489548633040002,0.6349680845414389,0.551975068795115
0.6980011874125598,0.6691975584338258,-0.6349707493732,0.199373063918773,0.622759344808476,0.6349680845414389,0.7453813757978938
0.6980011874125598,0.6691975584338258,-0.6349707493732,0.1194758016036619,0.6736912370628596,0.6349680845414389,0.813389878709479
0.6980011874125598,0.6691975584338258,-0.6349707493732,0.1600573268499965,0.6508137940807576,0.6349680845414389,0.6979722172912918
0.6980011874125598,0.6691975584338258,-0.6349707493732,0.1896059324693026,0.6527659304186414,0.6349680845414389,0.5679695221099766
0.6980011874125598,0.6691975584338258,-0.6349707493732,0.2207783888660598,0.6252813726433409,0.6349680845414389,0.4501053948044721
0.6980011874125598,0.6691975584338258,-0.6349707493732,0.2635626622198274,0.5785458113104766,0.5785892477066747,0.415818801205141
0.6980011874125598,0.6691975584338258,-0.6349707493732,0.261637619289414,0.5969033153613361,0.6073606287504555,0.3988197009912672
0.6980011874125598,0.6691975584338258,-0.6349707493732,0.2829687681540484,0.5747130457713546,0.6012256385746815,0.3586396116935237
0.6980011874125598,0.6691975584338258,-0.6349707493732,0.3075064025824538,0.5514824832237284,0.5478058918158007,0.4070976836004189
0.6980011874125598,0.6691975584338258,-0.6349707493732,0.3050613649904322,0.545937962522821,0.5613482024321497,0.558687010097503
0.6980011874125598,0.6691975584338258,-0.6349707493732,0.3121409894270186,0.542276194156663,0.5613482024321497,0.7593493809439628
0.6980011874125598,0.6691975584338258,-0.6349707493732,0.3445534607762685,0.570495695828078,0.5863989290002207,0.8247439572357803
0.6980011874125598,0.6691975584338258,-0.6349707493732,0.3805316975051506,0.5596052947975384,0.5521457171684883,0.7603311749312319
0.6980011874125598,0.6691975584338258,-0.6349707493732,0.352157186655295,0.5535404789984627,0.5521457171684883,0.7192511567683626
0.6980011874125598,0.6691975584338258,-0.6349707493732,0.3618178169997927,0.5675028419058471,0.5521457171684883,0.8146288120147399
0.6980011874125598,0.6691975584338258,-0.6349707493732,0.3457986621272343,0.5753034892007213,0.5613482024321497,0.8508474459957921
0.6980011874125598,0.6691975584338258,-0.6349707493732,0.3290979509883862,0.5435571655290974,0.5613482024321497,0.789739582465048
0.6980011874125598,0.6691975584338258,-0.6349707493732,0.3974771643139839,0.5333081631321845,0.5613482024321497,0.8764516955681655
0.6980011874125598,0.6691975584338258,-0.6349707493732,0.3892726629710084,0.5351734633094747,0.53987573681694,0.8083543659147929
0.6980011874125598,0.6691975584338258,-0.6349707493732,0.3280365386641296,0.5292238487346976,0.53987573681694,0.8823607888194511
0.6980011874125598,0.6691975584338258,-0.6349707493732,0.4642524045281153,0.5437239588977097,0.53987573681694,0.9075425238898835
0.6980011874125598,0.6691975584338258,-0.6349707493732,0.4806992996763802,0.5400490695664545,0.5613482024321497,0.7987915091855141
0.6980011874125598,0.6691975584338258,-0.6349707493732,0.5018094232901659,0.5302486428177136,0.5559861203750028,0.8814558957614147
0.6980011874125598,0.6691975584338258,-0.6349707493732,0.4736852567192623,0.542386979263259,0.53987573681694,0.8283611208062777
0.6980011874125598,0.6691975584338258,-0.6349707493732,0.4449320329360011,0.5500302174396388,0.53987573681694,0.9587111919956542
0.6980011874125598,0.6691975584338258,-0.6349707493732,0.3995023576573622,0.5383918789358977,0.53987573681694,0.9359753059601656
0.6980011874125598,0.6691975584338258,-0.6349707493732,0.3064902071852936,0.5256292563128226,0.5337407466411659,0.925657010690778
0.6980011874125598,0.6691975584338258,-0.6349707493732,0.3579955471699606,0.5379089934501907,0.5245382613775049,0.7988593041987566
0.6980011874125598,0.6691975584338258,-0.6349707493732,0.3649587845910153,0.5616246495423752,0.5613482024321497,0.7596657380898126
0.6980011874125598,0.6691975584338258,-0.6349707493732,0.3630995136608306,0.5788690371561678,0.5732712185123918,0.7601307272837593
0.6980011874125598,0.6691975584338258,-0.6349707493732,0.1749478790768545,0.6736642308046019,0.6633479367043372,0.7321001917088596
0.6980011874125598,0.6691975584338258,-0.6349707493732,0.2126473226916692,0.6816838580897845,0.6656430354203098,0.93207292160172
0.6980011874125598,0.6691975584338258,-0.6349707493732,0.3413016524405344,0.7838059854841525,0.806747809463115,0.8901526917582664
0.6980011874125598,0.6691975584338258,-0.6349707493732,0.3246512811203357,0.7744690387808295,0.7730053634963572,0.9144787644648538
0.6980011874125598,0.6691975584338258,-0.6349707493732,0.3892273613680186,0.7846171074106365,0.7576678880569219,0.9267017823679918
0.6980011874125598,0.6691975584338258,-0.6349707493732,0.3674009220336867,0.7676991303428015,0.7791403536721313,0.9374388910250794
0.6980011874125598,0.6691975584338258,-0.6349707493732,0.4192417479081587,0.799759125759318,0.7822078487600184,0.852051953063826
0.6980011874125598,0.6691975584338258,-0.6349707493732,0.2894237596937095,0.856656131463108,0.8427021100138897,0.8703262340033858
0.6980011874125598,0.6691975584338258,-0.6349707493732,0.4606646445851622,0.8704903844944478,0.8834351866602914,0.7871128488150492
0.6980011874125598,0.6691975584338258,-0.6349707493732,0.5312433142428356,0.862012117908252,0.8502627412405198,0.7873511300747645
0.6980011874125598,0.6691975584338258,-0.6349707493732,0.4517119470477606,0.8615989561270412,0.8758303746341196,0.8069665068222099
0.6980011874125598,0.6691975584338258,-0.6349707493732,0.4370772006949815,0.8675245368304751,0.8404902554298727,0.7276586196281092
0.6980011874125598,0.6691975584338258,-0.6349707493732,0.3496487056501143,0.8325435343297354,0.8527602357814209,0.8209648258563491
0.6980011874125598,0.6691975584338258,-0.6349707493732,0.2077390633595099,0.8639481608941233,0.8527602357814209,0.7578916706635588
0.6980011874125598,0.6691975584338258,-0.6349707493732,0.1797131419939688,0.8551536323401516,0.8527602357814209,0.6565819517584626
0.6980011874125598,0.6691975584338258,-0.6349707493732,0.170897196024471,0.8332360155556333,0.8159502947267759,0.7838713777139502
0.6980011874125598,0.6691975584338258,-0.6349707493732,0.2414379308818836,0.777337816780686,0.8068393268335946,0.678856725957781
0.6980011874125598,0.6691975584338258,-0.6349707493732,0.3238148103069995,0.7813654859761038,0.7716071008946382,0.6320088443632403
0.6980011874125598,0.6691975584338258,-0.6349707493732,0.3412604576183763,0.7695001420373832,0.7699378684084701,0.6000113018002877
0.6980011874125598,0.6691975584338258,-0.6349707493732,0.2312573058757777,0.7155485169905211,0.714722956826503,0.5503073349684875
0.6980011874125598,0.6691975584338258,-0.6349707493732,0.1737971125160464,0.7552192666407013,0.714722956826503,0.4607977082296727
0.6980011874125598,0.6691975584338258,-0.6349707493732,0.2074077900954035,0.7334479762177505,0.7846623565770405,0.463850451878396
0.6980011874125598,0.6691975584338258,-0.6349707493732,0.1455239587106372,0.6042842191611155,0.6472380648929872,0.4324899121998354
0.6980011874125598,0.6691975584338258,-0.6349707493732,0.2341366249562741,0.6090455583725415,0.5858881631352458,0.4605774038105571
0.6980011874125598,0.6691975584338258,-0.6349707493732,0.3312067617765353,0.5763937182585414,0.5858881631352458,0.4847188907878482
0.6980011874125598,0.6691975584338258,-0.6349707493732,0.3800768186055969,0.5577641558796018,0.5736181827836976,0.5346092057842976
0.6980011874125598,0.6691975584338258,-0.6349707493732,0.3045092358272638,0.5363299341328331,0.5490782220806014,0.6278024986542602
0.6980011874125598,0.6691975584338258,-0.6349707493732,0.3496346917897501,0.5501714482807802,0.5490782220806014,0.6520002073193095
0.6980011874125598,0.6691975584338258,-0.6349707493732,0.430165700244818,0.5369827976874184,0.5490782220806014,0.7294419692138885
0.6980011874125598,0.6691975584338258,-0.6349707493732,0.4202319478060332,0.538739775592985,0.5490782220806014,0.7289352690499227
0.6980011874125598,0.6691975584338258,-0.6349707493732,0.2973159128347623,0.5302943751135372,0.5490782220806014,0.8592140203553509
0.6980011874125598,0.6691975584338258,-0.6349707493732,0.3410958900194778,0.5215380629627607,0.5490782220806014,0.845424432414843
0.6980011874125598,0.6691975584338258,-0.6349707493732,0.4539418867014741,0.5531750452585754,0.5460107269927142,0.8550317612628607
0.6980011874125598,0.6691975584338258,-0.6349707493732,0.4027166122343562,0.56479448787407,0.5674831926079237,0.8694824974520957
0.6980011874125598,0.6691975584338258,-0.6349707493732,0.3914986228577302,0.5435944052908774,0.5490782220806014,0.8782483221669369
0.6980011874125598,0.6691975584338258,-0.6349707493732,0.3988763064392215,0.5776248809188113,0.5705506876958107,0.8869477030689729
0.6980011874125598,0.6691975584338258,-0.6349707493732,0.3771993200568094,0.5779465356457048,0.5705506876958107,0.8506874756135917
0.6980011874125598,0.6691975584338258,-0.6349707493732,0.3359072052972222,0.5727297418335319,0.5705506876958107,0.8931887216450594
0.6980011874125598,0.6691975584338258,-0.6349707493732,0.3356571150459504,0.5520933511974693,0.5705506876958107,0.9376425110561872
0.6980011874125598,0.6691975584338258,-0.6349707493732,0.4088542596943815,0.5718698302989684,0.5705506876958107,0.968641516496018
0.6980011874125598,0.6691975584338258,-0.6349707493732,0.4444934118079876,0.5739021786208919,0.5705506876958107,0.9115924240873692
0.6980011874125598,0.6691975584338258,-0.6349707493732,0.4213709232486799,0.5530942812598232,0.5582807073442624,0.9530383825773506
0.6980011874125598,0.6691975584338258,-0.6349707493732,0.4822770232608806,0.591813315082431,0.5828206680473589,0.9089584644524232
0.6980011874125598,0.6691975584338258,-0.6349707493732,0.6468220983717323,0.7272989569436347,0.7012230785417605,0.9504899598048666
0.6980011874125598,0.6691975584338258,-0.6349707493732,0.5248732737932671,0.7474070694995282,0.7392629175295995,0.9510430120186144
0.6980011874125598,0.6691975584338258,-0.6349707493732,0.4913118987528647,0.7260492805591502,0.7208579470022769,0.925348878243242
0.6980011874125598,0.6691975584338258,-0.6349707493732,0.3888828998335091,0.75703344176305,0.7607353831448089,0.8921008290495441
0.6980011874125598,0.6691975584338258,-0.6349707493732,0.4759215894029304,0.7597369550504224,0.7699378684084701,0.9386280061576976
0.6980011874125598,0.6691975584338258,-0.6349707493732,0.3672146774060678,0.7658978638721988,0.7699378684084701,0.9309439055146363
0.6980011874125598,0.6691975584338258,-0.6349707493732,0.3983844665121818,0.7160257974037596,0.7004563540292467,0.9048055205346368
0.6980011874125598,0.6691975584338258,-0.6349707493732,0.4508136628322139,0.7147295819327172,0.6993854813870676,0.9254318302005196
0.6980011874125598,0.6691975584338258,-0.6349707493732,0.3904136706350976,0.7139179504541905,0.7085879666507289,0.919480673492144
0.6980011874125598,0.6691975584338258,-0.6349707493732,0.4876472954366161,0.7017907816909121,0.7085879666507289,0.8705578180087601
0.6980011874125598,0.6691975584338258,-0.6349707493732,0.5041568084080791,0.7051399398789332,0.7085879666507289,0.7805307989981718
0.6980011874125598,0.6691975584338258,-0.6349707493732,0.3411591005739299,0.7442493754915155,0.7392629175295995,0.7215585371324116
0.6980011874125598,0.6691975584338258,-0.6349707493732,0.4275311368343067,0.7557007933209614,0.7546003929690347,0.7400914260860906
0.6980011874125598,0.6691975584338258,-0.6349707493732,0.4967648569385432,0.7629309971041409,0.7699024725941653,0.7969645686986724
0.6980011874125598,0.6691975584338258,-0.6349707493732,0.4119099586609112,0.887918253306248,0.8692217628756113,0.7480250875751259
0.6980011874125598,0.6691975584338258,-0.6349707493732,0.2868237863856679,0.8556886619848851,0.8435577505177595,0.7805908980437065
0.6980011874125598,0.6691975584338258,-0.6349707493732,0.3372052020677472,0.7923546551775681,0.7793551167092869,0.7150738324948607
0.6980011874125598,0.6691975584338258,-0.6349707493732,0.4257255927585091,0.7785351791554637,0.7914103340236796,0.8339086210709884
0.6980011874125598,0.6691975584338258,-0.6349707493732,0.4164769953114852,0.7868964186225417,0.8039816478979723,0.780583965797985
0.6980011874125598,0.6691975584338258,-0.6349707493732,0.4205569762229985,0.7738528205106412,0.7760728585842441,0.7955005136509979
0.6980011874125598,0.6691975584338258,-0.6349707493732,0.3785114153635919,0.7632650933934079,0.7546003929690347,0.8783885532731847
0.6980011874125598,0.6691975584338258,-0.6349707493732,0.423269822496994,0.7721960969694569,0.7646969850311478,0.8330022005689792
0.6980011874125598,0.6691975584338258,-0.6349707493732,0.3607432375741063,0.7571914028962571,0.7576678880569219,0.6965333650691641
0.6980011874125598,0.6691975584338258,-0.6349707493732,0.4258912188060755,0.7744946862336405,0.7852753438479054,0.638166206007908
0.6980011874125598,0.6691975584338258,-0.6349707493732,0.3426531643757127,0.7649188445476768,0.766870373320583,0.6114066800616925
0.6980011874125598,0.6691975584338258,-0.6349707493732,0.238062516910702,0.7061486830726068,0.7208579470022769,0.6434081587302666
0.6980011874125598,0.6691975584338258,-0.6349707493732,0.2480708899805798,0.741989172481208,0.7208579470022769,0.6948342011454094
0.6980011874125598,0.6691975584338258,-0.6349707493732,0.284459529595987,0.7566039743164759,0.7412692205172922,0.7098030933284042
0.6980011874125598,0.6691975584338258,-0.6349707493732,0.290543661891359,0.7280383169574522,0.7331279273538254,0.7518029265019649
0.6980011874125598,0.6691975584338258,-0.6349707493732,0.2520866018889731,0.7325222900070212,0.7331279273538254,0.7870563921359105
0.6980011874125598,0.6691975584338258,-0.6349707493732,0.3539850004910672,0.7330444110000087,0.7331279273538254,0.7452486056679735
0.6980011874125598,0.6691975584338258,-0.6349707493732,0.2929458323123272,0.7100151215092108,0.7331279273538254,0.7841574209717299
0.6980011874125598,0.6691975584338258,-0.6349707493732,0.2350604177847192,0.705140491893646,0.7055204715628418,0.7270143907587702
0.6980011874125598,0.6691975584338258,-0.6349707493732,0.1848462793301285,0.6312598193711951,0.6288330943656649,0.7712481107421628
0.6980011874125598,0.6691975584338258,-0.6349707493732,0.2058181483789017,0.6192934992026986,0.6288330943656649,0.7699840333592002
0.6980011874125598,0.6691975584338258,-0.6349707493732,0.1374867663486102,0.6626701359333925,0.6288330943656649,0.7865394698468977
0.6980011874125598,0.6691975584338258,-0.6349707493732,0.2898555644123011,0.7070771293569005,0.7085879666507289,0.7229314742723398
0.6980011874125598,0.6691975584338258,-0.6349707493732,0.2698890734153014,0.7151637202730152,0.7061773411143324,0.7334700739608428
0.6980011874125598,0.6691975584338258,-0.6349707493732,0.2534966036975443,0.658731001405377,0.6864954346017937,0.7619260614299386
0.6980011874125598,0.6691975584338258,-0.6349707493732,0.2968474434543115,0.7116922271320989,0.6853251125150861,0.7183060214364342
0.6980011874125598,0.6691975584338258,-0.6349707493732,0.2209654590836398,0.5777988080160198,0.6317778981791485,0.8424731169206805
0.6980011874125598,0.6691975584338258,-0.6349707493732,0.2723390433781159,0.567788743064418,0.5548650965549654,0.8311442412199261
0.6980011874125598,0.6691975584338258,-0.6349707493732,0.2772197195379875,0.5461770698188128,0.5490782220806014,0.751140720792026
0.6980011874125598,0.6691975584338258,-0.6349707493732,0.1722692630327816,0.5270007156354898,0.5490782220806014,0.6393480951555792
0.6980011874125598,0.6691975584338258,-0.6349707493732,0.302671557249906,0.5345048461042385,0.5490782220806014,0.5888658956197727
0.6980011874125598,0.6691975584338258,-0.6349707493732,0.2894188061539433,0.5301954370919317,0.5490782220806014,0.6790226298723363
0.6980011874125598,0.6691975584338258,-0.6349707493732,0.2995660053511142,0.5328624749455877,0.5490782220806014,0.7311216876009159
0.6980011874125598,0.6691975584338258,-0.6349707493732,0.2010772509501243,0.4983790075517797,0.5242261385282314,0.6602055188440756
0.6980011874125598,0.6691975584338258,-0.6349707493732,0.2321110505713754,0.4905823942105763,0.4539858743561024,0.6743347868249371
0.6980011874125598,0.6691975584338258,-0.6349707493732,0.2089529346299032,0.5123128780074487,0.5214707662896175,0.6530575510353741
0.6980011874125598,0.6691975584338258,-0.6349707493732,0.3145761411084812,0.4686408284800556,0.4817433145795077,0.7876173753087464
0.6980011874125598,0.6691975584338258,-0.6349707493732,0.3950939189551993,0.4509755508790727,0.4693233497955377,0.8102521563028222
0.6980011874125598,0.6691975584338258,-0.6349707493732,0.4187802642889167,0.4585277915531776,0.4539858743561024,0.7250544451506278
0.6980011874125598,0.6691975584338258,-0.6349707493732,0.414629409654595,0.4624262893057952,0.4539858743561024,0.6909395127546715
0.6980011874125598,0.6691975584338258,-0.6349707493732,0.4373038357237707,0.4481362419723465,0.4539858743561024,0.639269020556078
0.6980011874125598,0.6691975584338258,-0.6349707493732,0.3809503351223126,0.4517130000727304,0.4348198938212261,0.6981147395634982
0.6980011874125598,0.6691975584338258,-0.6349707493732,0.4282340737636898,0.4651877216753435,0.4601208645318765,0.634176287360267
0.6980011874125598,0.6691975584338258,-0.6349707493732,0.4803558965905388,0.4412402194037744,0.4323483277804423,0.6541097836889151
0.6980011874125598,0.6691975584338258,-0.6349707493732,0.4406335882194154,0.4537067073647564,0.4509183792682153,0.6502099842356538
0.6980011874125598,0.6691975584338258,-0.6349707493732,0.4200106050205839,0.4637456469321059,0.4601208645318765,0.7023395908436841
0.6980011874125598,0.6691975584338258,-0.6349707493732,0.4326000051673463,0.4382267710864885,0.438648398916667,0.6439032268209032
0.6980011874125598,0.6691975584338258,-0.6349707493732,0.3630778366321103,0.4461016431289016,0.4509183792682153,0.6227572337172879
0.6980011874125598,0.6691975584338258,-0.6349707493732,0.2956578741653351,0.4400078677887382,0.4478508841803282,0.6493410448588168
0.6980011874125598,0.6691975584338258,-0.6349707493732,0.2339602662392142,0.454027045748873,0.4478508841803282,0.5660437089998359
0.6980011874125598,0.6691975584338258,-0.6349707493732,0.0978389198412796,0.5223897367393018,0.4550370021042775,0.4341912497938587
0.6980011874125598,0.6691975584338258,-0.6349707493732,0.0855910704951898,0.8665109528923965,0.8282202750783244,0.3818310578938207
0.6980011874125598,0.6691975584338258,-0.6349707493732,0.2856198221948069,0.9261486691826692,0.9355826031543716,0.3455862517477776
0.6980011874125598,0.6691975584338258,-0.6349707493732,0.259532110861109,0.8946780556287642,0.9288682304085428,0.3806198829453684
0.6980011874125598,0.6691975584338258,-0.6349707493732,0.2632330189666698,0.8941070176396867,0.8957051670118398,0.4487744623737885
0.6980011874125598,0.6691975584338258,-0.6349707493732,0.2412937066663838,0.9073604662677992,0.8957051670118398,0.4375677821908368
0.6980011874125598,0.6691975584338258,-0.6349707493732,0.2134869900199827,0.9157961003330976,0.8957051670118398,0.5369997730970046
0.6980011874125598,0.6691975584338258,-0.6349707493732,0.1437249981855543,0.8302574290905955,0.8957051670118398,0.4800996064756778
0.6980011874125598,0.6691975584338258,-0.6349707493732,0.1091864209969203,0.8511785319304624,0.7822078487600184,0.4331138436886933
0.6980011874125598,0.6691975584338258,-0.6349707493732,0.085361609408457,0.8512379796687664,0.8496927406935337,0.403201232774328
0.6980011874125598,0.6691975584338258,-0.6349707493732,0.1158860094392663,0.8207520754371922,0.7883428389357925,0.4448155919622815
0.6980011874125598,0.6691975584338258,-0.6349707493732,0.0046614926097049,0.7535931162220733,0.7883428389357925,0.4128118515016711
0.6980011874125598,0.6691975584338258,-0.6349707493732,0.0887331600420005,0.510772374794648,0.4693233497955377,0.3975140301339755
0.6980011874125598,0.6691975584338258,-0.6349707493732,0.1960067314371627,0.4593704632436328,0.4325134087408929,0.3211692373769793
0.6980011874125598,0.6691975584338258,-0.6349707493732,0.3010802643534821,0.4514811963560161,0.4693233497955377,0.2945145175864178
0.6980011874125598,0.6691975584338258,-0.6349707493732,0.2948486266517395,0.456591323940604,0.438648398916667,0.2323248859230098
0.6980011874125598,0.6691975584338258,-0.6349707493732,0.3436214332171865,0.4429628450091353,0.4631883596197635,0.2779441297721429
0.6980011874125598,0.6691975584338258,-0.6349707493732,0.3421949831163148,0.4402522404558367,0.4478508841803282,0.3738658194380455
0.6980011874125598,0.6691975584338258,-0.6349707493732,0.4883454481780197,0.4798203578321025,0.2944765349187893,0.26786514384976
0.6980011874125598,0.6691975584338258,-0.6349707493732,0.5340648843640067,0.4784985798335894,0.2944765349187893,0.3029298526574074
0.6980011874125598,0.6691975584338258,-0.6349707493732,0.5857618035575792,0.4858060232138936,0.2944765349187893,0.3450388099532367
0.6980011874125598,0.6691975584338258,-0.6349707493732,0.3541869101589722,0.4985717456118944,0.484660825234973,0.3164788387983184
0.6980011874125598,0.6691975584338258,-0.6349707493732,0.5212480871054141,0.4809910961126539,0.484660825234973,0.2422621279821337
0.6980011874125598,0.6691975584338258,-0.6349707493732,0.507861844463445,0.4629117225517153,0.484660825234973,0.1995955067667165
0.6980011874125598,0.6691975584338258,-0.6349707493732,0.5063678229996089,0.474012143949148,0.4723908448834247,0.144696115505875
0.6980011874125598,0.6691975584338258,-0.6349707493732,0.4665765884512262,0.4883201105294282,0.477593986940675,0.1422834883773339
0.6980011874125598,0.6691975584338258,-0.6349707493732,0.4832929222924138,0.477959643623196,0.4662558547076506,0.1444825083411005
0.6980011874125598,0.6691975584338258,-0.6349707493732,0.4198993832345519,0.4735085791430453,0.4662558547076506,0.1455606634812909
0.6980011874125598,0.6691975584338258,-0.6349707493732,0.358189412627989,0.4758061493031437,0.4842761196435949,0.1383143224059736
0.6980011874125598,0.6691975584338258,-0.6349707493732,0.2217475044664681,0.5279026652135678,0.4969308055865212,0.1515464520443513
0.6980011874125598,0.6691975584338258,-0.6349707493732,0.3053258924815353,0.5293760349447553,0.5276057564653919,0.1070385338374468
0.6980011874125598,0.6691975584338258,-0.6349707493732,0.2978034342912367,0.5510643957727724,0.5276057564653919,0.1167752621577723
0.6980011874125598,0.6691975584338258,-0.6349707493732,0.243460308751805,0.5847005205824013,0.5460107269927142,0.1085717277553204
0.6980011874125598,0.6691975584338258,-0.6349707493732,0.3008813606797941,0.6069527856708993,0.5950906483989074,0.109374406906368
0.6980011874125598,0.6691975584338258,-0.6349707493732,0.3206890420386491,0.6338050742866692,0.622698104189891,0.1052565868564691
0.6980011874125598,0.6691975584338258,-0.6349707493732,0.2974637992826533,0.5960834461247871,0.5889556582231333,0.1087272920491385
0.6980011874125598,0.6691975584338258,-0.6349707493732,0.2973191093497396,0.5956657833005332,0.5889556582231333,0.1001707345020152
0.6980011874125598,0.6691975584338258,-0.6349707493732,0.3619750601339087,0.5923754359107629,0.5889556582231333,0.0795451665276767
0.6980011874125598,0.6691975584338258,-0.6349707493732,0.3877328741867687,0.6375930417087121,0.6533730550687618,0.0810251863022564
0.6980011874125598,0.6691975584338258,-0.6349707493732,0.3069489388379988,0.6924087820944889,0.6533730550687618,0.1082158259662391
0.6980011874125598,0.6691975584338258,-0.6349707493732,0.227866586736857,0.7009160506844431,0.714722956826503,0.128742756308659
0.6980011874125598,0.6691975584338258,-0.6349707493732,0.1858281386524993,0.6945064380032059,0.714722956826503,0.1277544853714678
0.6980011874125598,0.6691975584338258,-0.6349707493732,0.2511837663441541,0.6790971596081791,0.714722956826503,0.0851674381122351
0.6980011874125598,0.6691975584338258,-0.6349707493732,0.4779154103277895,0.7086766981439726,0.714722956826503,0.085309123227649
0.6980011874125598,0.6691975584338258,-0.6349707493732,0.5075536665492739,0.7194273120641581,0.6748455206839709,0.1291875215569308
0.6980011874125598,0.6691975584338258,-0.6349707493732,0.4421011061286051,0.7462904711235036,0.1441717383933785,0.1185397757157173
0.6980011874125598,0.6691975584338258,-0.6349707493732,0.4415355981742733,0.7077174664237718,0.1441717383933785,0.1083568061075118
0.6980011874125598,0.6691975584338258,-0.6349707493732,0.2978851253594319,0.7115288307771044,0.1441717383933785,0.1393419543993801
0.6980011874125598,0.6691975584338258,-0.6349707493732,0.5572876291811462,0.7246287343897125,0.1441717383933785,0.1313843972243514
0.6980011874125598,0.6691975584338258,-0.6349707493732,0.295011013846382,0.6892459925660501,0.6840480059476323,0.113190461306443
0.6980011874125598,0.6691975584338258,-0.6349707493732,0.3337022026941265,0.6787043799086723,0.6717780255960837,0.1255480631792189
0.6980011874125598,0.6691975584338258,-0.6349707493732,0.2088299428946833,0.6775783548198596,0.7085879666507289,0.0870098072518956
0.6980011874125598,0.6691975584338258,-0.6349707493732,0.2481499984340251,0.6620689069857908,0.6533730550687618,0.1335706395318093
0.6980011874125598,0.6691975584338258,-0.6349707493732,0.2367629536361484,0.6552473214781089,0.6533730550687618,0.1303581164313821
0.6980011874125598,0.6691975584338258,-0.6349707493732,0.2456753031103265,0.64360350528991,0.6533730550687618,0.1395199016221804
0.6980011874125598,0.6691975584338258,-0.6349707493732,0.2120563908003324,0.6782658254506718,0.6441705698051005,0.1681358447865152
0.6980011874125598,0.6691975584338258,-0.6349707493732,0.2156889019529679,0.6730558256657333,0.6617048033005244,0.1172633539418035
0.6980011874125598,0.6691975584338258,-0.6349707493732,0.1865471851706091,0.6778726635871329,0.6656430354203098,0.1174328414749097
0.6980011874125598,0.6691975584338258,-0.6349707493732,0.2850297794003513,0.7077778483408204,0.7022165494936222,0.1373876632713284
0.6980011874125598,0.6691975584338258,-0.6349707493732,0.257386233200607,0.6986296057439415,0.714722956826503,0.1751690193058963
0.6980011874125598,0.6691975584338258,-0.6349707493732,0.2812612999318263,0.6918892513243846,0.714722956826503,0.1948426886026396
0.6980011874125598,0.6691975584338258,-0.6349707493732,0.1570247444023756,0.6867369583082711,0.714722956826503,0.2086021976464575
0.6980011874125598,0.6691975584338258,-0.6349707493732,0.149364222167825,0.6686242515512124,0.714722956826503,0.1990452597625722
0.6980011874125598,0.6691975584338258,-0.6349707493732,0.1306820422000732,0.6620263169275632,0.6625755403324227,0.1113009543645725
0.6980011874125598,0.6691975584338258,-0.6349707493732,0.1252294862248885,0.6852369644828578,0.6625755403324227,0.1052198253923994
0.6980011874125598,0.6691975584338258,-0.6349707493732,0.1974041800445316,0.6475852298761527,0.6625755403324227,0.1465982679214027
0.6980011874125598,0.6691975584338258,-0.6349707493732,0.2180492001446306,0.6619730687391109,0.622698104189891,0.1863187287660647
0.6980011874125598,0.6691975584338258,-0.6349707493732,0.1806087589188721,0.6037954738269182,0.622698104189891,0.1805013555879374
0.6980011874125598,0.6691975584338258,-0.6349707493732,0.2499753143309408,0.6182649684047038,0.622698104189891,0.1721178324750681
0.6980011874125598,0.6691975584338258,-0.6349707493732,0.2160267375988158,0.6245525433717374,0.622698104189891,0.2236219507763454
0.6980011874125598,0.6691975584338258,-0.6349707493732,0.2394357905504941,0.6280711276139243,0.622698104189891,0.1455377958825867
0.6980011874125598,0.6691975584338258,-0.6349707493732,0.1931716766799615,0.6204498001753764,0.622698104189891,0.1969946662294444
0.6980011874125598,0.6691975584338258,-0.6349707493732,0.1679606783779566,0.5790724758091773,0.622698104189891,0.2119371365691066
0.6980011874125598,0.6691975584338258,-0.6349707493732,0.170130709837062,0.5363148598849059,0.5858881631352458,0.1997466649721524
0.6980011874125598,0.6691975584338258,-0.6349707493732,0.0835405378907,0.5193019787491363,0.5276057564653919,0.1685040469056637
0.6980011874125598,0.6691975584338258,-0.6349707493732,0.2430379665643051,0.460049483803072,0.4539858743561024,0.1648416768683638
0.6980011874125598,0.6691975584338258,-0.6349707493732,0.1993287784265044,0.4720773323807129,0.4539858743561024,0.1400698108262154
0.6980011874125598,0.6691975584338258,-0.6349707493732,0.1358465202012919,0.483621743457934,0.4539858743561024,0.1991466732301717
0.6980011874125598,0.6691975584338258,-0.6349707493732,0.1391922870252832,0.5325941533324869,0.5368082417290531,0.2021002945772543
0.6980011874125598,0.6691975584338258,-0.6349707493732,0.2503090855339036,0.556725646354106,0.5368082417290531,0.1260523253076131
0.6980011874125598,0.6691975584338258,-0.6349707493732,0.2013195298502264,0.5531905865958751,0.5337407466411659,0.1016489477803582
0.6980011874125598,0.6691975584338258,-0.6349707493732,0.1146096473595151,0.5523710995233583,0.5337407466411659,0.1008670947403976
0.6980011874125598,0.6691975584338258,-0.6349707493732,0.1475209126435535,0.5374488679557196,0.5337407466411659,0.1159656507610032
0.6980011874125598,0.6691975584338258,-0.6349707493732,0.1342053002811991,0.4707879533995754,0.4631883596197635,0.0900570946945054
0.6980011874125598,0.6691975584338258,-0.6349707493732,0.1024916379115271,0.5340244234534041,0.5276057564653919,0.1192769657064424
0.6980011874125598,0.6691975584338258,-0.6349707493732,0.145727032672077,0.453425179861218,0.4631883596197635,0.2757028113599061
0.6980011874125598,0.6691975584338258,-0.6349707493732,0.1686919605626683,0.5041931662085645,0.4631883596197635,0.2346217063619025
0.6980011874125598,0.6691975584338258,-0.6349707493732,0.1054228738991882,0.5170351940249452,0.5153357761138436,0.1987730809962355
0.6980011874125598,0.6691975584338258,-0.6349707493732,0.2174977483886098,0.5506183678848136,0.5153357761138436,0.2419283374132511
0.6980011874125598,0.6691975584338258,-0.6349707493732,0.2803037214218991,0.5103789581550882,0.5171685116747644,0.1563670505347095
0.6980011874125598,0.6691975584338258,-0.6349707493732,0.2360616678866874,0.5410642670860012,0.5153357761138436,0.1135959169028639
0.6980011874125598,0.6691975584338258,-0.6349707493732,0.1722124243393107,0.5317778509602363,0.5153357761138436,0.1847054395048813
0.6980011874125598,0.6691975584338258,-0.6349707493732,0.2284124922218576,0.554831174322377,0.5526229636237717,0.1532493611432309
0.6980011874125598,0.6691975584338258,-0.6349707493732,0.2040686597445605,0.5848942352839311,0.5674831926079237,0.1903040357078655
0.6980011874125598,0.6691975584338258,-0.6349707493732,0.2125515119182431,0.6341108055122313,0.6411030747172132,0.2485732474243828
0.6980011874125598,0.6691975584338258,-0.6349707493732,0.2011669227212761,0.54111106094858,0.5644156975200366,0.1673894387275903
0.6980011874125598,0.6691975584338258,-0.6349707493732,0.1542090169178518,0.5529130505833368,0.5644156975200366,0.2842591118852072
0.6980011874125598,0.6691975584338258,-0.6349707493732,0.0725599056278699,0.5374792712275951,0.5644156975200366,0.2381617780726707
0.6980011874125598,0.6691975584338258,-0.6349707493732,0.1832620780397801,0.5874451801972138,0.610766985453362,0.1516509791477411
0.6980011874125598,0.6691975584338258,-0.6349707493732,0.2375038041968188,0.5915682630126089,0.5858881631352458,0.1764433481878284
0.6980011874125598,0.6691975584338258,-0.6349707493732,0.1851644278307518,0.5491391383051362,0.5858881631352458,0.1190679482170662
0.6980011874125598,0.6691975584338258,-0.6349707493732,0.1648027332700994,0.559324404234053,0.5858881631352458,0.0865804339390393
0.6980011874125598,0.6691975584338258,-0.6349707493732,0.2157484291060555,0.5375219886738336,0.5552132122563753,0.0650251629573314
0.6980011874125598,0.6691975584338258,-0.6349707493732,0.2569871345458561,0.5403184527463107,0.5552132122563753,0.0915132481570143
0.6980011874125598,0.6691975584338258,-0.6349707493732,0.1910334410188423,0.5471582972021858,0.5552132122563753,0.1070534411031403
0.6980011874125598,0.6691975584338258,-0.6349707493732,0.2818472147764768,0.5670542662576755,0.5552132122563753,0.1271877742837348
0.6980011874125598,0.6691975584338258,-0.6349707493732,0.2101873821424023,0.5293275425753674,0.5552132122563753,0.1017390522877764
0.6980011874125598,0.6691975584338258,-0.6349707493732,0.2298168207455684,0.5614274104392177,0.5552132122563753,0.0842148124300568
0.6980011874125598,0.6691975584338258,-0.6349707493732,0.0838893814026949,0.5316853672645039,0.5552132122563753,0.1454409941208273
0.6980011874125598,0.6691975584338258,-0.6349707493732,0.1251248268205981,0.5297710651657835,0.5552132122563753,0.0765774163238481
0.6980011874125598,0.6691975584338258,-0.6349707493732,0.2228105468016734,0.5364462818492276,0.5552132122563753,0.0509575177942369
0.6980011874125598,0.6691975584338258,-0.6349707493732,0.1494663412953123,0.5321326690325692,0.5552132122563753,0.0626163654539427
0.6980011874125598,0.6691975584338258,-0.6349707493732,0.2036681004306478,0.4871187566636504,0.48772832032286,0.1033179446856552
0.6980011874125598,0.6691975584338258,-0.6349707493732,0.1504947723590745,0.4989990049996173,0.48772832032286,0.040022729981877
0.6980011874125598,0.6691975584338258,-0.6349707493732,0.1614219847176312,0.5000057099851207,0.48772832032286,0.0263898482464264
0.6980011874125598,0.6691975584338258,-0.6349707493732,0.1270680009766941,0.5006456648879601,0.5184032712017307,0.0597141044104366
0.6980011874125598,0.6691975584338258,-0.6349707493732,0.1488837076415325,0.5273161708125311,0.5184032712017307,0.0588770430830456
0.6980011874125598,0.6691975584338258,-0.6349707493732,0.1453961192805178,0.488682954046432,0.5184032712017307,0.0622409887542116
0.6980011874125598,0.6691975584338258,-0.6349707493732,0.1110622778177324,0.5101742456219723,0.5184032712017307,0.0455874213347593
0.6980011874125598,0.6691975584338258,-0.6349707493732,0.1129209877701231,0.4889442268562768,0.5184032712017307,0.0511893514779528
0.6980011874125598,0.6691975584338258,-0.6349707493732,0.155225148808092,0.4694273645204841,0.5184032712017307,0.0991243986634257
0.6980011874125598,0.6691975584338258,-0.6349707493732,0.1946418830487677,0.4690875782334081,0.5184032712017307,0.1075536349432616
0.6980011874125598,0.6691975584338258,-0.6349707493732,0.0949222057693432,0.5226715190188616,0.5184032712017307,0.0539206159030817
0.6980011874125598,0.6691975584338258,-0.6349707493732,0.2085416003085504,0.5383722187195868,0.5184032712017307,0.0892647111033112
0.6980011874125598,0.6691975584338258,-0.6349707493732,0.1819894628683135,0.5530947483491954,0.5184032712017307,0.0589553466170799
0.6980011874125598,0.6691975584338258,-0.6349707493732,0.1883317719627807,0.5618590859446431,0.5184032712017307,0.0468189046789138
0.6980011874125598,0.6691975584338258,-0.6349707493732,0.2328543779019288,0.5517930976563654,0.5797531729594719,0.0405046312117311
0.6980011874125598,0.6691975584338258,-0.6349707493732,0.2127225995609364,0.5563411893379617,0.5797531729594719,0.0733334337523712
0.6980011874125598,0.6691975584338258,-0.6349707493732,0.212006813064724,0.551962141546499,0.5797531729594719,0.068847631887743
0.6980011874125598,0.6691975584338258,-0.6349707493732,0.2177489394264962,0.5619326737521289,0.5797531729594719,0.0979396602452672
0.6980011874125598,0.6691975584338258,-0.6349707493732,0.2055892059320162,0.5968973705875056,0.5797531729594719,0.0543956252763578
0.6980011874125598,0.6691975584338258,-0.6349707493732,0.1774597682867461,0.5959869709380543,0.5797531729594719,0.0211720610829746
0.6980011874125598,0.6691975584338258,-0.6349707493732,0.143515658208,0.6144776803853843,0.5797531729594719,0.0571697572697063
0.6980011874125598,0.6691975584338258,-0.6349707493732,0.1187482557427482,0.6916046665085906,0.6288330943656649,0.1383071845427942
0.6980011874125598,0.6691975584338258,-0.6349707493732,0.183363286901413,0.6946693672688284,0.7055204715628418,0.0923633735364588
0.6980011874125598,0.6691975584338258,-0.6349707493732,0.1672981741876906,0.7015741796101355,0.7055204715628418,0.1235691126431875
0.6980011874125598,0.6691975584338258,-0.6349707493732,0.1817179072780549,0.7614424257370156,0.7055204715628418,0.1457727432020928
0.6980011874125598,0.6691975584338258,-0.6349707493732,0.2799069090162711,0.7744033914926741,0.7484654027932607,0.0782849665024904
0.6980011874125598,0.6691975584338258,-0.6349707493732,0.3008689768303786,0.7880359468404836,0.7730053634963572,0.1339351552236779
0.6980011874125598,0.6691975584338258,-0.6349707493732,0.1580915759838124,0.8144901903856399,0.7730053634963572,0.1263987246327499
0.6980011874125598,0.6691975584338258,-0.6349707493732,0.1704638248018507,0.837669288176963,0.7730053634963572,0.1443425269131945
0.6980011874125598,0.6691975584338258,-0.6349707493732,0.1587170344706988,0.8430015804521261,0.8374227603419856,0.1499573228344643
0.6980011874125598,0.6691975584338258,-0.6349707493732,0.2627971074672462,0.88549745647718,0.8803676915724045,0.0647244327382774
0.6980011874125598,0.6691975584338258,-0.6349707493732,0.2101736434786918,0.8600359901616957,0.8803676915724045,0.0560237997727928
0.6980011874125598,0.6691975584338258,-0.6349707493732,0.1955514291581417,0.8583724725932769,0.8803676915724045,0.0575007536442065
0.6980011874125598,0.6691975584338258,-0.6349707493732,0.2951350640302699,0.8877991030536192,0.8803676915724045,0.139929168485052
0.6980011874125598,0.6691975584338258,-0.6349707493732,0.1929980910984117,0.8748741456423049,0.8803676915724045,0.132164245494098
0.6980011874125598,0.6691975584338258,-0.6349707493732,0.135058441661056,0.8528122407043893,0.8803676915724045,0.0686499600759512
0.6980011874125598,0.6691975584338258,-0.6349707493732,0.2574374832851109,0.8737522818951733,0.8803676915724045,0.0590555263799324
0.6980011874125598,0.6691975584338258,-0.6349707493732,0.2946727548210669,0.8770928201611402,0.8803676915724045,0.0709300667529136
0.6980011874125598,0.6691975584338258,-0.6349707493732,0.2952166492535983,0.8721341993838864,0.8803676915724045,0.0703810828274389
0.6980011874125598,0.6691975584338258,-0.6349707493732,0.2911907974069658,0.8832600983834492,0.8803676915724045,0.0379976403570021
0.6980011874125598,0.6691975584338258,-0.6349707493732,0.2692195834638268,0.8770057716871955,0.8803676915724045,0.0362792750672514
0.6980011874125598,0.6691975584338258,-0.6349707493732,0.2737597566872072,0.8797808770365535,0.8803676915724045,0.0540248529389863
0.6980011874125598,0.6691975584338258,-0.6349707493732,0.1568031687582194,0.8665126513992054,0.8803676915724045,0.0685731619554475
0.6980011874125598,0.6691975584338258,-0.6349707493732,0.2990737420446071,0.8845136813335939,0.8803676915724045,0.017714399747787
0.6980011874125598,0.6691975584338258,-0.6349707493732,0.1651014909911253,0.8645173305257113,0.8803676915724045,0.0052137777377658
0.6980011874125598,0.6691975584338258,-0.6349707493732,0.1655288078873646,0.8776766818766232,0.8803676915724045,0.0049434163681449
0.6980011874125598,0.6691975584338258,-0.6349707493732,0.1979629774343083,0.861118023924164,0.8803676915724045,0.0286056076743055
0.6980011874125598,0.6691975584338258,-0.6349707493732,0.3726098019565275,0.8692085214059387,0.8803676915724045,0.0239238762386667
0.6980011874125598,0.6691975584338258,-0.6349707493732,0.3756246871424196,0.8773669591600608,0.8803676915724045,0.0151513120444706
0.6980011874125598,0.6691975584338258,-0.6349707493732,0.3840675934633722,0.9012280074350684,0.9079751473633878,0.0321241960324696
0.6980011874125598,0.6691975584338258,-0.6349707493732,0.4218923574004766,0.9369616183027334,0.9294476129785976,0.0300447316052167
0.6980011874125598,0.6691975584338258,-0.6349707493732,0.431852740407748,0.9760174235628316,0.9754600392969036,0.06854979500006
0.6980011874125598,0.6691975584338258,-0.6349707493732,0.3450495344979803,0.9690324841628252,0.9720278393849984,0.0312247224631433
0.6980011874125598,0.6691975584338258,-0.6349707493732,0.3835955253574505,0.9620084791062192,0.9751430122082982,0.0627706850277928
0.6980011874125598,0.6691975584338258,-0.6349707493732,0.4109770843428947,0.9528708521768944,0.9386500982422588,0.0676518782486287
0.6980011874125598,0.6691975584338258,-0.6349707493732,0.3441792356652153,0.9690842036951496,0.9662575540332424,0.0513438913562221
0.6980011874125598,0.6691975584338258,-0.6349707493732,0.4889225990676993,0.9785521052734214,0.9773024980453684,0.0576090956857872
0.6980011874125598,0.6691975584338258,-0.6349707493732,0.4703592723008756,0.9908682329191651,0.9846625245605648,0.0319045323320397
0.6980011874125598,0.6691975584338258,-0.6349707493732,0.5242503555831838,0.9936382427480972,0.0,0.0519773693699083
0.6980011874125598,0.6691975584338258,-0.6349707493732,0.5415195383326339,0.9916375715781558,0.0,0.0437656690169878
0.6980011874125598,0.6691975584338258,-0.6349707493732,0.454765105737487,0.011397719967951,0.0,0.0674210469500197
0.6980011874125598,0.6691975584338258,-0.6349707493732,0.3221120627658366,1.0,0.0,0.0317262216069478
0.6980011874125598,0.6691975584338258,-0.6349707493732,0.2585255050088807,0.0,0.0,0.0108040302551016
0.6980011874125598,0.6691975584338258,-0.6349707493732,0.2323920475237524,0.0280334463398955,0.0153374111379277,0.0496756948903145
0.6980011874125598,0.6691975584338258,-0.6349707493732,0.1471104462501084,0.1432789087790805,0.1263005729944984,0.0344628871620854
0.6980011874125598,0.6691975584338258,-0.6349707493732,0.1738085225926873,0.1776229818422338,0.1564416760993674,0.0439785455054389
0.6980011874125598,0.6691975584338258,-0.6349707493732,0.1202685690714969,0.1740751514359353,0.1564416760993674,0.0338143384902615
0.6980011874125598,0.6691975584338258,-0.6349707493732,0.1837057797213999,0.139401960831598,0.1564416760993674,0.0288466170370776
0.6980011874125598,0.6691975584338258,-0.6349707493732,0.1040504999407639,0.1856513564374813,0.1564416760993674,0.0616013495602708
0.6980011874125598,0.6691975584338258,-0.6349707493732,0.0126566751440995,0.1056889998202115,0.1564416760993674,0.0623591159837414
0.6980011874125598,0.6691975584338258,-0.6349707493732,0.0771025767901068,0.0726804626607215,0.0705521121574454,0.0830277681589783
0.6980011874125598,0.6691975584338258,-0.6349707493732,0.0702311386220266,0.0744026371002115,0.0705521121574454,0.005230725917367
0.6980011874125598,0.6691975584338258,-0.6349707493732,0.0797662581234744,0.9961937311670936,0.0061349685198259,0.0044807465666608
0.6980011874125598,0.6691975584338258,-0.6349707493732,0.0696234938262223,0.943659849753435,0.9769810358185852,0.0051049143090598
0.6980011874125598,0.6691975584338258,-0.6349707493732,0.1174005648072613,0.9435134384665268,0.9877300196484518,0.0107469819668041
0.6980011874125598,0.6691975584338258,-0.6349707493732,0.1037804896855606,0.0032900065273201,0.9877300196484518,0.0030248801883481
0.6980011874125598,0.6691975584338258,-0.6349707493732,0.1774955438517241,0.0579220839217826,0.0858895342899315,0.0053311140514825
0.6980011874125598,0.6691975584338258,-0.6349707493732,0.2328902169738268,0.0947126118824825,0.107361925275412,0.0154186266728202
0.6980011874125598,0.6691975584338258,-0.6349707493732,0.2560238827510685,0.1032636807167654,0.107361925275412,0.0237818184416104
0.6980011874125598,0.6691975584338258,-0.6349707493732,0.0903810481887016,0.0997953510447805,0.107361925275412,0.0442108822175785
0.6980011874125598,0.6691975584338258,-0.6349707493732,0.1501219232312896,0.119596447879338,0.1717790982318535,0.0428399975804883
0.6980011874125598,0.6691975584338258,-0.6349707493732,0.0886994061139784,0.0701934824522866,0.0613496588779537,0.0394909298010933
0.6980011874125598,0.6691975584338258,-0.6349707493732,0.1234114101168619,0.091079261658367,0.1165643785549036,0.0259429956137835
0.6980011874125598,0.6691975584338258,-0.6349707493732,0.1388248465701917,0.1148682189350137,0.0889570187164287,0.0253157210053655
0.6980011874125598,0.6691975584338258,-0.6349707493732,0.2109798003221769,0.1291851026760395,0.0889570187164287,0.0440439465439937
0.6980011874125598,0.6691975584338258,-0.6349707493732,0.1519624384510776,0.1830576303839548,0.1448511674457936,0.0709136173562863
0.6980011874125598,0.6691975584338258,-0.6349707493732,0.1958328494899859,0.1675264522784026,0.1339875523522509,0.068715096749203
0.6980011874125598,0.6691975584338258,-0.6349707493732,0.1481897040189073,0.1476132433788049,0.1687116138053563,0.0731472251138541
0.6980011874125598,0.6691975584338258,-0.6349707493732,0.159039586117781,0.124182034098736,0.1073619146140221,0.0769947242980175
0.6980011874125598,0.6691975584338258,-0.6349707493732,0.144137031083028,0.1226277092867798,0.1073619146140221,0.0869548192688843
0.6980011874125598,0.6691975584338258,-0.6349707493732,0.1635964193231955,0.1386756368575371,0.1073619146140221,0.0747289447517782
0.6980011874125598,0.6691975584338258,-0.6349707493732,0.2171475288933465,0.2158016569549959,0.1809815195271756,0.0600836246843594
0.6980011874125598,0.6691975584338258,-0.6349707493732,0.2060192324568457,0.2169928197799216,0.226993626003786,0.0712761576518636
0.6980011874125598,0.6691975584338258,-0.6349707493732,0.1925480810627307,0.1935856337555279,0.226993626003786,0.0864135166241561
0.6980011874125598,0.6691975584338258,-0.6349707493732,0.203604678186462,0.2152961388660632,0.226993626003786,0.0790468232446759
0.6980011874125598,0.6691975584338258,-0.6349707493732,0.1686837258320314,0.1942511936485083,0.226993626003786,0.1071207147292575
0.6980011874125598,0.6691975584338258,-0.6349707493732,0.1443504778414141,0.2105547571096392,0.226993626003786,0.1011957669032761
0.6980011874125598,0.6691975584338258,-0.6349707493732,0.1382745802766791,0.2292530665516599,0.226993626003786,0.0751747087134167
0.6980011874125598,0.6691975584338258,-0.6349707493732,0.1381971124186692,0.2542558723347957,0.226993626003786,0.0601115849868855
0.6980011874125598,0.6691975584338258,-0.6349707493732,0.2695058726595437,0.2449288618963034,0.2283590515247643,0.0739915271131533
0.6980011874125598,0.6691975584338258,-0.6349707493732,0.1423908236395576,0.2984516776679796,0.2668707849501818,0.0863737076156219
0.6980011874125598,0.6691975584338258,-0.6349707493732,0.2275228661164151,0.2480739657225969,0.2668707849501818,0.0925582915430116
0.6980011874125598,0.6691975584338258,-0.6349707493732,0.195194181563723,0.2641874450405016,0.2392635210642155,0.1089058120634285
0.6980011874125598,0.6691975584338258,-0.6349707493732,0.1647969541403722,0.2980789191174801,0.2546008898897524,0.0953660566776784
0.6980011874125598,0.6691975584338258,-0.6349707493732,0.1495767586603566,0.2635565134550831,0.2883491356525889,0.1136077252197285
0.6980011874125598,0.6691975584338258,-0.6349707493732,0.1919580594372484,0.2552213460675183,0.2668707849501818,0.0944930636995297
0.6980011874125598,0.6691975584338258,-0.6349707493732,0.2201438488896021,0.2764383500247922,0.2668707849501818,0.1121343586386061
0.6980011874125598,0.6691975584338258,-0.6349707493732,0.1881640078489049,0.2598976750131699,0.2668707849501818,0.1123780667305123
0.6980011874125598,0.6691975584338258,-0.6349707493732,0.2867933030640299,0.2680866221958427,0.2668707849501818,0.0887984441437337
0.6980011874125598,0.6691975584338258,-0.6349707493732,0.2764816632818007,0.2613491977005309,0.2668707849501818,0.1154996114493255
0.6980011874125598,0.6691975584338258,-0.6349707493732,0.2564912725138779,0.2547290763316933,0.2331285735340008,0.1053346553991231
0.6980011874125598,0.6691975584338258,-0.6349707493732,0.2587673816984889,0.2300778826892889,0.2331285735340008,0.1105403753880178
0.6980011874125598,0.6691975584338258,-0.6349707493732,0.292378884867807,0.2560752066715757,0.2331285735340008,0.1697737640817558
0.6980011874125598,0.6691975584338258,-0.6349707493732,0.3023938414883997,0.2499686288363419,0.2576683636548598,0.1696777407289439
0.6980011874125598,0.6691975584338258,-0.6349707493732,0.2380353147799348,0.23737101614973,0.2208586784735713,0.1267938259214724
0.6980011874125598,0.6691975584338258,-0.6349707493732,0.3123651476859247,0.2485975092150367,0.2423309948293228,0.2004088119342461
0.6980011874125598,0.6691975584338258,-0.6349707493732,0.3446342415786092,0.2678051159236395,0.2791406800106112,0.1522642772766363
0.6980011874125598,0.6691975584338258,-0.6349707493732,0.3067812170620697,0.2588449829558217,0.2791406800106112,0.1267628070592609
0.6980011874125598,0.6691975584338258,-0.6349707493732,0.2762987210140259,0.2589505663853161,0.2668707849501818,0.1580848375253601
0.6980011874125598,0.6691975584338258,-0.6349707493732,0.2445496217829497,0.2103621889002053,0.226993626003786,0.1774568366375278
0.6980011874125598,0.6691975584338258,-0.6349707493732,0.2221290328733304,0.2178090796895019,0.226993626003786,0.161585386623339
0.6980011874125598,0.6691975584338258,-0.6349707493732,0.1857420656068187,0.2425032667855009,0.226993626003786,0.1983661052993227
0.6980011874125598,0.6691975584338258,-0.6349707493732,0.2696336062447963,0.2555214085266064,0.2576683636548598,0.2080563126698116
0.6980011874125598,0.6691975584338258,-0.6349707493732,0.2750387225506818,0.2675716349314516,0.239607670728601,0.2367349250979042
0.6980011874125598,0.6691975584338258,-0.6349707493732,0.3249306268927906,0.2491878040250576,0.2576683636548598,0.3308101699923927
0.6980011874125598,0.6691975584338258,-0.6349707493732,0.3142036518532435,0.268620823818507,0.2760732062455039,0.3640472039651347
0.6980011874125598,0.6691975584338258,-0.6349707493732,0.2836898468936007,0.2376608663366308,0.2308654163420213,0.473103648716166
0.6980011874125598,0.6691975584338258,-0.6349707493732,0.3263216401322582,0.2652368250095729,0.2576683636548598,0.3945750516872835
0.6980011874125598,0.6691975584338258,-0.6349707493732,0.2315037127256849,0.2094648889845159,0.1901839408224976,0.4354101207100188
0.6980011874125598,0.6691975584338258,-0.6349707493732,0.3315091817299523,0.227159359671273,0.2177912047084639,0.3946572105486523
0.6980011874125598,0.6691975584338258,-0.6349707493732,0.2721709405606664,0.2554876294724488,0.2650075364915079,0.3652188122399139
0.6980011874125598,0.6691975584338258,-0.6349707493732,0.2880063487444623,0.2557724902955992,0.2607358374199671,0.3994418406708496
0.6980011874125598,0.6691975584338258,-0.6349707493732,0.2209176595417935,0.2455765450051225,0.2607358374199671,0.3849980661012587
0.6980011874125598,0.6691975584338258,-0.6349707493732,0.2800482542513939,0.2571984504554895,0.2607358374199671,0.3561317543080796
0.6980011874125598,0.6691975584338258,-0.6349707493732,0.2364572313228873,0.2501307300798951,0.2392635210642155,0.3347117612549297
0.6980011874125598,0.6691975584338258,-0.6349707493732,0.2187635259816812,0.2414148423911651,0.2730057324803965,0.3934932688676583
0.6980011874125598,0.6691975584338258,-0.6349707493732,0.2018303583463699,0.2334758304853892,0.2361960472991081,0.3011743201762817
0.6980011874125598,0.6691975584338258,-0.6349707493732,0.1866279448039765,0.2233851076917102,0.2361960472991081,0.2265855739440558
0.6980011874125598,0.6691975584338258,-0.6349707493732,0.1581743043317022,0.2462555018705563,0.2361960472991081,0.3136284227281109
0.6980011874125598,0.6691975584338258,-0.6349707493732,0.1908504987510675,0.2591707990243963,0.2361960472991081,0.3295694742517789
0.6980011874125598,0.6691975584338258,-0.6349707493732,0.2169307797751162,0.2284136432554762,0.2361960472991081,0.3021698317853812
0.6980011874125598,0.6691975584338258,-0.6349707493732,0.2449080971778233,0.2127935164714871,0.2361960472991081,0.3098254103496476
0.6980011874125598,0.6691975584338258,-0.6349707493732,0.2586182251121963,0.2092015991978358,0.2361960472991081,0.2921037116410747
0.6980011874125598,0.6691975584338258,-0.6349707493732,0.2366714825022611,0.1876134715028658,0.1901839408224976,0.2109128825767931
0.6980011874125598,0.6691975584338258,-0.6349707493732,0.1908554311218604,0.1992288801646896,0.1901839408224976,0.1787334860593413
0.6980011874125598,0.6691975584338258,-0.6349707493732,0.2277311053073548,0.2213572391814947,0.1901839408224976,0.1253757116886641
0.6980011874125598,0.6691975584338258,-0.6349707493732,0.261374742978233,0.2193828948670876,0.2346550926556254,0.108744769533055
0.6980011874125598,0.6691975584338258,-0.6349707493732,0.3143701246597444,0.2356539319228323,0.2323585866361925,0.1113291606736999
0.6980011874125598,0.6691975584338258,-0.6349707493732,0.2649166085869421,0.2290535981583158,0.2208586784735713,0.1646918111155201
0.6980011874125598,0.6691975584338258,-0.6349707493732,0.3308136962791919,0.239352791431425,0.2341994461761797,0.1448190894326253
0.6980011874125598,0.6691975584338258,-0.6349707493732,0.347173205905428,0.2454767364987775,0.2392635210642155,0.1609462981904459
0.6980011874125598,0.6691975584338258,-0.6349707493732,0.3314589265871964,0.2268507197528012,0.2219245829080798,0.1574868432101127
0.6980011874125598,0.6691975584338258,-0.6349707493732,0.3368286060316776,0.2201790274709851,0.2207403583690065,0.1774825241327966
0.6980011874125598,0.6691975584338258,-0.6349707493732,0.3184214216123553,0.2091900493515368,0.2147237309433566,0.2033525636433523
0.6980011874125598,0.6691975584338258,-0.6349707493732,0.3368805123543557,0.1921620302738347,0.213105353286777,0.251633481423356
0.6980011874125598,0.6691975584338258,-0.6349707493732,0.3026827556368133,0.2066807815490718,0.193251414587605,0.2384899435353853
0.6980011874125598,0.6691975584338258,-0.6349707493732,0.3504645578833981,0.2077036011179224,0.193251414587605,0.2401009122566873
0.6980011874125598,0.6691975584338258,-0.6349707493732,0.3111248998747251,0.1928780995130381,0.193251414587605,0.2337563946645003
0.6980011874125598,0.6691975584338258,-0.6349707493732,0.2973406170266731,0.1940010672895954,0.193251414587605,0.2539289506618115
0.6980011874125598,0.6691975584338258,-0.6349707493732,0.2362956908871792,0.2249697508502012,0.193251414587605,0.272675241162807
0.6980011874125598,0.6691975584338258,-0.6349707493732,0.2124016779248029,0.1967039860995848,0.193251414587605,0.2279292987180094
0.6980011874125598,0.6691975584338258,-0.6349707493732,0.238041919499623,0.1915524786428704,0.193251414587605,0.1690902329040465
0.6980011874125598,0.6691975584338258,-0.6349707493732,0.2580009801869734,0.1986493284102336,0.193251414587605,0.1181790051989736
0.6980011874125598,0.6691975584338258,-0.6349707493732,0.2327373558171963,0.2052378150897596,0.193251414587605,0.1118845554577709
0.6980011874125598,0.6691975584338258,-0.6349707493732,0.2736336742818767,0.175977011972282,0.193251414587605,0.1073204720895502
0.6980011874125598,0.6691975584338258,-0.6349707493732,0.2400477008944304,0.1877257215715843,0.193251414587605,0.0793600740982164
0.6980011874125598,0.6691975584338258,-0.6349707493732,0.2392228095095219,0.2057049893874864,0.193251414587605,0.0648037900617831
0.6980011874125598,0.6691975584338258,-0.6349707493732,0.2400304058431954,0.1971748971122907,0.193251414587605,0.0737180558942245
0.6980011874125598,0.6691975584338258,-0.6349707493732,0.2701808030371718,0.1878911136720793,0.193251414587605,0.0891124366888185
0.6980011874125598,0.6691975584338258,-0.6349707493732,0.2860631640038796,0.2081841936194378,0.193251414587605,0.0635828335971221
0.6980011874125598,0.6691975584338258,-0.6349707493732,0.3205498348698355,0.2006105729908787,0.2059617103399935,0.0343314682326023
0.6980011874125598,0.6691975584338258,-0.6349707493732,0.3090432912173432,0.2138771425840884,0.2055213096480345,0.0153627886819252
0.6980011874125598,0.6691975584338258,-0.6349707493732,0.3334383526101709,0.2360776669089272,0.2331285735340008,0.0078641344470394
0.6980011874125598,0.6691975584338258,-0.6349707493732,0.2840408919788251,0.2371943077476221,0.210138139231827,0.0049251371826782
0.6980011874125598,0.6691975584338258,-0.6349707493732,0.2389107153352795,0.2279928806562965,0.2126351220260153,0.0054160994644454
0.6980011874125598,0.6691975584338258,-0.6349707493732,0.2050927723377573,0.2016071081668651,0.2300610997688934,0.0045148947843007
0.6980011874125598,0.6691975584338258,-0.6349707493732,0.2388635085246873,0.2297682661294021,0.1773847290787531,0.039118685095854
0.6980011874125598,0.6691975584338258,-0.6349707493732,0.2932713476156797,0.2159993843788611,0.1941720895695652,0.0564965400105519
0.6980011874125598,0.6691975584338258,-0.6349707493732,0.2410448442155668,0.2138475461029472,0.1963188883527124,0.1480898463345054
0.6980011874125598,0.6691975584338258,-0.6349707493732,0.2893693554321749,0.1999249919488911,0.1963188883527124,0.2320866046632944
0.6980011874125598,0.6691975584338258,-0.6349707493732,0.3080610085155053,0.2185222190044604,0.1963188883527124,0.3158260914914403
0.6980011874125598,0.6691975584338258,-0.6349707493732,0.2493415999444441,0.1922759363866916,0.1963188883527124,0.2784070921654337
0.6980011874125598,0.6691975584338258,-0.6349707493732,0.2343517017256089,0.1845053738936664,0.1963188883527124,0.1781157084072573
0.6980011874125598,0.6691975584338258,-0.6349707493732,0.2767635069931121,0.1681419911458674,0.1748465719969608,0.1014383955035288
0.6980011874125598,0.6691975584338258,-0.6349707493732,0.2554809620913116,0.180609869759299,0.1748465719969608,0.0778892703918363
0.6980011874125598,0.6691975584338258,-0.6349707493732,0.247124044140146,0.1743089190511471,0.1748465719969608,0.0940742135944266
0.6980011874125598,0.6691975584338258,-0.6349707493732,0.2257359295682006,0.1648196587497559,0.1748465719969608,0.0959964357425357
0.6980011874125598,0.6691975584338258,-0.6349707493732,0.2251756503502888,0.1658092194321591,0.1748465719969608,0.105381330562053
0.6980011874125598,0.6691975584338258,-0.6349707493732,0.2093682487182477,0.1668279413533339,0.1380367588789942,0.0672215392680687
0.6980011874125598,0.6691975584338258,-0.6349707493732,0.2474346988242,0.1831079698794969,0.1963188883527124,0.1042374365831986
0.6980011874125598,0.6691975584338258,-0.6349707493732,0.1770791289767649,0.1983085442504076,0.1595091498644748,0.1124034972039589
0.6980011874125598,0.6691975584338258,-0.6349707493732,0.2076319271853363,0.1380261809322365,0.1595091498644748,0.093469808420583
0.6980011874125598,0.6691975584338258,-0.6349707493732,0.2195307319141844,0.1738314369402251,0.1595091498644748,0.1113473798491608
0.6980011874125598,0.6691975584338258,-0.6349707493732,0.308253011103878,0.1675604861085815,0.1749118623484074,0.0873748810482926
0.6980011874125598,0.6691975584338258,-0.6349707493732,0.2706554749268169,0.2158497459290166,0.2107132785687211,0.0842425707868654
0.6980011874125598,0.6691975584338258,-0.6349707493732,0.2970563177144519,0.1899149694599593,0.1848450153041069,0.0690099521837473
0.6980011874125598,0.6691975584338258,-0.6349707493732,0.2797941630641572,0.2167043708611379,0.2159582132741867,0.0793181795411812
0.6980011874125598,0.6691975584338258,-0.6349707493732,0.2773700192488416,0.0981693917081684,0.0858895129671518,0.0665169616748532
0.6980011874125598,0.6691975584338258,-0.6349707493732,0.3069679274071025,0.1523618756361684,0.1595091498644748,0.0858514759901084
0.6980011874125598,0.6691975584338258,-0.6349707493732,0.2644007418751389,0.1917684650149289,0.1625766236295821,0.0995293034987989
0.6980011874125598,0.6691975584338258,-0.6349707493732,0.3086765810918327,0.1259888313321345,0.134969274452497,0.1906742793146311
0.6980011874125598,0.6691975584338258,-0.6349707493732,0.2777740291054119,0.1527581266589654,0.1319017900259998,0.1680200234099055
0.6980011874125598,0.6691975584338258,-0.6349707493732,0.2996529886626493,0.0832640762067776,0.0765274959964573,0.0993236419800738
0.6980011874125598,0.6691975584338258,-0.6349707493732,0.2734845176955841,0.1053892982938203,0.0889570080550388,0.0497591498760158
0.6980011874125598,0.6691975584338258,-0.6349707493732,0.2707477081437452,0.1195192082822133,0.1012269350996378,0.0810575563649051
0.6980011874125598,0.6691975584338258,-0.6349707493732,0.259720832258611,0.1256105844815095,0.1012269350996378,0.0871049861044341
0.6980011874125598,0.6691975584338258,-0.6349707493732,0.2372145513448315,0.1163397309243792,0.0736195859225527,0.0768455047714699
0.6980011874125598,0.6691975584338258,-0.6349707493732,0.2068424726618321,0.0682728162608676,0.0889570080550388,0.0968722265868071
0.6980011874125598,0.6691975584338258,-0.6349707493732,0.2171821189958162,0.0387527121937933,0.0710967759114508,0.0938603714382717
0.6980011874125598,0.6691975584338258,-0.6349707493732,0.15620478538826,0.0422893404169053,0.0153374018092116,0.0794193800478423
0.6980011874125598,0.6691975584338258,-0.6349707493732,0.2138339283243752,0.0430482969530278,0.0153374018092116,0.0887043961872132
0.6980011874125598,0.6691975584338258,-0.6349707493732,0.1843205267077664,0.0472325472448704,0.0153374018092116,0.0557223205187137
0.6980011874125598,0.6691975584338258,-0.6349707493732,0.1944039014502577,0.9466869285878604,0.9478525835059198,0.0683387727404698
0.6980011874125598,0.6691975584338258,-0.6349707493732,0.2073303328218803,0.984232761295044,0.0122699280441043,0.0491786293729446
0.6980011874125598,0.6691975584338258,-0.6349707493732,0.1980487752833353,0.9675124904197396,0.9509200785938068,0.0189676179587574
0.6980011874125598,0.6691975584338258,-0.6349707493732,0.1565451189729643,0.959316175963784,0.9509200785938068,0.0344695109816201
0.6980011874125598,0.6691975584338258,-0.6349707493732,0.1447839337399279,0.0243119542280772,1.0,0.0299176343140886
0.6980011874125598,0.6691975584338258,-0.6349707493732,0.1232006200646324,0.0699179103382462,0.0626121273571423,0.0201940645931299
0.6980011874125598,0.6691975584338258,-0.6349707493732,0.1635052657239085,0.0737700813176572,0.0674846224002533,0.0213475005071373
0.6980011874125598,0.6691975584338258,-0.6349707493732,0.1288092654648849,0.166053846875279,0.1533741916728702,0.0280213107863167
0.6980011874125598,0.6691975584338258,-0.6349707493732,0.1438510805908848,0.1771841089142066,0.1564416654379775,0.0580810538428585
0.6980011874125598,0.6691975584338258,-0.6349707493732,0.1376194323046556,0.1397643903375671,0.1656441187174692,0.0432549739995554
0.6980011874125598,0.6691975584338258,-0.6349707493732,0.2198315218566527,0.0863148120563477,0.0828220392020444,0.0221466437722581
0.6980011874125598,0.6691975584338258,-0.6349707493732,0.2165607672897616,0.1016170314440901,0.092024492481536,0.021128086485049
0.6980011874125598,0.6691975584338258,-0.6349707493732,0.2465850820784074,0.1103871758096897,0.092024492481536,0.0698343974114036
0.6980011874125598,0.6691975584338258,-0.6349707493732,0.2713279073655886,0.1001874407258962,0.092024492481536,0.0692934399102653
0.6980011874125598,0.6691975584338258,-0.6349707493732,0.2078552598542814,0.0730557477400989,0.092024492481536,0.0436844648081018
0.6980011874125598,0.6691975584338258,-0.6349707493732,0.2123744757940357,0.072884851415977,0.092024492481536,0.0988845385553733
0.6980011874125598,0.6691975584338258,-0.6349707493732,0.1888982748588603,0.0386579912461238,0.0552146793635695,0.2086202038609799
0.6980011874125598,0.6691975584338258,-0.6349707493732,0.2085911568751855,0.0567014891585628,0.0552146793635695,0.1157006612622103
0.6980011874125598,0.6691975584338258,-0.6349707493732,0.2281521985254264,0.0675198681925807,0.0552146793635695,0.1128985506076342
0.6980011874125598,0.6691975584338258,-0.6349707493732,0.2664725704668286,0.0244087850396731,0.0325314743327277,0.0667442056831709
0.6980011874125598,0.6691975584338258,-0.6349707493732,0.2247768057232181,0.0760903265436515,0.0216257334225368,0.0733714215777074
0.6980011874125598,0.6691975584338258,-0.6349707493732,0.2534364414752559,0.066206704808288,0.0769758394238552,0.0708730079083627
0.6980011874125598,0.6691975584338258,-0.6349707493732,0.2149216960204648,0.0912634859531032,0.1134968941284064,0.0490622645787678
0.6980011874125598,0.6691975584338258,-0.6349707493732,0.1491655301838706,0.0702806052359042,0.0981594613345305,0.0414585346595402
0.6980011874125598,0.6691975584338258,-0.6349707493732,0.199384601009254,0.0472404028388605,0.0629575244041404,0.0508075455609239
0.6980011874125598,0.6691975584338258,-0.6349707493732,0.1965217725590048,0.0832619424575991,0.0889570080550388,0.0374298497776156
0.6980011874125598,0.6691975584338258,-0.6349707493732,0.1533098012674774,0.1357170503101716,0.0889570080550388,0.0306398399325737
0.6980011874125598,0.6691975584338258,-0.6349707493732,0.1634261361014898,0.2024197375181419,0.1625766236295821,0.0341447216841285
0.6980011874125598,0.6691975584338258,-0.6349707493732,0.1337611222976786,0.1643982167478528,0.1993863621178198,0.051696216870233
0.6980011874125598,0.6691975584338258,-0.6349707493732,0.1755540314600368,0.1830223439050045,0.1993863621178198,0.0385465398324496
0.6980011874125598,0.6691975584338258,-0.6349707493732,0.1662873345407903,0.246478961672573,0.1993863621178198,0.0139542934908166
0.6980011874125598,0.6691975584338258,-0.6349707493732,0.1474934988230526,0.223966209333629,0.2331285735340008,0.0030327838388676
0.6980011874125598,0.6691975584338258,-0.6349707493732,0.2214755466657157,0.2372336706429132,0.2331285735340008,0.0055411384008992
0.6980011874125598,0.6691975584338258,-0.6349707493732,0.3289899892242516,0.2000526984295685,0.1840224037859949,0.0054137886776242
0.6980011874125598,0.6691975584338258,-0.6349707493732,0.4141934981551715,0.2075658522157387,0.2055213096480345,0.0052212235681643
0.6980011874125598,0.6691975584338258,-0.6349707493732,0.4179825750347754,0.2014074062288348,0.1740011237817883,0.00529491183936
0.6980011874125598,0.6691975584338258,-0.6349707493732,0.4572495387889312,0.1876478025717362,0.193251414587605,0.0050604958895232
0.6980011874125598,0.6691975584338258,-0.6349707493732,0.3628956987853232,0.1806865785730459,0.1638065428855561,0.0052669257199098
0.6980011874125598,0.6691975584338258,-0.6349707493732,0.3615985911116793,0.1734846336968958,0.1840489932922829,0.0064326261214882
0.6980011874125598,0.6691975584338258,-0.6349707493732,0.369094397564518,0.1538887377161617,0.1564416654379775,0.0193222300490517
0.6980011874125598,0.6691975584338258,-0.6349707493732,0.3455423481977947,0.168527488497432,0.1564416654379775,0.0333816000274033
0.6980011874125598,0.6691975584338258,-0.6349707493732,0.3680436967407813,0.181345620446148,0.1625766236295821,0.0422537601777411
0.6980011874125598,0.6691975584338258,-0.6349707493732,0.3707005299112672,0.1712212247549869,0.157849107496358,0.0501584406204418
0.6980011874125598,0.6691975584338258,-0.6349707493732,0.3493036513843507,0.1502198462370746,0.1625766236295821,0.0512101518868577
