latitude3,longitude3,elevation3,wind_speed3,wind_direction3,nacelle_position3,production3
1.0,0.3972755694506486,-0.1439316556783356,0.442941337195642,0.7208783368196411,0.7103048272914642,0.9135530863052852
1.0,0.3972755694506486,-0.1439316556783356,0.3016010063573232,0.6894477269218777,0.7107678845610941,0.6855940535717506
1.0,0.3972755694506486,-0.1439316556783356,0.4621941122233368,0.629734212313038,0.6465016525978221,0.6281084677774026
1.0,0.3972755694506486,-0.1439316556783356,0.4726678849596463,0.6151462596563136,0.6123062955593513,0.6546584233620258
1.0,0.3972755694506486,-0.1439316556783356,0.4751810185710168,0.6206396023787039,0.6369216928097872,0.510726274839242
1.0,0.3972755694506486,-0.1439316556783356,0.4249903246618008,0.6189718903537267,0.6369216928097872,0.4795194061900619
1.0,0.3972755694506486,-0.1439316556783356,0.4378635405546586,0.6264218608029878,0.6369216928097872,0.4417985449042256
1.0,0.3972755694506486,-0.1439316556783356,0.4248890754624805,0.5989770745864966,0.6246139941845692,0.7489475615770954
1.0,0.3972755694506486,-0.1439316556783356,0.249156047433033,0.5876798853464195,0.6246139941845692,0.9698395958066868
1.0,0.3972755694506486,-0.1439316556783356,0.2060244540341641,0.6115747661999086,0.6246139941845692,0.9892828936978152
1.0,0.3972755694506486,-0.1439316556783356,0.2187910596776036,0.5998010696329417,0.6246139941845692,0.9851268680080816
1.0,0.3972755694506486,-0.1439316556783356,0.2890462187439186,0.6298878737322922,0.6246139941845692,0.9573394638173176
1.0,0.3972755694506486,-0.1439316556783356,0.2264299905557298,0.6985915356545378,0.6593814889580334,0.984713195753644
1.0,0.3972755694506486,-0.1439316556783356,0.1803835014746393,0.7213788073543359,0.7138448092173986,0.99036609262424
1.0,0.3972755694506486,-0.1439316556783356,0.1708904615993071,0.7352809457274997,0.7138448092173986,0.9883735400683628
1.0,0.3972755694506486,-0.1439316556783356,0.201078104912674,0.7131273206199338,0.7599986790619656,0.8582109685668778
1.0,0.3972755694506486,-0.1439316556783356,0.231632968847526,0.7122482738146724,0.7425820792056654,0.9374252276738588
1.0,0.3972755694506486,-0.1439316556783356,0.3555953992418117,0.7232978149655902,0.7257049784980558,0.9744394183564908
1.0,0.3972755694506486,-0.1439316556783356,0.4995520808712371,0.751408396644254,0.7784602269997924,0.981601002272683
1.0,0.3972755694506486,-0.1439316556783356,0.5476649946297886,0.7879513130539246,0.7689118791583861,0.992489438613506
1.0,0.3972755694506486,-0.1439316556783356,0.4976518261263515,0.8201878077508183,0.8307679461569683,0.9806619919926368
1.0,0.3972755694506486,-0.1439316556783356,0.5046950696910498,0.8081665055074491,0.8307679461569683,0.9830974054985068
1.0,0.3972755694506486,-0.1439316556783356,0.3431410691114683,0.783511206330524,0.7907679256250103,0.9859615828088206
1.0,0.3972755694506486,-0.1439316556783356,0.4393714659624101,0.7583517891217868,0.7784602269997924,0.992102322807529
1.0,0.3972755694506486,-0.1439316556783356,0.3769962135830596,0.7424002663218048,0.7476909804367479,0.9803608044306884
1.0,0.3972755694506486,-0.1439316556783356,0.3492260193160218,0.7395936445283393,0.7476909804367479,0.909755221703493
1.0,0.3972755694506486,-0.1439316556783356,0.46015152951551,0.7444686516638385,0.7476909804367479,0.6720937846753713
1.0,0.3972755694506486,-0.1439316556783356,0.3992153006088954,0.7310724126582882,0.7476909804367479,0.6742825273813312
1.0,0.3972755694506486,-0.1439316556783356,0.3129898221255605,0.7237339877604039,0.7476909804367479,0.6927334096235925
1.0,0.3972755694506486,-0.1439316556783356,0.1490897853062303,0.6926999371422503,0.7476909804367479,0.8973333551943893
1.0,0.3972755694506486,-0.1439316556783356,0.2521385556837909,0.6463869028146791,0.6738447886854408,0.9540092617825826
1.0,0.3972755694506486,-0.1439316556783356,0.2428960148328719,0.6473499268791516,0.6738447886854408,0.939500432788492
1.0,0.3972755694506486,-0.1439316556783356,0.1858389467712645,0.5756691438795871,0.5819367112660672,0.8220777617394618
1.0,0.3972755694506486,-0.1439316556783356,0.2712233285212819,0.6232027325332135,0.6061524462467426,0.7417763845826045
1.0,0.3972755694506486,-0.1439316556783356,0.2702406050594243,0.5355336972859513,0.5292293298391311,0.7825539866772854
1.0,0.3972755694506486,-0.1439316556783356,0.3057798431166729,0.5000847755349177,0.5292293298391311,0.9756320602676516
1.0,0.3972755694506486,-0.1439316556783356,0.293327594069068,0.4835560999352639,0.4676908367130418,0.5803355227941188
1.0,0.3972755694506486,-0.1439316556783356,0.3788079318297013,0.5203843693752251,0.5101602250975575,0.5267140172395752
1.0,0.3972755694506486,-0.1439316556783356,0.3728286191945906,0.5986898978076477,0.6021900020949541,0.5815361199409419
1.0,0.3972755694506486,-0.1439316556783356,0.4815624778248759,0.6612300106185834,0.6799986379980496,0.9134213569618188
1.0,0.3972755694506486,-0.1439316556783356,0.2073937838556251,0.7105569802967043,0.7199986585300077,0.4536014238855496
1.0,0.3972755694506486,-0.1439316556783356,0.4234657053512123,0.6502591451322302,0.6799986379980496,0.7973373882904837
1.0,0.3972755694506486,-0.1439316556783356,0.4270790983582361,0.6078167838501938,0.6399986174660915,0.8979535711041463
1.0,0.3972755694506486,-0.1439316556783356,0.3398513749521379,0.6033035151206619,0.5999985969341336,0.6725297432885393
1.0,0.3972755694506486,-0.1439316556783356,0.536342275858963,0.5467273145730013,0.56307550105848,0.6155876872719394
1.0,0.3972755694506486,-0.1439316556783356,0.5529365129291676,0.5453161997289477,0.5681435078092145,0.6221410466262477
1.0,0.3972755694506486,-0.1439316556783356,0.3279749750705515,0.6172707570760929,0.5846139736526113,0.3366768032339188
1.0,0.3972755694506486,-0.1439316556783356,0.4977260212500715,0.7054283448732832,0.716921733873703,0.2467321596005225
1.0,0.3972755694506486,-0.1439316556783356,0.5732933475905596,0.730606720584479,0.7379942831624476,0.1706058334304515
1.0,0.3972755694506486,-0.1439316556783356,0.7526962519270091,0.7431562313057372,0.7569217544056612,0.1770323915927976
1.0,0.3972755694506486,-0.1439316556783356,0.7598673915982662,0.7095198187326849,0.7328067584429977,0.1570565023729566
1.0,0.3972755694506486,-0.1439316556783356,0.548361162046742,0.7114528649665651,0.6984601859358763,0.2004277452710545
1.0,0.3972755694506486,-0.1439316556783356,0.4563364524465695,0.6844479838675193,0.6984601859358763,0.2971576199805621
1.0,0.3972755694506486,-0.1439316556783356,0.5525760332061179,0.7280545753340784,0.7336037730432515,0.2033724400952589
1.0,0.3972755694506486,-0.1439316556783356,0.5638416579244225,0.728421445683664,0.7384602064678344,0.2599716020570634
1.0,0.3972755694506486,-0.1439316556783356,0.6340185275629342,0.7441470781389183,0.7384602064678344,0.2040640191484569
1.0,0.3972755694506486,-0.1439316556783356,0.64394854957242,0.7351934906221996,0.7384602064678344,0.1934558293815894
1.0,0.3972755694506486,-0.1439316556783356,0.5421093632956767,0.7189958890050736,0.7384602064678344,0.174181507130309
1.0,0.3972755694506486,-0.1439316556783356,0.5029739237844615,0.7372252313420319,0.7384602064678344,0.1853774484261062
1.0,0.3972755694506486,-0.1439316556783356,0.5230102264631973,0.731018209154615,0.7384602064678344,0.1939167943421516
1.0,0.3972755694506486,-0.1439316556783356,0.4588201794540266,0.7322097531547607,0.7372291799453942,0.3420942602255398
1.0,0.3972755694506486,-0.1439316556783356,0.5464892281234716,0.747168223658188,0.7580586722913175,0.4891463527346173
1.0,0.3972755694506486,-0.1439316556783356,0.3994279329756539,0.7332996761887087,0.7476909804367479,0.4972385237401547
1.0,0.3972755694506486,-0.1439316556783356,0.7107769570847035,0.7485099088187419,0.7446140557804432,0.3280208633951984
1.0,0.3972755694506486,-0.1439316556783356,0.6250710028106605,0.7185534391221978,0.7446140557804432,0.3508302496231118
1.0,0.3972755694506486,-0.1439316556783356,0.560002060271911,0.7153964031289315,0.7446140557804432,0.3759482335413379
1.0,0.3972755694506486,-0.1439316556783356,0.444374479347595,0.6822597824864592,0.7046140352484853,0.3615624182281129
1.0,0.3972755694506486,-0.1439316556783356,0.4703365294013898,0.6937662362704503,0.7046140352484853,0.2631479346255513
1.0,0.3972755694506486,-0.1439316556783356,0.4482771428552686,0.7090656205160708,0.7046140352484853,0.2117960110099474
1.0,0.3972755694506486,-0.1439316556783356,0.434219926606998,0.6953385195917786,0.7046140352484853,0.3323678732352061
1.0,0.3972755694506486,-0.1439316556783356,0.3933466020454284,0.6836859962720679,0.7046140352484853,0.2754128314662751
1.0,0.3972755694506486,-0.1439316556783356,0.2894397695861385,0.7202013443895733,0.7415371311241389,0.1883536132266804
1.0,0.3972755694506486,-0.1439316556783356,0.3381007772007071,0.6766257142357538,0.6808782115387546,0.1599613186536849
1.0,0.3972755694506486,-0.1439316556783356,0.2670207176536914,0.6822534205728825,0.6803008978287381,0.18998186278473
1.0,0.3972755694506486,-0.1439316556783356,0.361198533551476,0.6505278723617065,0.649229391435005,0.1379335197059938
1.0,0.3972755694506486,-0.1439316556783356,0.2914482180129609,0.6301479911720622,0.649229391435005,0.0958365037553798
1.0,0.3972755694506486,-0.1439316556783356,0.1538187065224774,0.5709846972620868,0.6030755215904381,0.1741454453451194
1.0,0.3972755694506486,-0.1439316556783356,0.2709501864118553,0.627187877610371,0.6369216928097872,0.1136476768357924
1.0,0.3972755694506486,-0.1439316556783356,0.2285868066095278,0.5428794171780703,0.5753831996836978,0.0956582933153096
1.0,0.3972755694506486,-0.1439316556783356,0.092231234441503,0.4880045619718287,0.4738446860256508,0.0897545506084404
1.0,0.3972755694506486,-0.1439316556783356,0.2565502248847414,0.4269789238941882,0.4387646222481048,0.1142551336589405
1.0,0.3972755694506486,-0.1439316556783356,0.2775450471282675,0.4583693264981472,0.4581607117258493,0.2239545065736884
1.0,0.3972755694506486,-0.1439316556783356,0.1945962560371474,0.5936792122619378,0.56307550105848,0.1281084234496302
1.0,0.3972755694506486,-0.1439316556783356,0.3055180112395207,0.6157589543465003,0.6215370695282646,0.1109261600061829
1.0,0.3972755694506486,-0.1439316556783356,0.54768747937155,0.6515040867936619,0.6615370900602228,0.1566170194734014
1.0,0.3972755694506486,-0.1439316556783356,0.6445408438161655,0.6603809920454038,0.6861524873106584,0.2000163689210267
1.0,0.3972755694506486,-0.1439316556783356,0.5182569882475603,0.6715657026534461,0.6861524873106584,0.292414310716938
1.0,0.3972755694506486,-0.1439316556783356,0.7834980860938047,0.7311014229841976,0.7488455223034746,0.3287098686956822
1.0,0.3972755694506486,-0.1439316556783356,0.7317963903936586,0.7622869295582321,0.7507679050930522,0.1409099331076825
1.0,0.3972755694506486,-0.1439316556783356,0.6139474346097223,0.750748538968086,0.7507679050930522,0.165035179657952
1.0,0.3972755694506486,-0.1439316556783356,0.5488931501320006,0.7242294535897518,0.7507679050930522,0.2241815232619623
1.0,0.3972755694506486,-0.1439316556783356,0.4741768056678379,0.7061664116736867,0.7211442172995869,0.1912967871970082
1.0,0.3972755694506486,-0.1439316556783356,0.4998687673749202,0.7092043526447982,0.7230755831863122,0.1432231664775999
1.0,0.3972755694506486,-0.1439316556783356,0.4508156566278628,0.6534627503328772,0.6584601654039183,0.1417523399193742
1.0,0.3972755694506486,-0.1439316556783356,0.1630307776076492,0.7188630522495937,0.6984601859358763,0.1587392833166396
1.0,0.3972755694506486,-0.1439316556783356,0.2927067754195265,0.6500858466064023,0.655383240747614,0.2188898438106558
1.0,0.3972755694506486,-0.1439316556783356,0.1225276821893497,0.7231433477039496,0.73538328181153,0.3607678013247747
1.0,0.3972755694506486,-0.1439316556783356,0.2432898145002018,0.6618435111511562,0.6992692635522998,0.2705611321167526
1.0,0.3972755694506486,-0.1439316556783356,0.2248003444282414,0.6671275469168756,0.6707678640291362,0.2059124561759306
1.0,0.3972755694506486,-0.1439316556783356,0.2749548003532502,0.6217036112180165,0.6214394959825812,0.2555215836141054
1.0,0.3972755694506486,-0.1439316556783356,0.1567806527709605,0.6356579596952662,0.6615370900602228,0.4222651949152879
1.0,0.3972755694506486,-0.1439316556783356,0.1059617093895987,0.5530999161644388,0.5999985969341336,0.5734868253158489
1.0,0.3972755694506486,-0.1439316556783356,0.1754816015659876,0.5606775066000471,0.5261524051828265,0.828817776659934
1.0,0.3972755694506486,-0.1439316556783356,0.2394626354827276,0.5403281201828131,0.5261524051828265,0.6583343271817899
1.0,0.3972755694506486,-0.1439316556783356,0.1603488500898156,0.5609485241184116,0.5599985764021757,0.6555481228798421
1.0,0.3972755694506486,-0.1439316556783356,0.1911039277563889,0.5264974897182506,0.5599985764021757,0.8011615753632172
1.0,0.3972755694506486,-0.1439316556783356,0.2551994438442104,0.5515753896076928,0.5437828455278917,0.9307688012222204
1.0,0.3972755694506486,-0.1439316556783356,0.351256341732063,0.5654144177981764,0.5858444440785613,0.97444427339002
1.0,0.3972755694506486,-0.1439316556783356,0.3047479880058154,0.584129852745146,0.5958471655290218,0.9861042506013226
1.0,0.3972755694506486,-0.1439316556783356,0.4165169700873989,0.6790499426105068,0.68102865702765,0.9919540980489396
1.0,0.3972755694506486,-0.1439316556783356,0.5435394743053803,0.7623857512824557,0.7569217544056612,0.9871677954161112
1.0,0.3972755694506486,-0.1439316556783356,0.3680534843692703,0.7637583129302348,0.7415371311241389,0.9957808003800074
1.0,0.3972755694506486,-0.1439316556783356,0.2979312657731085,0.769426268973925,0.7876910009687058,0.9782796913836884
1.0,0.3972755694506486,-0.1439316556783356,0.2739002795369147,0.7513079632352576,0.7692294530308788,0.9725160646519992
1.0,0.3972755694506486,-0.1439316556783356,0.322485305011064,0.7617021424622683,0.7692294530308788,0.9741295151319418
1.0,0.3972755694506486,-0.1439316556783356,0.2453642694425777,0.7498819615134347,0.7692294530308788,0.9638897814638728
1.0,0.3972755694506486,-0.1439316556783356,0.1916349205412072,0.7858597703464724,0.8246140968443594,0.9314450547478926
1.0,0.3972755694506486,-0.1439316556783356,0.1719478325941757,0.783318652412938,0.7743081539448844,0.9364171355311866
1.0,0.3972755694506486,-0.1439316556783356,0.191545094676484,0.82041514012929,0.7999986995939237,0.9841944675929606
1.0,0.3972755694506486,-0.1439316556783356,0.1945073576114707,0.8341355822507053,0.8457326738118218,0.9462389268550876
1.0,0.3972755694506486,-0.1439316556783356,0.1581782355526429,0.9215414039269236,0.9046141379082754,0.9140781903533745
1.0,0.3972755694506486,-0.1439316556783356,0.1432876587699303,0.9689113641633592,0.96307570637806,0.9421807622628758
1.0,0.3972755694506486,-0.1439316556783356,0.0760511102157931,0.9901677898055916,0.9994513466475496,0.9925990570813816
1.0,0.3972755694506486,-0.1439316556783356,0.0791181624528021,0.0428207766253892,0.0461553830895567,0.9842310265803792
1.0,0.3972755694506486,-0.1439316556783356,0.097013607815479,0.1163137692628378,0.1107705709474401,0.992815837253178
1.0,0.3972755694506486,-0.1439316556783356,0.1528225465046779,0.105481635905212,0.1107705709474401,0.9822023244977424
1.0,0.3972755694506486,-0.1439316556783356,0.1998269443980159,0.0566765180929982,0.0830783452881694,0.963834036319857
1.0,0.3972755694506486,-0.1439316556783356,0.1634960353224887,0.0682613082394964,0.076924517363887,0.9905691851111472
1.0,0.3972755694506486,-0.1439316556783356,0.1472361739592443,0.0896091492782304,0.076924517363887,0.9716399358303128
1.0,0.3972755694506486,-0.1439316556783356,0.2557683032866834,0.0647945477853465,0.076924517363887,0.8739712263238982
1.0,0.3972755694506486,-0.1439316556783356,0.2098329485479211,0.075893998148273,0.076924517363887,0.837339764368753
1.0,0.3972755694506486,-0.1439316556783356,0.2893130497437362,0.1039473332079364,0.076924517363887,0.6535913103900651
1.0,0.3972755694506486,-0.1439316556783356,0.3461807618966056,0.1183040833220969,0.1230782267960049,0.5782495547135897
1.0,0.3972755694506486,-0.1439316556783356,0.3195362524273737,0.105854571279074,0.1229729320644396,0.6229430630686396
1.0,0.3972755694506486,-0.1439316556783356,0.3442426404940653,0.1011726906333827,0.1076936569852989,0.9196078980599652
1.0,0.3972755694506486,-0.1439316556783356,0.3629108122359612,0.0899398945618901,0.0800909307784424,0.9306629848890364
1.0,0.3972755694506486,-0.1439316556783356,0.365906711801732,0.1248151625657191,0.1200013128338637,0.9918612089737066
1.0,0.3972755694506486,-0.1439316556783356,0.3600886378379251,0.1132172562740638,0.0892321678653702,0.9669656499349346
1.0,0.3972755694506486,-0.1439316556783356,0.2775124057979236,0.0909187279816009,0.1046167430231577,0.9031982356976328
1.0,0.3972755694506486,-0.1439316556783356,0.3349437294454908,0.0647005876234144,0.0564602788173997,0.8787081012057367
1.0,0.3972755694506486,-0.1439316556783356,0.3795212455587828,0.0705176616197461,0.0553861196288987,0.923636873956622
1.0,0.3972755694506486,-0.1439316556783356,0.3570444662008072,0.0850386763424552,0.0953860011367342,0.9514876275607848
1.0,0.3972755694506486,-0.1439316556783356,0.3101457737383057,0.0951034038749001,0.0953860011367342,0.7314362160642993
1.0,0.3972755694506486,-0.1439316556783356,0.3268626589672939,0.0918966919397896,0.0953860011367342,0.7134424674007188
1.0,0.3972755694506486,-0.1439316556783356,0.377901846501735,0.0814181378339689,0.0953860011367342,0.7453764211916778
1.0,0.3972755694506486,-0.1439316556783356,0.3825108113944799,0.095089715157521,0.0953860011367342,0.7478703875717971
1.0,0.3972755694506486,-0.1439316556783356,0.3903953100357479,0.0895537582173566,0.0953860011367342,0.84101438131216
1.0,0.3972755694506486,-0.1439316556783356,0.3759091192977739,0.0864918540384394,0.0953860011367342,0.6255004958509174
1.0,0.3972755694506486,-0.1439316556783356,0.3924613275448469,0.0716909575311159,0.09215600022737,0.6426024391990063
1.0,0.3972755694506486,-0.1439316556783356,0.4214904863868121,0.0769644007107301,0.0767908724054905,0.6638890704829649
1.0,0.3972755694506486,-0.1439316556783356,0.4054498625659745,0.0967368888048353,0.1012375692303277,0.7728275996869517
1.0,0.3972755694506486,-0.1439316556783356,0.3861933777820938,0.1175425940765423,0.1353858826445696,0.8212801323755602
1.0,0.3972755694506486,-0.1439316556783356,0.4207851350612518,0.116826857592793,0.1353858826445696,0.9323912598366628
1.0,0.3972755694506486,-0.1439316556783356,0.2856973946902576,0.1284048298885748,0.1323089686824284,0.9808209797171222
1.0,0.3972755694506486,-0.1439316556783356,0.432377037360208,0.1710280497704051,0.178462667420383,0.9829629269191864
1.0,0.3972755694506486,-0.1439316556783356,0.4457512965428216,0.1721312055845926,0.1695347521553016,0.993361706806121
1.0,0.3972755694506486,-0.1439316556783356,0.4168850502865368,0.1565295562217574,0.1723088394961006,0.9918926789500764
1.0,0.3972755694506486,-0.1439316556783356,0.4118076155729865,0.1543404323632286,0.1564823119998981,0.9933220476165696
1.0,0.3972755694506486,-0.1439316556783356,0.4321868444942818,0.1647638339799346,0.1506142535065408,0.9894597807025408
1.0,0.3972755694506486,-0.1439316556783356,0.3659841190314179,0.1439717219969031,0.1569242696853947,0.9637494534465656
1.0,0.3972755694506486,-0.1439316556783356,0.3564650656218545,0.1433362622593015,0.1569242696853947,0.9291609662027452
1.0,0.3972755694506486,-0.1439316556783356,0.3059445200985881,0.1516848317948829,0.1569242696853947,0.7806976675321243
1.0,0.3972755694506486,-0.1439316556783356,0.4072039438689459,0.1622618736244645,0.1569242696853947,0.8700664924900844
1.0,0.3972755694506486,-0.1439316556783356,0.4121255235817551,0.1675263995218821,0.1569242696853947,0.8927577493178511
1.0,0.3972755694506486,-0.1439316556783356,0.4454395413004102,0.1603993916153385,0.1569242696853947,0.98578697708491
1.0,0.3972755694506486,-0.1439316556783356,0.4222354235253329,0.1650757161898396,0.1569242696853947,0.9903729949610648
1.0,0.3972755694506486,-0.1439316556783356,0.3751729588994981,0.17213680406854,0.1569242696853947,0.8633970802861147
1.0,0.3972755694506486,-0.1439316556783356,0.3751438689820883,0.1701288993182416,0.1569242696853947,0.4687877347872896
1.0,0.3972755694506486,-0.1439316556783356,0.3280264140069355,0.1631033003141094,0.1569242696853947,0.508844803110737
1.0,0.3972755694506486,-0.1439316556783356,0.3617996045354665,0.1600920157608837,0.1569242696853947,0.4417509889733917
1.0,0.3972755694506486,-0.1439316556783356,0.372480128317752,0.1716512946339396,0.1569242696853947,0.2604573978818803
1.0,0.3972755694506486,-0.1439316556783356,0.3956833412742474,0.1678504966058541,0.1569242696853947,0.1476954420320983
1.0,0.3972755694506486,-0.1439316556783356,0.3747766936015324,0.1785372708414433,0.1846164846505021,0.0785021329888791
1.0,0.3972755694506486,-0.1439316556783356,0.3707788431790375,0.1669263862460916,0.1846164846505021,0.0576958283052196
1.0,0.3972755694506486,-0.1439316556783356,0.3528388241909672,0.1669864321070657,0.1846164846505021,0.0407779960177702
1.0,0.3972755694506486,-0.1439316556783356,0.3063275750452573,0.1772953722953388,0.1846164846505021,0.0737248238669558
1.0,0.3972755694506486,-0.1439316556783356,0.3534323399397983,0.1962071252920941,0.2054526073776535,0.1372733960055707
1.0,0.3972755694506486,-0.1439316556783356,0.2875765445417192,0.2105913058569591,0.2000010009903917,0.1473579733310357
1.0,0.3972755694506486,-0.1439316556783356,0.2679766358650587,0.2224077756895395,0.227693130402193,0.2289723445856354
1.0,0.3972755694506486,-0.1439316556783356,0.2203311966268724,0.1925352620458283,0.227693130402193,0.2421496952579448
1.0,0.3972755694506486,-0.1439316556783356,0.2308505722197124,0.1925568713456103,0.227693130402193,0.3309085554462199
1.0,0.3972755694506486,-0.1439316556783356,0.2134309822595161,0.1984200533105887,0.227693130402193,0.5471467475661976
1.0,0.3972755694506486,-0.1439316556783356,0.1898130004650541,0.1961808081762654,0.227693130402193,0.3967521984498026
1.0,0.3972755694506486,-0.1439316556783356,0.2033087541627592,0.2082894594930418,0.227693130402193,0.4652537090858992
1.0,0.3972755694506486,-0.1439316556783356,0.2191802900110946,0.2064831849903653,0.227693130402193,0.2664161033704346
1.0,0.3972755694506486,-0.1439316556783356,0.2015739907365125,0.2251766925418743,0.227693130402193,0.2081379772232335
1.0,0.3972755694506486,-0.1439316556783356,0.2302843819920562,0.2211173675524133,0.227693130402193,0.4332162202425711
1.0,0.3972755694506486,-0.1439316556783356,0.2353830120808888,0.2265254182201196,0.227693130402193,0.3857715164719255
1.0,0.3972755694506486,-0.1439316556783356,0.1794004387058135,0.2408970234024815,0.227693130402193,0.3316896016534285
1.0,0.3972755694506486,-0.1439316556783356,0.2502048226513731,0.2800139700452564,0.304615712101641,0.1072975269571509
1.0,0.3972755694506486,-0.1439316556783356,0.2030049387034044,0.2934855553139325,0.2646159696179281,0.0764315196830659
1.0,0.3972755694506486,-0.1439316556783356,0.2400024276282553,0.2865717669409097,0.2984619055656852,0.124390857007804
1.0,0.3972755694506486,-0.1439316556783356,0.1806338647762653,0.312554034051648,0.2984619055656852,0.1674905982417373
1.0,0.3972755694506486,-0.1439316556783356,0.1482488242956999,0.3282396288641269,0.2984619055656852,0.2400816410812508
1.0,0.3972755694506486,-0.1439316556783356,0.1316569171333438,0.3279493135412467,0.328578936499164,0.4682237319765872
1.0,0.3972755694506486,-0.1439316556783356,0.1532152830101739,0.3468220786109665,0.304615712101641,0.4598648850932243
1.0,0.3972755694506486,-0.1439316556783356,0.169356296452679,0.2911736359201857,0.304615712101641,0.5921762476392183
1.0,0.3972755694506486,-0.1439316556783356,0.2388744129226009,0.298193986345617,0.304615712101641,0.3952207863376271
1.0,0.3972755694506486,-0.1439316556783356,0.1787960877544635,0.3541719973660459,0.3599999709252436,0.1802687832658166
1.0,0.3972755694506486,-0.1439316556783356,0.1672297013395182,0.3957405286119533,0.3599999709252436,0.2292893987481235
1.0,0.3972755694506486,-0.1439316556783356,0.0841268988155178,0.360219547586475,0.3599999709252436,0.3403713667608612
1.0,0.3972755694506486,-0.1439316556783356,0.1079822823854193,0.3982873722677066,0.3972680605080165,0.3519395370429585
1.0,0.3972755694506486,-0.1439316556783356,0.1417642496541953,0.4060582800505301,0.4030769161135061,0.3436584291904423
1.0,0.3972755694506486,-0.1439316556783356,0.1215066509707787,0.4351182712986128,0.4030769161135061,0.320914468926413
1.0,0.3972755694506486,-0.1439316556783356,0.1156806485341475,0.4564382736638545,0.4822559020981352,0.2560152469330147
1.0,0.3972755694506486,-0.1439316556783356,0.1498030537943827,0.6252717964793618,0.6061539434296006,0.3911051510171934
1.0,0.3972755694506486,-0.1439316556783356,0.0777928972962821,0.4254734830781719,0.4307692380202462,0.5260130205912181
1.0,0.3972755694506486,-0.1439316556783356,0.118613844172189,0.4174707047518588,0.3815384435193748,0.4798223193362165
1.0,0.3972755694506486,-0.1439316556783356,0.1618793054802576,0.4192492837240983,0.4307692380202462,0.4093292505487003
1.0,0.3972755694506486,-0.1439316556783356,0.1738683778957615,0.3980217835822609,0.4307692380202462,0.4356585653324556
1.0,0.3972755694506486,-0.1439316556783356,0.1746098088622772,0.4017115662184342,0.4307692380202462,0.3430934027280921
1.0,0.3972755694506486,-0.1439316556783356,0.1697551857245324,0.4001536184090321,0.4307692380202462,0.4757941331136878
1.0,0.3972755694506486,-0.1439316556783356,0.1834631420001697,0.418412055897414,0.4307692380202462,0.4908413736272881
1.0,0.3972755694506486,-0.1439316556783356,0.1499747657407726,0.4701738995523393,0.4478411863826517,0.5156295662318094
1.0,0.3972755694506486,-0.1439316556783356,0.240096641863101,0.4233646783785481,0.4676923338958997,0.3596774075896258
1.0,0.3972755694506486,-0.1439316556783356,0.2932853390412909,0.4203220720041467,0.4061538407698105,0.3889033933117126
1.0,0.3972755694506486,-0.1439316556783356,0.2893605979602177,0.4162505321406186,0.4123076900824194,0.706761005354496
1.0,0.3972755694506486,-0.1439316556783356,0.2867919311083799,0.3984135926330669,0.4123076900824194,0.7055849758472182
1.0,0.3972755694506486,-0.1439316556783356,0.1714583257413399,0.4189708439732279,0.4123076900824194,0.6522547138100452
1.0,0.3972755694506486,-0.1439316556783356,0.2141051399644637,0.4080344600584598,0.4123076900824194,0.6259297276104003
1.0,0.3972755694506486,-0.1439316556783356,0.2675809360787067,0.3970350083737686,0.4123076900824194,0.5516712293547297
1.0,0.3972755694506486,-0.1439316556783356,0.1053320687588831,0.4635354123861558,0.4347260784304806,0.6925400856981235
1.0,0.3972755694506486,-0.1439316556783356,0.115748803993833,0.6782575450681589,0.6181785461647108,0.4810988714353002
1.0,0.3972755694506486,-0.1439316556783356,0.1711902053750431,0.7733642086523439,0.7538462841555615,0.6147327919101454
1.0,0.3972755694506486,-0.1439316556783356,0.2759268469558408,0.7589705912490069,0.763077058124475,0.8385745807277999
1.0,0.3972755694506486,-0.1439316556783356,0.271068966471201,0.7421258557828663,0.763077058124475,0.6739608667864284
1.0,0.3972755694506486,-0.1439316556783356,0.2379321348513564,0.7492509445121476,0.763077058124475,0.4654002082602825
1.0,0.3972755694506486,-0.1439316556783356,0.207400705717777,0.7779141644168346,0.763077058124475,0.6666154935286859
1.0,0.3972755694506486,-0.1439316556783356,0.1752264653463418,0.7759634320632114,0.763077058124475,0.8349786972196974
1.0,0.3972755694506486,-0.1439316556783356,0.1354835871903656,0.8081510672638365,0.8153847772816508,0.917887051898582
1.0,0.3972755694506486,-0.1439316556783356,0.1653015781823085,0.7804182136005957,0.8153847772816508,0.908050461496574
1.0,0.3972755694506486,-0.1439316556783356,0.1472810982018381,0.7345353294563188,0.7446155101866481,0.9201355758607686
1.0,0.3972755694506486,-0.1439316556783356,0.2033333199872592,0.7579548057146048,0.7446155101866481,0.6051561505322779
1.0,0.3972755694506486,-0.1439316556783356,0.1509231739579097,0.7757635831513906,0.7446155101866481,0.9745378643978112
1.0,0.3972755694506486,-0.1439316556783356,0.108687317024476,0.8480244878436294,0.8456816840413461,0.576770290341068
1.0,0.3972755694506486,-0.1439316556783356,0.1949845815520565,0.8553297459654011,0.87692327040774,0.4798205645048204
1.0,0.3972755694506486,-0.1439316556783356,0.1589103242672999,0.889367510459624,0.87692327040774,0.4963838623558803
1.0,0.3972755694506486,-0.1439316556783356,0.1837031225085678,0.8463649614807874,0.87692327040774,0.5324162833667813
1.0,0.3972755694506486,-0.1439316556783356,0.163299599208347,0.9397022920737972,0.9261540649086116,0.3386167693422934
1.0,0.3972755694506486,-0.1439316556783356,0.1430995017458135,0.0106813070748333,3.1654932152251863e-06,0.2153026613415589
1.0,0.3972755694506486,-0.1439316556783356,0.266783858769401,0.9768153207654484,3.1654932152251863e-06,0.3386298135890043
1.0,0.3972755694506486,-0.1439316556783356,0.2152242422070859,0.9572780538226496,0.9569233114716555,0.3624738484080508
1.0,0.3972755694506486,-0.1439316556783356,0.2321946802232015,0.936552890376823,0.9569233114716555,0.3882552755827576
1.0,0.3972755694506486,-0.1439316556783356,0.2236634851209483,0.9286102533401877,0.9569233114716555,0.6145660829275171
1.0,0.3972755694506486,-0.1439316556783356,0.1814336339208523,0.93050584910948,0.9569233114716555,0.606734387395539
1.0,0.3972755694506486,-0.1439316556783356,0.20537970293313,0.935598009561728,0.9569233114716555,0.8264383422755993
1.0,0.3972755694506486,-0.1439316556783356,0.2271060483796994,0.9691187625459572,0.9569233114716555,0.8557384696241707
1.0,0.3972755694506486,-0.1439316556783356,0.2075467208164395,0.9687630891642665,0.9569233114716555,0.8333195041346968
1.0,0.3972755694506486,-0.1439316556783356,0.1514395765430939,0.949525680414713,0.9569233114716555,0.764705479558921
1.0,0.3972755694506486,-0.1439316556783356,0.2020150445542849,0.929487858111705,0.9569233114716555,0.8914232000411267
1.0,0.3972755694506486,-0.1439316556783356,0.1804324295394584,0.9220768225735329,0.9569233114716555,0.81165084605581
1.0,0.3972755694506486,-0.1439316556783356,0.1895961154509603,0.9000008976371161,0.9569233114716555,0.77891902892343
1.0,0.3972755694506486,-0.1439316556783356,0.1980379370977812,0.9581063749703268,0.9569233114716555,0.8188347163307326
1.0,0.3972755694506486,-0.1439316556783356,0.1809315953306565,0.9745343626844408,0.9569233114716555,0.6624809352763645
1.0,0.3972755694506486,-0.1439316556783356,0.1798522824851756,0.9301968297606844,0.9569233114716555,0.5804073538925987
1.0,0.3972755694506486,-0.1439316556783356,0.0964288914273574,0.8450616174527221,0.864615571782522,0.2642324789227132
1.0,0.3972755694506486,-0.1439316556783356,0.1855776125443324,0.8914515885218135,0.9261540649086116,0.2098452819356768
1.0,0.3972755694506486,-0.1439316556783356,0.2259273638334557,0.9020423932910993,0.9261540649086116,0.5646800284714448
1.0,0.3972755694506486,-0.1439316556783356,0.1822467717599877,0.937322936396138,0.9261540649086116,0.7506267012456316
1.0,0.3972755694506486,-0.1439316556783356,0.1459616917456364,0.9983608317606028,0.9815387087220916,0.9123442414509004
1.0,0.3972755694506486,-0.1439316556783356,0.1512501301524978,0.8849721067822884,0.8953848183455666,0.9306939284159872
1.0,0.3972755694506486,-0.1439316556783356,0.1672106096674391,0.9383847821848345,0.9507694621590472,0.9621106749001394
1.0,0.3972755694506486,-0.1439316556783356,0.1556291806435689,0.9326377687617652,0.9507694621590472,0.9707340918636524
1.0,0.3972755694506486,-0.1439316556783356,0.1651512878158464,0.9686991307264424,0.9507694621590472,0.984761746088936
1.0,0.3972755694506486,-0.1439316556783356,0.0985582801678899,0.0689158802258011,0.052310665420044,0.9816276172155238
1.0,0.3972755694506486,-0.1439316556783356,0.1147310753630861,0.1090853736602613,0.0588628937028206,0.9667877100313712
1.0,0.3972755694506486,-0.1439316556783356,0.0722293035586492,0.0959148235388419,0.1046181974293626,0.9803915139801198
1.0,0.3972755694506486,-0.1439316556783356,0.0463232504648448,0.022975619573455,0.9938464073473094,0.9909346579965724
1.0,0.3972755694506486,-0.1439316556783356,0.0251487142855947,0.0149621055179814,0.9938464073473094,0.9364835851467184
1.0,0.3972755694506486,-0.1439316556783356,0.0213550531414656,0.137777540271722,0.9938464073473094,0.9882504678931172
1.0,0.3972755694506486,-0.1439316556783356,0.0549764377324097,0.2552456196640746,0.2769250370960446,0.9854157132558776
1.0,0.3972755694506486,-0.1439316556783356,0.0082100862977508,0.2911733814436426,0.2769250370960446,0.9529096259354144
1.0,0.3972755694506486,-0.1439316556783356,0.0526313402419398,0.3324171794142203,0.3538475974071661,0.8562375436732179
1.0,0.3972755694506486,-0.1439316556783356,0.0920499427283768,0.3415122346825047,0.290814594963968,0.771930003427853
1.0,0.3972755694506486,-0.1439316556783356,0.0816100554479613,0.4572040359946947,0.4830784115836269,0.79399771016621
1.0,0.3972755694506486,-0.1439316556783356,0.0760050097090427,0.439001795409573,0.4523091650205823,0.5485219504369314
1.0,0.3972755694506486,-0.1439316556783356,0.0778608944127158,0.466388773038031,0.4830784115836269,0.6751520463380926
1.0,0.3972755694506486,-0.1439316556783356,0.0809822923158032,0.415283521276971,0.4123091444886243,0.7374330013941487
1.0,0.3972755694506486,-0.1439316556783356,0.1138143584167819,0.4312939553966725,0.4123091444886243,0.7958000974931314
1.0,0.3972755694506486,-0.1439316556783356,0.1277439047631391,0.4350912967850479,0.4123091444886243,0.966329055598814
1.0,0.3972755694506486,-0.1439316556783356,0.152753305262694,0.3997072241397386,0.4123091444886243,0.956298673316298
1.0,0.3972755694506486,-0.1439316556783356,0.2123018365306342,0.4069503051594878,0.4123091444886243,0.9455202064096302
1.0,0.3972755694506486,-0.1439316556783356,0.1502937142909105,0.3971211910963533,0.4123091444886243,0.8791552907398397
1.0,0.3972755694506486,-0.1439316556783356,0.1266486897310804,0.3793015135809729,0.4123091444886243,0.7225877712214281
1.0,0.3972755694506486,-0.1439316556783356,0.1792385666615024,0.3918656991162145,0.4123091444886243,0.8805821441479982
1.0,0.3972755694506486,-0.1439316556783356,0.1904070364845698,0.4283426212757171,0.4123091444886243,0.9625235282332588
1.0,0.3972755694506486,-0.1439316556783356,0.1867653905173248,0.4089245765933445,0.4123091444886243,0.9784157493112652
1.0,0.3972755694506486,-0.1439316556783356,0.2343429909823291,0.4811049818724603,0.4800014869273225,0.99153223658132
1.0,0.3972755694506486,-0.1439316556783356,0.2438996396039726,0.4862548236744698,0.4800014869273225,0.99448795759613
1.0,0.3972755694506486,-0.1439316556783356,0.3156303541932697,0.485644673749714,0.4867800464815645,0.9930920477149224
1.0,0.3972755694506486,-0.1439316556783356,0.2433781247938003,0.4622951361280134,0.476924562271018,0.877487615969758
1.0,0.3972755694506486,-0.1439316556783356,0.2957373747779151,0.3986302794094869,0.4246168431138421,0.8894702481804211
1.0,0.3972755694506486,-0.1439316556783356,0.2841194363242632,0.3949467738613759,0.396924521207102,0.973803350469789
1.0,0.3972755694506486,-0.1439316556783356,0.2915695768052652,0.3864253723402961,0.396924521207102,0.9893674765711068
1.0,0.3972755694506486,-0.1439316556783356,0.1935739241418649,0.380071050647202,0.396924521207102,0.4414628749053441
1.0,0.3972755694506486,-0.1439316556783356,0.3023217848397058,0.3973364782517865,0.396924521207102,0.6408614124765681
1.0,0.3972755694506486,-0.1439316556783356,0.3449028866133154,0.3996690526582789,0.396924521207102,0.9962412681383408
1.0,0.3972755694506486,-0.1439316556783356,0.3169415494208403,0.4004239997360388,0.396924521207102,0.947935965803864
1.0,0.3972755694506486,-0.1439316556783356,0.3150502297594515,0.3885776077032696,0.396924521207102,0.9908841188523652
1.0,0.3972755694506486,-0.1439316556783356,0.3297475146725946,0.39604577322536,0.396924521207102,0.9796252376038284
1.0,0.3972755694506486,-0.1439316556783356,0.3064655598790049,0.3909410161842301,0.396924521207102,0.9821326576913176
1.0,0.3972755694506486,-0.1439316556783356,0.3111689652112411,0.3959804151665494,0.396924521207102,0.976406993812164
1.0,0.3972755694506486,-0.1439316556783356,0.3067522290262317,0.401902890166062,0.4000014458634064,0.055251304299685
1.0,0.3972755694506486,-0.1439316556783356,0.3153705807783915,0.4005410165330916,0.4000014458634064,0.9188176389879272
1.0,0.3972755694506486,-0.1439316556783356,0.2668924369992352,0.3964876293296355,0.4000014458634064,0.9804221650351717
1.0,0.3972755694506486,-0.1439316556783356,0.2503370166461963,0.388631217428342,0.4000014458634064,0.9805786375013226
1.0,0.3972755694506486,-0.1439316556783356,0.2527703452586387,0.3898092317589479,0.4000014458634064,0.960121807490194
1.0,0.3972755694506486,-0.1439316556783356,0.1992085235177165,0.3940777364668084,0.4000014458634064,0.9802823049729033
1.0,0.3972755694506486,-0.1439316556783356,0.1357397865718453,0.3881379146496103,0.4000014458634064,0.9786256271462372
1.0,0.3972755694506486,-0.1439316556783356,0.1935977208705703,0.3713651112196427,0.4000014458634064,0.9636742881684331
1.0,0.3972755694506486,-0.1439316556783356,0.134568170920773,0.3812625522345902,0.356924500675144,0.9479549179829416
1.0,0.3972755694506486,-0.1439316556783356,0.1554519493038291,0.3400706674787978,0.356924500675144,0.9623455883296956
1.0,0.3972755694506486,-0.1439316556783356,0.1067630393462396,0.4058910465489791,0.356924500675144,0.9402975941973548
1.0,0.3972755694506486,-0.1439316556783356,0.0983588016012664,0.3911642769380126,0.356924500675144,0.9270294894946776
1.0,0.3972755694506486,-0.1439316556783356,0.1501306207415137,0.3099097046735223,0.356924500675144,0.8557573633088685
1.0,0.3972755694506486,-0.1439316556783356,0.1755538060888273,0.2957450737461867,0.2892326501679563,0.8722886939813297
1.0,0.3972755694506486,-0.1439316556783356,0.1839263412527353,0.307179849970548,0.2892326501679563,0.9809283753985628
1.0,0.3972755694506486,-0.1439316556783356,0.1201187610581554,0.4252691808268477,0.3846168225818842,0.9264780044812672
1.0,0.3972755694506486,-0.1439316556783356,0.0929326724266964,0.3967884206035384,0.4123091444886243,0.9914319772142236
1.0,0.3972755694506486,-0.1439316556783356,0.0641977153466528,0.3570894436940164,0.3815398979255797,0.993077892074994
1.0,0.3972755694506486,-0.1439316556783356,0.0792105104993225,0.4552759096406472,0.4565954712128667,0.959189816535732
1.0,0.3972755694506486,-0.1439316556783356,0.1080548488356918,0.4021525740675661,0.3784629732692752,0.9906499073553674
1.0,0.3972755694506486,-0.1439316556783356,0.0532322868133753,0.3977733720634722,0.390770671894493,0.9751338051399226
1.0,0.3972755694506486,-0.1439316556783356,0.0641105360762818,0.5050052915588682,0.5415399800534115,0.9833208540296084
1.0,0.3972755694506486,-0.1439316556783356,0.1013229307245784,0.4540528529619189,0.4984630348651492,0.9696518873416852
1.0,0.3972755694506486,-0.1439316556783356,0.0943319178125232,0.5595845298475823,0.572309226616456,0.9904126541506164
1.0,0.3972755694506486,-0.1439316556783356,0.1253238543633869,0.5562059296108205,0.572309226616456,0.9878210021561148
1.0,0.3972755694506486,-0.1439316556783356,0.1771705359310584,0.5280095045116294,0.5230784321155848,0.9900587631524054
1.0,0.3972755694506486,-0.1439316556783356,0.1507514393910552,0.5919324852703385,0.6123092471484138,0.9849317892512168
1.0,0.3972755694506486,-0.1439316556783356,0.1312307815119414,0.5859620838552151,0.5784630759290651,0.9917548661911038
1.0,0.3972755694506486,-0.1439316556783356,0.2377032383705873,0.6317592942299937,0.5784630759290651,0.993932611953648
1.0,0.3972755694506486,-0.1439316556783356,0.2231111838585251,0.5823092851433007,0.6246169457736322,0.9932065797107068
1.0,0.3972755694506486,-0.1439316556783356,0.2131192722580338,0.5728068765487047,0.6225919417933069,0.9898384733178166
1.0,0.3972755694506486,-0.1439316556783356,0.3020796780076401,0.5480801118759355,0.5337885083014356,0.9882338554892344
1.0,0.3972755694506486,-0.1439316556783356,0.3553520030432668,0.5426897897407293,0.5415399800534115,0.9963118123604634
1.0,0.3972755694506486,-0.1439316556783356,0.3868441233062333,0.5541999758473524,0.5692323019601516,0.996840718543244
1.0,0.3972755694506486,-0.1439316556783356,0.448238914270181,0.5371099674064542,0.5519933963207609,0.9882799490605716
1.0,0.3972755694506486,-0.1439316556783356,0.3542407048609139,0.5804346836888113,0.5715339425559689,0.9935005724639314
1.0,0.3972755694506486,-0.1439316556783356,0.4168859098641896,0.5404725356210026,0.5538476786786294,0.9855305377235616
1.0,0.3972755694506486,-0.1439316556783356,0.51868161960807,0.5392476551937158,0.5538476786786294,0.9831682421925289
1.0,0.3972755694506486,-0.1439316556783356,0.5376501458782448,0.5448937686674598,0.5538476786786294,0.9820323398298414
1.0,0.3972755694506486,-0.1439316556783356,0.3927839406102417,0.5958666926261256,0.5815400005853697,0.970438285784652
1.0,0.3972755694506486,-0.1439316556783356,0.3994592849395187,0.5754920282056138,0.5815400005853697,0.9794404538578202
1.0,0.3972755694506486,-0.1439316556783356,0.4146140008867674,0.5938676097293203,0.5969246238668919,0.9734042433159388
1.0,0.3972755694506486,-0.1439316556783356,0.4120388419616042,0.6116474616657109,0.5969246238668919,0.9765458009755944
1.0,0.3972755694506486,-0.1439316556783356,0.4092210559336905,0.6101200086287195,0.6215400211173276,0.98879633744606
1.0,0.3972755694506486,-0.1439316556783356,0.3876359752882282,0.620714842609937,0.6215400211173276,0.9924006441448638
1.0,0.3972755694506486,-0.1439316556783356,0.4477656941518204,0.6158251182476973,0.6215400211173276,0.9905591240778098
1.0,0.3972755694506486,-0.1439316556783356,0.4371577820607365,0.6487552735882294,0.6439998172655736,0.9890031735732788
1.0,0.3972755694506486,-0.1439316556783356,0.4088205832293188,0.7257178020646256,0.7307515113689421,0.954108702228361
1.0,0.3972755694506486,-0.1439316556783356,0.3804247069128614,0.8157334503410055,0.8208388005498117,0.9846536484749367
1.0,0.3972755694506486,-0.1439316556783356,0.5542561455900148,0.7861564051701718,0.7859236407699032,0.999747889222762
1.0,0.3972755694506486,-0.1439316556783356,0.5157373399423997,0.7736435390711152,0.8030785330626378,0.9910321096334352
1.0,0.3972755694506486,-0.1439316556783356,0.4489275264519753,0.75148389135203,0.7569246632180708,0.9781493074109592
1.0,0.3972755694506486,-0.1439316556783356,0.2478299000783957,0.7217458473549501,0.7491701971003791,0.9852449681610383
1.0,0.3972755694506486,-0.1439316556783356,0.261873498807008,0.6942013487463349,0.6923092454356771,0.9866942834110668
1.0,0.3972755694506486,-0.1439316556783356,0.4081677566224407,0.6658928267299232,0.658463074216328,0.7634422934256375
1.0,0.3972755694506486,-0.1439316556783356,0.413245643745282,0.6759222562452073,0.6933965851804094,0.989533717598696
1.0,0.3972755694506486,-0.1439316556783356,0.3979144881745527,0.6928801489474976,0.7200015673424174,0.9888625530840726
1.0,0.3972755694506486,-0.1439316556783356,0.38605068789172,0.6852615453756987,0.6767572371106383,0.8773237147173635
1.0,0.3972755694506486,-0.1439316556783356,0.3553411452202833,0.6825866151932691,0.6892323207793727,0.84254377536823
1.0,0.3972755694506486,-0.1439316556783356,0.3195473816959318,0.7055160120423694,0.7132375090735702,0.9866935229841288
1.0,0.3972755694506486,-0.1439316556783356,0.2193839194329628,0.6856747728688793,0.732309265967635,0.9572170350802504
1.0,0.3972755694506486,-0.1439316556783356,0.3342680109284893,0.7106716219793549,0.7347409475888264,0.9830478022643772
1.0,0.3972755694506486,-0.1439316556783356,0.3567018566447513,0.7271554248819149,0.732309265967635,0.9802662190184392
1.0,0.3972755694506486,-0.1439316556783356,0.4531278752731111,0.7617253846532016,0.7476938892491575,0.9957171584947092
1.0,0.3972755694506486,-0.1439316556783356,0.2043522361923949,0.7078461689217025,0.7000978900991827,0.9565985740018894
1.0,0.3972755694506486,-0.1439316556783356,0.2969599882663126,0.7152437172030923,0.6984630947482862,0.9740415980789978
1.0,0.3972755694506486,-0.1439316556783356,0.3044651643375618,0.705965799332237,0.7212242096408532,0.7991832954360281
1.0,0.3972755694506486,-0.1439316556783356,0.3051458367362994,0.694818496776025,0.7138477180298084,0.8704875935307655
1.0,0.3972755694506486,-0.1439316556783356,0.3365516373065478,0.7049315218357058,0.7138477180298084,0.7676205469797215
1.0,0.3972755694506486,-0.1439316556783356,0.3217896578647951,0.74092786504363,0.7415400399365484,0.7564186977515576
1.0,0.3972755694506486,-0.1439316556783356,0.414644855200412,0.7159108698734948,0.7384631152802441,0.9632022970172656
1.0,0.3972755694506486,-0.1439316556783356,0.4356677720609078,0.7264931072658307,0.7384631152802441,0.9961824227921918
1.0,0.3972755694506486,-0.1439316556783356,0.4697505236467889,0.6725431470553596,0.6966623259834251,0.982356749660598
1.0,0.3972755694506486,-0.1439316556783356,0.269005143147163,0.7203338418429959,0.7076938687171995,0.9919182994884592
1.0,0.3972755694506486,-0.1439316556783356,0.2679801646575283,0.7156207666144004,0.7169261826456238,0.9924901405460644
1.0,0.3972755694506486,-0.1439316556783356,0.3525139038381883,0.699721878046076,0.7107707933735039,0.9811328717505868
1.0,0.3972755694506486,-0.1439316556783356,0.3498422460112599,0.6992368457549939,0.6861553961230681,0.9782658867100392
1.0,0.3972755694506486,-0.1439316556783356,0.4304917121219246,0.6877424371940407,0.6681551516120952,0.9505984544923874
1.0,0.3972755694506486,-0.1439316556783356,0.4250048017591121,0.7291146397869736,0.7292323413113307,0.9135888263713856
1.0,0.3972755694506486,-0.1439316556783356,0.389260441329335,0.7003687150057905,0.6918305319110185,0.9742952297101124
1.0,0.3972755694506486,-0.1439316556783356,0.2953793606855014,0.7066318492709528,0.7138477180298084,0.9740227043943
1.0,0.3972755694506486,-0.1439316556783356,0.4029931443931887,0.6820502634660024,0.6892323207793727,0.9927757101085876
1.0,0.3972755694506486,-0.1439316556783356,0.3494803185784793,0.715221408092817,0.6910679525164969,0.976152601754111
1.0,0.3972755694506486,-0.1439316556783356,0.2605815535947685,0.7047228510703926,0.7076938687171995,0.9848842333203828
1.0,0.3972755694506486,-0.1439316556783356,0.3417373788043578,0.7278668564708107,0.7415400399365484,0.964530996856003
1.0,0.3972755694506486,-0.1439316556783356,0.3445728087946194,0.7112526767526871,0.7076938687171995,0.969426391507288
1.0,0.3972755694506486,-0.1439316556783356,0.3892181410606288,0.7275021915845984,0.7261554166550263,0.9626020276910436
1.0,0.3972755694506486,-0.1439316556783356,0.4452290804982483,0.7155908232078333,0.7261554166550263,0.9772094782095946
1.0,0.3972755694506486,-0.1439316556783356,0.5878572170037941,0.7465215139367452,0.7566349797233883,0.9509589553555235
1.0,0.3972755694506486,-0.1439316556783356,0.4319816768808243,0.7331356236439461,0.7600015878743753,0.9188592869863944
1.0,0.3972755694506486,-0.1439316556783356,0.4174371705852437,0.7217483072948665,0.7476938892491575,0.928998351826708
1.0,0.3972755694506486,-0.1439316556783356,0.4136075259371336,0.7411035386838593,0.7476938892491575,0.932573294346817
1.0,0.3972755694506486,-0.1439316556783356,0.5493645153722683,0.7486372319157885,0.7476938892491575,0.9021119365690748
1.0,0.3972755694506486,-0.1439316556783356,0.641590954275287,0.7388917982225656,0.7476938892491575,0.9226239267804204
1.0,0.3972755694506486,-0.1439316556783356,0.5913979983196161,0.7510326196156609,0.7476938892491575,0.9759061649317206
1.0,0.3972755694506486,-0.1439316556783356,0.4480531097743773,0.7190500076832322,0.7476938892491575,0.979956842243309
1.0,0.3972755694506486,-0.1439316556783356,0.4335419008026125,0.7208447459159565,0.732309265967635,0.9708775200830926
1.0,0.3972755694506486,-0.1439316556783356,0.452653524131523,0.7392861520388022,0.732309265967635,0.9074959347754104
1.0,0.3972755694506486,-0.1439316556783356,0.3226645043312195,0.7145242271903328,0.7169246426861128,0.9040010125669627
1.0,0.3972755694506486,-0.1439316556783356,0.3093732170125708,0.7089128921774746,0.7169246426861128,0.9436635947925696
1.0,0.3972755694506486,-0.1439316556783356,0.344251326752452,0.6937181402038112,0.7169246426861128,0.9647751523975786
1.0,0.3972755694506486,-0.1439316556783356,0.3893694719684601,0.6827278496746706,0.6702999729977075,0.98240529999589
1.0,0.3972755694506486,-0.1439316556783356,0.4082438518651828,0.6712904438593642,0.692141903168814,0.8828102535716105
1.0,0.3972755694506486,-0.1439316556783356,0.3283883866806452,0.6361736139970303,0.6461553755911102,0.8292674814523713
1.0,0.3972755694506486,-0.1439316556783356,0.3738520594926361,0.5423597760771309,0.5446168619330631,0.9759923271532684
1.0,0.3972755694506486,-0.1439316556783356,0.4781908975838787,0.5507149620028322,0.5446168619330631,0.8899007668162612
1.0,0.3972755694506486,-0.1439316556783356,0.4981368541272067,0.5819313450640919,0.5969245810902387,0.94578483498416
1.0,0.3972755694506486,-0.1439316556783356,0.6685949934080573,0.6496128595383589,0.6492323002474146,0.8595695590337288
1.0,0.3972755694506486,-0.1439316556783356,0.6597040650580848,0.6982623278333256,0.686927386381268,0.9504168879372724
1.0,0.3972755694506486,-0.1439316556783356,0.8101932201626967,0.7224266569331637,0.7476938892491575,0.9052762485424994
1.0,0.3972755694506486,-0.1439316556783356,0.7637769317271627,0.7350781279226768,0.7476938892491575,0.9049541199925576
1.0,0.3972755694506486,-0.1439316556783356,1.0,0.8094948730622492,0.7969246837500289,0.9258325189994066
1.0,0.3972755694506486,-0.1439316556783356,0.8106290712736228,0.8016806618543475,0.8184631563441601,0.9219229301320636
1.0,0.3972755694506486,-0.1439316556783356,0.6019443375061982,0.8212208976901485,0.8184631563441601,0.9032394157410608
1.0,0.3972755694506486,-0.1439316556783356,,,,0.8097973346408827
1.0,0.3972755694506486,-0.1439316556783356,,,,0.7396457852902351
1.0,0.3972755694506486,-0.1439316556783356,0.3647028054375163,0.7328149831996839,0.7510784635944392,0.7180183072547764
1.0,0.3972755694506486,-0.1439316556783356,0.3179041859101786,0.7460269811880551,0.7517061682017883,0.8333187437077585
1.0,0.3972755694506486,-0.1439316556783356,0.3114994501982989,0.717031160441582,0.7292323413113307,0.8291212455026974
1.0,0.3972755694506486,-0.1439316556783356,0.3338019841178551,0.7436667960766402,0.747545796476182,0.5730555462530705
1.0,0.3972755694506486,-0.1439316556783356,0.2676456079868517,0.7093779480599262,0.7387016378978384,0.5800379033893424
1.0,0.3972755694506486,-0.1439316556783356,0.3580749188428628,0.7364059865243908,0.7350668201320174,0.4854054909060081
1.0,0.3972755694506486,-0.1439316556783356,0.326048797273293,0.7694142237508865,0.7826413881787974,0.5261464462717007
1.0,0.3972755694506486,-0.1439316556783356,0.3223314858521322,0.7338264426328535,0.7569246632180708,0.4008034022108099
1.0,0.3972755694506486,-0.1439316556783356,0.2975407686936028,0.8384807692235428,0.8548815732667332,0.5303943081378295
1.0,0.3972755694506486,-0.1439316556783356,0.3415454215421967,0.7584922601735588,0.7538461986022552,0.5288856210922334
1.0,0.3972755694506486,-0.1439316556783356,0.3840024953086853,0.7498792470969755,0.7538461986022552,0.5513345357042004
1.0,0.3972755694506486,-0.1439316556783356,0.4395432005292646,0.7475535859699031,0.7538461986022552,0.518331129166086
1.0,0.3972755694506486,-0.1439316556783356,0.3607966131373731,0.7388510819756752,0.7538461986022552,0.3742454036489545
1.0,0.3972755694506486,-0.1439316556783356,0.2575593916696565,0.7221331606534952,0.7538461986022552,0.6203580794334431
1.0,0.3972755694506486,-0.1439316556783356,0.191623451965681,0.7289136033179521,0.7538461986022552,0.7265132120657158
1.0,0.3972755694506486,-0.1439316556783356,0.1713155679895724,0.7088497395820371,0.7538461986022552,0.6494263350602115
1.0,0.3972755694506486,-0.1439316556783356,0.1681102707834735,0.7140871213148612,0.7538461986022552,0.4524839180053312
1.0,0.3972755694506486,-0.1439316556783356,0.1343753201502623,0.708473199123815,0.7538461986022552,0.4432353716041521
1.0,0.3972755694506486,-0.1439316556783356,0.1263312454418349,0.683705590965884,0.7281384567386765,0.4068367757752676
1.0,0.3972755694506486,-0.1439316556783356,0.1624578464815575,0.7176544583210629,0.7204011868355245,0.2835643450201902
1.0,0.3972755694506486,-0.1439316556783356,0.3103456481630588,0.7208793547258133,0.7323077260081242,0.3720823692229473
1.0,0.3972755694506486,-0.1439316556783356,0.196131145038641,0.7090312237699998,0.7323077260081242,0.4227793605143415
1.0,0.3972755694506486,-0.1439316556783356,0.2070749710282745,0.7144851226282152,0.6769230821946439,0.3689252228110566
1.0,0.3972755694506486,-0.1439316556783356,0.2535968065513932,0.6817093497238094,0.6769230821946439,0.3936476677326045
1.0,0.3972755694506486,-0.1439316556783356,0.2261976105234201,0.7032809869773853,0.7107692534139928,0.5098521348264711
1.0,0.3972755694506486,-0.1439316556783356,0.2437422464116422,0.7024630145424595,0.7107692534139928,0.6224892636696113
1.0,0.3972755694506486,-0.1439316556783356,0.2422787249758,0.6944980259827914,0.7124058881609718,0.6713199040296968
1.0,0.3972755694506486,-0.1439316556783356,0.2590801655012716,0.7055867989340986,0.7169231027266016,0.5500682493687837
1.0,0.3972755694506486,-0.1439316556783356,0.2358223241228909,0.6763444328301527,0.6884392416312025,0.4855836940342807
1.0,0.3972755694506486,-0.1439316556783356,0.1983317090708763,0.7075216265037801,0.6923077054761663,0.359779158563409
1.0,0.3972755694506486,-0.1439316556783356,0.258172293156606,0.727539599636429,0.7177553652889967,0.367366932531331
1.0,0.3972755694506486,-0.1439316556783356,0.2032506195688688,0.7132923910708686,0.7169231027266016,0.3225652973150923
1.0,0.3972755694506486,-0.1439316556783356,0.1922557165702842,0.7096105820330448,0.7169231027266016,0.2640565863224454
1.0,0.3972755694506486,-0.1439316556783356,0.2851652935026764,0.7240303681075605,0.7169231027266016,0.0812768212097901
1.0,0.3972755694506486,-0.1439316556783356,0.3039315249583914,0.7215096931229857,0.7169231027266016,0.0856256224401814
1.0,0.3972755694506486,-0.1439316556783356,0.3283235338087838,0.6609037716903737,0.685547069339566,0.0490046200113366
1.0,0.3972755694506486,-0.1439316556783356,0.3268864330755346,0.6665966240225273,0.6769230821946439,0.030515710938312
1.0,0.3972755694506486,-0.1439316556783356,0.2870393989905436,0.6542934465949561,0.6769230821946439,0.0530267118506625
1.0,0.3972755694506486,-0.1439316556783356,0.187947060964889,0.5852231263869111,0.646153835631599,0.0612610461346755
1.0,0.3972755694506486,-0.1439316556783356,0.272306441604807,0.6206236975947625,0.646153835631599,0.0571937235161154
1.0,0.3972755694506486,-0.1439316556783356,0.17935173684564,0.60202896935472,0.5661537945676831,0.1067893058494516
1.0,0.3972755694506486,-0.1439316556783356,0.2562684643783217,0.5416274774117039,0.5661537945676831,0.2728158272360155
1.0,0.3972755694506486,-0.1439316556783356,0.1794626902242518,0.582816838608444,0.5661537945676831,0.2914591852352376
1.0,0.3972755694506486,-0.1439316556783356,0.1280695037298544,0.583087219935451,0.5661537945676831,0.2977264778247938
1.0,0.3972755694506486,-0.1439316556783356,0.1430455066969355,0.6103308000318919,0.5661537945676831,0.3866448668105682
1.0,0.3972755694506486,-0.1439316556783356,0.0908800462326102,0.6044031506760036,0.61230766441225,0.2752364124165884
1.0,0.3972755694506486,-0.1439316556783356,0.1288039110421277,0.5722937670123709,0.61230766441225,0.1322531743476439
1.0,0.3972755694506486,-0.1439316556783356,0.0945628727555663,0.5550233347024395,0.5586460641849778,0.0425246199211821
1.0,0.3972755694506486,-0.1439316556783356,0.0633411462155838,0.4193280866269342,0.4892306781600717,0.0666284136576345
1.0,0.3972755694506486,-0.1439316556783356,0.0684004619370306,0.3316826116662841,0.38461523984572,0.1590803201748742
1.0,0.3972755694506486,-0.1439316556783356,0.0658556822957563,0.2811989824807964,0.2637831937356963,0.1324705394632393
1.0,0.3972755694506486,-0.1439316556783356,0.0926572795810472,0.1787442663028482,0.1600010553175766,0.0932918739304959
1.0,0.3972755694506486,-0.1439316556783356,0.0986189708742743,0.1223784754435452,0.1600010553175766,0.0884857197674994
1.0,0.3972755694506486,-0.1439316556783356,0.1155846699030669,0.1349864733569512,0.1200011738097412,0.0752337448900715
1.0,0.3972755694506486,-0.1439316556783356,0.0969102436027233,0.1382916995237958,0.1200011738097412,0.0389185145201974
1.0,0.3972755694506486,-0.1439316556783356,0.1492861535589783,0.0781233876181471,0.1200011738097412,0.0130226124731238
1.0,0.3972755694506486,-0.1439316556783356,0.1696574426972171,0.0126523995399996,0.0430783274297522,0.0226305533710824
1.0,0.3972755694506486,-0.1439316556783356,0.1890909326161922,0.9276288221390996,0.9704740140821774,0.0309960996888896
1.0,0.3972755694506486,-0.1439316556783356,0.1091502787621638,0.8524033505456661,0.8953831928327495,0.0799985142793103
1.0,0.3972755694506486,-0.1439316556783356,0.1482453181236948,0.8384061227709103,0.8953831928327495,0.1338283548795568
1.0,0.3972755694506486,-0.1439316556783356,0.2043020413815611,0.8724617854486624,0.8953831928327495,0.097776206639045
1.0,0.3972755694506486,-0.1439316556783356,0.2096821379107743,0.8434097253861718,0.8953831928327495,0.2117890940495278
1.0,0.3972755694506486,-0.1439316556783356,0.2314211960584202,0.7891627062244293,0.8030754531436158,0.2342489909813155
1.0,0.3972755694506486,-0.1439316556783356,0.1914570332079956,0.7918259728986345,0.8030754531436158,0.2538157997555386
1.0,0.3972755694506486,-0.1439316556783356,0.2073039127499728,0.798278225648052,0.8030754531436158,0.2747920598599092
1.0,0.3972755694506486,-0.1439316556783356,0.1217638569629307,0.7498006986706827,0.7790285576126613,0.2761844015839448
1.0,0.3972755694506486,-0.1439316556783356,0.1526429173956959,0.6456231338834262,0.6615369189536104,0.2380248470726817
1.0,0.3972755694506486,-0.1439316556783356,0.1002661252413235,0.6356674177401165,0.6615369189536104,0.3229853454569358
1.0,0.3972755694506486,-0.1439316556783356,0.1046179406930779,0.6736091917070166,0.6399984463594793,0.552867731894962
1.0,0.3972755694506486,-0.1439316556783356,0.1140938455665144,0.6357954194412786,0.6121342906373024,0.5458488157712715
1.0,0.3972755694506486,-0.1439316556783356,0.1553348431588601,0.5061680797096474,0.5413141193251303,0.5487832448318088
1.0,0.3972755694506486,-0.1439316556783356,0.2055198593314743,0.4696180803695278,0.4984599121694741,0.3050936109918478
1.0,0.3972755694506486,-0.1439316556783356,0.2130532205015513,0.4253427669605507,0.4584598916375161,0.2665316590178669
1.0,0.3972755694506486,-0.1439316556783356,0.2958486900839597,0.4142944133668339,0.4030752478240358,0.1932426173669647
1.0,0.3972755694506486,-0.1439316556783356,0.3228119897600776,0.4080965099222104,0.4030752478240358,0.1847646174318076
1.0,0.3972755694506486,-0.1439316556783356,0.3665362393301248,0.419552619763432,0.4276906450744715,0.3623892070403795
1.0,0.3972755694506486,-0.1439316556783356,0.3475624198712457,0.4661464265435187,0.4338444943870804,0.3830891104470563
1.0,0.3972755694506486,-0.1439316556783356,0.3004118485359933,0.4660973549834643,0.4683323581793368,0.3046978672648402
1.0,0.3972755694506486,-0.1439316556783356,0.3544784911842508,0.4760016244523173,0.4707675902627339,0.4747236567148847
1.0,0.3972755694506486,-0.1439316556783356,0.3012228600514611,0.4901164203899693,0.4707675902627339,0.439915581569034
1.0,0.3972755694506486,-0.1439316556783356,0.2988655588203672,0.5264161420499841,0.5353830080451275,0.5341103391021841
1.0,0.3972755694506486,-0.1439316556783356,0.2784431926731772,0.6158536196205205,0.6186704348985196,0.8129879690852487
1.0,0.3972755694506486,-0.1439316556783356,0.3449997022015842,0.6423982374786756,0.6430753710157836,0.9085684292303192
1.0,0.3972755694506486,-0.1439316556783356,0.2144861590693234,0.7032385742202076,0.7138446381107864,0.9794045968029604
1.0,0.3972755694506486,-0.1439316556783356,0.3277186173458201,0.7239522438088393,0.7138446381107864,0.9778714006121988
1.0,0.3972755694506486,-0.1439316556783356,0.3029578949232823,0.7228859870933962,0.7138446381107864,0.983151103339227
1.0,0.3972755694506486,-0.1439316556783356,0.3607289779483723,0.7294426600509843,0.7446138846738308,0.9893236057862044
1.0,0.3972755694506486,-0.1439316556783356,0.2624767865965242,0.7315378502555543,0.7446138846738308,0.9784031730195932
1.0,0.3972755694506486,-0.1439316556783356,0.2358235908689056,0.7154016623108215,0.7446138846738308,0.9888978836895136
1.0,0.3972755694506486,-0.1439316556783356,0.1795141065401712,0.7341878841495205,0.7446138846738308,0.9912507616253876
1.0,0.3972755694506486,-0.1439316556783356,0.1713774123396488,0.7249806683448801,0.7446138846738308,0.9967267714912582
1.0,0.3972755694506486,-0.1439316556783356,0.2819312230656715,0.732745511103427,0.7446138846738308,0.9883901524722458
1.0,0.3972755694506486,-0.1439316556783356,0.3155841632046611,0.7351595604164577,0.7446138846738308,0.960132102501051
1.0,0.3972755694506486,-0.1439316556783356,0.2798437839766446,0.7596506373975913,0.7446138846738308,0.997594243144724
1.0,0.3972755694506486,-0.1439316556783356,0.2483338614080782,0.7634931483723608,0.790767754518398,0.9625792733772748
1.0,0.3972755694506486,-0.1439316556783356,0.3475513358436167,0.7616048475973031,0.7784600558931801,0.9918428417384276
1.0,0.3972755694506486,-0.1439316556783356,0.3070853153667127,0.7686026980550517,0.7784600558931801,0.9884686519300308
1.0,0.3972755694506486,-0.1439316556783356,0.3309581845557104,0.752802249496136,0.7784600558931801,0.9826832067946502
1.0,0.3972755694506486,-0.1439316556783356,0.328476425528669,0.7817179101315438,0.7999985284873111,0.9877923399099788
1.0,0.3972755694506486,-0.1439316556783356,0.3148763462484649,0.8115920990791634,0.8116698816212572,0.9841668582456622
1.0,0.3972755694506486,-0.1439316556783356,0.460759296157007,0.7985452563672416,0.8121494934556308,0.9848530558159122
1.0,0.3972755694506486,-0.1439316556783356,0.3834905941959462,0.8019012930171849,0.8276908503940512,0.9867406109599236
1.0,0.3972755694506486,-0.1439316556783356,0.304595051045001,0.7691622071477375,0.7858891627875177,0.9870069943658496
1.0,0.3972755694506486,-0.1439316556783356,0.3720890657266325,0.7492757135623392,0.7492142570530553,0.9983330271624768
1.0,0.3972755694506486,-0.1439316556783356,0.3578663581597229,0.7344366773831239,0.7569215832990489,0.9904014232296814
1.0,0.3972755694506486,-0.1439316556783356,0.3612709190380321,0.7320659739079287,0.7156842052999942,0.9972621120558246
1.0,0.3972755694506486,-0.1439316556783356,0.3025503420135068,0.7367036392542626,0.7323061860486132,0.9887204117409896
1.0,0.3972755694506486,-0.1439316556783356,0.3998189955667734,0.743746532060134,0.7630754326116578,0.98754058009902
1.0,0.3972755694506486,-0.1439316556783356,0.2135195639986891,0.7219196548338637,0.7446138846738308,0.9916791744635524
1.0,0.3972755694506486,-0.1439316556783356,0.1812256613697908,0.6224975780323801,0.6276907477342615,0.9948123674268866
1.0,0.3972755694506486,-0.1439316556783356,0.1554098978602329,0.5585128867119776,0.606592618006973,1.0
1.0,0.3972755694506486,-0.1439316556783356,0.2193814311818624,0.542001642755524,0.5569214806392588,0.9955470568380486
1.0,0.3972755694506486,-0.1439316556783356,0.1991304376740941,0.5659742237801624,0.5569214806392588,0.9920434774613802
1.0,0.3972755694506486,-0.1439316556783356,0.2141770730417288,0.5924414807692259,0.5569214806392588,0.9922286706680472
1.0,0.3972755694506486,-0.1439316556783356,0.3067028711725863,0.5802112956967571,0.5569214806392588,0.9947118740822708
1.0,0.3972755694506486,-0.1439316556783356,0.3860942096655119,0.5741776568606823,0.5771411917954751,0.9882450864101692
1.0,0.3972755694506486,-0.1439316556783356,0.388130096715832,0.530124459061044,0.5569214806392588,0.9970818323770664
1.0,0.3972755694506486,-0.1439316556783356,0.4355511409456942,0.5341198256126813,0.5569214806392588,0.9820277187738315
1.0,0.3972755694506486,-0.1439316556783356,0.4008078265540593,0.5578876802584237,0.5569214806392588,0.9892917848435556
1.0,0.3972755694506486,-0.1439316556783356,0.3744859301502223,0.5821842523351414,0.5907676518586078,0.9948544833803928
1.0,0.3972755694506486,-0.1439316556783356,0.3689134691904862,0.5589963497310444,0.5856601622570772,0.9816265643166862
1.0,0.3972755694506486,-0.1439316556783356,0.4353436660448527,0.5891923666801271,0.5938445765149123,0.9790016875144186
1.0,0.3972755694506486,-0.1439316556783356,0.4047188596336158,0.6078393050242552,0.5938445765149123,0.9753761473557224
1.0,0.3972755694506486,-0.1439316556783356,0.5255365251849353,0.6334068177825547,0.6399984463594793,0.9678266872066148
1.0,0.3972755694506486,-0.1439316556783356,0.6015295686682316,0.6257856270325678,0.6492292203283925,0.974576178216626
1.0,0.3972755694506486,-0.1439316556783356,0.4758285067482614,0.6351114289062763,0.6276907477342615,0.9692773478273804
1.0,0.3972755694506486,-0.1439316556783356,0.4245000487131703,0.6228725068058294,0.6276907477342615,0.9753639220303296
1.0,0.3972755694506486,-0.1439316556783356,0.4713837211872115,0.6361345518476699,0.6276907477342615,0.9747572183223224
1.0,0.3972755694506486,-0.1439316556783356,0.5168454712597157,0.6470269113204878,0.6676907682662195,0.9736875315976472
1.0,0.3972755694506486,-0.1439316556783356,0.4020575167385217,0.6541465288040933,0.6676907682662195,0.9620344567231692
1.0,0.3972755694506486,-0.1439316556783356,0.414655532059679,0.6284114856549425,0.6338445970468705,0.8980106031245192
1.0,0.3972755694506486,-0.1439316556783356,0.2743240965607009,0.6043922081846519,0.6338445970468705,0.8561086805543653
1.0,0.3972755694506486,-0.1439316556783356,0.3236153329380633,0.608310892471312,0.6215368984216524,0.9457303767165014
1.0,0.3972755694506486,-0.1439316556783356,0.3216743387365253,0.6002721057141553,0.6215368984216524,0.9616136481543875
1.0,0.3972755694506486,-0.1439316556783356,0.4056914491273556,0.581673348262181,0.5876907272023034,0.9629023963316742
1.0,0.3972755694506486,-0.1439316556783356,0.4999549965857802,0.5522871180858888,0.5507676313266497,0.8537934145047474
1.0,0.3972755694506486,-0.1439316556783356,0.5804935771792267,0.5351012568137692,0.5523887809252126,0.8394093540229186
1.0,0.3972755694506486,-0.1439316556783356,0.5184716564561282,0.5635726014049851,0.5538445559829543,0.9117700606181006
1.0,0.3972755694506486,-0.1439316556783356,0.5400063387065757,0.5753173300587996,0.581229185424064,0.963083202459851
1.0,0.3972755694506486,-0.1439316556783356,0.6259265992617539,0.5727999632692848,0.5815368778896945,0.9620083682297476
1.0,0.3972755694506486,-0.1439316556783356,0.583317289768852,0.5935617289245558,0.5815368778896945,0.9666634679685284
1.0,0.3972755694506486,-0.1439316556783356,0.646454037466773,0.5647407335631686,0.5969215011712167,0.7989927792407928
1.0,0.3972755694506486,-0.1439316556783356,0.6679731115966819,0.5706419597713352,0.5969215011712167,0.7873220975579742
1.0,0.3972755694506486,-0.1439316556783356,0.6125353747307287,0.5885538850335765,0.5969215011712167,0.6611350965843252
1.0,0.3972755694506486,-0.1439316556783356,0.4955849490395995,0.7458363782572993,0.7538446586427444,0.2142117411569912
1.0,0.3972755694506486,-0.1439316556783356,0.4015762437347817,0.7191140509465703,0.7101562211986516,0.1070436759721119
1.0,0.3972755694506486,-0.1439316556783356,0.4996157348584774,0.6650958486098006,0.6684229334603986,0.1501336925153919
1.0,0.3972755694506486,-0.1439316556783356,0.4595269332483889,0.6606333055378528,0.6506079546339307,0.0798745427529742
1.0,0.3972755694506486,-0.1439316556783356,0.4385655440514659,0.6254937000249148,0.6123061244527391,0.1889124831555493
1.0,0.3972755694506486,-0.1439316556783356,0.3281453071686038,0.6054326779437307,0.6123061244527391,0.185089582959173
1.0,0.3972755694506486,-0.1439316556783356,0.3435260241771596,0.6057848734793329,0.6123061244527391,0.1897019525534591
1.0,0.3972755694506486,-0.1439316556783356,0.3246608734299729,0.5988386393470693,0.6123061244527391,0.3556277246824952
1.0,0.3972755694506486,-0.1439316556783356,0.369332988326008,0.6457318801928293,0.6296782793664853,0.2829663569747835
1.0,0.3972755694506486,-0.1439316556783356,0.3143606675181462,0.6106831652185228,0.6307676723905659,0.3405058453401814
1.0,0.3972755694506486,-0.1439316556783356,0.3225302518741224,0.5982769247910101,0.595692699034737,0.0859303854710994
1.0,0.3972755694506486,-0.1439316556783356,0.3593497177429743,0.6009816287289779,0.6030753504838259,0.0880050714481111
1.0,0.3972755694506486,-0.1439316556783356,0.2455640986264017,0.5953851381811319,0.6030753504838259,0.0783073028331285
1.0,0.3972755694506486,-0.1439316556783356,0.2960432260790793,0.6058775453537659,0.6030753504838259,0.0632467658158043
1.0,0.3972755694506486,-0.1439316556783356,0.3646515022239197,0.6102146739027398,0.6030753504838259,0.0686358859362773
1.0,0.3972755694506486,-0.1439316556783356,0.3213023225765559,0.6041185610753422,0.6030753504838259,0.0613232110368819
1.0,0.3972755694506486,-0.1439316556783356,0.3647928348864205,0.6125215037656253,0.6030753504838259,0.0452348985180592
1.0,0.3972755694506486,-0.1439316556783356,0.3822761014543218,0.6096409989491566,0.6030753504838259,0.0318648180038265
1.0,0.3972755694506486,-0.1439316556783356,0.3733794727472828,0.5996506739959903,0.6030753504838259,0.0415035310584825
1.0,0.3972755694506486,-0.1439316556783356,0.2958317473560126,0.6120301943864808,0.6030753504838259,0.2154820782282138
1.0,0.3972755694506486,-0.1439316556783356,0.4648534192766215,0.6505204925419579,0.6618607382174535,0.188344400361851
1.0,0.3972755694506486,-0.1439316556783356,0.1804126818739073,0.5984941629332733,0.624613823077957,0.1757049786304172
1.0,0.3972755694506486,-0.1439316556783356,0.3148867742826219,0.6152131445743826,0.6276907477342615,0.2674430891978047
1.0,0.3972755694506486,-0.1439316556783356,0.2233682201971929,0.5790194123945547,0.6123061244527391,0.181819132933475
1.0,0.3972755694506486,-0.1439316556783356,0.232656228181855,0.6084667593539395,0.6123061244527391,0.2017006853421813
1.0,0.3972755694506486,-0.1439316556783356,0.2800934912847987,0.5767885861925308,0.6121749712343848,0.1778257069961838
1.0,0.3972755694506486,-0.1439316556783356,0.374055100782426,0.6116738848134322,0.6092291997964348,0.0744197151644139
1.0,0.3972755694506486,-0.1439316556783356,0.3144737019794965,0.5802604520823259,0.5969215011712167,0.0629788505883054
1.0,0.3972755694506486,-0.1439316556783356,0.3345679130474772,0.6011149744375444,0.6135306917005637,0.1193732822205664
1.0,0.3972755694506486,-0.1439316556783356,0.2755951178432328,0.5845400689325672,0.5900243647346269,0.180480766898464
1.0,0.3972755694506486,-0.1439316556783356,0.3726643493810374,0.5563289266066354,0.5609234076418432,0.2401154069620305
1.0,0.3972755694506486,-0.1439316556783356,0.238988306961604,0.6030307162664961,0.599998425827521,0.2878433551435996
1.0,0.3972755694506486,-0.1439316556783356,0.2410279263885747,0.559895797072508,0.5230753094199098,0.2972846697736389
1.0,0.3972755694506486,-0.1439316556783356,0.2126710477529995,0.6080078109085214,0.6215368984216524,0.2304493276773423
1.0,0.3972755694506486,-0.1439316556783356,0.2699349121015119,0.6174130518764236,0.6338445970468705,0.2653162335457468
1.0,0.3972755694506486,-0.1439316556783356,0.2192464096289707,0.6551989589606962,0.6338445970468705,0.0606625462634449
1.0,0.3972755694506486,-0.1439316556783356,0.2536422736851363,0.6590186518721044,0.6553830696410015,0.024380955645844
1.0,0.3972755694506486,-0.1439316556783356,0.2775267471724476,0.6347785735879474,0.6553830696410015,0.0592508173083813
1.0,0.3972755694506486,-0.1439316556783356,0.07497278136052,0.5797721540089412,0.6006058970779616,0.0521564397787604
1.0,0.3972755694506486,-0.1439316556783356,0.130374857064112,0.6326790148693883,0.6399984463594793,0.0393314117241018
1.0,0.3972755694506486,-0.1439316556783356,0.1255959559314443,0.6462632272147494,0.6399984463594793,0.0375320368577438
1.0,0.3972755694506486,-0.1439316556783356,0.2871899834230449,0.7269315703495319,0.7476908093301354,0.045329516833397
1.0,0.3972755694506486,-0.1439316556783356,0.281203816787176,0.7927506558306193,0.8055620599873661,0.0346221480175111
1.0,0.3972755694506486,-0.1439316556783356,0.2441499576646695,0.8364228174197749,0.864613946269705,0.0210073845983093
1.0,0.3972755694506486,-0.1439316556783356,0.2078199534077243,0.9302064150438066,0.9261524393957944,0.0683899316925207
1.0,0.3972755694506486,-0.1439316556783356,0.2056704437639756,0.9647991080529404,0.9876909325218834,0.1295268536670876
1.0,0.3972755694506486,-0.1439316556783356,0.1824311059255958,0.9615293389510962,0.9876909325218834,0.1467109085009185
1.0,0.3972755694506486,-0.1439316556783356,0.1814263727517322,0.9292675662509248,0.9876909325218834,0.1104805351967414
1.0,0.3972755694506486,-0.1439316556783356,0.2443454437193002,0.9254798525584288,0.9292293640520988,0.1026491102012702
1.0,0.3972755694506486,-0.1439316556783356,0.2630559609708314,0.9210430540300876,0.9292293640520988,0.0985730975114007
1.0,0.3972755694506486,-0.1439316556783356,0.1681780643157263,0.0076065955686472,0.9815370832092746,0.0596519205829445
1.0,0.3972755694506486,-0.1439316556783356,0.199895167719095,0.0267773135710357,0.0307706555399425,0.0856580941328065
1.0,0.3972755694506486,-0.1439316556783356,0.1403634660767792,0.9370761789748792,0.9815370832092746,0.1303101957787061
1.0,0.3972755694506486,-0.1439316556783356,0.1356883815661581,0.9239023524679676,0.9657779931066582,0.1684981346878009
1.0,0.3972755694506486,-0.1439316556783356,0.0628186021742745,0.9398585406712392,0.9261524393957944,0.1709821423997475
1.0,0.3972755694506486,-0.1439316556783356,0.1553918241090585,0.8502839002439909,0.8892293435201407,0.232376264162601
1.0,0.3972755694506486,-0.1439316556783356,0.1703658930264206,0.847245704796336,0.8235840350381058,0.2965859544060968
1.0,0.3972755694506486,-0.1439316556783356,0.201027570794872,0.8154280784893276,0.8514736428688677,0.2231655343780075
1.0,0.3972755694506486,-0.1439316556783356,0.1805066020427138,0.8260665551976809,0.8061523777999202,0.1574586658581549
1.0,0.3972755694506486,-0.1439316556783356,0.1321781604979415,0.7834497926581308,0.8061523777999202,0.1464976672391039
1.0,0.3972755694506486,-0.1439316556783356,0.11094347084834,0.6549625502521887,0.6307676723905659,0.1106260107194771
1.0,0.3972755694506486,-0.1439316556783356,0.0732032389700296,0.6076736832074768,0.6307676723905659,0.0926389377269992
1.0,0.3972755694506486,-0.1439316556783356,0.2207008602585288,0.5575296741750881,0.5833527895897471,0.1331135096867657
1.0,0.3972755694506486,-0.1439316556783356,0.147172768797114,0.6086826402879731,0.6276907477342615,0.1415051134228555
1.0,0.3972755694506486,-0.1439316556783356,0.1851732264995937,0.603660927425397,0.6276907477342615,0.1587045084078071
1.0,0.3972755694506486,-0.1439316556783356,0.1969941157611773,0.6067252491314733,0.6276907477342615,0.166486571458466
1.0,0.3972755694506486,-0.1439316556783356,0.2162435655805834,0.5653147902315663,0.5786441067249152,0.1365756896660813
1.0,0.3972755694506486,-0.1439316556783356,0.2732055145887632,0.5586002145790061,0.5507676313266497,0.1109770866756568
1.0,0.3972755694506486,-0.1439316556783356,0.2547160218963382,0.5636032234156674,0.5876907272023034,0.1956680722046618
1.0,0.3972755694506486,-0.1439316556783356,0.3123383979874844,0.5461547847638617,0.5476907066703454,0.204286444027911
1.0,0.3972755694506486,-0.1439316556783356,0.3800865762087861,0.5487036642319595,0.5630753299518678,0.2137579710051529
1.0,0.3972755694506486,-0.1439316556783356,0.3815254187178055,0.5511270867643262,0.5630753299518678,0.3154267016901888
1.0,0.3972755694506486,-0.1439316556783356,0.4465041508439344,0.5416513557939949,0.5630753299518678,0.340485401554417
1.0,0.3972755694506486,-0.1439316556783356,0.4217425236028148,0.5781133062502137,0.5876907272023034,0.3238049979548582
1.0,0.3972755694506486,-0.1439316556783356,0.3859333781625699,0.5730171165860339,0.5876907272023034,0.355803617282763
1.0,0.3972755694506486,-0.1439316556783356,0.4256052393700951,0.5944284336174785,0.6081550352608518,0.4288093706519568
1.0,0.3972755694506486,-0.1439316556783356,0.3698470157624147,0.6155658066503139,0.6092291997964348,0.6695939103628852
1.0,0.3972755694506486,-0.1439316556783356,0.3709044772391415,0.6153625223051621,0.6092291997964348,0.5162472083888524
1.0,0.3972755694506486,-0.1439316556783356,0.3071983272075984,0.6172388626826957,0.6092291997964348,0.467172470981571
1.0,0.3972755694506486,-0.1439316556783356,0.4329224620014085,0.6588016682063842,0.6461522956720881,0.5104963919263545
1.0,0.3972755694506486,-0.1439316556783356,0.4527915542061997,0.6610717262087971,0.6769215422351329,0.5224217581391254
1.0,0.3972755694506486,-0.1439316556783356,0.3919763447849209,0.6502880282198679,0.6769215422351329,0.3664795435415195
1.0,0.3972755694506486,-0.1439316556783356,0.4047422491939593,0.6702366989072884,0.688637939184776,0.6300898479067248
1.0,0.3972755694506486,-0.1439316556783356,0.327435771057102,0.6948590009591296,0.6799984668914373,0.543036522975902
1.0,0.3972755694506486,-0.1439316556783356,0.3820864967204737,0.6997452474752807,0.6984600148292639,0.4246842884891742
1.0,0.3972755694506486,-0.1439316556783356,0.3939312053312273,0.7342030679165901,0.7261523367360042,0.4530913528930868
1.0,0.3972755694506486,-0.1439316556783356,0.4958125109129603,0.7494323014618387,0.7630754326116578,0.3525291018976639
1.0,0.3972755694506486,-0.1439316556783356,0.4642467384174231,0.7367938936015362,0.7630754326116578,0.8009005734402391
1.0,0.3972755694506486,-0.1439316556783356,0.4995295961294756,0.7553314918576608,0.7446138846738308,0.9817160607178864
1.0,0.3972755694506486,-0.1439316556783356,0.3446694434191719,0.7324577829587348,0.7446138846738308,0.9953466550926152
1.0,0.3972755694506486,-0.1439316556783356,0.2872592699059579,0.714768185369618,0.7446138846738308,0.9529103863623528
1.0,0.3972755694506486,-0.1439316556783356,0.3475866237683129,0.7132090924157721,0.7046138641418731,0.828735241089938
1.0,0.3972755694506486,-0.1439316556783356,0.3950735840318702,0.6748946375515531,0.6817727141313864,0.928529987327092
1.0,0.3972755694506486,-0.1439316556783356,0.4414302901637827,0.6427342737537933,0.6676907682662195,0.9042604936360642
1.0,0.3972755694506486,-0.1439316556783356,0.4384787267085276,0.6614871591653508,0.6540236276060044,0.8597592563076458
1.0,0.3972755694506486,-0.1439316556783356,0.4334812327166927,0.6666611338261942,0.6769215422351329,0.9646250558188332
1.0,0.3972755694506486,-0.1439316556783356,0.4128681081919628,0.6860466055110547,0.6793761521423768,0.9812476962182708
1.0,0.3972755694506486,-0.1439316556783356,0.3831887467170071,0.7147905793054077,0.7065049344213934,0.9860592684232028
1.0,0.3972755694506486,-0.1439316556783356,0.4047860876542549,0.7179067294007548,0.7212475656934367,0.9771660753797314
1.0,0.3972755694506486,-0.1439316556783356,0.3303912252322595,0.7194942389019093,0.7169215627670907,0.9610414561305034
1.0,0.3972755694506486,-0.1439316556783356,0.4151946682117349,0.6816679972855612,0.6830753915477418,0.6848480162508941
1.0,0.3972755694506486,-0.1439316556783356,0.3797336517208959,0.7346399193155183,0.7384600353612221,0.7935704672156426
1.0,0.3972755694506486,-0.1439316556783356,0.3593691713424863,0.7023819213507361,0.7015369394855686,0.8761185550089106
1.0,0.3972755694506486,-0.1439316556783356,0.3568925924018267,0.7202865940315002,0.7292292613923087,0.7110796454202671
1.0,0.3972755694506486,-0.1439316556783356,0.2786680853317213,0.7162935177687505,0.6953830901729595,0.7546998988934698
1.0,0.3972755694506486,-0.1439316556783356,0.3610933936322533,0.6591343538736845,0.6726681740657228,0.7922154449059639
1.0,0.3972755694506486,-0.1439316556783356,0.451671162597098,0.6465517612018283,0.664613843609915,0.6159315757311926
1.0,0.3972755694506486,-0.1439316556783356,0.4605449446349427,0.6632786316157718,0.6523061449846972,0.6492123626186486
1.0,0.3972755694506486,-0.1439316556783356,0.3662007325999371,0.6630940937092926,0.6799984668914373,0.4263013363734788
1.0,0.3972755694506486,-0.1439316556783356,0.5203477073039466,0.6653317059524647,0.6615369189536104,0.380636821312594
1.0,0.3972755694506486,-0.1439316556783356,0.4863392413236437,0.6797645551561909,0.6923061655166551,0.3566624025208182
1.0,0.3972755694506486,-0.1439316556783356,0.485342086005404,0.6491235435588018,0.6720691298159396,0.3382338943788571
1.0,0.3972755694506486,-0.1439316556783356,0.4352664397788831,0.6293119084898215,0.6492292203283925,0.3590847717799772
1.0,0.3972755694506486,-0.1439316556783356,0.5108808166856328,0.654542155003045,0.6892292408603508,0.354889116147882
1.0,0.3972755694506486,-0.1439316556783356,0.4225294895644672,0.6872705528576838,0.6892292408603508,0.2926674451458236
1.0,0.3972755694506486,-0.1439316556783356,0.548675903190474,0.6852855085835039,0.6893754086839373,0.3115846153372152
1.0,0.3972755694506486,-0.1439316556783356,0.5134354814699149,0.6668459262092167,0.6892292408603508,0.3304468300587194
1.0,0.3972755694506486,-0.1439316556783356,0.4644003313717093,0.647832287166532,0.6713896654583598,0.3487291899925764
1.0,0.3972755694506486,-0.1439316556783356,0.5210858583031026,0.6594575814961345,0.6707676929225239,0.4278276302274157
1.0,0.3972755694506486,-0.1439316556783356,0.5025370773730954,0.6716668146665573,0.6707676929225239,0.3916883107373032
1.0,0.3972755694506486,-0.1439316556783356,0.5496316178176602,0.6480660238713372,0.6707676929225239,0.3873019341796432
1.0,0.3972755694506486,-0.1439316556783356,0.4861013192775196,0.6793429299370893,0.6707676929225239,0.4594813666916094
1.0,0.3972755694506486,-0.1439316556783356,0.4265126819259344,0.7410689298740023,0.7321077879316114,0.4008228515921165
1.0,0.3972755694506486,-0.1439316556783356,0.4259481203717257,0.8656622570434757,0.8830754942075317,0.3558933476614829
1.0,0.3972755694506486,-0.1439316556783356,0.4240545612843464,0.8480146480839643,0.870767795582314,0.2833350178039115
1.0,0.3972755694506486,-0.1439316556783356,0.3373177019589571,0.8512645680154496,0.8615370216134003,0.2160324518484067
1.0,0.3972755694506486,-0.1439316556783356,0.4092886458817623,0.8166465121775237,0.8092293024562246,0.2151497716561748
1.0,0.3972755694506486,-0.1439316556783356,0.3839662573244781,0.8295499149446711,0.8385094081721225,0.2280655208381123
1.0,0.3972755694506486,-0.1439316556783356,0.3339623179705769,0.8474489467287307,0.8369216243629649,0.266750486492959
1.0,0.3972755694506486,-0.1439316556783356,0.3146833484449347,0.8434532408750359,0.8628537725486204,0.2396963532246448
1.0,0.3972755694506486,-0.1439316556783356,0.2102828922082611,0.79483125604672,0.8184600764251381,0.1993808128601488
1.0,0.3972755694506486,-0.1439316556783356,0.2512864880251672,0.7927879790569355,0.8184600764251381,0.146236153490302
1.0,0.3972755694506486,-0.1439316556783356,0.2981488746420679,0.7966847783608922,0.8184600764251381,0.1207328232210901
1.0,0.3972755694506486,-0.1439316556783356,0.3296820962891196,0.8008610777346488,0.8184600764251381,0.1167536991596771
1.0,0.3972755694506486,-0.1439316556783356,0.3790968856438475,0.7798302031350864,0.7891038282667515,0.126782070697885
1.0,0.3972755694506486,-0.1439316556783356,0.3759768902095621,0.8083702563929299,0.824613925737747,0.1753889773667668
1.0,0.3972755694506486,-0.1439316556783356,0.328457379097519,0.7979466427124379,0.8030754531436158,0.1382346926443473
1.0,0.3972755694506486,-0.1439316556783356,0.2452418701089041,0.7544705977124714,0.764844076110053,0.0756653091129517
1.0,0.3972755694506486,-0.1439316556783356,0.1449405134940458,0.7411401833060606,0.7507677339864399,0.0686154275269179
1.0,0.3972755694506486,-0.1439316556783356,0.2703585934025108,0.7315145232391065,0.7507677339864399,0.0951482661936318
1.0,0.3972755694506486,-0.1439316556783356,0.1760530849823482,0.7293357799028972,0.7507677339864399,0.1262638251158355
1.0,0.3972755694506486,-0.1439316556783356,0.2116002628226534,0.7163241397794327,0.7507677339864399,0.1264627718135694
1.0,0.3972755694506486,-0.1439316556783356,0.1298641209052972,0.6938026688288661,0.6430753710157836,0.1486559782439367
1.0,0.3972755694506486,-0.1439316556783356,0.1588254522843128,0.6592732556534411,0.6461522956720881,0.1447640254321243
1.0,0.3972755694506486,-0.1439316556783356,0.1553656748520401,0.6462579680328592,0.6461522956720881,0.1378236087662189
1.0,0.3972755694506486,-0.1439316556783356,0.1298667674996494,0.6535012187036372,0.6461522956720881,0.1217084217357448
1.0,0.3972755694506486,-0.1439316556783356,0.1643603858933625,0.6066735055677167,0.6461522956720881,0.1273792690691635
1.0,0.3972755694506486,-0.1439316556783356,0.2410473573676221,0.6709106376188393,0.6461522956720881,0.1375226844289798
1.0,0.3972755694506486,-0.1439316556783356,0.2219944567646804,0.6331940329797947,0.6461522956720881,0.0988336534147323
1.0,0.3972755694506486,-0.1439316556783356,0.1849906114892913,0.6161950847285569,0.6461522956720881,0.0823469832013015
1.0,0.3972755694506486,-0.1439316556783356,0.1177027257908606,0.5681715439040156,0.5692291792644766,0.0787027906472243
1.0,0.3972755694506486,-0.1439316556783356,0.1871465001040428,0.5625490543360196,0.5692291792644766,0.1228717214036036
1.0,0.3972755694506486,-0.1439316556783356,0.214704559654542,0.6162220168293646,0.6338445970468705,0.1196958494783572
1.0,0.3972755694506486,-0.1439316556783356,0.1979895519241113,0.6052994594734363,0.6338445970468705,0.111830717096486
1.0,0.3972755694506486,-0.1439316556783356,0.2289643874037762,0.5673714272398618,0.5323060833888231,0.103031115060806
1.0,0.3972755694506486,-0.1439316556783356,0.2805775013647492,0.5248578549385245,0.5323060833888231,0.0981911511462448
1.0,0.3972755694506486,-0.1439316556783356,0.2863029445262287,0.5292348514792453,0.5323060833888231,0.0872289826395965
1.0,0.3972755694506486,-0.1439316556783356,0.317627786453857,0.6100813706069306,0.6070840789742505,0.0738091654509302
1.0,0.3972755694506486,-0.1439316556783356,0.4377535146150934,0.6282736017813587,0.6461522956720881,0.0587530118561975
1.0,0.3972755694506486,-0.1439316556783356,0.4706580114435573,0.6342532491775464,0.6461522956720881,0.0720119402530324
1.0,0.3972755694506486,-0.1439316556783356,0.448457246994006,0.7225054598359997,0.7323061860486132,0.0760828200610683
1.0,0.3972755694506486,-0.1439316556783356,0.4308226042773443,0.6936457416273092,0.7145329144589018,0.1335844479390957
1.0,0.3972755694506486,-0.1439316556783356,0.4225575841814368,0.63759244796289,0.6350440543993349,0.089786759076356
1.0,0.3972755694506486,-0.1439316556783356,0.3903849046220553,0.6196501975792665,0.6276907477342615,0.0475122858008127
1.0,0.3972755694506486,-0.1439316556783356,0.3814933428990754,0.620973051475634,0.6276907477342615,0.0165248414521943
1.0,0.3972755694506486,-0.1439316556783356,0.4740388660750192,0.6688580722352332,0.6707676929225239,0.0115937245573153
1.0,0.3972755694506486,-0.1439316556783356,0.4474377878977212,0.7906120349626997,0.777735077176719,0.0113533624676717
1.0,0.3972755694506486,-0.1439316556783356,0.3476517254652843,0.7430148271733072,0.7468997834613132,0.0190454794415849
1.0,0.3972755694506486,-0.1439316556783356,0.2301138236893583,0.7191994702395257,0.7446138846738308,0.0237114637048948
1.0,0.3972755694506486,-0.1439316556783356,0.2259455280664884,0.718371912521478,0.7230754120796998,0.0073462423334215
1.0,0.3972755694506486,-0.1439316556783356,0.2726355015025983,0.7273309288711155,0.7384600353612221,0.007357226024204
1.0,0.3972755694506486,-0.1439316556783356,0.4482875935098901,0.7412271294582745,0.7538446586427444,0.0
1.0,0.3972755694506486,-0.1439316556783356,0.4450267178223948,0.7563013019632822,0.766152357267962,0.0048600681587299
1.0,0.3972755694506486,-0.1439316556783356,0.5447895264172755,0.7505989067607638,0.7637253810786102,0.0046045166095417
1.0,0.3972755694506486,-0.1439316556783356,0.3057574940976987,0.7390979242224482,0.7583003603812399,0.0055564949622213
1.0,0.3972755694506486,-0.1439316556783356,0.2956357184102328,0.7081570120190567,0.7046138641418731,0.0072511648600511
1.0,0.3972755694506486,-0.1439316556783356,0.4673430276048613,0.7237217728863368,0.7046138641418731,0.0082167231342924
1.0,0.3972755694506486,-0.1439316556783356,0.3142888927841329,0.7168195207832662,0.7046138641418731,0.0365838100569692
1.0,0.3972755694506486,-0.1439316556783356,0.3985003129654372,0.6978589825125675,0.7046138641418731,0.0171062454269333
1.0,0.3972755694506486,-0.1439316556783356,0.3502754731482984,0.6995742392383407,0.7046138641418731,0.0106074805225116
1.0,0.3972755694506486,-0.1439316556783356,0.3636841154370261,0.6462267522435767,0.6638193528321931,0.0022634027845849
1.0,0.3972755694506486,-0.1439316556783356,0.3496221036502711,0.6596568366293547,0.686152316204046,0.0187857899862551
1.0,0.3972755694506486,-0.1439316556783356,0.3492751509650218,0.668324604575454,0.6764607093514631,0.016679557259
1.0,0.3972755694506486,-0.1439316556783356,0.3055024709803757,0.6904169432488986,0.6769215422351329,0.0270269178441051
1.0,0.3972755694506486,-0.1439316556783356,0.3122873209785332,0.8031852968279772,0.7938446791747023,0.0294743830201775
1.0,0.3972755694506486,-0.1439316556783356,0.4982257977938125,0.8769383671432358,0.8964738263797695,0.0103747400677701
1.0,0.3972755694506486,-0.1439316556783356,0.4023476015758954,0.8742735736097719,0.8738447202386184,0.0290380697848316
1.0,0.3972755694506486,-0.1439316556783356,0.3732101359496705,0.8113346536430958,0.8307677750503559,0.0595711361884459
1.0,0.3972755694506486,-0.1439316556783356,0.4154496913290579,0.811988573533259,0.7938446791747023,0.0840029517836118
1.0,0.3972755694506486,-0.1439316556783356,0.4240670477807773,0.7901142788444643,0.7938446791747023,0.0746753867870264
1.0,0.3972755694506486,-0.1439316556783356,0.4000932913198921,0.8215182959434774,0.8430754736755737,0.0867216243240002
1.0,0.3972755694506486,-0.1439316556783356,0.4054471933511578,0.8080060156342893,0.8307677750503559,0.1303682514507266
1.0,0.3972755694506486,-0.1439316556783356,0.4802503099173297,0.8381879515479892,0.8366434050113091,0.0973062920383627
1.0,0.3972755694506486,-0.1439316556783356,0.4231127356223931,0.8213823206439662,0.8067293492967119,0.1240850849488333
1.0,0.3972755694506486,-0.1439316556783356,0.4141674276756452,0.8218481823688042,0.8369216243629649,0.1470320280228075
1.0,0.3972755694506486,-0.1439316556783356,0.4808050541899242,0.8231136093919529,0.8369216243629649,0.0696943124928274
1.0,0.3972755694506486,-0.1439316556783356,0.504099337136693,0.8595840848123645,0.870767795582314,0.0388198345013574
1.0,0.3972755694506486,-0.1439316556783356,0.4054723020668069,0.865970597788156,0.8799985695512273,0.0809293719051623
1.0,0.3972755694506486,-0.1439316556783356,0.4067034887112685,0.8580238891268319,0.8830754942075317,0.1146999687942537
1.0,0.3972755694506486,-0.1439316556783356,0.3528991755903833,0.8812889829489918,0.9138447407705764,0.0836166402753582
1.0,0.3972755694506486,-0.1439316556783356,0.3796953326539503,0.8356034029511048,0.8492293229881827,0.0779695855309515
1.0,0.3972755694506486,-0.1439316556783356,0.3908528315517116,0.8484282572919596,0.8492293229881827,0.0740392604059447
1.0,0.3972755694506486,-0.1439316556783356,0.4029332906439926,0.8508777636699906,0.8492293229881827,0.078059308597874
1.0,0.3972755694506486,-0.1439316556783356,0.3458320900560506,0.8339734806927728,0.8492293229881827,0.1078781714189263
1.0,0.3972755694506486,-0.1439316556783356,0.4815423908523565,0.8427118658795728,0.8492293229881827,0.0742435666512342
1.0,0.3972755694506486,-0.1439316556783356,0.4235501249249085,0.8387841052628765,0.8492293229881827,0.0609866855576947
1.0,0.3972755694506486,-0.1439316556783356,0.506284021602815,0.8202763655878049,0.8492293229881827,0.0976386790401741
1.0,0.3972755694506486,-0.1439316556783356,0.4624109519965014,0.8328753295839322,0.8557121247630046,0.1580308578820391
1.0,0.3972755694506486,-0.1439316556783356,0.3879950525424757,0.8342605302333502,0.8584600969570959,0.2116972871203225
1.0,0.3972755694506486,-0.1439316556783356,0.4239789636918245,0.8315134559509618,0.8276908503940512,0.1836995225159523
1.0,0.3972755694506486,-0.1439316556783356,0.3805391664634783,0.8725290520815457,0.8523062476444871,0.1643231860661795
1.0,0.3972755694506486,-0.1439316556783356,0.4068825523086366,0.8479588328955189,0.8523062476444871,0.2197897798449492
1.0,0.3972755694506486,-0.1439316556783356,0.4465649546526416,0.8695032411589867,0.8769216448949229,0.2530874277374026
1.0,0.3972755694506486,-0.1439316556783356,0.3916820073002119,0.8544651194975801,0.8769216448949229,0.2124179963746956
1.0,0.3972755694506486,-0.1439316556783356,0.4081400239329038,0.857221439761033,0.8769216448949229,0.1985754768616994
1.0,0.3972755694506486,-0.1439316556783356,0.4726749425445855,0.8905829752548178,0.9015370421453586,0.1599784428833917
1.0,0.3972755694506486,-0.1439316556783356,0.4108020002010054,0.8985156028807592,0.9015370421453586,0.1181772695707656
1.0,0.3972755694506486,-0.1439316556783356,0.3682736719711882,0.9174696095868522,0.9199985900831852,0.1264532737886381
1.0,0.3972755694506486,-0.1439316556783356,0.2977178643105552,0.9271593129171444,0.9323062887084032,0.1109090430882736
1.0,0.3972755694506486,-0.1439316556783356,0.2599375489690644,0.9187745652996906,0.9385165176497764,0.1511543024553563
1.0,0.3972755694506486,-0.1439316556783356,0.241949755559867,0.962742258980859,0.9476909119899252,0.3497912139534885
1.0,0.3972755694506486,-0.1439316556783356,0.2351001205512417,0.930794425509316,0.9476909119899252,0.5159440320179883
1.0,0.3972755694506486,-0.1439316556783356,0.2202275044173808,0.9217496505646654,0.9476909119899252,0.5738575626954623
1.0,0.3972755694506486,-0.1439316556783356,0.1140368193753869,0.9200302373886884,0.9476909119899252,0.4258385873343305
1.0,0.3972755694506486,-0.1439316556783356,0.2119260879940142,0.8813011978230593,0.9046139668016628,0.553819025994781
1.0,0.3972755694506486,-0.1439316556783356,0.2183570634447705,0.8495755223736118,0.8547187653250969,0.6470655603830552
1.0,0.3972755694506486,-0.1439316556783356,0.2112629238348373,0.8043011764693181,0.8262876906196027,0.610240774502441
1.0,0.3972755694506486,-0.1439316556783356,0.2147576951257671,0.7933506266936526,0.8369216243629649,0.5923467587565381
1.0,0.3972755694506486,-0.1439316556783356,0.2637525129356823,0.8073425104610041,0.824613925737747,0.4850196912235783
1.0,0.3972755694506486,-0.1439316556783356,0.2169964425021608,0.8116821837754086,0.824613925737747,0.5536768846516978
1.0,0.3972755694506486,-0.1439316556783356,0.2429338814905266,0.7635203773624688,0.790767754518398,0.7514696052595522
1.0,0.3972755694506486,-0.1439316556783356,0.2043266976879193,0.7383797065924042,0.790767754518398,0.9321555274857884
1.0,0.3972755694506486,-0.1439316556783356,0.1739009513647118,0.7395747284386379,0.7323061860486132,0.9286920752537108
1.0,0.3972755694506486,-0.1439316556783356,0.2673250081428017,0.7195399598541471,0.7323061860486132,0.6868104442011386
1.0,0.3972755694506486,-0.1439316556783356,0.2372796927923757,0.7221329061769522,0.7323061860486132,0.5839025100785658
1.0,0.3972755694506486,-0.1439316556783356,0.2887741171758612,0.7233337809836767,0.7323061860486132,0.4332335930733924
1.0,0.3972755694506486,-0.1439316556783356,0.1467271908864319,0.7395158595316756,0.7323061860486132,0.4851564803309033
1.0,0.3972755694506486,-0.1439316556783356,0.062979128300945,0.706952489715215,0.7323061860486132,0.8884386412970411
1.0,0.3972755694506486,-0.1439316556783356,0.0761906445513623,0.6527789294489039,0.6685226458387367,0.7108053652730586
1.0,0.3972755694506486,-0.1439316556783356,0.0704382491063728,0.5825468389962518,0.5907676518586078,0.6638640348883806
1.0,0.3972755694506486,-0.1439316556783356,0.0612428719240381,0.6031990100869764,0.5569214806392588,0.788677119867653
1.0,0.3972755694506486,-0.1439316556783356,0.062536479740422,0.5595516599607695,0.5569214806392588,0.5817426635962614
1.0,0.3972755694506486,-0.1439316556783356,0.0283590615104041,0.4707457507573639,0.5569214806392588,0.5625956397391723
1.0,0.3972755694506486,-0.1439316556783356,0.0023268710511596,0.4666923635539077,0.5569214806392588,0.5623049811656003
1.0,0.3972755694506486,-0.1439316556783356,0.0,0.3313074708290489,0.5569214806392588,0.6249152595803222
1.0,0.3972755694506486,-0.1439316556783356,0.0253223998675164,0.2509307790189976,0.5569214806392588,0.9396349113678122
1.0,0.3972755694506486,-0.1439316556783356,0.0439924434528537,0.2142537534711314,0.5569214806392588,0.7701487910664444
1.0,0.3972755694506486,-0.1439316556783356,0.0774882109490422,0.1904910943881431,0.1846148163610319,0.7036866577373108
1.0,0.3972755694506486,-0.1439316556783356,0.1136462770549521,0.1374758795362968,0.1476918595095009,0.6700382921667544
1.0,0.3972755694506486,-0.1439316556783356,0.1151738483361641,0.1192260200280541,0.1476918595095009,0.5359313861362839
1.0,0.3972755694506486,-0.1439316556783356,0.1535631178935407,0.0961357940037368,0.0584613546074063,0.5543968334791326
1.0,0.3972755694506486,-0.1439316556783356,0.226863330795091,0.0793201218794521,0.1046150640395242,0.4806031315659056
1.0,0.3972755694506486,-0.1439316556783356,0.2725221955956734,0.0853833171056851,0.1046150640395242,0.824272646355308
1.0,0.3972755694506486,-0.1439316556783356,0.2733199967598446,0.061968389615606,0.0584613546074063,0.7237121501912812
1.0,0.3972755694506486,-0.1439316556783356,0.304406147545554,0.0825692200637669,0.0584613546074063,0.885729357104622
1.0,0.3972755694506486,-0.1439316556783356,0.182363312393343,0.1431039781914295,0.1384611176230773,0.7483467073070751
1.0,0.3972755694506486,-0.1439316556783356,0.2768211696422417,0.1158060037339085,0.116922719888089,0.8031616151997178
1.0,0.3972755694506486,-0.1439316556783356,0.3089860451413538,0.1031043478494652,0.0785296684941966,0.7590229845321109
1.0,0.3972755694506486,-0.1439316556783356,0.4043464815462137,0.1116644298050909,0.116922719888089,0.7997577102463473
1.0,0.3972755694506486,-0.1439316556783356,0.3003783928689257,0.1150656360414283,0.116922719888089,0.6723389931157846
1.0,0.3972755694506486,-0.1439316556783356,0.2484349748846112,0.0606149031053675,0.0738459244181123,0.4775840026433172
1.0,0.3972755694506486,-0.1439316556783356,0.3422807223628197,0.0527800156783417,0.0738459244181123,0.4089482766526098
1.0,0.3972755694506486,-0.1439316556783356,0.2940952873949248,0.0624583629928994,0.0584613546074063,0.4582099620979542
1.0,0.3972755694506486,-0.1439316556783356,0.2556820062144297,0.0683094997348394,0.0584613546074063,0.3804783015431474
1.0,0.3972755694506486,-0.1439316556783356,0.2829420637649632,0.0692015831613382,0.0584613546074063,0.3093233103530271
1.0,0.3972755694506486,-0.1439316556783356,0.3395614710784806,0.0719945109358301,0.0892304942288182,0.2890852493226106
1.0,0.3972755694506486,-0.1439316556783356,0.4248075965491758,0.0880315272510926,0.0892304942288182,0.3957264702515996
1.0,0.3972755694506486,-0.1439316556783356,0.319704435581294,0.1182559766522683,0.0951350305130926,0.4555891799022776
1.0,0.3972755694506486,-0.1439316556783356,0.2273238608328398,0.0857940793573548,0.1076919780016654,0.5095046782100457
1.0,0.3972755694506486,-0.1439316556783356,0.3293731912252413,0.0992208343416943,0.1015381393832197,0.5869418195622091
1.0,0.3972755694506486,-0.1439316556783356,0.3529445070013391,0.0641189814842389,0.0769228383802535,0.4512679953309823
1.0,0.3972755694506486,-0.1439316556783356,0.3332600430281952,0.0659837908934151,0.0769228383802535,0.5729676292001266
1.0,0.3972755694506486,-0.1439316556783356,0.3174263738375145,0.0967915270392693,0.1129847012052113,0.6958616305646377
1.0,0.3972755694506486,-0.1439316556783356,0.278842964143148,0.0662559694610072,0.0769228383802535,0.8021080144295071
1.0,0.3972755694506486,-0.1439316556783356,0.2462827055441876,0.0711886897558357,0.0769228383802535,0.8478630787904299
1.0,0.3972755694506486,-0.1439316556783356,0.2478281356821609,0.053278073987472,0.0769228383802535,0.7340996991572808
1.0,0.3972755694506486,-0.1439316556783356,0.245282383360911,0.0602493475512544,0.0769228383802535,0.7435031971707344
1.0,0.3972755694506486,-0.1439316556783356,0.2017844515386745,0.0686730459845812,0.0769228383802535,0.7284490835674996
1.0,0.3972755694506486,-0.1439316556783356,0.199960540861641,0.0640288013592902,0.0769228383802535,0.6365719026119722
1.0,0.3972755694506486,-0.1439316556783356,0.187483228339316,0.074474851388329,0.0769228383802535,0.6721318645166664
1.0,0.3972755694506486,-0.1439316556783356,0.1589170425452709,0.0846795516226491,0.0769228383802535,0.5930866541675084
1.0,0.3972755694506486,-0.1439316556783356,0.2132848088176018,0.0753668393861242,0.0769228383802535,0.6265954521476961
1.0,0.3972755694506486,-0.1439316556783356,0.191874064092417,0.0833130337927678,0.0769228383802535,0.602561456830023
1.0,0.3972755694506486,-0.1439316556783356,0.200193260200919,0.0738670447684072,0.0769228383802535,0.6333349991131293
1.0,0.3972755694506486,-0.1439316556783356,0.2038925657322989,0.077425920429552,0.0769228383802535,0.6324360574832936
1.0,0.3972755694506486,-0.1439316556783356,0.2220069432611114,0.085137991114981,0.0769228383802535,0.624890223985738
1.0,0.3972755694506486,-0.1439316556783356,0.1762318318932127,0.0476365198851248,0.0769228383802535,0.5746661890027793
1.0,0.3972755694506486,-0.1439316556783356,0.1617340142364607,0.0781869855475348,0.0769228383802535,0.5188089697552406
1.0,0.3972755694506486,-0.1439316556783356,0.1416048658609845,0.145289709029384,0.1353842036609361,0.5169902040019557
1.0,0.3972755694506486,-0.1439316556783356,0.1732854259038747,0.1279659108677339,0.1353842036609361,0.4229670104849631
1.0,0.3972755694506486,-0.1439316556783356,0.2447764088098837,0.143265719240926,0.1353842036609361,0.436701139912061
1.0,0.3972755694506486,-0.1439316556783356,0.2738844452117306,0.1384190756367893,0.1418975907427128,0.4800281610589775
1.0,0.3972755694506486,-0.1439316556783356,0.206462974359907,0.1250514864487124,0.1692302465503259,0.594705486130399
1.0,0.3972755694506486,-0.1439316556783356,0.2619270640670595,0.0940530837529665,0.116922719888089,0.5951501019117877
1.0,0.3972755694506486,-0.1439316556783356,0.1656904465883668,0.1187770491837621,0.116922719888089,0.5692745280326807
1.0,0.3972755694506486,-0.1439316556783356,0.1788330722140008,0.0945918742137712,0.116922719888089,0.4715741730667568
1.0,0.3972755694506486,-0.1439316556783356,0.1604606856665449,0.1022604824262825,0.116922719888089,0.454052415554344
1.0,0.3972755694506486,-0.1439316556783356,0.1243349668249397,0.1071731520901554,0.116922719888089,0.4630486172007658
1.0,0.3972755694506486,-0.1439316556783356,0.1380438166089267,0.1197984650116791,0.116922719888089,0.5997732052247798
1.0,0.3972755694506486,-0.1439316556783356,0.1537180906961644,0.1098129008905061,0.116922719888089,0.6611581433699938
1.0,0.3972755694506486,-0.1439316556783356,0.1154561064928039,0.1723200483859255,0.1517342746142291,0.611076776179537
1.0,0.3972755694506486,-0.1439316556783356,0.0896382053493462,0.1415591465271846,0.1513719670567741,0.6152936945187149
1.0,0.3972755694506486,-0.1439316556783356,0.0881018233971924,0.2032764200393084,0.1753840958629348,0.7020384615957256
1.0,0.3972755694506486,-0.1439316556783356,0.0839146283761919,0.1306762663055959,0.1753840958629348,0.617684125846465
1.0,0.3972755694506486,-0.1439316556783356,0.0827955035131051,0.1125110626606794,0.0984612361152418,0.7025786571938212
1.0,0.3972755694506486,-0.1439316556783356,0.1400585761453583,0.0120024333140447,0.0276922283536985,0.8233910775562936
1.0,0.3972755694506486,-0.1439316556783356,0.0902160903571741,0.1090230587167783,0.0773386114069813,0.718912393851083
1.0,0.3972755694506486,-0.1439316556783356,0.1149999648251776,0.0830967552391356,0.1199996338502301,0.7168228576133818
1.0,0.3972755694506486,-0.1439316556783356,0.0774864239323429,0.0310760665271559,0.0461537041059232,0.6908591327038115
1.0,0.3972755694506486,-0.1439316556783356,0.2188165981820791,0.921997765194154,0.9475997121655512,0.6352739123226663
1.0,0.3972755694506486,-0.1439316556783356,0.2118160846749135,0.9521436502642526,0.9630739953119368,0.6863515557910617
1.0,0.3972755694506486,-0.1439316556783356,0.116476685302084,0.9559392527295836,0.9630739953119368,0.8049126444611138
1.0,0.3972755694506486,-0.1439316556783356,0.0420640658154178,0.0435424005299943,0.9969201665312858,0.7950719594525149
1.0,0.3972755694506486,-0.1439316556783356,0.1635303731876738,0.9344895945656506,0.9661509199682408,0.7911871722022366
1.0,0.3972755694506486,-0.1439316556783356,0.1503719132368556,0.940168323449664,0.9661509199682408,0.7756672678521003
1.0,0.3972755694506486,-0.1439316556783356,0.1313681555931462,0.9985075799004371,0.0,0.6603653690396214
1.0,0.3972755694506486,-0.1439316556783356,0.1073200230448244,0.0019215476808389,0.0,0.6551076601994242
1.0,0.3972755694506486,-0.1439316556783356,0.1233082126288379,0.9345767103688932,0.9230739747799788,0.6755503345706245
1.0,0.3972755694506486,-0.1439316556783356,0.1223501454733385,0.9880395176504232,0.9938432418749814,0.6477473708748149
1.0,0.3972755694506486,-0.1439316556783356,0.2372559186841349,0.8695777179605904,0.9107662761547608,0.725917973256163
1.0,0.3972755694506486,-0.1439316556783356,0.2002910032282343,0.8897241169219728,0.9107662761547608,0.6540809083495734
1.0,0.3972755694506486,-0.1439316556783356,0.2513310729607928,0.8926655264577487,0.9107662761547608,0.7013750183392449
1.0,0.3972755694506486,-0.1439316556783356,0.2370736429808008,0.9176776017480512,0.9107662761547608,0.6977387152146525
1.0,0.3972755694506486,-0.1439316556783356,0.2894011112122246,0.9248861587834578,0.9476893720304144,0.7219230410885903
1.0,0.3972755694506486,-0.1439316556783356,0.3188559645765335,0.9501240395929734,0.9476893720304144,0.6952992071021917
1.0,0.3972755694506486,-0.1439316556783356,0.307462647335851,0.9378876198451996,0.9476893720304144,0.6951355983216965
1.0,0.3972755694506486,-0.1439316556783356,0.2754782831438383,0.9134364956813268,0.9476893720304144,0.7696236870183553
1.0,0.3972755694506486,-0.1439316556783356,0.2687013503082728,0.9166735221346304,0.9230739747799788,0.8375719285624554
1.0,0.3972755694506486,-0.1439316556783356,0.3237568691847451,0.8969269906479176,0.9230739747799788,0.7733629402515181
1.0,0.3972755694506486,-0.1439316556783356,0.2752651757473242,0.917562408699557,0.9230739747799788,0.7469257618312833
1.0,0.3972755694506486,-0.1439316556783356,0.2439808923126319,0.9467638464928269,0.9232277996244674,0.8355357976935752
1.0,0.3972755694506486,-0.1439316556783356,0.3302185406058941,0.9006211417980803,0.9138432008110654,0.9233196004402094
1.0,0.3972755694506486,-0.1439316556783356,0.2750723362870457,0.9168832956316304,0.9138432008110654,0.9142732691102394
1.0,0.3972755694506486,-0.1439316556783356,0.258018179931635,0.9188254606083036,0.9138432008110654,0.809872499919015
1.0,0.3972755694506486,-0.1439316556783356,0.2059346281694409,0.9737510838848864,0.9890052879645304,0.755870839389699
1.0,0.3972755694506486,-0.1439316556783356,0.2411427931075534,0.9257449322907884,0.9076893514984562,0.8110608132460655
1.0,0.3972755694506486,-0.1439316556783356,0.1830360676294886,0.9301355857393204,0.9076893514984562,0.7281440938708595
1.0,0.3972755694506486,-0.1439316556783356,0.1523637808631638,0.9384213419815216,0.9076893514984562,0.8540109551034823
1.0,0.3972755694506486,-0.1439316556783356,0.1629042839698924,0.9281298864523952,0.9076893514984562,0.8708238192262558
1.0,0.3972755694506486,-0.1439316556783356,0.1691616925961658,0.8999200589219358,0.8839148576943385,0.5935437877461892
1.0,0.3972755694506486,-0.1439316556783356,0.1211490327364946,0.9271624514611752,0.9384585980615012,0.5985966492680831
1.0,0.3972755694506486,-0.1439316556783356,0.1167540687486134,0.8667003516881528,0.9138432008110654,0.7506223726615212
1.0,0.3972755694506486,-0.1439316556783356,0.138267476452153,0.817298565906371,0.8215354611219314,0.7689504752004362
1.0,0.3972755694506486,-0.1439316556783356,0.1503061329259478,0.8509517315185082,0.8215354611219314,0.7127821243463712
1.0,0.3972755694506486,-0.1439316556783356,0.2010456445460465,0.824951099683912,0.8215354611219314,0.7276833336406269
1.0,0.3972755694506486,-0.1439316556783356,0.182709382880475,0.7858423811160296,0.8215354611219314,0.5066131255299529
1.0,0.3972755694506486,-0.1439316556783356,0.1980164702769244,0.746345416168944,0.7538431186832331,0.5418980468605004
1.0,0.3972755694506486,-0.1439316556783356,0.1142153627020705,0.6765547152802387,0.7076907032448712,0.5864399377829281
1.0,0.3972755694506486,-0.1439316556783356,0.192668721012016,0.6549731958542405,0.7076907032448712,0.665109848190843
1.0,0.3972755694506486,-0.1439316556783356,0.1899186606549615,0.6434851067941071,0.6430752854624774,0.8519290816295442
1.0,0.3972755694506486,-0.1439316556783356,0.1158365148451209,0.6928152574290161,0.6646137580566086,0.870116914645532
1.0,0.3972755694506486,-0.1439316556783356,0.1619832012739302,0.6527952159476601,0.6646137580566086,0.8548993677449416
1.0,0.3972755694506486,-0.1439316556783356,0.1844744351087525,0.6544170797821287,0.6646137580566086,0.7313957964478095
1.0,0.3972755694506486,-0.1439316556783356,0.2217136915587008,0.637821095136834,0.6646137580566086,0.6011710454205231
1.0,0.3972755694506486,-0.1439316556783356,0.1465519501475725,0.5946041072577076,0.615199152277437,0.5200571228328976
1.0,0.3972755694506486,-0.1439316556783356,0.280124209875656,0.6148685409223151,0.633844511493564,0.4261607158842723
1.0,0.3972755694506486,-0.1439316556783356,0.2136308793047337,0.6057581958550684,0.633844511493564,0.3577517433571294
1.0,0.3972755694506486,-0.1439316556783356,0.2122906394006825,0.5731324792855567,0.5945292168475157,0.4388901165955404
1.0,0.3972755694506486,-0.1439316556783356,0.230194556127333,0.5678433115762188,0.5846137169926928,0.4934350436778951
1.0,0.3972755694506486,-0.1439316556783356,0.2324717356729951,0.5847836453970375,0.5846137169926928,0.8781160210926968
1.0,0.3972755694506486,-0.1439316556783356,0.2082346996252263,0.6065853718583016,0.6215368128683463,0.8490792354422984
1.0,0.3972755694506486,-0.1439316556783356,0.2815437118874861,0.5692132860458099,0.5846137169926928,0.9536666601996864
1.0,0.3972755694506486,-0.1439316556783356,0.279586182126363,0.5725884084364833,0.5692290937111705,0.9249872752102912
1.0,0.3972755694506486,-0.1439316556783356,0.2523076210358286,0.5889851379485579,0.5969214156179107,0.6828658172002536
1.0,0.3972755694506486,-0.1439316556783356,0.2390012232468613,0.5816902285395374,0.5969214156179107,0.887990691336
1.0,0.3972755694506486,-0.1439316556783356,0.3074541420411807,0.568471402097261,0.5639154634184298,0.8113241549442384
1.0,0.3972755694506486,-0.1439316556783356,0.3362675695127441,0.5508929683447064,0.553844470429648,0.7526548768788495
1.0,0.3972755694506486,-0.1439316556783356,0.435218167707536,0.5422268969088939,0.553844470429648,0.8950507875031185
1.0,0.3972755694506486,-0.1439316556783356,0.440640881191959,0.5346375581395474,0.553844470429648,0.972927397131242
1.0,0.3972755694506486,-0.1439316556783356,0.435416594422558,0.553750994399871,0.553844470429648,0.9571608219811958
1.0,0.3972755694506486,-0.1439316556783356,0.42198139570845,0.5674709699809571,0.5784598676800838,0.8473655255952592
1.0,0.3972755694506486,-0.1439316556783356,0.468750065740725,0.5421916519076793,0.5569213950859525,0.8261282050735308
1.0,0.3972755694506486,-0.1439316556783356,0.4385320205230046,0.5595940303051901,0.5569213950859525,0.9170888375908816
1.0,0.3972755694506486,-0.1439316556783356,0.4019566747075632,0.5528742802962544,0.5784598676800838,0.8920373325353774
1.0,0.3972755694506486,-0.1439316556783356,0.4517216062330419,0.5456165668752789,0.5446136964607347,0.991497724897197
1.0,0.3972755694506486,-0.1439316556783356,0.3943864648007362,0.5371291379726983,0.5415367718044303,0.8898146045947133
1.0,0.3972755694506486,-0.1439316556783356,0.4837006546158856,0.5324661946230868,0.5513860534002799,0.9119441398925924
1.0,0.3972755694506486,-0.1439316556783356,0.2994863774699087,0.5794530828366947,0.5908389605392982,0.8212118694342524
1.0,0.3972755694506486,-0.1439316556783356,0.2822581792602597,0.6361351880390274,0.6012267146441643,0.8721440373799122
1.0,0.3972755694506486,-0.1439316556783356,0.162612276393032,0.7037750531857463,0.6430752854624774,0.8665572976529486
1.0,0.3972755694506486,-0.1439316556783356,0.1974718599724478,0.6889920018460052,0.6430752854624774,0.9872492780872696
1.0,0.3972755694506486,-0.1439316556783356,0.3929702879971946,0.809857247659574,0.8215369155281363,0.987082159643982
1.0,0.3972755694506486,-0.1439316556783356,0.3329760657162497,0.7796278094578354,0.7969215182777007,0.91339398159204
1.0,0.3972755694506486,-0.1439316556783356,0.4038762473291735,0.7847996210680629,0.7846138196524829,0.8974540291000602
1.0,0.3972755694506486,-0.1439316556783356,0.3742782742856644,0.792337046622624,0.7846138196524829,0.865663737506061
1.0,0.3972755694506486,-0.1439316556783356,0.4869253375601028,0.8133993914880122,0.81644640825788,0.8547651816375208
1.0,0.3972755694506486,-0.1439316556783356,0.454621323583551,0.8598939524163034,0.86783126390143,0.8628220805319968
1.0,0.3972755694506486,-0.1439316556783356,0.5294766481819015,0.8864551112497578,0.8928610813669395,0.7973394355937792
1.0,0.3972755694506486,-0.1439316556783356,0.6079802013026808,0.86864395869857,0.8830754086542254,0.831746941226283
1.0,0.3972755694506486,-0.1439316556783356,0.5172680667784162,0.8771090360781181,0.892306182623139,0.8260328592343433
1.0,0.3972755694506486,-0.1439316556783356,0.4815740595027248,0.8732951961272007,0.8615369360600944,0.8079414834507606
1.0,0.3972755694506486,-0.1439316556783356,0.5186578681202938,0.8490869274109266,0.8553830867474852,0.718030591074549
1.0,0.3972755694506486,-0.1439316556783356,0.40631337617966,0.8480233851119431,0.8553830867474852,0.7543895277138818
1.0,0.3972755694506486,-0.1439316556783356,0.3678465071186488,0.8468369306426589,0.8553830867474852,0.7039702384909184
1.0,0.3972755694506486,-0.1439316556783356,0.34581005772358,0.8325238126524446,0.8553830867474852,0.8130468144313975
1.0,0.3972755694506486,-0.1439316556783356,0.2358029610052371,0.8089752319613102,0.8553830867474852,0.645509317406625
1.0,0.3972755694506486,-0.1439316556783356,0.3424356725449789,0.8000690619071158,0.7938445936213963,0.6841433929509851
1.0,0.3972755694506486,-0.1439316556783356,0.3487291834326722,0.7762991714490287,0.7938445936213963,0.6032819321068766
1.0,0.3972755694506486,-0.1439316556783356,0.323311291274063,0.7281153952278707,0.7538445730894381,0.5110018418628076
1.0,0.3972755694506486,-0.1439316556783356,0.3225971405877932,0.7400148880326265,0.7538445730894381,0.5577920227699026
1.0,0.3972755694506486,-0.1439316556783356,0.3306148059038598,0.7417885895377905,0.7703237653700641,0.4644992485743414
1.0,0.3972755694506486,-0.1439316556783356,0.185109843957928,0.6265367993749389,0.6531186447333672,0.4273587392783812
1.0,0.3972755694506486,-0.1439316556783356,0.1776689552469264,0.614545016410565,0.6307675868372598,0.3779359895580659
1.0,0.3972755694506486,-0.1439316556783356,0.1831047659803233,0.6010716710124662,0.6307675868372598,0.4794068922503828
1.0,0.3972755694506486,-0.1439316556783356,0.2013614940925412,0.5976013743946865,0.6307675868372598,0.5626155863227078
1.0,0.3972755694506486,-0.1439316556783356,0.3121323481759095,0.5434728988892552,0.5323059978355169,0.5334218017567393
1.0,0.3972755694506486,-0.1439316556783356,0.3427253954549198,0.5475340052145177,0.553844470429648,0.6245138711456572
1.0,0.3972755694506486,-0.1439316556783356,0.3735007184372643,0.5545190470195986,0.5515388943817474,0.6785122559897004
1.0,0.3972755694506486,-0.1439316556783356,0.4294095038569815,0.5584376464807447,0.5815367923363882,0.6853604855129314
1.0,0.3972755694506486,-0.1439316556783356,0.3916943580738556,0.5272762303527869,0.5230752238666038,0.8475273795443584
1.0,0.3972755694506486,-0.1439316556783356,0.4335874584182138,0.545267085756136,0.5384598471481259,0.8265424037773872
1.0,0.3972755694506486,-0.1439316556783356,0.4478593881159814,0.5734592695796095,0.5507675457733436,0.8880091170656589
1.0,0.3972755694506486,-0.1439316556783356,0.3525667452433744,0.5823523765045933,0.6030752649305194,0.8576710069463018
1.0,0.3972755694506486,-0.1439316556783356,0.3655912468031346,0.5651601957316543,0.5692290937111705,0.8899138110629721
1.0,0.3972755694506486,-0.1439316556783356,0.3313598787651678,0.6024448688516025,0.6061521895868239,0.8512482655422422
1.0,0.3972755694506486,-0.1439316556783356,0.2824661744317858,0.6066124736101381,0.6061521895868239,0.874362904691505
1.0,0.3972755694506486,-0.1439316556783356,0.2527562300887602,0.607691581391006,0.6061521895868239,0.8671632409340176
1.0,0.3972755694506486,-0.1439316556783356,0.2705611144216161,0.5951496201405254,0.5907675663053016,0.8882271841138126
1.0,0.3972755694506486,-0.1439316556783356,0.330197842880832,0.5920829233200471,0.5907675663053016,0.964004839909076
1.0,0.3972755694506486,-0.1439316556783356,0.4027297064630535,0.5932946982053662,0.6123060388994329,0.907300563546646
1.0,0.3972755694506486,-0.1439316556783356,0.3773768707604866,0.5842954745619244,0.5753829430237793,0.913634334998924
1.0,0.3972755694506486,-0.1439316556783356,0.4859556887267545,0.6100585949563262,0.6092291142431284,0.959091545977551
1.0,0.3972755694506486,-0.1439316556783356,0.6723496285957236,0.736754364911847,0.7169214772137847,0.970789837007668
1.0,0.3972755694506486,-0.1439316556783356,0.6534770130952356,0.7548162616834683,0.7569214977457427,0.9606592538524356
1.0,0.3972755694506486,-0.1439316556783356,0.5936579184508275,0.7423159497605359,0.7569214977457427,0.9419642160685988
1.0,0.3972755694506486,-0.1439316556783356,0.4166975266354272,0.7694967589763541,0.7569214977457427,0.9010769955060424
1.0,0.3972755694506486,-0.1439316556783356,0.4998266933108594,0.7787813356500862,0.7969215182777007,0.9414009736848346
1.0,0.3972755694506486,-0.1439316556783356,0.4206451143856947,0.783669405914796,0.7969215182777007,0.9351713222287245
1.0,0.3972755694506486,-0.1439316556783356,0.4114474525364406,0.7346260079311644,0.7630753470583517,0.9292563120419328
1.0,0.3972755694506486,-0.1439316556783356,0.4229522208059549,0.7331162834266731,0.7353830251516115,0.9304883206707456
1.0,0.3972755694506486,-0.1439316556783356,0.4412955174360011,0.73314037387275,0.7353830251516115,0.9276811753808046
1.0,0.3972755694506486,-0.1439316556783356,0.4593051169730235,0.735034697259327,0.7353830251516115,0.8762683591157565
1.0,0.3972755694506486,-0.1439316556783356,0.4447236488383701,0.7316055410160097,0.7353830251516115,0.8286076063530626
1.0,0.3972755694506486,-0.1439316556783356,0.4956263444897238,0.759498121122781,0.7692291963709605,0.7277222324032402
1.0,0.3972755694506486,-0.1439316556783356,0.4805640557606214,0.7643415731669401,0.7692291963709605,0.7903143775602025
1.0,0.3972755694506486,-0.1439316556783356,0.4618984175107549,0.7948584002113137,0.7991036409048019,0.7549798529955256
1.0,0.3972755694506486,-0.1439316556783356,0.4277910096185155,0.8856953291176795,0.8950754575904659,0.675586425603004
1.0,0.3972755694506486,-0.1439316556783356,0.4312833831402032,0.8559611022687458,0.8430753881222676,0.6834443851115436
1.0,0.3972755694506486,-0.1439316556783356,0.3533187399668343,0.8135094101801308,0.8168357613542468,0.672653692879483
1.0,0.3972755694506486,-0.1439316556783356,0.4532493924086671,0.7987955764601035,0.8030753675903096,0.7622488325931585
1.0,0.3972755694506486,-0.1439316556783356,0.4364981693144938,0.7990218061068883,0.8132210486153753,0.7950407819480444
1.0,0.3972755694506486,-0.1439316556783356,0.4626671966189101,0.7935906828992774,0.7876907443087872,0.8524874689797792
1.0,0.3972755694506486,-0.1439316556783356,0.4222239775702713,0.7700923189126408,0.7876907443087872,0.7960647260676613
1.0,0.3972755694506486,-0.1439316556783356,0.4471478840240639,0.7776528170071065,0.7969215182777007,0.7480560487335032
1.0,0.3972755694506486,-0.1439316556783356,0.4219024050462456,0.7637102168635953,0.7651690075668761,0.7153735423633533
1.0,0.3972755694506486,-0.1439316556783356,0.4105369788383517,0.7966747689501984,0.8123061415592229,0.582663131157889
1.0,0.3972755694506486,-0.1439316556783356,0.3483954410987194,0.7713765771999763,0.7692291963709605,0.5459753391149295
1.0,0.3972755694506486,-0.1439316556783356,0.2134565207639917,0.734745187778833,0.7169214772137847,0.536711701163744
1.0,0.3972755694506486,-0.1439316556783356,0.3953293762449879,0.7411416253398047,0.7692291963709605,0.6138478889314785
1.0,0.3972755694506486,-0.1439316556783356,0.375541039098636,0.7544527843544568,0.7692291963709605,0.5825279506460105
1.0,0.3972755694506486,-0.1439316556783356,0.452978173038727,0.7399249729874101,0.7692291963709605,0.6610847914176374
1.0,0.3972755694506486,-0.1439316556783356,0.3919814117689798,0.747830965401844,0.7692291963709605,0.6648005299100926
1.0,0.3972755694506486,-0.1439316556783356,0.468867330228946,0.7482703615662032,0.7446137991205248,0.6878756268585636
1.0,0.3972755694506486,-0.1439316556783356,0.2971625319058824,0.7259757564537791,0.7446137991205248,0.761480742891091
1.0,0.3972755694506486,-0.1439316556783356,0.2249031544396156,0.7184951639938358,0.7446137991205248,0.7214461949038935
1.0,0.3972755694506486,-0.1439316556783356,0.1751179097369721,0.6388274650391425,0.646152210118782,0.6987393785710814
1.0,0.3972755694506486,-0.1439316556783356,0.2351775277809276,0.6486313435117566,0.6568143336765263,0.6640059422539443
1.0,0.3972755694506486,-0.1439316556783356,0.1670287863733959,0.718287341483666,0.9969216209374908,0.7533313643820412
1.0,0.3972755694506486,-0.1439316556783356,0.2730343681539871,0.7594598648158069,0.9969216209374908,0.7344837147611245
1.0,0.3972755694506486,-0.1439316556783356,0.3352398765673635,0.7664714570068811,0.9969216209374908,0.7961759238837934
1.0,0.3972755694506486,-0.1439316556783356,0.2822564374844894,0.7205506558576875,0.9969216209374908,0.7781821752202129
1.0,0.3972755694506486,-0.1439316556783356,0.2808458253152269,0.7453867182057032,0.9969216209374908,0.7629562636233012
1.0,0.3972755694506486,-0.1439316556783356,0.1647700877472702,0.6149984511975499,0.6123060388994329,0.7695732648629077
1.0,0.3972755694506486,-0.1439316556783356,0.2192956996212225,0.5648484195536423,0.6123060388994329,0.786653038841026
1.0,0.3972755694506486,-0.1439316556783356,0.2229879023267341,0.5582292726047317,0.6123060388994329,0.791223263234616
1.0,0.3972755694506486,-0.1439316556783356,0.2817339047534123,0.5185607480548631,0.5353829224918213,0.7690624919378864
1.0,0.3972755694506486,-0.1439316556783356,0.3218433588476339,0.5322475992725936,0.5353829224918213,0.7182443295385924
1.0,0.3972755694506486,-0.1439316556783356,0.2912441588022663,0.5318825102588094,0.5353829224918213,0.7327339723760858
1.0,0.3972755694506486,-0.1439316556783356,0.3471440769998803,0.5302959338383125,0.5353829224918213,0.7174420791186812
1.0,0.3972755694506486,-0.1439316556783356,0.3372367659368015,0.508976185949614,0.5329384506513579,0.7614031208490041
1.0,0.3972755694506486,-0.1439316556783356,0.3687764344162496,0.5006689264395237,0.4953829019598635,0.7161305181332455
1.0,0.3972755694506486,-0.1439316556783356,0.3911677536591598,0.5289265107345645,0.5199982992102992,0.7356173358429969
1.0,0.3972755694506486,-0.1439316556783356,0.4101759109832241,0.4962566848975884,0.506471893738729,0.742248434228152
1.0,0.3972755694506486,-0.1439316556783356,0.4112449541377998,0.4750844909911105,0.4861521279909501,0.7097438092671855
1.0,0.3972755694506486,-0.1439316556783356,0.4968292103125702,0.4628899750474282,0.4861521279909501,0.6420057380299568
1.0,0.3972755694506486,-0.1439316556783356,0.4440094755316358,0.473855411700863,0.4861521279909501,0.6093850602193289
1.0,0.3972755694506486,-0.1439316556783356,0.4875919626503557,0.466717980859243,0.4861521279909501,0.5810434217793005
1.0,0.3972755694506486,-0.1439316556783356,0.3297597749643801,0.4740671361846932,0.4633242387429194,0.6261851140729109
1.0,0.3972755694506486,-0.1439316556783356,0.4745285538915715,0.4766591918395977,0.4646136553968188,0.5540601398286034
1.0,0.3972755694506486,-0.1439316556783356,0.4319893678387708,0.4640900440117663,0.4738444293657322,0.5593472128474951
1.0,0.3972755694506486,-0.1439316556783356,0.5902924909761876,0.5184168415697598,0.4338444088337743,0.599365440902709
1.0,0.3972755694506486,-0.1439316556783356,0.4647815766812145,0.4844782381018176,0.6030767621133777,0.5800041521321576
1.0,0.3972755694506486,-0.1439316556783356,0.5045339215016043,0.4820844620867181,0.6030767621133777,0.613182924821121
1.0,0.3972755694506486,-0.1439316556783356,0.4835583718938737,0.4892874630509345,0.6030767621133777,0.617602058231508
1.0,0.3972755694506486,-0.1439316556783356,0.2801270374337246,0.4821855740998293,0.6030767621133777,0.6242760914914873
1.0,0.3972755694506486,-0.1439316556783356,0.2409039436223828,0.4912733555802578,0.6030767621133777,0.5805845333692236
1.0,0.3972755694506486,-0.1439316556783356,0.1323614428119481,0.5211541185052401,0.5138459470805481,0.4815864220915132
1.0,0.3972755694506486,-0.1439316556783356,0.0889357268227836,0.9008143743197812,0.8771747115745655,0.4412634383171788
1.0,0.3972755694506486,-0.1439316556783356,0.2719013769461318,0.949450949136566,0.9395406762779042,0.3703771410609893
1.0,0.3972755694506486,-0.1439316556783356,0.2526581025135476,0.921701384846997,0.9507692054991286,0.4114765207393327
1.0,0.3972755694506486,-0.1439316556783356,0.2700697753111518,0.9139425646999696,0.9415384315302152,0.4693780308217435
1.0,0.3972755694506486,-0.1439316556783356,0.2399284587091808,0.916981184275196,0.9415384315302152,0.4805765458702549
1.0,0.3972755694506486,-0.1439316556783356,0.2091839674200163,0.916182721708572,0.9415384315302152,0.1225434436319781
1.0,0.3972755694506486,-0.1439316556783356,0.2481019790259885,0.8444827681427632,0.8707691644352126,0.6043866569650935
1.0,0.3972755694506486,-0.1439316556783356,0.2633157343857097,0.8431051169641228,0.8523076164973858,0.5137841855356841
1.0,0.3972755694506486,-0.1439316556783356,0.2387793164896377,0.8579138704347135,0.8523076164973858,0.4426235496379062
1.0,0.3972755694506486,-0.1439316556783356,0.1728100116004528,0.8378497522222556,0.8523076164973858,0.4547452522367092
1.0,0.3972755694506486,-0.1439316556783356,0.0009232768810234,0.7958402555399731,0.8523076164973858,0.4019751323811674
1.0,0.3972755694506486,-0.1439316556783356,0.066579718125034,0.5013449857889334,0.4923074317097639,0.4875238941201747
1.0,0.3972755694506486,-0.1439316556783356,0.1785838625560667,0.4973112356920504,0.4523074111778059,0.4085870446097252
1.0,0.3972755694506486,-0.1439316556783356,0.2747412405474451,0.4682450521814198,0.4953843563660683,0.3027024192371593
1.0,0.3972755694506486,-0.1439316556783356,0.2758551627036857,0.4845536479840793,0.4953843563660683,0.3496723533735935
1.0,0.3972755694506486,-0.1439316556783356,0.3791285090532867,0.4757450696841505,0.4953843563660683,0.3496574958011066
1.0,0.3972755694506486,-0.1439316556783356,0.3023318283259655,0.4730706908675643,0.4953843563660683,0.3926352762530118
1.0,0.3972755694506486,-0.1439316556783356,0.4444990728663298,0.4803921082498205,0.4646151098030237,0.2909808181966642
1.0,0.3972755694506486,-0.1439316556783356,0.4799352973280232,0.4825708939987871,0.479999733084546,0.3236713090496663
1.0,0.3972755694506486,-0.1439316556783356,0.5426808919529664,0.490081472278055,0.479999733084546,0.4120323343368535
1.0,0.3972755694506486,-0.1439316556783356,0.4554394153044227,0.5127708553342875,0.5001311532287979,0.3461582742557386
1.0,0.3972755694506486,-0.1439316556783356,0.5794186527038682,0.4999169906675233,0.5046151303349817,0.283751000586354
1.0,0.3972755694506486,-0.1439316556783356,0.5137494987587811,0.4807820511393106,0.4929239288340049,0.2509741281578795
1.0,0.3972755694506486,-0.1439316556783356,0.5428068426995741,0.498961516073828,0.479999733084546,0.1697899684436256
1.0,0.3972755694506486,-0.1439316556783356,0.4561993271904747,0.4940996568930538,0.5015382056786772,0.1579464504918873
1.0,0.3972755694506486,-0.1439316556783356,0.5296113756687542,0.4807973621446517,0.4953843563660683,0.198569832154042
1.0,0.3972755694506486,-0.1439316556783356,0.448806868894072,0.4808798973701192,0.4953843563660683,0.1550919978722267
1.0,0.3972755694506486,-0.1439316556783356,0.4263846953375173,0.4940402366202481,0.4953843563660683,0.1707906464236494
1.0,0.3972755694506486,-0.1439316556783356,0.352001414593371,0.5267183753576312,0.5084634035996899,0.1665745323821948
1.0,0.3972755694506486,-0.1439316556783356,0.3634383667101681,0.537563147716896,0.5323074522417218,0.1673811260098114
1.0,0.3972755694506486,-0.1439316556783356,0.2777883302244898,0.5522331690587591,0.5424347820826148,0.1672111120947205
1.0,0.3972755694506486,-0.1439316556783356,0.2080366122171726,0.6105236932515351,0.5692305481173752,0.164931147403354
1.0,0.3972755694506486,-0.1439316556783356,0.3145237384470784,0.6209445501028107,0.6399998152123778,0.1754961390706879
1.0,0.3972755694506486,-0.1439316556783356,0.3386409991350613,0.6469166805645833,0.6399998152123778,0.1611984747879265
1.0,0.3972755694506486,-0.1439316556783356,0.3580391332679466,0.6158540861608496,0.6399998152123778,0.1597504025434701
1.0,0.3972755694506486,-0.1439316556783356,0.3462607478592501,0.6116474192529537,0.6399998152123778,0.1303633525464126
1.0,0.3972755694506486,-0.1439316556783356,0.3488194390862219,0.6162031431524203,0.6399998152123778,0.1274904961324855
1.0,0.3972755694506486,-0.1439316556783356,0.4227020384680453,0.6443879047433878,0.6769229110880313,0.1423991561483771
1.0,0.3972755694506486,-0.1439316556783356,0.2817703463218005,0.699961510124129,0.6953844590258581,0.1444955800993078
1.0,0.3972755694506486,-0.1439316556783356,0.1582122567313243,0.7130887250109023,0.7353844795578163,0.1468297690808134
1.0,0.3972755694506486,-0.1439316556783356,0.2205569714835339,0.6966772782720873,0.7353844795578163,0.1290906756999952
1.0,0.3972755694506486,-0.1439316556783356,0.2628518112782786,0.6717552876780297,0.695032321617674,0.1004877648004817
1.0,0.3972755694506486,-0.1439316556783356,0.3985160115678341,0.7139866879058648,0.7018446319511991,0.1010085329526631
1.0,0.3972755694506486,-0.1439316556783356,0.4131680103109507,0.7205770365926519,0.7107690823073807,0.1487996258173014
1.0,0.3972755694506486,-0.1439316556783356,0.4434225649584529,0.7348457908388583,0.7335131720920205,0.1336442876897023
1.0,0.3972755694506486,-0.1439316556783356,0.3439919152650065,0.7138679321857678,0.7180946697012559,0.1350120617741926
1.0,0.3972755694506486,-0.1439316556783356,0.2336310571015851,0.7051191982862164,0.713846006963685,0.2149677225224257
1.0,0.3972755694506486,-0.1439316556783356,0.4014544551536511,0.7158017842620342,0.7415383288704253,0.1801184819567418
1.0,0.3972755694506486,-0.1439316556783356,0.2543461094395718,0.7035330884060483,0.7107690823073807,0.1301491607509251
1.0,0.3972755694506486,-0.1439316556783356,0.3410167360447624,0.6741523718881891,0.6892306097132493,0.1865532293322696
1.0,0.3972755694506486,-0.1439316556783356,0.2227703160782393,0.6837623392349875,0.719999856276294,0.1428074322962718
1.0,0.3972755694506486,-0.1439316556783356,0.287993711148928,0.6644860379871018,0.6941556568893784,0.1165410501534587
1.0,0.3972755694506486,-0.1439316556783356,0.2623004374549019,0.6595357906203698,0.6430767398686822,0.1271931545760134
1.0,0.3972755694506486,-0.1439316556783356,0.2769832000298047,0.663142147363175,0.6833473227313944,0.1436498537315585
1.0,0.3972755694506486,-0.1439316556783356,0.1984814113052602,0.701171630911918,0.679999835744336,0.1495395504754616
1.0,0.3972755694506486,-0.1439316556783356,0.2283999389518902,0.685692204512079,0.6738459864317272,0.1647537485728045
1.0,0.3972755694506486,-0.1439316556783356,0.1609863852626588,0.7021020819788789,0.6923075343695537,0.1444943224701406
1.0,0.3972755694506486,-0.1439316556783356,0.1888505223189676,0.7241483603980283,0.6923075343695537,0.1592976414196846
1.0,0.3972755694506486,-0.1439316556783356,0.1811437074267305,0.7322637870074049,0.6923075343695537,0.2309734519445687
1.0,0.3972755694506486,-0.1439316556783356,0.1877304247759052,0.7210057447422024,0.6923075343695537,0.1941517516424927
1.0,0.3972755694506486,-0.1439316556783356,0.132126325703428,0.7143865553805344,0.7230767809325984,0.1781002649916966
1.0,0.3972755694506486,-0.1439316556783356,0.1614533395123394,0.6917629969234415,0.7230767809325984,0.2131954744247321
1.0,0.3972755694506486,-0.1439316556783356,0.1932885443611174,0.6791682742030322,0.7230767809325984,0.1559776174070471
1.0,0.3972755694506486,-0.1439316556783356,0.1465567230655922,0.6981636333473736,0.7230767809325984,0.1351539691397562
1.0,0.3972755694506486,-0.1439316556783356,0.1988826304849621,0.6372064070470603,0.6461536645249868,0.151885511450916
1.0,0.3972755694506486,-0.1439316556783356,0.191488747099293,0.6354481013727518,0.6461536645249868,0.1897070854352927
1.0,0.3972755694506486,-0.1439316556783356,0.1896719844890569,0.614608041767731,0.6461536645249868,0.1938871376915577
1.0,0.3972755694506486,-0.1439316556783356,0.2440722337484799,0.6287495153296476,0.6461536645249868,0.1861947757724288
1.0,0.3972755694506486,-0.1439316556783356,0.1974778996364823,0.6591602680683203,0.6461536645249868,0.2099431869039835
1.0,0.3972755694506486,-0.1439316556783356,0.2620790735888274,0.6571259401703,0.6461536645249868,0.2127687725471785
1.0,0.3972755694506486,-0.1439316556783356,0.1836525431498367,0.655152559404344,0.6461536645249868,0.2241357806569042
1.0,0.3972755694506486,-0.1439316556783356,0.1577540113604949,0.6043955587924689,0.6461536645249868,0.1949621912755857
1.0,0.3972755694506486,-0.1439316556783356,0.1726706695388322,0.5386771611969208,0.5286815320197422,0.2091885509092861
1.0,0.3972755694506486,-0.1439316556783356,0.2398962245471988,0.5161274009373168,0.5261536029291128,0.1886278933738889
1.0,0.3972755694506486,-0.1439316556783356,0.2591389108477048,0.4783963335480748,0.4769228084282416,0.1820331346222278
1.0,0.3972755694506486,-0.1439316556783356,0.2477726250621581,0.4909936010339149,0.4769228084282416,0.1885336881751089
1.0,0.3972755694506486,-0.1439316556783356,0.2485551800332235,0.5088665489723102,0.4769228084282416,0.2082336009107253
1.0,0.3972755694506486,-0.1439316556783356,0.2686510423951163,0.5294731687618259,0.5476920755232441,0.1470632201508729
1.0,0.3972755694506486,-0.1439316556783356,0.1918553795886997,0.5768120828600073,0.5476920755232441,0.1409085146189707
1.0,0.3972755694506486,-0.1439316556783356,0.1271360928807132,0.5598683984313714,0.5476920755232441,0.1493915012000117
1.0,0.3972755694506486,-0.1439316556783356,0.212876215366457,0.5343162815039276,0.5476920755232441,0.1324838323110646
1.0,0.3972755694506486,-0.1439316556783356,0.1349349617534316,0.5409787318779163,0.5476920755232441,0.1636505445684642
1.0,0.3972755694506486,-0.1439316556783356,0.1395161374054783,0.4808300623804356,0.4738458837719371,0.1177579526086705
1.0,0.3972755694506486,-0.1439316556783356,0.2420303975159834,0.5224467745184967,0.5353843768980263,0.1148669483133889
1.0,0.3972755694506486,-0.1439316556783356,0.1410036252235099,0.4889465493087416,0.5353843768980263,0.2435046883204336
1.0,0.3972755694506486,-0.1439316556783356,0.2000585327140664,0.4912929078613167,0.5353843768980263,0.2016375260355171
1.0,0.3972755694506486,-0.1439316556783356,0.2766837955610369,0.5226378015768244,0.5353843768980263,0.2197141027409929
1.0,0.3972755694506486,-0.1439316556783356,0.2820403441866548,0.5461597470564513,0.5353843768980263,0.2103256816539507
1.0,0.3972755694506486,-0.1439316556783356,0.2377789716858966,0.522351091338304,0.5353843768980263,0.2105683163416497
1.0,0.3972755694506486,-0.1439316556783356,0.2085068011932837,0.5643556681407538,0.5353843768980263,0.1182713504689883
1.0,0.3972755694506486,-0.1439316556783356,0.2119975912824529,0.5436679975722718,0.5353843768980263,0.1492000052239137
1.0,0.3972755694506486,-0.1439316556783356,0.2524501752034151,0.5524103271454894,0.5661536234610709,0.1413967087133622
1.0,0.3972755694506486,-0.1439316556783356,0.1904165144592158,0.6190982379573586,0.578051735633013,0.2415726628241264
1.0,0.3972755694506486,-0.1439316556783356,0.231762561488926,0.6473401719450008,0.6246151919308558,0.2768907797152498
1.0,0.3972755694506486,-0.1439316556783356,0.192382866201513,0.5658922399205383,0.5230766782728085,0.2001654418481243
1.0,0.3972755694506486,-0.1439316556783356,0.1045898460761083,0.5823438939531577,0.5999997946804198,0.2446633596204852
1.0,0.3972755694506486,-0.1439316556783356,0.1123849712619439,0.5398871547464383,0.5569228494921574,0.2122786920090362
1.0,0.3972755694506486,-0.1439316556783356,0.1627373675619869,0.624385921220195,0.6307690412434646,0.1551937488460098
1.0,0.3972755694506486,-0.1439316556783356,0.2220259218308678,0.6198498344273012,0.6307690412434646,0.2165612556660227
1.0,0.3972755694506486,-0.1439316556783356,0.1046149661019897,0.5812930330685699,0.5723074727736799,0.1238427134858437
1.0,0.3972755694506486,-0.1439316556783356,0.0938267802186842,0.5890882433612562,0.6184613426182468,0.1116599208190644
1.0,0.3972755694506486,-0.1439316556783356,0.1841196783632338,0.5595076355188194,0.6114249681758698,0.1046859941852912
1.0,0.3972755694506486,-0.1439316556783356,0.1988838067491186,0.5536605704015686,0.5323074522417218,0.1050743310614478
1.0,0.3972755694506486,-0.1439316556783356,0.1558964414322128,0.5468734689342349,0.5723074727736799,0.1280419592105034
1.0,0.3972755694506486,-0.1439316556783356,0.1280193089190207,0.5919100913345485,0.5723074727736799,0.1477102703573952
1.0,0.3972755694506486,-0.1439316556783356,0.2118204051836422,0.5431087005433719,0.5723074727736799,0.1225659274092404
1.0,0.3972755694506486,-0.1439316556783356,0.1265364130552925,0.5973569920878297,0.5723074727736799,0.1076061433053428
1.0,0.3972755694506486,-0.1439316556783356,0.2049215932850879,0.5335698169776032,0.5723074727736799,0.1744069883411113
1.0,0.3972755694506486,-0.1439316556783356,0.2486681918741093,0.5303788507785948,0.5507690001795484,0.0969685601125907
1.0,0.3972755694506486,-0.1439316556783356,0.2705690768251372,0.5359673677280916,0.5415382262106352,0.0524998054444936
1.0,0.3972755694506486,-0.1439316556783356,0.2045239481387847,0.514284269748653,0.5415382262106352,0.0808519180344175
1.0,0.3972755694506486,-0.1439316556783356,0.2239750367791788,0.5116862338949866,0.4923074317097639,0.092234478337391
1.0,0.3972755694506486,-0.1439316556783356,0.2345454893809699,0.5172594398391424,0.4923074317097639,0.0331191349267623
1.0,0.3972755694506486,-0.1439316556783356,0.2439130761599146,0.5149457391095938,0.4923074317097639,0.0101483983498015
1.0,0.3972755694506486,-0.1439316556783356,0.153612430506257,0.5352670906943333,0.5235870892974022,0.0231856229932092
1.0,0.3972755694506486,-0.1439316556783356,0.2029441801356264,0.5293597570491333,0.5476920755232441,0.0775449309566933
1.0,0.3972755694506486,-0.1439316556783356,0.1738640800074973,0.5301164854626946,0.5476920755232441,0.0571469791948021
1.0,0.3972755694506486,-0.1439316556783356,0.1658415965324818,0.5177703863248597,0.5476920755232441,0.0388292849996051
1.0,0.3972755694506486,-0.1439316556783356,0.1551131399858174,0.5061374152862081,0.5476920755232441,0.0543285700808374
1.0,0.3972755694506486,-0.1439316556783356,0.1748881310580855,0.5014896132909088,0.5476920755232441,0.1173785726844314
1.0,0.3972755694506486,-0.1439316556783356,0.2002629312317292,0.5012821724955535,0.4615381851467192,0.1181782639752234
1.0,0.3972755694506486,-0.1439316556783356,0.2123540219423482,0.5071715655444673,0.5076920549912861,0.0691753211074345
1.0,0.3972755694506486,-0.1439316556783356,0.1915029979919587,0.5460989695754164,0.5076920549912861,0.0651338420370806
1.0,0.3972755694506486,-0.1439316556783356,0.2326507766498987,0.5487833153899389,0.5331016863595249,0.059689016987478
1.0,0.3972755694506486,-0.1439316556783356,0.1669409284890884,0.5661962121512296,0.5476920755232441,0.0479684432545294
1.0,0.3972755694506486,-0.1439316556783356,0.1291890244510708,0.5961756695621638,0.575384397429984,0.0523916383684185
1.0,0.3972755694506486,-0.1439316556783356,0.1374411169514888,0.5943589615212217,0.575384397429984,0.086157913985197
1.0,0.3972755694506486,-0.1439316556783356,0.1093294215311579,0.6008677504759564,0.575384397429984,0.0991301906734811
1.0,0.3972755694506486,-0.1439316556783356,0.1139102578762365,0.6052460193993925,0.575384397429984,0.0881446682856698
1.0,0.3972755694506486,-0.1439316556783356,0.1601026037127375,0.6323674507551621,0.575384397429984,0.0489382252342859
1.0,0.3972755694506486,-0.1439316556783356,0.1116199697713684,0.6213089180997224,0.575384397429984,0.038319261533826
1.0,0.3972755694506486,-0.1439316556783356,0.1671218017236205,0.6265163140132223,0.6369228905560735,0.0718168322489774
1.0,0.3972755694506486,-0.1439316556783356,0.1032299263678996,0.7143047835846963,0.6769229110880313,0.1960339253035561
1.0,0.3972755694506486,-0.1439316556783356,0.1459642252376658,0.7269484506268886,0.6769229110880313,0.1277771112820489
1.0,0.3972755694506486,-0.1439316556783356,0.1539588629208217,0.7339725969940873,0.6990906710256757,0.1480838154672424
1.0,0.3972755694506486,-0.1439316556783356,0.2571113255078741,0.7658233900772083,0.7538460274956431,0.1826666287562153
1.0,0.3972755694506486,-0.1439316556783356,0.2900269742253605,0.772509421944188,0.7876921987149922,0.078351042005676
1.0,0.3972755694506486,-0.1439316556783356,0.3045322566354135,0.8054629467139248,0.7876921987149922,0.1052658270375458
1.0,0.3972755694506486,-0.1439316556783356,0.2533001617793004,0.8280019341332058,0.8246152945906456,0.1035886908015202
1.0,0.3972755694506486,-0.1439316556783356,0.3029181960079992,0.8368119120541215,0.839999917872168,0.1222210591691244
1.0,0.3972755694506486,-0.1439316556783356,0.2900403202994442,0.8409372312937508,0.839999917872168,0.1126184024158098
1.0,0.3972755694506486,-0.1439316556783356,0.2862360558125579,0.8752621301540656,0.8738460890915171,0.0636727255459133
1.0,0.3972755694506486,-0.1439316556783356,0.317076570973732,0.8686658436812735,0.8738460890915171,0.0445592518715781
1.0,0.3972755694506486,-0.1439316556783356,0.3285009008713109,0.8601617465651223,0.8738460890915171,0.0413140970092749
1.0,0.3972755694506486,-0.1439316556783356,0.3490732406984593,0.8858254514567001,0.8953845616856483,0.1180921017536754
1.0,0.3972755694506486,-0.1439316556783356,0.2943240933938358,0.8726112480049558,0.8953845616856483,0.0823531543583778
1.0,0.3972755694506486,-0.1439316556783356,0.2747740176005763,0.8627708097356549,0.8903358044288012,0.0830516284366029
1.0,0.3972755694506486,-0.1439316556783356,0.3384325289337797,0.871386367577669,0.8646153151226037,0.0340881016410994
1.0,0.3972755694506486,-0.1439316556783356,0.3209760902368333,0.8810714903301857,0.8646153151226037,0.04322413227465
1.0,0.3972755694506486,-0.1439316556783356,0.3134184573082955,0.8828415443382326,0.8707691644352126,0.0364843878906846
1.0,0.3972755694506486,-0.1439316556783356,0.3091875934804835,0.8967268024340398,0.9163407584780052,0.020762501532884
1.0,0.3972755694506486,-0.1439316556783356,0.263401194500775,0.8909987051006717,0.8783932473143052,0.0191175874743944
1.0,0.3972755694506486,-0.1439316556783356,0.2763301019773521,0.894556371998237,0.9162187594634108,0.0264082282720727
1.0,0.3972755694506486,-0.1439316556783356,0.2332494724851116,0.8656178084739536,0.8707691644352126,0.0426174907169213
1.0,0.3972755694506486,-0.1439316556783356,0.2864081070659161,0.8909657079755877,0.8983984335553075,0.0054644611388003
1.0,0.3972755694506486,-0.1439316556783356,0.2624998820908285,0.8597656962385986,0.8615383904662992,0.0040655212887018
1.0,0.3972755694506486,-0.1439316556783356,0.2738492930098218,0.872584273491391,0.9015384109982572,0.01404249808815
1.0,0.3972755694506486,-0.1439316556783356,0.342156626494305,0.8562093017237487,0.8584614658099947,0.0271514121639613
1.0,0.3972755694506486,-0.1439316556783356,0.4011342398574983,0.8853041138454741,0.9083736923944882,0.0086509563917479
1.0,0.3972755694506486,-0.1439316556783356,0.3937177586277449,0.9009032714588252,0.8953845616856483,0.0049250021757395
1.0,0.3972755694506486,-0.1439316556783356,0.4024492579435776,0.9173510235177842,0.9053331278933048,0.0044328841595297
1.0,0.3972755694506486,-0.1439316556783356,0.4107087134052062,0.9541269556153884,0.963028138739831,0.0046172047488658
1.0,0.3972755694506486,-0.1439316556783356,0.4378608260989128,0.996480843885952,0.0030798204560896,0.0587144640598634
1.0,0.3972755694506486,-0.1439316556783356,0.3934443224522791,0.974119396268216,0.9789389148542816,0.0316822826355447
1.0,0.3972755694506486,-0.1439316556783356,0.4109417041900587,0.98424289727892,0.9815384520621732,0.0599554259846953
1.0,0.3972755694506486,-0.1439316556783356,0.4156397032312677,0.9675121673040724,0.9692307534369554,0.0672913706795826
1.0,0.3972755694506486,-0.1439316556783356,0.3671341886900075,0.9797340818888914,0.9990553203933016,0.0446353932746746
1.0,0.3972755694506486,-0.1439316556783356,0.5028128660768743,0.980457898002883,0.0030798204560896,0.0651954219954883
1.0,0.3972755694506486,-0.1439316556783356,0.5032868100501005,0.9949324389469149,0.0030798204560896,0.0378909218136361
1.0,0.3972755694506486,-0.1439316556783356,0.5240932038239352,0.008183464070306,0.0046102377657287,0.0128779810060102
1.0,0.3972755694506486,-0.1439316556783356,0.5353751152767148,1.0,0.012310556661239,0.0243559620940954
1.0,0.3972755694506486,-0.1439316556783356,0.4654426823781174,0.0259775706693043,0.012310556661239,0.045875342515555
1.0,0.3972755694506486,-0.1439316556783356,0.369739568555808,0.0108130980907691,0.012310556661239,0.0128780317316052
1.0,0.3972755694506486,-0.1439316556783356,0.2821229767436515,0.0125970296855044,0.036925846970042,0.0040783035674185
1.0,0.3972755694506486,-0.1439316556783356,0.2451030256975037,0.0388949882019017,0.0276951131042408,0.0338151028863999
1.0,0.3972755694506486,-0.1439316556783356,0.1482566509764338,0.1759161624478722,0.1420012599614609,0.0293118179987731
1.0,0.3972755694506486,-0.1439316556783356,0.2005960628131393,0.2001182813143554,0.2276943281484794,0.0286790477327364
1.0,0.3972755694506486,-0.1439316556783356,0.1355130277249759,0.1993514162518286,0.1680711489700457,0.0463217533432259
1.0,0.3972755694506486,-0.1439316556783356,0.1782818341134113,0.1734584598045168,0.2061560052726339,0.0503906004715614
1.0,0.3972755694506486,-0.1439316556783356,0.1096303415710505,0.1920949328008113,0.2061560052726339,0.0556886375307799
1.0,0.3972755694506486,-0.1439316556783356,0.0065883290572738,0.1150487133513145,0.2061560052726339,0.0645557822957157
1.0,0.3972755694506486,-0.1439316556783356,0.0652223658395516,0.0968892990477528,0.0707718764917277,0.0468798335979666
1.0,0.3972755694506486,-0.1439316556783356,0.0697995942205346,0.0828201286336345,0.0707718764917277,0.0043881329885117
1.0,0.3972755694506486,-0.1439316556783356,0.0840800970743663,0.0,1.0,0.0024789324105181
1.0,0.3972755694506486,-0.1439316556783356,0.0890664844181079,0.9737185108873744,1.0,0.0044607495339869
1.0,0.3972755694506486,-0.1439316556783356,0.1126972467750399,0.969650109567877,1.0,0.0081787004164151
1.0,0.3972755694506486,-0.1439316556783356,0.0916390985410094,0.0136978209884792,1.0,0.0046885205941167
1.0,0.3972755694506486,-0.1439316556783356,0.2038811197772372,0.0876353390831081,0.0830795430344557,0.0087811438599198
1.0,0.3972755694506486,-0.1439316556783356,0.2499575583533903,0.1091513148944831,0.0953871881888572,0.0174385876439851
1.0,0.3972755694506486,-0.1439316556783356,0.2636100718704186,0.1113034866383209,0.0953871881888572,0.0163326590811075
1.0,0.3972755694506486,-0.1439316556783356,0.0889387240343363,0.1116248056866978,0.1261563385044324,0.0351651604855873
1.0,0.3972755694506486,-0.1439316556783356,0.15331173667101,0.1339275434453107,0.1661562200122679,0.0428263302766507
1.0,0.3972755694506486,-0.1439316556783356,0.0961404352634312,0.0765379828500673,0.092310274226716,0.0306394521430273
1.0,0.3972755694506486,-0.1439316556783356,0.1170127224504966,0.1123050426926896,0.092310274226716,0.0243921097929054
1.0,0.3972755694506486,-0.1439316556783356,0.1335778356725947,0.1384264448533488,0.092310274226716,0.0192034270628783
1.0,0.3972755694506486,-0.1439316556783356,0.2401387159271618,0.1378861169300965,0.1358485977009751,0.041799563803205
1.0,0.3972755694506486,-0.1439316556783356,0.1388160679583902,0.201285013851552,0.1669307875638162,0.0787296468793819
1.0,0.3972755694506486,-0.1439316556783356,0.1938187454296765,0.18313837639109,0.1538485534695398,0.074038251377892
1.0,0.3972755694506486,-0.1439316556783356,0.1126144671850236,0.1737060866872977,0.1538485534695398,0.080620024377222
1.0,0.3972755694506486,-0.1439316556783356,0.1570678195684074,0.1377144300890418,0.1538485534695398,0.0584618414568017
1.0,0.3972755694506486,-0.1439316556783356,0.1321523279274268,0.1528135943112163,0.1538485534695398,0.0716920491131206
1.0,0.3972755694506486,-0.1439316556783356,0.160516173666083,0.1532880340161934,0.1538485534695398,0.0718357186218778
1.0,0.3972755694506486,-0.1439316556783356,0.2107725347838841,0.2211131686894527,0.2215405216125235,0.0532223207128451
1.0,0.3972755694506486,-0.1439316556783356,0.2028305801626624,0.2382285823719003,0.283078586972082,0.0562654323311801
1.0,0.3972755694506486,-0.1439316556783356,0.1956961535053678,0.2028940054142172,0.2061560052726339,0.0774651226871588
1.0,0.3972755694506486,-0.1439316556783356,0.203515663551987,0.2463828590668515,0.2061560052726339,0.0658414924211478
1.0,0.3972755694506486,-0.1439316556783356,0.1668228722846083,0.2153018575265025,0.2061560052726339,0.0976394540907074
1.0,0.3972755694506486,-0.1439316556783356,0.1327092663850826,0.2291083339258524,0.2061560052726339,0.0955859723263984
1.0,0.3972755694506486,-0.1439316556783356,0.1450585018371323,0.2599046822464044,0.280001683704104,0.0735195012818161
1.0,0.3972755694506486,-0.1439316556783356,0.1401316628663155,0.2732786121416793,0.280001683704104,0.0508668653683582
1.0,0.3972755694506486,-0.1439316556783356,0.2501088213998281,0.2719421225438798,0.2738478771681482,0.07998851905215
1.0,0.3972755694506486,-0.1439316556783356,0.1486125161247153,0.3145975231052185,0.3200014475761435,0.0716721098413826
1.0,0.3972755694506486,-0.1439316556783356,0.232966603575929,0.2858194918668519,0.3200014475761435,0.0868576530043869
1.0,0.3972755694506486,-0.1439316556783356,0.2150424415335073,0.283179552209094,0.280001683704104,0.1070562303283914
1.0,0.3972755694506486,-0.1439316556783356,0.1470702528517789,0.3171971282309005,0.280001683704104,0.0915395724163379
1.0,0.3972755694506486,-0.1439316556783356,0.1448427478462659,0.2941459007368081,0.3169245229198391,0.0996949465993244
1.0,0.3972755694506486,-0.1439316556783356,0.2198336821295864,0.2834176998406458,0.3169245229198391,0.0803953035933581
1.0,0.3972755694506486,-0.1439316556783356,0.2268228175430841,0.3008852030268026,0.280001683704104,0.1086630490080163
1.0,0.3972755694506486,-0.1439316556783356,0.1788004987450505,0.2854558236804333,0.280001683704104,0.1039555456166698
1.0,0.3972755694506486,-0.1439316556783356,0.303870630667826,0.2935468205416756,0.280001683704104,0.088766426984696
1.0,0.3972755694506486,-0.1439316556783356,0.2960873359849494,0.2914792834547855,0.280001683704104,0.0771371154520401
1.0,0.3972755694506486,-0.1439316556783356,0.2893341772576247,0.2729105542348928,0.280001683704104,0.106613961633995
1.0,0.3972755694506486,-0.1439316556783356,0.2614814861563775,0.2528735165678927,0.280001683704104,0.1091726081746551
1.0,0.3972755694506486,-0.1439316556783356,0.3019466922965578,0.2682641094478232,0.280001683704104,0.14560464816523
1.0,0.3972755694506486,-0.1439316556783356,0.313902309044994,0.2629964874191317,0.280001683704104,0.1376752962660596
1.0,0.3972755694506486,-0.1439316556783356,0.2614233741829516,0.2599841849597337,0.280001683704104,0.1012920625236884
1.0,0.3972755694506486,-0.1439316556783356,0.3212621712519818,0.2664875450815497,0.280001683704104,0.1139077062897052
1.0,0.3972755694506486,-0.1439316556783356,0.3564183769830258,0.284163613001127,0.280001683704104,0.0759756510453498
1.0,0.3972755694506486,-0.1439316556783356,0.3062263258459369,0.2774626094308637,0.280001683704104,0.0910983200617917
1.0,0.3972755694506486,-0.1439316556783356,0.2850862802200075,0.277845172500605,0.280001683704104,0.082077009702811
1.0,0.3972755694506486,-0.1439316556783356,0.2611724227492474,0.2222557047486795,0.2276943281484794,0.132694470572975
1.0,0.3972755694506486,-0.1439316556783356,0.2175054255749731,0.2443745089826026,0.2276943281484794,0.1429971734409737
1.0,0.3972755694506486,-0.1439316556783356,0.1784147972040291,0.2626173597827217,0.2276943281484794,0.1599176233519223
1.0,0.3972755694506486,-0.1439316556783356,0.2792635690609682,0.2883826644341186,0.2861554902400599,0.1755114499746188
1.0,0.3972755694506486,-0.1439316556783356,0.2929392685541589,0.2853867545053697,0.2841731559711855,0.19925243231993
1.0,0.3972755694506486,-0.1439316556783356,0.3529180862987461,0.2698554573035027,0.2615402640962365,0.3269493925919374
1.0,0.3972755694506486,-0.1439316556783356,0.3195626731299668,0.2900257770599331,0.283078586972082,0.3475498263056459
1.0,0.3972755694506486,-0.1439316556783356,0.303261416316598,0.2540381708799876,0.251364789132298,0.4175426219093275
1.0,0.3972755694506486,-0.1439316556783356,0.3298601419655831,0.2792936317773533,0.2865917907131862,0.4068252816296233
1.0,0.3972755694506486,-0.1439316556783356,0.285441150067849,0.2219966688342178,0.2153867150765677,0.4295599997816332
1.0,0.3972755694506486,-0.1439316556783356,0.3016349822950755,0.2476434298293033,0.2384660668797504,0.3884286236775011
1.0,0.3972755694506486,-0.1439316556783356,0.2602469290626982,0.2765320311256317,0.2693865289114456,0.3649363740589902
1.0,0.3972755694506486,-0.1439316556783356,0.2540670181479689,0.2759486648570333,0.2912323945346357,0.2765642933340078
1.0,0.3972755694506486,-0.1439316556783356,0.2155769631107952,0.265111039047353,0.2338481346844352,0.1936498552396167
1.0,0.3972755694506486,-0.1439316556783356,0.2738430497616063,0.2785937152520312,0.2861554902400599,0.2888112908944915
1.0,0.3972755694506486,-0.1439316556783356,0.3062307142160594,0.2661334409718744,0.2707709739001703,0.3488291861349634
1.0,0.3972755694506486,-0.1439316556783356,0.2106562882165679,0.2733582208869016,0.2615402640962365,0.3978881008124899
1.0,0.3972755694506486,-0.1439316556783356,0.2115939969539735,0.2581012281920802,0.2615402640962365,0.3108853735202543
1.0,0.3972755694506486,-0.1439316556783356,0.1900155441046239,0.2386654337708288,0.2615402640962365,0.2290112579718437
1.0,0.3972755694506486,-0.1439316556783356,0.1453015361082445,0.2728743761530204,0.2615402640962365,0.2902726559867731
1.0,0.3972755694506486,-0.1439316556783356,0.2096075129982278,0.2643886649671054,0.2615402640962365,0.3443486921200933
1.0,0.3972755694506486,-0.1439316556783356,0.2391086478330036,0.2465853163632384,0.2615402640962365,0.2903046231653718
1.0,0.3972755694506486,-0.1439316556783356,0.2576104686786077,0.2356120969688615,0.2615402640962365,0.2876846013966335
1.0,0.3972755694506486,-0.1439316556783356,0.2712999440347086,0.2311209464921975,0.2615402640962365,0.2718854448769999
1.0,0.3972755694506486,-0.1439316556783356,0.2621278433103946,0.2052019804215466,0.2092329085406118,0.2055079821627274
1.0,0.3972755694506486,-0.1439316556783356,0.2277430180409288,0.2210028955207912,0.2092329085406118,0.1825040436273678
1.0,0.3972755694506486,-0.1439316556783356,0.2668501819714581,0.23875422487798,0.2338481346844352,0.1092150239118581
1.0,0.3972755694506486,-0.1439316556783356,0.3212472191249151,0.2307754309658508,0.2338481346844352,0.1049142831263272
1.0,0.3972755694506486,-0.1439316556783356,0.3214330236207188,0.2594779887028199,0.2635782721790992,0.1114998655721462
1.0,0.3972755694506486,-0.1439316556783356,0.3260040992353446,0.2365124561846046,0.2329238595412575,0.1358194596995324
1.0,0.3972755694506486,-0.1439316556783356,0.3957274059391884,0.2580421896340891,0.2663551613906753,0.1732281511035997
1.0,0.3972755694506486,-0.1439316556783356,0.3556320443943808,0.264102951428379,0.2861554902400599,0.1712477946259251
1.0,0.3972755694506486,-0.1439316556783356,0.339593184969778,0.2498885491304956,0.2584633608282586,0.148232010978642
1.0,0.3972755694506486,-0.1439316556783356,0.3785121013943322,0.2304179762483586,0.2584633608282586,0.1520769781798241
1.0,0.3972755694506486,-0.1439316556783356,0.3346472656371143,0.2298933728548298,0.2584633608282586,0.1461913614189169
1.0,0.3972755694506486,-0.1439316556783356,0.3592186095304496,0.2211893844141007,0.2153867150765677,0.2365294821221008
1.0,0.3972755694506486,-0.1439316556783356,0.3393829503722615,0.2194851337988148,0.2338481346844352,0.2147839185572805
1.0,0.3972755694506486,-0.1439316556783356,0.3928126686002187,0.2258037227439868,0.2338481346844352,0.2174765464750319
1.0,0.3972755694506486,-0.1439316556783356,0.3496352687606385,0.2148908142903164,0.226122542807575,0.2307579147783443
1.0,0.3972755694506486,-0.1439316556783356,0.3108220351464563,0.2170016972150419,0.2215405216125235,0.2687712333399334
1.0,0.3972755694506486,-0.1439316556783356,0.2700054879509042,0.2391889768454282,0.2276943281484794,0.2563688454593262
1.0,0.3972755694506486,-0.1439316556783356,0.2143529471535956,0.2210049949522714,0.2276943281484794,0.2451670108547572
1.0,0.3972755694506486,-0.1439316556783356,0.2553641208261256,0.2188624509043129,0.2276943281484794,0.1522909798685769
1.0,0.3972755694506486,-0.1439316556783356,0.2739272657511215,0.2232685001837002,0.2276943281484794,0.0977834087595664
1.0,0.3972755694506486,-0.1439316556783356,0.2531248079381182,0.2169010941550168,0.2276943281484794,0.0796167799562814
1.0,0.3972755694506486,-0.1439316556783356,0.3040768162021882,0.203093578643116,0.2276943281484794,0.0639107208981089
1.0,0.3972755694506486,-0.1439316556783356,0.2634266877643215,0.2104320459537575,0.2007730340252448,0.0287363228703756
1.0,0.3972755694506486,-0.1439316556783356,0.254302135256489,0.2156076535057524,0.2061560052726339,0.0386352518297802
1.0,0.3972755694506486,-0.1439316556783356,0.2378441412442617,0.2178602798649652,0.2061560052726339,0.0622816597305386
1.0,0.3972755694506486,-0.1439316556783356,0.2870129782879507,0.2062386330324797,0.2061560052726339,0.075244953875614
1.0,0.3972755694506486,-0.1439316556783356,0.2483150864225027,0.2247622350787355,0.2061560052726339,0.0523092673138659
1.0,0.3972755694506486,-0.1439316556783356,0.3252820087660181,0.2209982937366374,0.2338481346844352,0.0346482474786292
1.0,0.3972755694506486,-0.1439316556783356,0.3461984058589537,0.2365776445923865,0.230160487752056,0.0111510829612473
1.0,0.3972755694506486,-0.1439316556783356,0.3211811673684326,0.2513317280189753,0.2599408236491136,0.0046644576970916
1.0,0.3972755694506486,-0.1439316556783356,0.3138979206748716,0.2556811138547734,0.2405108122854737,0.0050344185409628
1.0,0.3972755694506486,-0.1439316556783356,0.259396784143561,0.246741946675495,0.2459990996527547,0.0048227438317591
1.0,0.3972755694506486,-0.1439316556783356,0.2264622473381764,0.1954938063355039,0.2276943281484794,0.004428282525482
1.0,0.3972755694506486,-0.1439316556783356,0.2599642637376965,0.2122716780899541,0.2061560052726339,0.0701103098988649
1.0,0.3972755694506486,-0.1439316556783356,0.2826039104404234,0.2345481517486847,0.2044866891626989,0.0954780575073365
1.0,0.3972755694506486,-0.1439316556783356,0.2627578232480784,0.2202800761065932,0.2369250379524131,0.1440798751651697
1.0,0.3972755694506486,-0.1439316556783356,0.3101642546578421,0.2177557536249011,0.2369250379524131,0.1889646308952031
1.0,0.3972755694506486,-0.1439316556783356,0.3181299607668401,0.221991600509735,0.2369250379524131,0.257176711339705
1.0,0.3972755694506486,-0.1439316556783356,0.2873431918294339,0.2145563684935931,0.2369250379524131,0.2539671247162612
1.0,0.3972755694506486,-0.1439316556783356,0.2746540612770741,0.2014726903020625,0.2356774996418826,0.2672009517123346
1.0,0.3972755694506486,-0.1439316556783356,0.3114622395341161,0.1925165368135345,0.2184636183445456,0.3136529181150237
1.0,0.3972755694506486,-0.1439316556783356,0.274785259971457,0.2043228912035281,0.1815407791288106,0.211715478872462
1.0,0.3972755694506486,-0.1439316556783356,0.2390584530221698,0.1878608884581574,0.1815407791288106,0.1856032074852128
1.0,0.3972755694506486,-0.1439316556783356,0.2133203229469434,0.1836980339284261,0.1815407791288106,0.2219603161751747
1.0,0.3972755694506486,-0.1439316556783356,0.252304997061941,0.1896486497923259,0.1815407791288106,0.2437999971972052
1.0,0.3972755694506486,-0.1439316556783356,0.2381708259932753,0.1786487315673058,0.1815407791288106,0.2011875872655603
1.0,0.3972755694506486,-0.1439316556783356,0.2424398731652456,0.1924763931388659,0.1907714889327443,0.2876544475438108
1.0,0.3972755694506486,-0.1439316556783356,0.1895456265740874,0.2080519268464691,0.1907714889327443,0.2314597011008295
1.0,0.3972755694506486,-0.1439316556783356,0.1582442646886608,0.1603749512640149,0.1907714889327443,0.1653512247923873
1.0,0.3972755694506486,-0.1439316556783356,0.2274823624279331,0.1948781851650721,0.1907714889327443,0.1756433840484146
1.0,0.3972755694506486,-0.1439316556783356,0.3295625018930501,0.2024443665689997,0.2061560052726339,0.2215586937629902
1.0,0.3972755694506486,-0.1439316556783356,0.318921609164654,0.2231228547755526,0.2186200953415255,0.2430483590394761
1.0,0.3972755694506486,-0.1439316556783356,0.3658299831859825,0.2076934542228046,0.2038842655573224,0.2143066044175447
1.0,0.3972755694506486,-0.1439316556783356,0.293603224429595,0.2049931612115831,0.1978516025028993,0.2230021595750318
1.0,0.3972755694506486,-0.1439316556783356,0.3428768620855385,0.1181949128851219,0.1318488416135345,0.1796792476583011
1.0,0.3972755694506486,-0.1439316556783356,0.285991505970321,0.1519133835401233,0.1501547573932798,0.2547463868448837
1.0,0.3972755694506486,-0.1439316556783356,0.2454109354609418,0.2202044753669242,0.1907714889327443,0.2695975541971611
1.0,0.3972755694506486,-0.1439316556783356,0.3163564711052858,0.1417651983047423,0.1538485534695398,0.1908404432924557
1.0,0.3972755694506486,-0.1439316556783356,0.3039503451848959,0.1663297659908754,0.1723100479365503,0.1658313174151669
1.0,0.3972755694506486,-0.1439316556783356,0.3420460124226614,0.1013752009457161,0.1138486719617044,0.1274856484107538
1.0,0.3972755694506486,-0.1439316556783356,0.2932104879240989,0.1152774665571514,0.1050897672529563,0.1294245616202907
1.0,0.3972755694506486,-0.1439316556783356,0.3009526586024258,0.122423814680968,0.1415408976209751,0.1173315212676238
1.0,0.3972755694506486,-0.1439316556783356,0.2454769872174243,0.1435548151970373,0.116005064431976,0.1053851994432647
1.0,0.3972755694506486,-0.1439316556783356,0.2329754029366384,0.1236798578815911,0.1046179300752808,0.0996330522336249
1.0,0.3972755694506486,-0.1439316556783356,0.248168030782471,0.09008219996541,0.1046179300752808,0.1055278526121716
1.0,0.3972755694506486,-0.1439316556783356,0.2274066517330883,0.0471786635682041,0.0584642206431629,0.0925116393328081
1.0,0.3972755694506486,-0.1439316556783356,0.1760357124655747,0.0514494638665469,0.0584642206431629,0.0889934582965648
1.0,0.3972755694506486,-0.1439316556783356,0.2484559892961771,0.0490243077127307,0.0584642206431629,0.0948100151302385
1.0,0.3972755694506486,-0.1439316556783356,0.1975400832935269,0.0524290076999405,0.0584642206431629,0.057639344669658
1.0,0.3972755694506486,-0.1439316556783356,0.1954865522808587,0.9660013400678946,1.0,0.0662057954189755
1.0,0.3972755694506486,-0.1439316556783356,0.1856601998604,0.0024518762995622,1.0,0.0562616119169949
1.0,0.3972755694506486,-0.1439316556783356,0.2135181615298871,0.979809746247696,1.0,0.0298392179512722
1.0,0.3972755694506486,-0.1439316556783356,0.1879074299109995,0.980236588235931,1.0,0.0497608682573792
1.0,0.3972755694506486,-0.1439316556783356,0.1532698888115947,0.0403943984540068,0.0003127324451514,0.0286577521225652
1.0,0.3972755694506486,-0.1439316556783356,0.1436319648608274,0.0872160836768136,0.0492334947979843,0.023866788218841
1.0,0.3972755694506486,-0.1439316556783356,0.1960298732188561,0.0913465454632506,0.1138486826558676,0.0452867281945224
1.0,0.3972755694506486,-0.1439316556783356,0.1688341030285702,0.1940116713295566,0.1630792953559634,0.0674562736482324
1.0,0.3972755694506486,-0.1439316556783356,0.1724365477307523,0.1978149080911797,0.2123098118085898,0.0647022668465041
1.0,0.3972755694506486,-0.1439316556783356,0.1540351617477448,0.1613076290007273,0.1751827568510335,0.0679481236413657
1.0,0.3972755694506486,-0.1439316556783356,0.2415751380464744,0.1002192306456533,0.1350494228797405,0.0569257900091228
1.0,0.3972755694506486,-0.1439316556783356,0.2607056947042122,0.11587510471854,0.1200024998859868,0.0437815179086297
1.0,0.3972755694506486,-0.1439316556783356,0.2137735239541784,0.1347543589401079,0.1200024998859868,0.0612252366064991
1.0,0.3972755694506486,-0.1439316556783356,0.2343922583541164,0.1136474806796833,0.1200024998859868,0.0609652693028649
1.0,0.3972755694506486,-0.1439316556783356,0.2116379485165917,0.0919593037725729,0.1200024998859868,0.0652698305025811
1.0,0.3972755694506486,-0.1439316556783356,0.2035544124077591,0.1028812249371435,0.0584642206431629,0.1504924092999421
1.0,0.3972755694506486,-0.1439316556783356,0.1938586026882114,0.0644278894995468,0.0953871881888572,0.1698761306651734
1.0,0.3972755694506486,-0.1439316556783356,0.2207795342342295,0.0770277229571961,0.0953871881888572,0.1517259826534167
1.0,0.3972755694506486,-0.1439316556783356,0.2542264019411797,0.1044370202991188,0.0636317258889699,0.1761802454668576
1.0,0.3972755694506486,-0.1439316556783356,0.2529203641795262,0.0526994791540562,0.0184643631971948,0.1508183546081704
1.0,0.3972755694506486,-0.1439316556783356,0.2612314169207906,0.0801330843074363,0.092310274226716,0.1592570024492702
1.0,0.3972755694506486,-0.1439316556783356,0.2635464631241074,0.086615906051589,0.092310274226716,0.1134234678777523
1.0,0.3972755694506486,-0.1439316556783356,0.2339721963274454,0.1147959015089685,0.092310274226716,0.0863647574242134
1.0,0.3972755694506486,-0.1439316556783356,0.1628567583738754,0.0882137112495487,0.092310274226716,0.074954324549232
1.0,0.3972755694506486,-0.1439316556783356,0.2313912465633576,0.0610361837208172,0.092310274226716,0.1080026986418711
1.0,0.3972755694506486,-0.1439316556783356,0.2019500107187071,0.0957196824430681,0.092310274226716,0.0660069035597227
1.0,0.3972755694506486,-0.1439316556783356,0.1679755432966209,0.1443495136314619,0.1476947255452575,0.0537990679865617
1.0,0.3972755694506486,-0.1439316556783356,0.1872223465216749,0.2138836597520003,0.2246174248805015,0.0762031795594475
1.0,0.3972755694506486,-0.1439316556783356,0.1716792598185879,0.1908233559278719,0.2246174248805015,0.0838725312518951
1.0,0.3972755694506486,-0.1439316556783356,0.1746432871498094,0.2059140694081787,0.2246174248805015,0.0750952009513504
1.0,0.3972755694506486,-0.1439316556783356,0.1592058606366299,0.262198830694894,0.2246174248805015,0.0514283273294351
1.0,0.3972755694506486,-0.1439316556783356,0.2255186799004527,0.2217065655751235,0.2769247804361261,0.0271353463169402
1.0,0.3972755694506486,-0.1439316556783356,0.2816802037705735,0.2451857165827586,0.2418129977703186,0.0039315516790346
1.0,0.3972755694506486,-0.1439316556783356,0.3398388432147779,0.2230204915861046,0.2246174248805015,0.0107739939145572
1.0,0.3972755694506486,-0.1439316556783356,0.4430831222674337,0.2226976244720907,0.2215405216125235,0.0603805485139924
1.0,0.3972755694506486,-0.1439316556783356,0.4477625272867836,0.216330854634765,0.2215405216125235,0.0648582421104263
1.0,0.3972755694506486,-0.1439316556783356,0.5278361216109652,0.2046790099191691,0.2112528434875467,0.087510384477554
1.0,0.3972755694506486,-0.1439316556783356,0.4468854413943688,0.1915745706830002,0.1831749114415843,0.0991046432530731
1.0,0.3972755694506486,-0.1439316556783356,0.4010346193316254,0.1912965974724587,0.1938483922007222,0.073492637737861
1.0,0.3972755694506486,-0.1439316556783356,0.4227811196121079,0.1666024057972018,0.1938483922007222,0.0893227524080406
1.0,0.3972755694506486,-0.1439316556783356,0.428538615971853,0.1938653897300513,0.1739571201868818,0.0849069751126987
1.0,0.3972755694506486,-0.1439316556783356,0.3821823170083024,0.1959738339212391,0.1784638651666694,0.0768188182839798
1.0,0.3972755694506486,-0.1439316556783356,0.3979816709542626,0.1767161412705654,0.1907714889327443,0.0700254126182816
1.0,0.3972755694506486,-0.1439316556783356,0.4199785345363711,0.1829301085469698,0.1600023813938222,0.083150023295341
