data_time,latitude2,longitude2,elevation2,wind_speed2,wind_direction2,nacelle_position2,title_of_turbine2,production2
2018-01-01 00:00:00,52.402551,-0.949527,156.577,10.940260887145996,259.6316223144531,254.87603759765625,Kelmarsh 2,2038.4688720703125
2018-01-01 01:00:00,52.402551,-0.949527,156.577,10.65411376953125,248.25964355468744,244.99795532226554,Kelmarsh 2,2003.053466796875
2018-01-01 02:00:00,52.402551,-0.949527,156.577,11.058446884155273,224.04661560058594,231.06674194335935,Kelmarsh 2,2033.074951171875
2018-01-01 03:00:00,52.402551,-0.949527,156.577,11.125174522399902,221.08447265624994,221.94909667968747,Kelmarsh 2,2028.348876953125
2018-01-01 04:00:00,52.402551,-0.949527,156.577,10.944502830505371,226.066177368164,220.85153198242185,Kelmarsh 2,1904.1038818359375
2018-01-01 05:00:00,52.402551,-0.949527,156.577,10.222138404846191,226.22073364257812,220.85153198242185,Kelmarsh 2,1991.7191162109375
2018-01-01 06:00:00,52.402551,-0.949527,156.577,11.03376579284668,229.36953735351557,221.94909667968747,Kelmarsh 2,1883.7879638671875
2018-01-01 07:00:00,52.402551,-0.949527,156.577,10.836054801940918,214.18806457519526,213.16857910156244,Kelmarsh 2,2052.30712890625
2018-01-01 08:00:00,52.402551,-0.949527,156.577,9.268148422241211,202.53164672851554,213.16857910156244,Kelmarsh 2,2064.2470703125
2018-01-01 09:00:00,52.402551,-0.949527,156.577,7.515718936920166,213.74017333984366,205.48562622070307,Kelmarsh 2,2062.557861328125
2018-01-01 10:00:00,52.402551,-0.949527,156.577,7.461844444274902,210.47418212890625,205.48562622070307,Kelmarsh 2,2045.976806640625
2018-01-01 11:00:00,52.402551,-0.949527,156.577,7.184843063354492,225.07922363281244,221.18292236328116,Kelmarsh 2,2040.726806640625
2018-01-01 12:00:00,52.402551,-0.949527,156.577,7.400921821594238,246.9821319580078,240.60769653320312,Kelmarsh 2,2039.451171875
2018-01-01 13:00:00,52.402551,-0.949527,156.577,6.446933746337891,253.19757080078125,253.45343017578125,Kelmarsh 2,2048.815185546875
2018-01-01 14:00:00,52.402551,-0.949527,156.577,5.846254825592041,261.2879333496094,254.87603759765625,Kelmarsh 2,2046.33056640625
2018-01-01 15:00:00,52.402551,-0.949527,156.577,7.593913555145264,249.4332580566406,254.87603759765625,Kelmarsh 2,1861.9298095703125
2018-01-01 16:00:00,52.402551,-0.949527,156.577,9.292693138122559,245.59925842285153,247.19308471679685,Kelmarsh 2,1995.5546875
2018-01-01 17:00:00,52.402551,-0.949527,156.577,10.164823532104492,259.79437255859375,247.19308471679685,Kelmarsh 2,2046.89501953125
2018-01-01 18:00:00,52.402551,-0.949527,156.577,10.892285346984863,269.88470458984375,271.18505859375,Kelmarsh 2,2060.54296875
2018-01-01 19:00:00,52.402551,-0.949527,156.577,13.413625717163086,285.3785095214844,275.4546203613281,Kelmarsh 2,2037.618408203125
2018-01-01 20:00:00,52.402551,-0.949527,156.577,10.595973014831543,292.0351257324218,292.1932373046875,Kelmarsh 2,1976.9156494140625
2018-01-01 21:00:00,52.402551,-0.949527,156.577,12.342318534851074,293.8329772949219,292.1932373046875,Kelmarsh 2,2044.34423828125
2018-01-01 22:00:00,52.402551,-0.949527,156.577,8.806330680847168,282.6158752441406,289.99810791015625,Kelmarsh 2,2053.276611328125
2018-01-01 23:00:00,52.402551,-0.949527,156.577,10.809683799743652,271.62139892578125,276.8273315429687,Kelmarsh 2,2022.111328125
2018-01-02 00:00:00,52.402551,-0.949527,156.577,8.777701377868652,264.5880432128906,263.65655517578125,Kelmarsh 2,1985.9451904296875
2018-01-02 01:00:00,52.402551,-0.949527,156.577,8.372086524963379,264.58056640625,263.65655517578125,Kelmarsh 2,1929.830322265625
2018-01-02 02:00:00,52.402551,-0.949527,156.577,10.170843124389648,263.1888427734375,263.65655517578125,Kelmarsh 2,1743.0936279296875
2018-01-02 03:00:00,52.402551,-0.949527,156.577,9.340191841125488,258.33642578125,263.65655517578125,Kelmarsh 2,1662.70556640625
2018-01-02 04:00:00,52.402551,-0.949527,156.577,9.576022148132324,256.3271179199219,260.4908142089844,Kelmarsh 2,1570.9345703125
2018-01-02 05:00:00,52.402551,-0.949527,156.577,5.6611127853393555,251.88330078125,247.19308471679685,Kelmarsh 2,1876.8621826171875
2018-01-02 06:00:00,52.402551,-0.949527,156.577,6.899260997772217,233.28691101074213,241.70526123046875,Kelmarsh 2,1989.1976318359375
2018-01-02 07:00:00,52.402551,-0.949527,156.577,6.573526382446289,231.81224060058594,230.7296142578125,Kelmarsh 2,2002.4383544921875
2018-01-02 08:00:00,52.402551,-0.949527,156.577,6.417545795440674,205.2227935791015,215.36370849609366,Kelmarsh 2,1895.6793212890625
2018-01-02 09:00:00,52.402551,-0.949527,156.577,9.54443645477295,211.62329101562494,215.36370849609366,Kelmarsh 2,1673.480712890625
2018-01-02 10:00:00,52.402551,-0.949527,156.577,7.053274154663086,186.63151550292963,184.63189697265622,Kelmarsh 2,1895.2236328125
2018-01-02 11:00:00,52.402551,-0.949527,156.577,7.58044958114624,177.60462951660156,186.82702636718747,Kelmarsh 2,2029.9964599609375
2018-01-02 12:00:00,52.402551,-0.949527,156.577,8.001001358032227,161.43020629882812,165.97329711914062,Kelmarsh 2,1582.69677734375
2018-01-02 13:00:00,52.402551,-0.949527,156.577,8.637008666992188,183.31715393066403,180.02230834960932,Kelmarsh 2,1713.295166015625
2018-01-02 14:00:00,52.402551,-0.949527,156.577,10.199419021606445,210.86547851562494,212.35157775878906,Kelmarsh 2,1974.1461181640625
2018-01-02 15:00:00,52.402551,-0.949527,156.577,12.230320930480957,241.80538940429688,246.09552001953125,Kelmarsh 2,2044.9359130859375
2018-01-02 16:00:00,52.402551,-0.949527,156.577,8.816546440124512,251.67858886718747,246.09552001953125,Kelmarsh 2,1811.8692626953125
2018-01-02 17:00:00,52.402551,-0.949527,156.577,10.127227783203125,235.70645141601557,237.31500244140625,Kelmarsh 2,2035.72607421875
2018-01-02 18:00:00,52.402551,-0.949527,156.577,9.65495777130127,215.85418701171872,223.82557678222653,Kelmarsh 2,2000.059326171875
2018-01-02 19:00:00,52.402551,-0.949527,156.577,10.981961250305176,213.01820373535153,207.4587707519531,Kelmarsh 2,1956.8057861328125
2018-01-02 20:00:00,52.402551,-0.949527,156.577,11.469212532043457,198.93762207031244,199.6172943115234,Kelmarsh 2,1762.511474609375
2018-01-02 21:00:00,52.402551,-0.949527,156.577,13.34074878692627,195.98413085937494,199.95202636718744,Kelmarsh 2,1842.274169921875
2018-01-02 22:00:00,52.402551,-0.949527,156.577,9.552529335021973,209.7658386230469,209.87588500976557,Kelmarsh 2,1572.3787841796875
2018-01-02 23:00:00,52.402551,-0.949527,156.577,12.804410934448242,251.74273681640625,246.09552001953125,Kelmarsh 2,1358.72216796875
2018-01-03 00:00:00,52.402551,-0.949527,156.577,13.42401123046875,267.5296630859375,261.46142578125,Kelmarsh 2,926.0952758789062
2018-01-03 01:00:00,52.402551,-0.949527,156.577,15.316482543945312,268.5804748535156,269.6751708984375,Kelmarsh 2,689.8967895507812
2018-01-03 02:00:00,52.402551,-0.949527,156.577,18.09478759765625,254.36718749999997,259.1167297363281,Kelmarsh 2,741.0556640625
2018-01-03 03:00:00,52.402551,-0.949527,156.577,14.298423767089844,252.03567504882807,247.68652343749997,Kelmarsh 2,965.0192260742188
2018-01-03 04:00:00,52.402551,-0.949527,156.577,12.701103210449219,247.64126586914062,252.680908203125,Kelmarsh 2,1061.500244140625
2018-01-03 05:00:00,52.402551,-0.949527,156.577,14.084311485290527,257.6000061035156,260.3638610839844,Kelmarsh 2,911.1990356445312
2018-01-03 06:00:00,52.402551,-0.949527,156.577,13.16670036315918,262.441650390625,265.8516845703125,Kelmarsh 2,1120.9849853515625
2018-01-03 07:00:00,52.402551,-0.949527,156.577,15.265708923339844,264.7424621582031,265.8516845703125,Kelmarsh 2,1151.6114501953125
2018-01-03 08:00:00,52.402551,-0.949527,156.577,14.564275741577148,262.4400634765625,264.7541198730468,Kelmarsh 2,1144.683837890625
2018-01-03 09:00:00,52.402551,-0.949527,156.577,12.995001792907715,256.925537109375,261.4670715332031,Kelmarsh 2,962.2384033203125
2018-01-03 10:00:00,52.402551,-0.949527,156.577,11.734257698059082,262.4520263671875,268.04681396484375,Kelmarsh 2,963.079833984375
2018-01-03 11:00:00,52.402551,-0.949527,156.577,11.99462890625,263.100830078125,267.4966735839844,Kelmarsh 2,872.2265014648438
2018-01-03 12:00:00,52.402551,-0.949527,156.577,11.494735717773438,260.2408447265625,260.3879699707031,Kelmarsh 2,965.653564453125
2018-01-03 13:00:00,52.402551,-0.949527,156.577,12.443010330200195,265.856201171875,271.563720703125,Kelmarsh 2,1075.666015625
2018-01-03 14:00:00,52.402551,-0.949527,156.577,9.024797439575195,265.3739929199219,265.74374389648426,Kelmarsh 2,1055.945068359375
2018-01-03 15:00:00,52.402551,-0.949527,156.577,16.10799217224121,264.48327636718744,265.8516845703125,Kelmarsh 2,768.1362915039062
2018-01-03 16:00:00,52.402551,-0.949527,156.577,14.73309326171875,256.50604248046875,261.46142578125,Kelmarsh 2,815.823486328125
2018-01-03 17:00:00,52.402551,-0.949527,156.577,13.309483528137207,255.3547821044922,261.46142578125,Kelmarsh 2,803.2352905273438
2018-01-03 18:00:00,52.402551,-0.949527,156.577,12.989274978637695,247.41566467285156,248.29064941406244,Kelmarsh 2,746.7511596679688
2018-01-03 19:00:00,52.402551,-0.949527,156.577,12.907520294189453,243.75411987304685,248.29064941406244,Kelmarsh 2,598.7052001953125
2018-01-03 20:00:00,52.402551,-0.949527,156.577,12.368675231933594,249.31718444824216,248.29064941406244,Kelmarsh 2,701.231689453125
2018-01-03 21:00:00,52.402551,-0.949527,156.577,12.463713645935059,245.79293823242185,248.29064941406244,Kelmarsh 2,759.5133056640625
2018-01-03 22:00:00,52.402551,-0.949527,156.577,11.443255424499512,244.17111206054682,248.29064941406244,Kelmarsh 2,895.3722534179688
2018-01-03 23:00:00,52.402551,-0.949527,156.577,10.010034561157227,251.43765258789062,248.29064941406244,Kelmarsh 2,861.4459228515625
2018-01-04 00:00:00,52.402551,-0.949527,156.577,10.15636157989502,239.63517761230466,248.29064941406244,Kelmarsh 2,942.6182861328125
2018-01-04 01:00:00,52.402551,-0.949527,156.577,8.517822265625,245.00303649902344,237.31500244140625,Kelmarsh 2,1100.12109375
2018-01-04 02:00:00,52.402551,-0.949527,156.577,8.92525863647461,235.47036743164062,239.5101318359375,Kelmarsh 2,778.6030883789062
2018-01-04 03:00:00,52.402551,-0.949527,156.577,7.1034770011901855,229.6892242431641,226.33935546875,Kelmarsh 2,572.443603515625
2018-01-04 04:00:00,52.402551,-0.949527,156.577,4.7502031326293945,206.96156311035156,202.22901916503898,Kelmarsh 2,700.3433227539062
2018-01-04 05:00:00,52.402551,-0.949527,156.577,6.608598709106445,224.9635009765625,218.71127319335935,Kelmarsh 2,561.798095703125
2018-01-04 06:00:00,52.402551,-0.949527,156.577,5.908390998840332,196.36242675781247,201.0953674316406,Kelmarsh 2,352.4261474609375
2018-01-04 07:00:00,52.402551,-0.949527,156.577,3.463245153427124,170.79226684570312,172.6548309326172,Kelmarsh 2,505.7764892578125
2018-01-04 08:00:00,52.402551,-0.949527,156.577,4.772281169891357,159.71450805664062,164.875732421875,Kelmarsh 2,505.03167724609375
2018-01-04 09:00:00,52.402551,-0.949527,156.577,8.338480949401855,159.16445922851562,164.875732421875,Kelmarsh 2,539.8585815429688
2018-01-04 10:00:00,52.402551,-0.949527,156.577,6.5579023361206055,206.27383422851562,203.29049682617188,Kelmarsh 2,661.831298828125
2018-01-04 11:00:00,52.402551,-0.949527,156.577,8.284759521484375,216.95135498046872,215.36370849609366,Kelmarsh 2,387.11865234375
2018-01-04 12:00:00,52.402551,-0.949527,156.577,12.5960054397583,238.91070556640628,235.11987304687494,Kelmarsh 2,606.2531127929688
2018-01-04 13:00:00,52.402551,-0.949527,156.577,15.34196662902832,239.9564666748047,236.05221557617182,Kelmarsh 2,735.4261474609375
2018-01-04 14:00:00,52.402551,-0.949527,156.577,13.624836921691895,245.02561950683585,244.99795532226554,Kelmarsh 2,1125.71533203125
2018-01-04 15:00:00,52.402551,-0.949527,156.577,17.30463981628418,265.17694091796875,260.1202087402344,Kelmarsh 2,1025.2091064453125
2018-01-04 16:00:00,52.402551,-0.949527,156.577,15.551986694335938,272.1473693847656,269.9675598144531,Kelmarsh 2,776.410400390625
2018-01-04 17:00:00,52.402551,-0.949527,156.577,13.872724533081055,269.5244140625,269.1443786621094,Kelmarsh 2,951.31005859375
2018-01-04 18:00:00,52.402551,-0.949527,156.577,13.347328186035156,260.0211486816406,260.3638610839844,Kelmarsh 2,1238.6904296875
2018-01-04 19:00:00,52.402551,-0.949527,156.577,12.37238883972168,252.07080078124994,250.82708740234375,Kelmarsh 2,1289.8023681640625
2018-01-04 20:00:00,52.402551,-0.949527,156.577,12.860273361206055,253.94447326660156,248.29064941406244,Kelmarsh 2,1237.2808837890625
2018-01-04 21:00:00,52.402551,-0.949527,156.577,11.251531600952148,237.41421508789062,237.31500244140625,Kelmarsh 2,1050.59912109375
2018-01-04 22:00:00,52.402551,-0.949527,156.577,7.104410171508789,251.16424560546872,247.19308471679685,Kelmarsh 2,1339.8302001953125
2018-01-04 23:00:00,52.402551,-0.949527,156.577,7.869203090667725,235.46737670898438,232.9247436523437,Kelmarsh 2,1603.216552734375
2018-01-05 00:00:00,52.402551,-0.949527,156.577,7.780989646911621,247.8606414794922,248.29064941406244,Kelmarsh 2,1936.92578125
2018-01-05 01:00:00,52.402551,-0.949527,156.577,7.9278411865234375,240.5023651123047,248.29064941406244,Kelmarsh 2,1810.506591796875
2018-01-05 02:00:00,52.402551,-0.949527,156.577,6.5901336669921875,241.23905944824222,234.02230834960938,Kelmarsh 2,1689.1256103515625
2018-01-05 03:00:00,52.402551,-0.949527,156.577,6.609257698059082,221.90591430664057,224.14422607421875,Kelmarsh 2,1682.9814453125
2018-01-05 04:00:00,52.402551,-0.949527,156.577,4.480082988739014,225.1122894287109,236.33004760742182,Kelmarsh 2,1673.75390625
2018-01-05 05:00:00,52.402551,-0.949527,156.577,3.815185070037842,201.99484252929682,204.3880615234375,Kelmarsh 2,1768.1146240234375
2018-01-05 06:00:00,52.402551,-0.949527,156.577,5.521066188812256,195.38319396972648,204.3880615234375,Kelmarsh 2,1931.730712890625
2018-01-05 07:00:00,52.402551,-0.949527,156.577,6.84713888168335,189.26705932617188,190.11972045898435,Kelmarsh 2,1882.7022705078125
2018-01-05 08:00:00,52.402551,-0.949527,156.577,5.982818603515625,200.02479553222656,206.58319091796866,Kelmarsh 2,1884.52001953125
2018-01-05 09:00:00,52.402551,-0.949527,156.577,5.4451117515563965,188.91716003417966,206.58319091796866,Kelmarsh 2,1772.1097412109375
2018-01-05 10:00:00,52.402551,-0.949527,156.577,6.70664119720459,194.48890686035156,186.82702636718747,Kelmarsh 2,1818.5474853515625
2018-01-05 11:00:00,52.402551,-0.949527,156.577,10.309667587280273,199.3175659179687,199.99780273437497,Kelmarsh 2,1997.1280517578125
2018-01-05 12:00:00,52.402551,-0.949527,156.577,10.236237525939941,208.09782409667963,199.99780273437497,Kelmarsh 2,2007.07421875
2018-01-05 13:00:00,52.402551,-0.949527,156.577,11.607996940612793,245.94039916992185,240.60769653320312,Kelmarsh 2,2046.885986328125
2018-01-05 14:00:00,52.402551,-0.949527,156.577,13.259720802307129,272.7068176269531,273.5346374511719,Kelmarsh 2,2051.51708984375
2018-01-05 15:00:00,52.402551,-0.949527,156.577,8.708827018737793,271.2009582519531,272.43707275390625,Kelmarsh 2,2058.082763671875
2018-01-05 16:00:00,52.402551,-0.949527,156.577,7.2757086753845215,280.189453125,272.43707275390625,Kelmarsh 2,2060.737548828125
2018-01-05 17:00:00,52.402551,-0.949527,156.577,6.436572551727295,270.66955566406244,272.43707275390625,Kelmarsh 2,2045.107666015625
2018-01-05 18:00:00,52.402551,-0.949527,156.577,7.597507953643799,276.9083557128906,272.43707275390625,Kelmarsh 2,2057.21630859375
2018-01-05 19:00:00,52.402551,-0.949527,156.577,6.28781270980835,271.7049255371094,266.9492492675781,Kelmarsh 2,2052.06396484375
2018-01-05 20:00:00,52.402551,-0.949527,156.577,5.388570785522461,280.6935729980469,287.802978515625,Kelmarsh 2,2025.8092041015625
2018-01-05 21:00:00,52.402551,-0.949527,156.577,4.919682025909424,284.8736267089844,287.802978515625,Kelmarsh 2,1924.9708251953125
2018-01-05 22:00:00,52.402551,-0.949527,156.577,4.977856636047363,295.6561584472656,287.802978515625,Kelmarsh 2,2040.6158447265625
2018-01-05 23:00:00,52.402551,-0.949527,156.577,4.36767053604126,303.7813720703125,287.802978515625,Kelmarsh 2,2015.8236083984375
2018-01-06 00:00:00,52.402551,-0.949527,156.577,4.190068244934082,334.6365051269531,326.2177429199218,Kelmarsh 2,1988.1929931640625
2018-01-06 01:00:00,52.402551,-0.949527,156.577,3.6393892765045166,357.8144836425781,348.1690368652343,Kelmarsh 2,1973.7774658203125
2018-01-06 02:00:00,52.402551,-0.949527,156.577,2.9691901206970215,355.42782592773443,348.1690368652343,Kelmarsh 2,2050.453125
2018-01-06 03:00:00,52.402551,-0.949527,156.577,3.3360965251922607,10.364612579345703,10.120285987854004,Kelmarsh 2,2056.578125
2018-01-06 04:00:00,52.402551,-0.949527,156.577,3.7826361656188965,45.126277923583984,43.0471076965332,Kelmarsh 2,2056.276123046875
2018-01-06 05:00:00,52.402551,-0.949527,156.577,4.928628921508789,34.75764465332031,43.0471076965332,Kelmarsh 2,2050.02197265625
2018-01-06 06:00:00,52.402551,-0.949527,156.577,5.232125759124756,22.461162567138672,15.608086585998535,Kelmarsh 2,2052.866455078125
2018-01-06 07:00:00,52.402551,-0.949527,156.577,4.725647926330566,28.437942504882812,43.0471076965332,Kelmarsh 2,2061.138916015625
2018-01-06 08:00:00,52.402551,-0.949527,156.577,4.651472091674805,25.863243103027344,33.16905975341797,Kelmarsh 2,2027.27587890625
2018-01-06 09:00:00,52.402551,-0.949527,156.577,6.79813289642334,23.121776580810547,31.37702178955078,Kelmarsh 2,1942.973876953125
2018-01-06 10:00:00,52.402551,-0.949527,156.577,5.787738800048828,24.61195945739746,35.36418151855469,Kelmarsh 2,1924.908935546875
2018-01-06 11:00:00,52.402551,-0.949527,156.577,7.52880859375,37.65496826171875,27.241378784179688,Kelmarsh 2,1530.8624267578125
2018-01-06 12:00:00,52.402551,-0.949527,156.577,8.974363327026367,38.83371353149414,44.14466857910156,Kelmarsh 2,1192.42724609375
2018-01-06 13:00:00,52.402551,-0.949527,156.577,8.07190990447998,37.741703033447266,42.9275016784668,Kelmarsh 2,1462.6240234375
2018-01-06 14:00:00,52.402551,-0.949527,156.577,8.868953704833984,34.250911712646484,34.26662063598633,Kelmarsh 2,1997.261474609375
2018-01-06 15:00:00,52.402551,-0.949527,156.577,9.40502643585205,34.60103988647461,24.388572692871094,Kelmarsh 2,2039.413330078125
2018-01-06 16:00:00,52.402551,-0.949527,156.577,9.488537788391113,42.93625259399414,42.36919021606445,Kelmarsh 2,2055.549072265625
2018-01-06 17:00:00,52.402551,-0.949527,156.577,9.624543190002441,39.553707122802734,37.38909149169922,Kelmarsh 2,2035.5521240234375
2018-01-06 18:00:00,52.402551,-0.949527,156.577,6.9109206199646,32.2703857421875,35.36418151855469,Kelmarsh 2,1824.9493408203125
2018-01-06 19:00:00,52.402551,-0.949527,156.577,8.678699493408203,24.459712982177734,17.803207397460938,Kelmarsh 2,1665.6298828125
2018-01-06 20:00:00,52.402551,-0.949527,156.577,9.166243553161621,24.51675033569336,17.803207397460938,Kelmarsh 2,1789.185546875
2018-01-06 21:00:00,52.402551,-0.949527,156.577,8.896492958068848,31.039274215698242,30.97393798828125,Kelmarsh 2,1850.9521484375
2018-01-06 22:00:00,52.402551,-0.949527,156.577,7.9010419845581055,36.997962951660156,30.97393798828125,Kelmarsh 2,1391.603759765625
2018-01-06 23:00:00,52.402551,-0.949527,156.577,7.909785270690918,30.9340877532959,30.97393798828125,Kelmarsh 2,1463.725830078125
2018-01-07 00:00:00,52.402551,-0.949527,156.577,8.82801628112793,27.160320281982422,30.97393798828125,Kelmarsh 2,1383.3148193359375
2018-01-07 01:00:00,52.402551,-0.949527,156.577,9.490363121032715,36.76987838745117,30.97393798828125,Kelmarsh 2,1531.7342529296875
2018-01-07 02:00:00,52.402551,-0.949527,156.577,9.370635032653809,36.196144104003906,30.97393798828125,Kelmarsh 2,1510.0076904296875
2018-01-07 03:00:00,52.402551,-0.949527,156.577,8.915223121643066,33.93159103393555,30.97393798828125,Kelmarsh 2,1345.6607666015625
2018-01-07 04:00:00,52.402551,-0.949527,156.577,9.388343811035156,24.884737014770508,30.97393798828125,Kelmarsh 2,1355.3699951171875
2018-01-07 05:00:00,52.402551,-0.949527,156.577,10.322372436523438,28.793188095092773,28.77881622314453,Kelmarsh 2,1337.194091796875
2018-01-07 06:00:00,52.402551,-0.949527,156.577,10.17203426361084,35.635868072509766,40.3092041015625,Kelmarsh 2,1568.681396484375
2018-01-07 07:00:00,52.402551,-0.949527,156.577,9.755212783813477,43.51148986816406,44.14466857910156,Kelmarsh 2,1695.840087890625
2018-01-07 08:00:00,52.402551,-0.949527,156.577,10.41382884979248,44.42992401123047,44.14466857910156,Kelmarsh 2,1923.78857421875
2018-01-07 09:00:00,52.402551,-0.949527,156.577,8.098268508911133,50.416786193847656,44.14466857910156,Kelmarsh 2,1914.643798828125
2018-01-07 10:00:00,52.402551,-0.949527,156.577,8.001354217529297,62.5327262878418,58.79641342163086,Kelmarsh 2,2046.9835205078125
2018-01-07 11:00:00,52.402551,-0.949527,156.577,9.030681610107422,60.07310104370117,59.51051330566406,Kelmarsh 2,2027.44189453125
2018-01-07 12:00:00,52.402551,-0.949527,156.577,9.418099403381348,60.45155334472656,58.41295623779297,Kelmarsh 2,2055.355224609375
2018-01-07 13:00:00,52.402551,-0.949527,156.577,9.539127349853516,49.852909088134766,58.41295623779297,Kelmarsh 2,2055.965087890625
2018-01-07 14:00:00,52.402551,-0.949527,156.577,9.28732681274414,53.689762115478516,56.217838287353516,Kelmarsh 2,2036.0477294921875
2018-01-07 15:00:00,52.402551,-0.949527,156.577,8.855786323547363,49.624610900878906,56.217838287353516,Kelmarsh 2,1844.1292724609375
2018-01-07 16:00:00,52.402551,-0.949527,156.577,8.060327529907227,51.1510124206543,51.82759094238281,Kelmarsh 2,1757.82763671875
2018-01-07 17:00:00,52.402551,-0.949527,156.577,7.602687358856201,55.34321594238281,56.217838287353516,Kelmarsh 2,1629.917724609375
2018-01-07 18:00:00,52.402551,-0.949527,156.577,7.723956108093262,59.376407623291016,58.886573791503906,Kelmarsh 2,1834.2685546875
2018-01-07 19:00:00,52.402551,-0.949527,156.577,9.26130199432373,51.40925598144531,61.70564270019531,Kelmarsh 2,1862.4818115234375
2018-01-07 20:00:00,52.402551,-0.949527,156.577,10.16828441619873,55.06622314453125,61.70564270019531,Kelmarsh 2,2007.16650390625
2018-01-07 21:00:00,52.402551,-0.949527,156.577,8.945572853088379,58.431800842285156,61.70564270019531,Kelmarsh 2,2034.4849853515625
2018-01-07 22:00:00,52.402551,-0.949527,156.577,7.188446521759033,59.061317443847656,68.2909927368164,Kelmarsh 2,1873.478515625
2018-01-07 23:00:00,52.402551,-0.949527,156.577,7.270640850067139,58.88467025756836,59.51051330566406,Kelmarsh 2,1617.056884765625
2018-01-08 00:00:00,52.402551,-0.949527,156.577,6.584069728851318,56.684993743896484,62.803199768066406,Kelmarsh 2,1320.4293212890625
2018-01-08 01:00:00,52.402551,-0.949527,156.577,7.967087745666504,56.083988189697266,63.681129455566406,Kelmarsh 2,1397.4598388671875
2018-01-08 02:00:00,52.402551,-0.949527,156.577,5.9508843421936035,59.74349594116211,66.09587860107422,Kelmarsh 2,1046.0506591796875
2018-01-08 03:00:00,52.402551,-0.949527,156.577,6.460128307342529,63.941253662109375,62.803199768066406,Kelmarsh 2,830.0682983398438
2018-01-08 04:00:00,52.402551,-0.949527,156.577,5.96809196472168,70.12593078613281,71.58366394042969,Kelmarsh 2,538.0595703125
2018-01-08 05:00:00,52.402551,-0.949527,156.577,7.677568435668945,56.14793395996094,63.900760650634766,Kelmarsh 2,384.20709228515625
2018-01-08 06:00:00,52.402551,-0.949527,156.577,7.393821716308594,59.96102523803711,57.31539535522461,Kelmarsh 2,340.84954833984375
2018-01-08 07:00:00,52.402551,-0.949527,156.577,4.911607265472412,65.54754638671875,63.900760650634766,Kelmarsh 2,368.6177978515625
2018-01-08 08:00:00,52.402551,-0.949527,156.577,6.343035697937012,71.44115447998047,72.68122100830078,Kelmarsh 2,606.0162353515625
2018-01-08 09:00:00,52.402551,-0.949527,156.577,6.418696403503418,77.99549102783203,72.68122100830078,Kelmarsh 2,884.941650390625
2018-01-08 10:00:00,52.402551,-0.949527,156.577,6.858516693115234,82.34626770019531,80.36412048339844,Kelmarsh 2,1144.2806396484375
2018-01-08 11:00:00,52.402551,-0.949527,156.577,4.151064395904541,74.54907989501953,80.36412048339844,Kelmarsh 2,747.0056762695312
2018-01-08 12:00:00,52.402551,-0.949527,156.577,3.906466484069824,70.02693176269531,80.36412048339844,Kelmarsh 2,1023.5126342773438
2018-01-08 13:00:00,52.402551,-0.949527,156.577,3.620492458343506,66.83280181884766,80.36412048339844,Kelmarsh 2,1606.6866455078125
2018-01-08 14:00:00,52.402551,-0.949527,156.577,3.281745433807373,67.7748794555664,61.70564270019531,Kelmarsh 2,1251.556640625
2018-01-08 15:00:00,52.402551,-0.949527,156.577,4.1357502937316895,81.4925308227539,61.70564270019531,Kelmarsh 2,1217.6639404296875
2018-01-08 16:00:00,52.402551,-0.949527,156.577,3.76164174079895,68.73455047607422,61.70564270019531,Kelmarsh 2,839.593505859375
2018-01-08 17:00:00,52.402551,-0.949527,156.577,4.734762191772461,81.41781616210938,61.70564270019531,Kelmarsh 2,645.12744140625
2018-01-08 18:00:00,52.402551,-0.949527,156.577,5.617368221282959,80.19322204589844,81.46167755126953,Kelmarsh 2,978.8532104492188
2018-01-08 19:00:00,52.402551,-0.949527,156.577,5.859129905700684,85.39816284179688,81.46167755126953,Kelmarsh 2,797.064453125
2018-01-08 20:00:00,52.402551,-0.949527,156.577,4.819983005523682,84.9273452758789,81.46167755126953,Kelmarsh 2,666.9244384765625
2018-01-08 21:00:00,52.402551,-0.949527,156.577,5.603816032409668,99.05133056640625,102.31526184082031,Kelmarsh 2,507.06500244140625
2018-01-08 22:00:00,52.402551,-0.949527,156.577,5.3822407722473145,108.28280639648438,102.31526184082031,Kelmarsh 2,350.15167236328125
2018-01-08 23:00:00,52.402551,-0.949527,156.577,6.18469762802124,102.1469955444336,111.09571838378906,Kelmarsh 2,519.2993774414062
2018-01-09 00:00:00,52.402551,-0.949527,156.577,6.676325798034668,112.45427703857422,111.09571838378906,Kelmarsh 2,970.5562133789062
2018-01-09 01:00:00,52.402551,-0.949527,156.577,5.487583160400391,114.11072540283203,111.09571838378906,Kelmarsh 2,1196.80322265625
2018-01-09 02:00:00,52.402551,-0.949527,156.577,5.254178047180176,110.93418884277344,111.09571838378906,Kelmarsh 2,1626.5970458984375
2018-01-09 03:00:00,52.402551,-0.949527,156.577,6.484927654266357,112.16370391845703,111.09571838378906,Kelmarsh 2,1534.6676025390625
2018-01-09 04:00:00,52.402551,-0.949527,156.577,3.7207300662994385,103.50769805908203,111.09571838378906,Kelmarsh 2,1716.64794921875
2018-01-09 05:00:00,52.402551,-0.949527,156.577,5.092906951904297,111.86325073242188,111.09571838378906,Kelmarsh 2,1542.7784423828125
2018-01-09 06:00:00,52.402551,-0.949527,156.577,5.882555961608887,117.31729125976562,111.09571838378906,Kelmarsh 2,1088.9051513671875
2018-01-09 07:00:00,52.402551,-0.949527,156.577,3.8130412101745605,131.15310668945312,111.09571838378906,Kelmarsh 2,862.8411254882812
2018-01-09 08:00:00,52.402551,-0.949527,156.577,4.484409809112549,125.79151153564453,111.09571838378906,Kelmarsh 2,917.2354125976562
2018-01-09 09:00:00,52.402551,-0.949527,156.577,2.6619064807891846,130.21224975585938,111.09571838378906,Kelmarsh 2,985.9774780273438
2018-01-09 10:00:00,52.402551,-0.949527,156.577,2.8908934593200684,134.75421142578125,131.94932556152344,Kelmarsh 2,656.3006591796875
2018-01-09 11:00:00,52.402551,-0.949527,156.577,3.1836137771606445,155.1249542236328,164.8762664794922,Kelmarsh 2,881.3269653320312
2018-01-09 12:00:00,52.402551,-0.949527,156.577,3.184793472290039,163.2682647705078,164.8762664794922,Kelmarsh 2,700.6539306640625
2018-01-09 13:00:00,52.402551,-0.949527,156.577,4.628974437713623,216.19061279296875,212.07154846191406,Kelmarsh 2,1108.2884521484375
2018-01-09 14:00:00,52.402551,-0.949527,156.577,1.699199914932251,157.11337280273438,139.6322784423828,Kelmarsh 2,1068.068603515625
2018-01-09 15:00:00,52.402551,-0.949527,156.577,2.047729015350342,152.1122589111328,139.6322784423828,Kelmarsh 2,1075.3011474609375
2018-01-09 16:00:00,52.402551,-0.949527,156.577,2.5808253288269043,158.2522735595703,139.6322784423828,Kelmarsh 2,1009.4091796875
2018-01-09 17:00:00,52.402551,-0.949527,156.577,2.6219043731689453,137.26516723632812,139.6322784423828,Kelmarsh 2,911.5745849609375
2018-01-09 18:00:00,52.402551,-0.949527,156.577,2.8161978721618652,147.11712646484375,139.6322784423828,Kelmarsh 2,640.4782104492188
2018-01-09 19:00:00,52.402551,-0.949527,156.577,3.7150871753692627,131.150634765625,139.6322784423828,Kelmarsh 2,928.7805786132812
2018-01-09 20:00:00,52.402551,-0.949527,156.577,3.0937445163726807,150.06861877441406,139.6322784423828,Kelmarsh 2,1206.1160888671875
2018-01-09 21:00:00,52.402551,-0.949527,156.577,5.9855780601501465,159.172607421875,157.1933135986328,Kelmarsh 2,1316.7330322265625
2018-01-09 22:00:00,52.402551,-0.949527,156.577,3.7310879230499268,150.9663848876953,157.1933135986328,Kelmarsh 2,1093.0875244140625
2018-01-09 23:00:00,52.402551,-0.949527,156.577,4.289187908172607,151.8982696533203,157.1933135986328,Kelmarsh 2,1177.6953125
2018-01-10 00:00:00,52.402551,-0.949527,156.577,4.374204635620117,149.1439666748047,157.1933135986328,Kelmarsh 2,1482.7313232421875
2018-01-10 01:00:00,52.402551,-0.949527,156.577,3.767993688583374,148.44239807128906,157.1933135986328,Kelmarsh 2,1209.4527587890625
2018-01-10 02:00:00,52.402551,-0.949527,156.577,3.28934907913208,150.856201171875,157.1933135986328,Kelmarsh 2,1317.004638671875
2018-01-10 03:00:00,52.402551,-0.949527,156.577,3.2343790531158447,142.9325408935547,157.1933135986328,Kelmarsh 2,1215.3221435546875
2018-01-10 04:00:00,52.402551,-0.949527,156.577,3.487154483795166,144.16941833496094,157.1933135986328,Kelmarsh 2,995.4732666015625
2018-01-10 05:00:00,52.402551,-0.949527,156.577,4.708506107330322,162.63336181640625,157.1933135986328,Kelmarsh 2,1273.2965087890625
2018-01-10 06:00:00,52.402551,-0.949527,156.577,4.276749610900879,233.4890899658203,243.09664916992185,Kelmarsh 2,965.08642578125
2018-01-10 07:00:00,52.402551,-0.949527,156.577,4.965473175048828,276.5836486816406,266.94976806640625,Kelmarsh 2,1109.54443359375
2018-01-10 08:00:00,52.402551,-0.949527,156.577,6.779358386993408,271.4324645996093,272.4375915527344,Kelmarsh 2,1677.522216796875
2018-01-10 09:00:00,52.402551,-0.949527,156.577,6.50942850112915,268.28875732421875,272.4375915527344,Kelmarsh 2,1588.306884765625
2018-01-10 10:00:00,52.402551,-0.949527,156.577,6.305798053741455,265.8139343261719,272.4375915527344,Kelmarsh 2,1571.4974365234375
2018-01-10 11:00:00,52.402551,-0.949527,156.577,5.829328536987305,280.3597717285156,272.4375915527344,Kelmarsh 2,1845.911865234375
2018-01-10 12:00:00,52.402551,-0.949527,156.577,4.790555953979492,279.9993591308594,272.4375915527344,Kelmarsh 2,1828.0235595703125
2018-01-10 13:00:00,52.402551,-0.949527,156.577,3.6899356842041016,293.3784484863281,272.4375915527344,Kelmarsh 2,1887.9532470703125
2018-01-10 14:00:00,52.402551,-0.949527,156.577,4.16378116607666,276.7435607910156,285.6083679199219,Kelmarsh 2,1844.9862060546875
2018-01-10 15:00:00,52.402551,-0.949527,156.577,4.169401168823242,264.4398193359375,263.6570739746094,Kelmarsh 2,2006.58544921875
2018-01-10 16:00:00,52.402551,-0.949527,156.577,5.860268592834473,271.1730041503906,283.4132385253906,Kelmarsh 2,1868.5224609375
2018-01-10 17:00:00,52.402551,-0.949527,156.577,4.473659515380859,283.0191955566406,283.4132385253906,Kelmarsh 2,2054.6904296875
2018-01-10 18:00:00,52.402551,-0.949527,156.577,3.6855313777923584,311.4271240234375,300.9742736816406,Kelmarsh 2,1841.3160400390625
2018-01-10 19:00:00,52.402551,-0.949527,156.577,4.81696081161499,309.5982971191406,300.9742736816406,Kelmarsh 2,1857.563232421875
2018-01-10 20:00:00,52.402551,-0.949527,156.577,4.814667224884033,315.0760192871094,324.02313232421875,Kelmarsh 2,1815.0880126953125
2018-01-10 21:00:00,52.402551,-0.949527,156.577,4.648289680480957,308.8949890136719,298.7791442871093,Kelmarsh 2,1823.1705322265625
2018-01-10 22:00:00,52.402551,-0.949527,156.577,4.743709564208984,343.2172241210937,339.489990234375,Kelmarsh 2,1613.590087890625
2018-01-10 23:00:00,52.402551,-0.949527,156.577,4.355238914489746,4.574437141418457,6.828127384185791,Kelmarsh 2,1415.264892578125
2018-01-11 00:00:00,52.402551,-0.949527,156.577,6.230561256408691,351.03607177734375,348.16955566406244,Kelmarsh 2,1518.820556640625
2018-01-11 01:00:00,52.402551,-0.949527,156.577,5.810891151428223,342.2775573730469,348.16955566406244,Kelmarsh 2,1570.5830078125
2018-01-11 02:00:00,52.402551,-0.949527,156.577,5.390422344207764,337.9491271972656,348.16955566406244,Kelmarsh 2,1775.937744140625
2018-01-11 03:00:00,52.402551,-0.949527,156.577,5.885751247406006,332.7337341308594,348.16955566406244,Kelmarsh 2,1928.1832275390625
2018-01-11 04:00:00,52.402551,-0.949527,156.577,4.870212078094482,339.5098571777344,348.16955566406244,Kelmarsh 2,1904.482666015625
2018-01-11 05:00:00,52.402551,-0.949527,156.577,5.283539295196533,337.4933776855469,348.16955566406244,Kelmarsh 2,1944.75
2018-01-11 06:00:00,52.402551,-0.949527,156.577,5.659822940826416,346.6377868652344,348.16955566406244,Kelmarsh 2,1900.089599609375
2018-01-11 07:00:00,52.402551,-0.949527,156.577,5.335231781005859,341.5257873535156,348.16955566406244,Kelmarsh 2,1827.352294921875
2018-01-11 08:00:00,52.402551,-0.949527,156.577,4.6805806159973145,343.4607238769531,348.16955566406244,Kelmarsh 2,1714.8359375
2018-01-11 09:00:00,52.402551,-0.949527,156.577,5.372222423553467,332.2005920410156,348.16955566406244,Kelmarsh 2,1917.1785888671875
2018-01-11 10:00:00,52.402551,-0.949527,156.577,4.988768577575684,334.0132141113281,321.8280029296875,Kelmarsh 2,1834.8741455078125
2018-01-11 11:00:00,52.402551,-0.949527,156.577,5.921612739562988,324.27008056640625,336.0963439941406,Kelmarsh 2,1797.3768310546875
2018-01-11 12:00:00,52.402551,-0.949527,156.577,5.610852241516113,337.8750305175781,336.0963439941406,Kelmarsh 2,1681.4063720703125
2018-01-11 13:00:00,52.402551,-0.949527,156.577,5.279382228851318,335.7816162109375,336.0963439941406,Kelmarsh 2,1723.444580078125
2018-01-11 14:00:00,52.402551,-0.949527,156.577,4.578222751617432,333.5244445800781,336.0963439941406,Kelmarsh 2,1658.23291015625
2018-01-11 15:00:00,52.402551,-0.949527,156.577,4.576370716094971,301.124755859375,302.07183837890625,Kelmarsh 2,1252.227294921875
2018-01-11 16:00:00,52.402551,-0.949527,156.577,4.917707920074463,318.7555847167969,324.02313232421875,Kelmarsh 2,1384.1785888671875
2018-01-11 17:00:00,52.402551,-0.949527,156.577,4.882403373718262,324.6871032714843,324.02313232421875,Kelmarsh 2,2013.4952392578125
2018-01-11 18:00:00,52.402551,-0.949527,156.577,4.614227294921875,339.9370422363282,324.02313232421875,Kelmarsh 2,2039.8387451171875
2018-01-11 19:00:00,52.402551,-0.949527,156.577,4.481991767883301,358.13342285156244,355.75045776367176,Kelmarsh 2,2030.0518798828125
2018-01-11 20:00:00,52.402551,-0.949527,156.577,4.581063747406006,326.05780029296875,333.90121459960943,Kelmarsh 2,2057.025146484375
2018-01-11 21:00:00,52.402551,-0.949527,156.577,4.351417541503906,330.6673583984374,333.90121459960943,Kelmarsh 2,1973.2913818359375
2018-01-11 22:00:00,52.402551,-0.949527,156.577,4.295944690704346,336.1561584472656,333.90121459960943,Kelmarsh 2,2033.1090087890625
2018-01-11 23:00:00,52.402551,-0.949527,156.577,4.220665454864502,347.54803466796864,333.90121459960943,Kelmarsh 2,1977.204345703125
2018-01-12 00:00:00,52.402551,-0.949527,156.577,3.084411859512329,23.877805709838867,17.803728103637695,Kelmarsh 2,2048.434326171875
2018-01-12 01:00:00,52.402551,-0.949527,156.577,3.490840196609497,40.446041107177734,30.328659057617188,Kelmarsh 2,2048.16259765625
2018-01-12 02:00:00,52.402551,-0.949527,156.577,2.566751480102539,37.84344482421875,40.85250473022461,Kelmarsh 2,2043.73486328125
2018-01-12 03:00:00,52.402551,-0.949527,156.577,1.9401071071624756,13.012214660644531,40.85250473022461,Kelmarsh 2,2057.48876953125
2018-01-12 04:00:00,52.402551,-0.949527,156.577,1.7698814868927002,11.238606452941895,21.659618377685547,Kelmarsh 2,2057.65478515625
2018-01-12 05:00:00,52.402551,-0.949527,156.577,1.7146110534667969,57.710792541503906,359.1452026367187,Kelmarsh 2,2045.5660400390625
2018-01-12 06:00:00,52.402551,-0.949527,156.577,2.1915736198425293,93.45238494873047,97.92555236816406,Kelmarsh 2,2034.9881591796875
2018-01-12 07:00:00,52.402551,-0.949527,156.577,0.9815607070922852,109.26589965820312,97.92555236816406,Kelmarsh 2,2025.1124267578125
2018-01-12 08:00:00,52.402551,-0.949527,156.577,3.251444101333618,127.83715057373047,117.68157196044922,Kelmarsh 2,2042.143310546875
2018-01-12 09:00:00,52.402551,-0.949527,156.577,2.742706775665283,123.2987060546875,117.68157196044922,Kelmarsh 2,2031.9560546875
2018-01-12 10:00:00,52.402551,-0.949527,156.577,3.0872931480407715,167.27174377441406,163.7792205810547,Kelmarsh 2,1934.592041015625
2018-01-12 11:00:00,52.402551,-0.949527,156.577,2.443774938583374,151.77883911132812,148.41331481933594,Kelmarsh 2,1621.269775390625
2018-01-12 12:00:00,52.402551,-0.949527,156.577,2.7320263385772705,156.35264587402344,169.2670440673828,Kelmarsh 2,1826.4981689453125
2018-01-12 13:00:00,52.402551,-0.949527,156.577,1.9796947240829468,153.39666748046875,136.34010314941406,Kelmarsh 2,1814.603515625
2018-01-12 14:00:00,52.402551,-0.949527,156.577,3.0537283420562744,162.694091796875,172.5597381591797,Kelmarsh 2,1982.6580810546875
2018-01-12 15:00:00,52.402551,-0.949527,156.577,3.6353378295898438,159.2407684326172,165.97434997558594,Kelmarsh 2,2014.5533447265625
2018-01-12 16:00:00,52.402551,-0.949527,156.577,2.228347063064575,151.275390625,129.7547149658203,Kelmarsh 2,2042.93310546875
2018-01-12 17:00:00,52.402551,-0.949527,156.577,3.626760244369507,153.4036865234375,161.58409118652344,Kelmarsh 2,2036.31884765625
2018-01-12 18:00:00,52.402551,-0.949527,156.577,4.895483493804932,128.94505310058594,137.4376678466797,Kelmarsh 2,2027.55810546875
2018-01-12 19:00:00,52.402551,-0.949527,156.577,4.737739562988281,126.94402313232422,137.4376678466797,Kelmarsh 2,1924.9158935546875
2018-01-12 20:00:00,52.402551,-0.949527,156.577,4.848065376281738,133.9224853515625,137.4376678466797,Kelmarsh 2,2003.9327392578125
2018-01-12 21:00:00,52.402551,-0.949527,156.577,4.331450462341309,157.45587158203125,137.4376678466797,Kelmarsh 2,2041.8883056640625
2018-01-12 22:00:00,52.402551,-0.949527,156.577,3.0296475887298584,153.56532287597656,137.4376678466797,Kelmarsh 2,2014.434326171875
2018-01-12 23:00:00,52.402551,-0.949527,156.577,6.551407814025879,168.19882202148438,161.58409118652344,Kelmarsh 2,2008.0718994140625
2018-01-13 00:00:00,52.402551,-0.949527,156.577,5.560169219970703,170.72079467773438,161.58409118652344,Kelmarsh 2,2004.014892578125
2018-01-13 01:00:00,52.402551,-0.949527,156.577,7.77681303024292,170.3349151611328,172.5597381591797,Kelmarsh 2,2046.028076171875
2018-01-13 02:00:00,52.402551,-0.949527,156.577,7.362634658813477,162.64060974121094,163.88897705078125,Kelmarsh 2,2057.727294921875
2018-01-13 03:00:00,52.402551,-0.949527,156.577,3.711923360824585,147.55645751953125,164.3280029296875,Kelmarsh 2,2035.107666015625
2018-01-13 04:00:00,52.402551,-0.949527,156.577,5.547682762145996,133.0039825439453,144.1341094970703,Kelmarsh 2,1994.781005859375
2018-01-13 05:00:00,52.402551,-0.949527,156.577,6.654973983764648,129.16421508789062,135.24253845214844,Kelmarsh 2,2031.7197265625
2018-01-13 06:00:00,52.402551,-0.949527,156.577,6.47847318649292,126.24860382080078,135.24253845214844,Kelmarsh 2,1479.1998291015625
2018-01-13 07:00:00,52.402551,-0.949527,156.577,5.001650333404541,132.5923309326172,127.55960083007812,Kelmarsh 2,1938.7152099609375
2018-01-13 08:00:00,52.402551,-0.949527,156.577,4.597654342651367,146.4773406982422,127.55960083007812,Kelmarsh 2,2040.22802734375
2018-01-13 09:00:00,52.402551,-0.949527,156.577,5.093879222869873,136.0222930908203,127.55960083007812,Kelmarsh 2,2029.1192626953125
2018-01-13 10:00:00,52.402551,-0.949527,156.577,7.039626121520996,131.2259979248047,127.55960083007812,Kelmarsh 2,2029.7178955078125
2018-01-13 11:00:00,52.402551,-0.949527,156.577,6.824453353881836,130.21197509765625,131.94984436035156,Kelmarsh 2,2059.638427734375
2018-01-13 12:00:00,52.402551,-0.949527,156.577,6.70762825012207,127.12982177734375,126.46204376220703,Kelmarsh 2,2066.332763671875
2018-01-13 13:00:00,52.402551,-0.949527,156.577,5.705373764038086,135.8182373046875,141.8279266357422,Kelmarsh 2,1598.80029296875
2018-01-13 14:00:00,52.402551,-0.949527,156.577,4.323428630828857,151.33712768554688,153.90113830566406,Kelmarsh 2,-2.6840386390686035
2018-01-13 15:00:00,52.402551,-0.949527,156.577,5.126087188720703,137.99935913085938,126.46204376220703,Kelmarsh 2,107.38282775878906
2018-01-13 16:00:00,52.402551,-0.949527,156.577,6.511598587036133,131.67185974121094,134.1449737548828,Kelmarsh 2,2047.445556640625
2018-01-13 17:00:00,52.402551,-0.949527,156.577,6.438597679138184,122.82218933105469,134.1449737548828,Kelmarsh 2,2053.96435546875
2018-01-13 18:00:00,52.402551,-0.949527,156.577,7.044728755950928,130.07225036621094,134.1449737548828,Kelmarsh 2,2062.75
2018-01-13 19:00:00,52.402551,-0.949527,156.577,4.653605937957764,129.5393829345703,134.1449737548828,Kelmarsh 2,1533.4033203125
2018-01-13 20:00:00,52.402551,-0.949527,156.577,5.345765590667725,121.85724639892578,134.1449737548828,Kelmarsh 2,-3.120441436767578
2018-01-13 21:00:00,52.402551,-0.949527,156.577,5.00974702835083,131.42601013183594,118.77912902832031,Kelmarsh 2,1519.417236328125
2018-01-13 22:00:00,52.402551,-0.949527,156.577,5.567568778991699,119.7803726196289,118.77912902832031,Kelmarsh 2,2023.1842041015625
2018-01-13 23:00:00,52.402551,-0.949527,156.577,6.0981035232543945,117.94751739501953,118.77912902832031,Kelmarsh 2,2048.513671875
2018-01-14 00:00:00,52.402551,-0.949527,156.577,4.238586902618408,132.10964965820312,118.77912902832031,Kelmarsh 2,2044.9935302734375
2018-01-14 01:00:00,52.402551,-0.949527,156.577,4.1045098304748535,131.226806640625,118.77912902832031,Kelmarsh 2,2050.4365234375
2018-01-14 02:00:00,52.402551,-0.949527,156.577,4.361080646514893,110.00856018066406,118.77912902832031,Kelmarsh 2,2017.324462890625
2018-01-14 03:00:00,52.402551,-0.949527,156.577,4.383912563323975,107.09099578857422,118.77912902832031,Kelmarsh 2,1982.064208984375
2018-01-14 04:00:00,52.402551,-0.949527,156.577,5.690638542175293,117.80636596679688,100.12066650390625,Kelmarsh 2,2036.6837158203125
2018-01-14 05:00:00,52.402551,-0.949527,156.577,2.504403591156006,150.6096649169922,124.10285949707031,Kelmarsh 2,2043.7247314453125
2018-01-14 06:00:00,52.402551,-0.949527,156.577,3.528348207473755,130.85887145996094,142.9254913330078,Kelmarsh 2,2025.9320068359375
2018-01-14 07:00:00,52.402551,-0.949527,156.577,2.062612533569336,139.50848388671875,129.7547149658203,Kelmarsh 2,2018.0250244140625
2018-01-14 08:00:00,52.402551,-0.949527,156.577,3.3050689697265625,154.87774658203125,141.8279266357422,Kelmarsh 2,2032.1241455078125
2018-01-14 09:00:00,52.402551,-0.949527,156.577,3.883894443511963,127.919189453125,135.24253845214844,Kelmarsh 2,2036.8587646484375
2018-01-14 10:00:00,52.402551,-0.949527,156.577,2.128631353378296,146.1128692626953,139.81214904785156,Kelmarsh 2,2063.34326171875
2018-01-14 11:00:00,52.402551,-0.949527,156.577,2.018231153488159,174.88600158691406,163.7792205810547,Kelmarsh 2,2029.822998046875
2018-01-14 12:00:00,52.402551,-0.949527,156.577,3.021507978439331,165.5689239501953,165.03359985351562,Kelmarsh 2,2046.241943359375
2018-01-14 13:00:00,52.402551,-0.949527,156.577,2.796466112136841,191.14830017089838,196.70616149902344,Kelmarsh 2,2049.418701171875
2018-01-14 14:00:00,52.402551,-0.949527,156.577,4.077835559844971,195.04338073730466,196.70616149902344,Kelmarsh 2,2062.0234375
2018-01-14 15:00:00,52.402551,-0.949527,156.577,4.307156562805176,200.0410003662109,196.70616149902344,Kelmarsh 2,2005.3226318359375
2018-01-14 16:00:00,52.402551,-0.949527,156.577,5.907151222229004,212.58798217773432,197.803726196289,Kelmarsh 2,2050.041748046875
2018-01-14 17:00:00,52.402551,-0.949527,156.577,5.987211227416992,204.35249328613273,204.38911437988278,Kelmarsh 2,2063.654296875
2018-01-14 18:00:00,52.402551,-0.949527,156.577,6.103059768676758,218.38804626464844,212.0720672607422,Kelmarsh 2,2055.4794921875
2018-01-14 19:00:00,52.402551,-0.949527,156.577,7.069924831390381,212.44659423828122,212.0720672607422,Kelmarsh 2,2032.7093505859375
2018-01-14 20:00:00,52.402551,-0.949527,156.577,7.105026721954346,204.25386047363273,201.09642028808588,Kelmarsh 2,2043.87255859375
2018-01-14 21:00:00,52.402551,-0.949527,156.577,7.384039402008057,193.27938842773432,185.7305145263672,Kelmarsh 2,832.6200561523438
2018-01-14 22:00:00,52.402551,-0.949527,156.577,7.959439754486084,191.4386138916015,193.4134674072265,Kelmarsh 2,2004.8743896484375
2018-01-14 23:00:00,52.402551,-0.949527,156.577,9.391091346740723,204.48117065429682,193.4134674072265,Kelmarsh 2,2060.093994140625
2018-01-15 00:00:00,52.402551,-0.949527,156.577,9.5292329788208,192.29127502441403,193.4134674072265,Kelmarsh 2,2042.7227783203125
2018-01-15 01:00:00,52.402551,-0.949527,156.577,10.018893241882324,202.85771179199216,206.58424377441398,Kelmarsh 2,2044.7923583984375
2018-01-15 02:00:00,52.402551,-0.949527,156.577,9.576233863830566,196.03607177734375,196.70616149902344,Kelmarsh 2,2076.7451171875
2018-01-15 03:00:00,52.402551,-0.949527,156.577,10.96535873413086,192.58721923828122,189.5739135742187,Kelmarsh 2,2058.901123046875
2018-01-15 04:00:00,52.402551,-0.949527,156.577,11.3258638381958,199.4107818603515,199.99885559082026,Kelmarsh 2,2036.705078125
2018-01-15 05:00:00,52.402551,-0.949527,156.577,12.388533592224121,205.9367523193359,206.41969299316398,Kelmarsh 2,2046.36572265625
2018-01-15 06:00:00,52.402551,-0.949527,156.577,11.752978324890137,209.12120056152344,206.58424377441398,Kelmarsh 2,2070.1416015625
2018-01-15 07:00:00,52.402551,-0.949527,156.577,10.842971801757812,209.6888122558593,212.0720672607422,Kelmarsh 2,2046.771728515625
2018-01-15 08:00:00,52.402551,-0.949527,156.577,11.391995429992676,210.67782592773438,212.0720672607422,Kelmarsh 2,2050.5849609375
2018-01-15 09:00:00,52.402551,-0.949527,156.577,10.876006126403809,216.73323059082028,220.26591491699216,Kelmarsh 2,1979.6463623046875
2018-01-15 10:00:00,52.402551,-0.949527,156.577,9.682416915893555,214.8067626953125,220.8525848388672,Kelmarsh 2,2005.0008544921875
2018-01-15 11:00:00,52.402551,-0.949527,156.577,10.289909362792969,218.57618713378903,221.95014953613276,Kelmarsh 2,1992.2099609375
2018-01-15 12:00:00,52.402551,-0.949527,156.577,9.896675109863281,234.33712768554688,231.01782226562497,Kelmarsh 2,2021.7613525390625
2018-01-15 13:00:00,52.402551,-0.949527,156.577,10.044676780700684,262.47650146484375,263.3224182128906,Kelmarsh 2,1987.3035888671875
2018-01-15 14:00:00,52.402551,-0.949527,156.577,10.133042335510254,291.1312561035156,287.9903259277344,Kelmarsh 2,2040.5743408203125
2018-01-15 15:00:00,52.402551,-0.949527,156.577,14.209701538085938,283.4332580566406,280.90081787109375,Kelmarsh 2,2050.7919921875
2018-01-15 16:00:00,52.402551,-0.949527,156.577,11.663174629211426,278.71710205078125,279.02349853515625,Kelmarsh 2,2014.631103515625
2018-01-15 17:00:00,52.402551,-0.949527,156.577,10.794456481933594,269.9146728515625,265.85272216796875,Kelmarsh 2,2041.345703125
2018-01-15 18:00:00,52.402551,-0.949527,156.577,8.842179298400879,250.51548767089844,253.7795104980469,Kelmarsh 2,2048.180419921875
2018-01-15 19:00:00,52.402551,-0.949527,156.577,8.700555801391602,241.27902221679682,242.80386352539062,Kelmarsh 2,1937.9613037109375
2018-01-15 20:00:00,52.402551,-0.949527,156.577,10.145867347717285,240.31895446777344,242.80386352539062,Kelmarsh 2,1967.3953857421875
2018-01-15 21:00:00,52.402551,-0.949527,156.577,11.904942512512207,244.4132995605468,242.80386352539062,Kelmarsh 2,2041.594970703125
2018-01-15 22:00:00,52.402551,-0.949527,156.577,11.538636207580566,247.38188171386716,246.0965576171875,Kelmarsh 2,2021.97314453125
2018-01-15 23:00:00,52.402551,-0.949527,156.577,11.694936752319336,242.6813354492187,246.0965576171875,Kelmarsh 2,1957.4075927734375
2018-01-16 00:00:00,52.402551,-0.949527,156.577,10.741584777832031,241.31790161132804,246.0965576171875,Kelmarsh 2,1937.2703857421875
2018-01-16 01:00:00,52.402551,-0.949527,156.577,10.949166297912598,247.82025146484375,246.0965576171875,Kelmarsh 2,2001.36865234375
2018-01-16 02:00:00,52.402551,-0.949527,156.577,8.951834678649902,244.53201293945312,247.1941223144531,Kelmarsh 2,1937.107666015625
2018-01-16 03:00:00,52.402551,-0.949527,156.577,9.963098526000977,254.32852172851562,259.267333984375,Kelmarsh 2,2016.4285888671875
2018-01-16 04:00:00,52.402551,-0.949527,156.577,9.70317554473877,255.753662109375,259.267333984375,Kelmarsh 2,1980.952392578125
2018-01-16 05:00:00,52.402551,-0.949527,156.577,10.938913345336914,268.4551696777344,268.04785156249994,Kelmarsh 2,2009.0877685546875
2018-01-16 06:00:00,52.402551,-0.949527,156.577,8.196965217590332,245.39765930175776,247.1941223144531,Kelmarsh 2,1957.99609375
2018-01-16 07:00:00,52.402551,-0.949527,156.577,9.370152473449707,253.1831359863281,247.1941223144531,Kelmarsh 2,1992.1170654296875
2018-01-16 08:00:00,52.402551,-0.949527,156.577,9.871729850769043,250.62252807617176,247.1941223144531,Kelmarsh 2,2016.426513671875
2018-01-16 09:00:00,52.402551,-0.949527,156.577,10.243760108947754,247.1474151611328,247.1941223144531,Kelmarsh 2,2018.959228515625
2018-01-16 10:00:00,52.402551,-0.949527,156.577,10.235201835632324,243.7826843261718,247.1941223144531,Kelmarsh 2,1672.9765625
2018-01-16 11:00:00,52.402551,-0.949527,156.577,9.263195991516113,253.111572265625,262.5600280761719,Kelmarsh 2,1331.581787109375
2018-01-16 12:00:00,52.402551,-0.949527,156.577,11.660419464111328,258.7214050292969,250.48681640624997,Kelmarsh 2,1991.12744140625
2018-01-16 13:00:00,52.402551,-0.949527,156.577,10.74069595336914,255.55184936523438,260.3648986816406,Kelmarsh 2,2028.124755859375
2018-01-16 14:00:00,52.402551,-0.949527,156.577,11.22558879852295,240.93621826171872,248.29168701171875,Kelmarsh 2,2031.5601806640625
2018-01-16 15:00:00,52.402551,-0.949527,156.577,9.655105590820312,250.58505249023438,248.29168701171875,Kelmarsh 2,2041.152587890625
2018-01-16 16:00:00,52.402551,-0.949527,156.577,9.972894668579102,248.61193847656247,249.50552368164062,Kelmarsh 2,2037.408203125
2018-01-16 17:00:00,52.402551,-0.949527,156.577,10.86510181427002,247.61465454101562,248.2981414794922,Kelmarsh 2,2041.196533203125
2018-01-16 18:00:00,52.402551,-0.949527,156.577,10.633646011352539,249.31439208984366,240.66156005859375,Kelmarsh 2,2053.595703125
2018-01-16 19:00:00,52.402551,-0.949527,156.577,11.968828201293945,243.06942749023438,247.1941223144531,Kelmarsh 2,2050.554931640625
2018-01-16 20:00:00,52.402551,-0.949527,156.577,10.558616638183594,259.2974853515625,255.97463989257807,Kelmarsh 2,2021.123779296875
2018-01-16 21:00:00,52.402551,-0.949527,156.577,11.823075294494629,247.44227600097656,247.1941223144531,Kelmarsh 2,2046.402587890625
2018-01-16 22:00:00,52.402551,-0.949527,156.577,10.268485069274902,248.36805725097653,247.1941223144531,Kelmarsh 2,2071.722412109375
2018-01-16 23:00:00,52.402551,-0.949527,156.577,10.858031272888184,238.94664001464847,247.1941223144531,Kelmarsh 2,2030.3431396484375
2018-01-17 00:00:00,52.402551,-0.949527,156.577,10.817415237426758,251.13745117187494,247.1941223144531,Kelmarsh 2,2053.910400390625
2018-01-17 01:00:00,52.402551,-0.949527,156.577,9.609702110290527,246.92794799804688,247.1941223144531,Kelmarsh 2,2065.797119140625
2018-01-17 02:00:00,52.402551,-0.949527,156.577,9.68404483795166,257.37481689453125,257.51928710937494,Kelmarsh 2,2055.0576171875
2018-01-17 03:00:00,52.402551,-0.949527,156.577,9.935380935668945,247.40991210937497,248.29168701171875,Kelmarsh 2,2052.2421875
2018-01-17 04:00:00,52.402551,-0.949527,156.577,10.8505859375,260.3175964355468,249.16726684570312,Kelmarsh 2,2060.512451171875
2018-01-17 05:00:00,52.402551,-0.949527,156.577,11.623491287231445,255.91236877441406,257.07220458984375,Kelmarsh 2,2056.7451171875
2018-01-17 06:00:00,52.402551,-0.949527,156.577,12.928008079528809,269.1846008300781,263.6047668457031,Kelmarsh 2,2053.513427734375
2018-01-17 07:00:00,52.402551,-0.949527,156.577,10.48781967163086,262.51641845703125,264.7551574707031,Kelmarsh 2,2059.70361328125
2018-01-17 08:00:00,52.402551,-0.949527,156.577,9.60275936126709,259.417724609375,264.7551574707031,Kelmarsh 2,2066.010009765625
2018-01-17 09:00:00,52.402551,-0.949527,156.577,10.065299987792969,262.91375732421864,270.24298095703125,Kelmarsh 2,2066.615966796875
2018-01-17 10:00:00,52.402551,-0.949527,156.577,12.933521270751953,262.55413818359375,270.24298095703125,Kelmarsh 2,2055.751708984375
2018-01-17 11:00:00,52.402551,-0.949527,156.577,13.411742210388184,268.20660400390625,270.24298095703125,Kelmarsh 2,2058.203857421875
2018-01-17 12:00:00,52.402551,-0.949527,156.577,12.75459098815918,266.8313293457031,264.7551574707031,Kelmarsh 2,2046.016845703125
2018-01-17 13:00:00,52.402551,-0.949527,156.577,12.3250150680542,258.2767028808594,253.7795104980469,Kelmarsh 2,2065.31689453125
2018-01-17 14:00:00,52.402551,-0.949527,156.577,10.397089958190918,259.0185546875,253.7795104980469,Kelmarsh 2,2055.135498046875
2018-01-17 15:00:00,52.402551,-0.949527,156.577,11.773786544799805,262.16802978515625,256.2419128417969,Kelmarsh 2,2035.203125
2018-01-17 16:00:00,52.402551,-0.949527,156.577,10.255215644836426,251.1963043212891,248.29168701171875,Kelmarsh 2,2054.07421875
2018-01-17 17:00:00,52.402551,-0.949527,156.577,10.864736557006836,246.44316101074216,248.29168701171875,Kelmarsh 2,2069.9384765625
2018-01-17 18:00:00,52.402551,-0.949527,156.577,10.94740104675293,246.37197875976562,248.29168701171875,Kelmarsh 2,2061.92138671875
2018-01-17 19:00:00,52.402551,-0.949527,156.577,10.881091117858887,244.43545532226562,238.413604736328,Kelmarsh 2,2056.5205078125
2018-01-17 20:00:00,52.402551,-0.949527,156.577,10.641277313232422,241.64346313476557,246.0965576171875,Kelmarsh 2,2065.286376953125
2018-01-17 21:00:00,52.402551,-0.949527,156.577,8.6900053024292,228.46975708007812,226.34039306640625,Kelmarsh 2,2032.5247802734375
2018-01-17 22:00:00,52.402551,-0.949527,156.577,9.29386043548584,188.41810607910156,195.60858154296875,Kelmarsh 2,2053.99951171875
2018-01-17 23:00:00,52.402551,-0.949527,156.577,11.124549865722656,191.51309204101562,197.8037109375,Kelmarsh 2,2048.82373046875
2018-01-18 00:00:00,52.402551,-0.949527,156.577,12.495687484741211,213.8981323242187,206.584228515625,Kelmarsh 2,2054.22998046875
2018-01-18 01:00:00,52.402551,-0.949527,156.577,14.779476165771484,232.4920959472656,232.92578124999997,Kelmarsh 2,2042.3275146484375
2018-01-18 02:00:00,52.402551,-0.949527,156.577,16.5717830657959,252.7928466796875,248.514419555664,Kelmarsh 2,2051.86962890625
2018-01-18 03:00:00,52.402551,-0.949527,156.577,20.013261795043945,264.4996337890625,260.3100280761718,Kelmarsh 2,2050.81103515625
2018-01-18 04:00:00,52.402551,-0.949527,156.577,20.47393226623535,266.8474426269531,263.6575927734375,Kelmarsh 2,2067.322509765625
2018-01-18 05:00:00,52.402551,-0.949527,156.577,22.48029899597168,288.2410888671875,290.78955078125,Kelmarsh 2,2063.22705078125
2018-01-18 06:00:00,52.402551,-0.949527,156.577,18.640249252319336,291.7584228515625,292.19427490234375,Kelmarsh 2,2036.16943359375
2018-01-18 07:00:00,52.402551,-0.949527,156.577,12.954444885253906,293.4068908691406,289.9991455078125,Kelmarsh 2,2052.541015625
2018-01-18 08:00:00,52.402551,-0.949527,156.577,NaN,NaN,NaN,Kelmarsh 2,2050.151123046875
2018-01-18 09:00:00,52.402551,-0.949527,156.577,NaN,NaN,NaN,Kelmarsh 2,2032.7723388671875
2018-01-18 10:00:00,52.402551,-0.949527,156.577,8.52044677734375,261.98406982421875,268.04785156249994,Kelmarsh 2,2029.6298828125
2018-01-18 11:00:00,52.402551,-0.949527,156.577,8.252732276916504,262.3671875,266.9502868652344,Kelmarsh 2,2045.0185546875
2018-01-18 12:00:00,52.402551,-0.949527,156.577,9.61009693145752,256.5703125,257.07220458984375,Kelmarsh 2,2049.2392578125
2018-01-18 13:00:00,52.402551,-0.949527,156.577,7.202695846557617,265.01263427734375,261.46246337890625,Kelmarsh 2,1998.1583251953125
2018-01-18 14:00:00,52.402551,-0.949527,156.577,7.58065128326416,256.34344482421875,257.0992736816406,Kelmarsh 2,1992.18115234375
2018-01-18 15:00:00,52.402551,-0.949527,156.577,9.156800270080566,260.34246826171875,264.7551574707031,Kelmarsh 2,1805.6519775390625
2018-01-18 16:00:00,52.402551,-0.949527,156.577,8.043266296386719,273.35806274414057,280.0693054199219,Kelmarsh 2,1902.934326171875
2018-01-18 17:00:00,52.402551,-0.949527,156.577,7.395010948181152,262.9677124023437,257.07220458984375,Kelmarsh 2,1877.931396484375
2018-01-18 18:00:00,52.402551,-0.949527,156.577,7.412106037139893,296.4267272949218,297.6820983886719,Kelmarsh 2,1940.18408203125
2018-01-18 19:00:00,52.402551,-0.949527,156.577,8.46886920928955,273.0643310546875,273.5356750488281,Kelmarsh 2,1988.661376953125
2018-01-18 20:00:00,52.402551,-0.949527,156.577,9.735332489013672,272.7148132324219,267.74652099609375,Kelmarsh 2,1985.3465576171875
2018-01-18 21:00:00,52.402551,-0.949527,156.577,10.382254600524902,269.15203857421875,269.1454162597656,Kelmarsh 2,1824.6185302734375
2018-01-18 22:00:00,52.402551,-0.949527,156.577,7.975849151611328,266.24957275390625,269.1454162597656,Kelmarsh 2,1672.30029296875
2018-01-18 23:00:00,52.402551,-0.949527,156.577,6.665095329284668,254.34422302246094,261.07427978515625,Kelmarsh 2,1860.135498046875
2018-01-19 00:00:00,52.402551,-0.949527,156.577,7.639422416687012,252.8990478515625,259.267333984375,Kelmarsh 2,1986.668701171875
2018-01-19 01:00:00,52.402551,-0.949527,156.577,7.622010707855225,250.33950805664062,246.0965576171875,Kelmarsh 2,1515.037841796875
2018-01-19 02:00:00,52.402551,-0.949527,156.577,8.298335075378418,249.10948181152344,246.0965576171875,Kelmarsh 2,1591.247802734375
2018-01-19 03:00:00,52.402551,-0.949527,156.577,6.635042667388916,249.08975219726562,246.0965576171875,Kelmarsh 2,1404.6988525390625
2018-01-19 04:00:00,52.402551,-0.949527,156.577,4.676680088043213,244.9017639160156,246.0965576171875,Kelmarsh 2,1123.9566650390625
2018-01-19 05:00:00,52.402551,-0.949527,156.577,7.128322601318359,247.84144592285156,246.0965576171875,Kelmarsh 2,1288.0582275390625
2018-01-19 06:00:00,52.402551,-0.949527,156.577,10.033390998840332,250.86424255371094,257.6470947265625,Kelmarsh 2,1173.5086669921875
2018-01-19 07:00:00,52.402551,-0.949527,156.577,8.897439956665039,245.12799072265614,244.99899291992182,Kelmarsh 2,784.1748046875
2018-01-19 08:00:00,52.402551,-0.949527,156.577,8.665148735046387,245.73150634765622,244.99899291992182,Kelmarsh 2,1345.63720703125
2018-01-19 09:00:00,52.402551,-0.949527,156.577,9.095558166503906,241.95396423339835,244.99899291992182,Kelmarsh 2,1390.3323974609375
2018-01-19 10:00:00,52.402551,-0.949527,156.577,8.270770072937012,248.02450561523435,244.99899291992182,Kelmarsh 2,1246.4927978515625
2018-01-19 11:00:00,52.402551,-0.949527,156.577,7.628470420837402,246.0102844238281,244.99899291992182,Kelmarsh 2,1445.3194580078125
2018-01-19 12:00:00,52.402551,-0.949527,156.577,8.057672500610352,243.29759216308594,252.68194580078125,Kelmarsh 2,1484.9971923828125
2018-01-19 13:00:00,52.402551,-0.949527,156.577,8.591010093688965,247.34323120117188,252.68194580078125,Kelmarsh 2,1418.8087158203125
2018-01-19 14:00:00,52.402551,-0.949527,156.577,7.783077716827393,241.84461975097656,244.99899291992182,Kelmarsh 2,1253.0723876953125
2018-01-19 15:00:00,52.402551,-0.949527,156.577,7.7948832511901855,250.01499938964844,244.99899291992182,Kelmarsh 2,897.301513671875
2018-01-19 16:00:00,52.402551,-0.949527,156.577,9.365809440612793,250.3485260009765,253.7795104980469,Kelmarsh 2,862.2691650390625
2018-01-19 17:00:00,52.402551,-0.949527,156.577,6.444609642028809,249.72412109375,240.60873413085938,Kelmarsh 2,790.56494140625
2018-01-19 18:00:00,52.402551,-0.949527,156.577,7.7231764793396,245.4390716552734,238.95779418945312,Kelmarsh 2,714.4521484375
2018-01-19 19:00:00,52.402551,-0.949527,156.577,9.87769603729248,251.03402709960932,255.86221313476562,Kelmarsh 2,281.5733947753906
2018-01-19 20:00:00,52.402551,-0.949527,156.577,10.404993057250977,247.7214660644531,249.38925170898438,Kelmarsh 2,359.21746826171875
2018-01-19 21:00:00,52.402551,-0.949527,156.577,9.207284927368164,235.74856567382812,237.3160400390625,Kelmarsh 2,249.89859008789062
2018-01-19 22:00:00,52.402551,-0.949527,156.577,9.406553268432617,238.77719116210938,237.3160400390625,Kelmarsh 2,144.11598205566406
2018-01-19 23:00:00,52.402551,-0.949527,156.577,7.129213333129883,233.10778808593744,237.3160400390625,Kelmarsh 2,191.52523803710938
2018-01-20 00:00:00,52.402551,-0.949527,156.577,5.972713947296143,207.91874694824216,220.85256958007812,Kelmarsh 2,283.93798828125
2018-01-20 01:00:00,52.402551,-0.949527,156.577,6.412700653076172,225.65512084960938,220.85256958007812,Kelmarsh 2,403.5898742675781
2018-01-20 02:00:00,52.402551,-0.949527,156.577,6.447988510131836,207.5934143066406,212.28570556640625,Kelmarsh 2,502.71881103515625
2018-01-20 03:00:00,52.402551,-0.949527,156.577,6.938261032104492,193.0513763427734,196.70614624023435,Kelmarsh 2,698.3656005859375
2018-01-20 04:00:00,52.402551,-0.949527,156.577,7.549190044403076,200.4770050048828,206.584228515625,Kelmarsh 2,641.210205078125
2018-01-20 05:00:00,52.402551,-0.949527,156.577,7.3470072746276855,201.8536834716796,206.584228515625,Kelmarsh 2,654.646728515625
2018-01-20 06:00:00,52.402551,-0.949527,156.577,7.101480960845947,204.8550567626953,206.584228515625,Kelmarsh 2,804.8572387695312
2018-01-20 07:00:00,52.402551,-0.949527,156.577,4.90730094909668,211.28530883789054,206.584228515625,Kelmarsh 2,569.0620727539062
2018-01-20 08:00:00,52.402551,-0.949527,156.577,3.864793539047241,199.13267517089838,206.584228515625,Kelmarsh 2,297.8680725097656
2018-01-20 09:00:00,52.402551,-0.949527,156.577,3.0113251209259033,196.44476318359372,203.47325134277338,Kelmarsh 2,154.64683532714844
2018-01-20 10:00:00,52.402551,-0.949527,156.577,2.229318857192993,148.0843048095703,170.36459350585938,Kelmarsh 2,279.93609619140625
2018-01-20 11:00:00,52.402551,-0.949527,156.577,2.877889394760132,121.75090026855469,131.41207885742188,Kelmarsh 2,386.2212829589844
2018-01-20 12:00:00,52.402551,-0.949527,156.577,2.1541099548339844,102.94713592529297,103.55375671386719,Kelmarsh 2,296.78021240234375
2018-01-20 13:00:00,52.402551,-0.949527,156.577,2.9154276847839355,61.063453674316406,61.706138610839844,Kelmarsh 2,261.81134033203125
2018-01-20 14:00:00,52.402551,-0.949527,156.577,3.0330822467803955,49.04410934448242,61.706138610839844,Kelmarsh 2,210.9414825439453
2018-01-20 15:00:00,52.402551,-0.949527,156.577,3.3675785064697266,52.457279205322266,32.071998596191406,Kelmarsh 2,214.759521484375
2018-01-20 16:00:00,52.402551,-0.949527,156.577,2.918050527572632,42.39970397949219,51.828094482421875,Kelmarsh 2,95.7047119140625
2018-01-20 17:00:00,52.402551,-0.949527,156.577,4.170629501342773,25.569217681884766,26.58419418334961,Kelmarsh 2,41.59699249267578
2018-01-20 18:00:00,52.402551,-0.949527,156.577,4.3875508308410645,6.213169574737549,358.0476074218749,Kelmarsh 2,108.50798797607422
2018-01-20 19:00:00,52.402551,-0.949527,156.577,4.982367515563965,331.8232727050781,331.70605468749994,Kelmarsh 2,148.0240936279297
2018-01-20 20:00:00,52.402551,-0.949527,156.577,3.541991710662842,302.13699340820307,306.46206665039057,Kelmarsh 2,158.7251739501953
2018-01-20 21:00:00,52.402551,-0.949527,156.577,3.8798108100891113,301.3153991699218,306.46206665039057,Kelmarsh 2,376.0179138183594
2018-01-20 22:00:00,52.402551,-0.949527,156.577,5.272258281707764,308.5193786621094,306.46206665039057,Kelmarsh 2,445.2135009765625
2018-01-20 23:00:00,52.402551,-0.949527,156.577,6.123701572418213,304.5691223144531,306.46206665039057,Kelmarsh 2,264.4981994628906
2018-01-21 00:00:00,52.402551,-0.949527,156.577,6.1425981521606445,287.33129882812494,289.94732666015625,Kelmarsh 2,227.81829833984375
2018-01-21 01:00:00,52.402551,-0.949527,156.577,5.494395732879639,287.1575622558594,302.0718078613281,Kelmarsh 2,266.8233947753906
2018-01-21 02:00:00,52.402551,-0.949527,156.577,5.8795671463012695,287.2292175292968,302.0718078613281,Kelmarsh 2,617.2145385742188
2018-01-21 03:00:00,52.402551,-0.949527,156.577,3.0377299785614014,275.79278564453125,285.3123474121094,Kelmarsh 2,788.9061889648438
2018-01-21 04:00:00,52.402551,-0.949527,156.577,4.215383529663086,234.8859100341797,237.31549072265622,Kelmarsh 2,978.6445922851562
2018-01-21 05:00:00,52.402551,-0.949527,156.577,3.1448655128479004,227.91354370117188,237.31549072265622,Kelmarsh 2,1219.977783203125
2018-01-21 06:00:00,52.402551,-0.949527,156.577,3.8824093341827393,236.83526611328125,237.31549072265622,Kelmarsh 2,1198.3232421875
2018-01-21 07:00:00,52.402551,-0.949527,156.577,3.1930909156799316,217.78570556640622,212.07150268554685,Kelmarsh 2,1079.1666259765625
2018-01-21 08:00:00,52.402551,-0.949527,156.577,4.021906852722168,175.53720092773438,188.65380859374997,Kelmarsh 2,995.73046875
2018-01-21 09:00:00,52.402551,-0.949527,156.577,5.546258926391602,164.87815856933594,175.85186767578125,Kelmarsh 2,697.1655883789062
2018-01-21 10:00:00,52.402551,-0.949527,156.577,6.272238254547119,156.7451171875,154.99813842773438,Kelmarsh 2,852.7989501953125
2018-01-21 11:00:00,52.402551,-0.949527,156.577,5.463878631591797,150.49945068359375,154.99813842773438,Kelmarsh 2,718.5527954101562
2018-01-21 12:00:00,52.402551,-0.949527,156.577,4.952649116516113,152.18116760253906,152.80300903320312,Kelmarsh 2,640.7055053710938
2018-01-21 13:00:00,52.402551,-0.949527,156.577,7.3672776222229,155.28375244140625,152.80300903320312,Kelmarsh 2,986.0062866210938
2018-01-21 14:00:00,52.402551,-0.949527,156.577,10.519468307495117,158.35589599609375,153.35108947753906,Kelmarsh 2,1023.5115356445312
2018-01-21 15:00:00,52.402551,-0.949527,156.577,9.582136154174805,164.21624755859375,159.38839721679688,Kelmarsh 2,1011.99951171875
2018-01-21 16:00:00,52.402551,-0.949527,156.577,8.510189056396484,164.06344604492188,167.07135009765625,Kelmarsh 2,1168.849365234375
2018-01-21 17:00:00,52.402551,-0.949527,156.577,7.158356666564941,173.47914123535156,167.07135009765625,Kelmarsh 2,1149.533203125
2018-01-21 18:00:00,52.402551,-0.949527,156.577,7.696613311767578,187.7531585693359,186.8275146484375,Kelmarsh 2,1295.2427978515625
2018-01-21 19:00:00,52.402551,-0.949527,156.577,8.40926456451416,218.85630798339838,220.03652954101562,Kelmarsh 2,1798.8189697265625
2018-01-21 20:00:00,52.402551,-0.949527,156.577,8.82427978515625,230.2345733642578,236.21792602539065,Kelmarsh 2,1989.168212890625
2018-01-21 21:00:00,52.402551,-0.949527,156.577,9.669670104980469,247.17518615722656,241.70574951171875,Kelmarsh 2,1997.84619140625
2018-01-21 22:00:00,52.402551,-0.949527,156.577,9.269378662109375,254.85179138183594,254.87652587890622,Kelmarsh 2,2037.312744140625
2018-01-21 23:00:00,52.402551,-0.949527,156.577,8.959847450256348,257.1605224609375,254.87652587890622,Kelmarsh 2,2059.35302734375
2018-01-22 00:00:00,52.402551,-0.949527,156.577,8.473240852355957,259.529296875,261.4619140625,Kelmarsh 2,2049.46826171875
2018-01-22 01:00:00,52.402551,-0.949527,156.577,6.933862686157227,260.62445068359375,261.4619140625,Kelmarsh 2,2036.1282958984375
2018-01-22 02:00:00,52.402551,-0.949527,156.577,7.234065532684326,256.520050048828,261.4619140625,Kelmarsh 2,2053.149169921875
2018-01-22 03:00:00,52.402551,-0.949527,156.577,6.691723823547363,253.5335693359375,261.4619140625,Kelmarsh 2,2053.132080078125
2018-01-22 04:00:00,52.402551,-0.949527,156.577,6.033812522888184,250.5431823730469,250.48626708984375,Kelmarsh 2,2056.55419921875
2018-01-22 05:00:00,52.402551,-0.949527,156.577,6.513846397399902,265.5428466796875,250.48626708984375,Kelmarsh 2,2049.95751953125
2018-01-22 06:00:00,52.402551,-0.949527,156.577,7.359879016876221,262.5057373046875,263.65704345703125,Kelmarsh 2,2050.829833984375
2018-01-22 07:00:00,52.402551,-0.949527,156.577,6.90680456161499,272.99102783203125,264.30963134765625,Kelmarsh 2,2056.3525390625
2018-01-22 08:00:00,52.402551,-0.949527,156.577,6.745818614959717,273.6513977050781,274.6326904296875,Kelmarsh 2,2054.03466796875
2018-01-22 09:00:00,52.402551,-0.949527,156.577,8.345479965209961,274.3103637695312,281.2180786132812,Kelmarsh 2,2058.718017578125
2018-01-22 10:00:00,52.402551,-0.949527,156.577,8.022954940795898,277.0577392578125,275.2210388183594,Kelmarsh 2,2057.57861328125
2018-01-22 11:00:00,52.402551,-0.949527,156.577,7.380967617034912,272.764404296875,275.7302551269531,Kelmarsh 2,2053.65380859375
2018-01-22 12:00:00,52.402551,-0.949527,156.577,7.507149696350098,282.27142333984375,279.02294921875,Kelmarsh 2,2052.562744140625
2018-01-22 13:00:00,52.402551,-0.949527,156.577,9.308086395263672,284.8392028808593,288.9010314941406,Kelmarsh 2,2063.016845703125
2018-01-22 14:00:00,52.402551,-0.949527,156.577,10.276226043701172,289.3628845214844,288.9010314941406,Kelmarsh 2,2029.684814453125
2018-01-22 15:00:00,52.402551,-0.949527,156.577,9.741153717041016,286.84283447265625,288.9010314941406,Kelmarsh 2,2038.4481201171875
2018-01-22 16:00:00,52.402551,-0.949527,156.577,7.733117580413818,275.8375854492187,281.2180786132812,Kelmarsh 2,2036.9461669921875
2018-01-22 17:00:00,52.402551,-0.949527,156.577,8.751938819885254,266.3441162109375,266.94973754882807,Kelmarsh 2,2049.421875
2018-01-22 18:00:00,52.402551,-0.949527,156.577,9.490129470825195,257.6305236816406,259.2667846679687,Kelmarsh 2,771.4328002929688
2018-01-22 19:00:00,52.402551,-0.949527,156.577,10.234691619873047,257.2139892578125,259.2667846679687,Kelmarsh 2,-2.6520285606384277
2018-01-22 20:00:00,52.402551,-0.949527,156.577,7.919877052307129,261.4414978027344,259.2667846679687,Kelmarsh 2,1127.156005859375
2018-01-22 21:00:00,52.402551,-0.949527,156.577,9.39954948425293,272.5685729980469,264.7546081542969,Kelmarsh 2,2066.691162109375
2018-01-22 22:00:00,52.402551,-0.949527,156.577,8.99476146697998,253.8536376953125,255.97409057617188,Kelmarsh 2,2045.9970703125
2018-01-22 23:00:00,52.402551,-0.949527,156.577,5.554566383361816,231.3791961669921,237.31549072265622,Kelmarsh 2,2048.8291015625
2018-01-23 00:00:00,52.402551,-0.949527,156.577,5.320385932922363,202.1649475097656,205.29594421386716,Kelmarsh 2,2062.8525390625
2018-01-23 01:00:00,52.402551,-0.949527,156.577,6.122005462646484,199.18116760253906,201.09585571289062,Kelmarsh 2,2052.173828125
2018-01-23 02:00:00,52.402551,-0.949527,156.577,6.920985698699951,204.48178100585938,201.09585571289062,Kelmarsh 2,2044.8590087890625
2018-01-23 03:00:00,52.402551,-0.949527,156.577,8.370649337768555,201.8789520263671,208.77880859375,Kelmarsh 2,2067.731201171875
2018-01-23 04:00:00,52.402551,-0.949527,156.577,9.164535522460938,203.34515380859375,199.998291015625,Kelmarsh 2,2045.365966796875
2018-01-23 05:00:00,52.402551,-0.949527,156.577,10.680134773254395,199.20066833496094,205.4419403076171,Kelmarsh 2,2038.88671875
2018-01-23 06:00:00,52.402551,-0.949527,156.577,9.349593162536621,191.8611602783203,195.60803222656247,Kelmarsh 2,2053.80810546875
2018-01-23 07:00:00,52.402551,-0.949527,156.577,9.279519081115723,194.40563964843747,187.10111999511716,Kelmarsh 2,2062.36474609375
2018-01-23 08:00:00,52.402551,-0.949527,156.577,10.103639602661133,203.0312957763672,203.29098510742188,Kelmarsh 2,2018.6417236328125
2018-01-23 09:00:00,52.402551,-0.949527,156.577,10.833516120910645,205.31796264648435,203.29098510742188,Kelmarsh 2,2066.1533203125
2018-01-23 10:00:00,52.402551,-0.949527,156.577,10.605409622192383,203.37257385253906,203.29098510742188,Kelmarsh 2,2053.685302734375
2018-01-23 11:00:00,52.402551,-0.949527,156.577,11.652902603149414,208.07748413085935,206.8015441894531,Kelmarsh 2,2058.188232421875
2018-01-23 12:00:00,52.402551,-0.949527,156.577,10.436267852783203,214.70991516113276,212.07150268554685,Kelmarsh 2,2037.59716796875
2018-01-23 13:00:00,52.402551,-0.949527,156.577,11.743305206298828,225.9842071533203,231.82766723632812,Kelmarsh 2,2047.6707763671875
2018-01-23 14:00:00,52.402551,-0.949527,156.577,13.699209213256836,231.47647094726562,224.14471435546875,Kelmarsh 2,2048.101318359375
2018-01-23 15:00:00,52.402551,-0.949527,156.577,12.753602981567383,226.9023742675781,225.2422790527344,Kelmarsh 2,2038.6866455078125
2018-01-23 16:00:00,52.402551,-0.949527,156.577,10.333456039428711,220.56692504882807,225.2422790527344,Kelmarsh 2,2050.916259765625
2018-01-23 17:00:00,52.402551,-0.949527,156.577,11.503853797912598,229.1881561279297,225.2422790527344,Kelmarsh 2,2061.61572265625
2018-01-23 18:00:00,52.402551,-0.949527,156.577,12.77656364440918,231.49621582031244,241.70574951171875,Kelmarsh 2,2058.003173828125
2018-01-23 19:00:00,52.402551,-0.949527,156.577,10.32150650024414,236.32781982421875,234.86956787109375,Kelmarsh 2,2054.01708984375
2018-01-23 20:00:00,52.402551,-0.949527,156.577,10.074908256530762,222.6312713623046,224.14471435546875,Kelmarsh 2,2055.1552734375
2018-01-23 21:00:00,52.402551,-0.949527,156.577,8.285185813903809,214.98393249511713,217.55932617187497,Kelmarsh 2,2057.496337890625
2018-01-23 22:00:00,52.402551,-0.949527,156.577,9.711931228637695,212.73274230957028,209.87637329101557,Kelmarsh 2,2038.7821044921875
2018-01-23 23:00:00,52.402551,-0.949527,156.577,9.95224380493164,211.8236846923828,209.87637329101557,Kelmarsh 2,2062.959716796875
2018-01-24 00:00:00,52.402551,-0.949527,156.577,11.686593055725098,200.99029541015622,201.09585571289062,Kelmarsh 2,2055.171142578125
2018-01-24 01:00:00,52.402551,-0.949527,156.577,11.691130638122559,197.86219787597648,201.09585571289062,Kelmarsh 2,2062.78515625
2018-01-24 02:00:00,52.402551,-0.949527,156.577,12.7301025390625,196.0208587646484,198.3708343505859,Kelmarsh 2,2058.51123046875
2018-01-24 03:00:00,52.402551,-0.949527,156.577,13.440205574035645,204.27836608886716,201.53591918945304,Kelmarsh 2,2056.068603515625
2018-01-24 04:00:00,52.402551,-0.949527,156.577,14.891387939453125,207.23744201660156,202.19342041015625,Kelmarsh 2,2029.714111328125
2018-01-24 05:00:00,52.402551,-0.949527,156.577,14.834657669067383,206.6708984375,208.77880859375,Kelmarsh 2,2059.234130859375
2018-01-24 06:00:00,52.402551,-0.949527,156.577,16.80576515197754,214.49032592773432,208.77880859375,Kelmarsh 2,2016.0797119140625
2018-01-24 07:00:00,52.402551,-0.949527,156.577,16.169443130493164,203.6501922607422,208.77880859375,Kelmarsh 2,1861.072265625
2018-01-24 08:00:00,52.402551,-0.949527,156.577,17.7441463470459,206.58117675781247,208.77880859375,Kelmarsh 2,1765.826904296875
2018-01-24 09:00:00,52.402551,-0.949527,156.577,16.598777770996094,213.29119873046872,208.77880859375,Kelmarsh 2,1526.959716796875
2018-01-24 10:00:00,52.402551,-0.949527,156.577,10.64627456665039,268.9544982910156,264.6448669433594,Kelmarsh 2,1064.6453857421875
2018-01-24 11:00:00,52.402551,-0.949527,156.577,12.12558650970459,254.48793029785156,250.4264526367187,Kelmarsh 2,790.4913330078125
2018-01-24 12:00:00,52.402551,-0.949527,156.577,11.98871898651123,237.34953308105466,242.80331420898438,Kelmarsh 2,1067.9266357421875
2018-01-24 13:00:00,52.402551,-0.949527,156.577,10.780495643615723,234.40039062499991,229.63253784179682,Kelmarsh 2,860.90869140625
2018-01-24 14:00:00,52.402551,-0.949527,156.577,10.89831829071045,222.44869995117182,220.8520202636718,Kelmarsh 2,1028.0604248046875
2018-01-24 15:00:00,52.402551,-0.949527,156.577,9.319023132324219,215.35185241699213,209.87637329101557,Kelmarsh 2,938.8173828125
2018-01-24 16:00:00,52.402551,-0.949527,156.577,9.85840129852295,215.86340332031244,218.65608215332028,Kelmarsh 2,1041.028564453125
2018-01-24 17:00:00,52.402551,-0.949527,156.577,10.265673637390137,215.4575653076172,207.2418365478515,Kelmarsh 2,1015.2487182617188
2018-01-24 18:00:00,52.402551,-0.949527,156.577,9.62913990020752,224.74780273437491,226.33984375,Kelmarsh 2,1182.649169921875
2018-01-24 19:00:00,52.402551,-0.949527,156.577,9.58072566986084,214.5143432617187,208.77880859375,Kelmarsh 2,1466.26123046875
2018-01-24 20:00:00,52.402551,-0.949527,156.577,10.709905624389648,211.63911437988278,208.77880859375,Kelmarsh 2,936.0302124023438
2018-01-24 21:00:00,52.402551,-0.949527,156.577,9.800268173217773,215.04147338867182,208.77880859375,Kelmarsh 2,859.0311279296875
2018-01-24 22:00:00,52.402551,-0.949527,156.577,8.902674674987793,207.6905670166015,212.07150268554685,Kelmarsh 2,811.3466186523438
2018-01-24 23:00:00,52.402551,-0.949527,156.577,9.81378173828125,211.42396545410148,212.07150268554685,Kelmarsh 2,989.9752197265625
2018-01-25 00:00:00,52.402551,-0.949527,156.577,9.679932594299316,216.20735168457026,212.07150268554685,Kelmarsh 2,884.9262084960938
2018-01-25 01:00:00,52.402551,-0.949527,156.577,10.116314888000488,210.2458343505859,212.07150268554685,Kelmarsh 2,833.2086791992188
2018-01-25 02:00:00,52.402551,-0.949527,156.577,9.651830673217773,217.44891357421872,212.07150268554685,Kelmarsh 2,813.0341796875
2018-01-25 03:00:00,52.402551,-0.949527,156.577,9.886459350585938,218.74195861816406,212.07150268554685,Kelmarsh 2,589.84375
2018-01-25 04:00:00,52.402551,-0.949527,156.577,10.516345024108887,212.16989135742185,220.9596862792968,Kelmarsh 2,647.5123291015625
2018-01-25 05:00:00,52.402551,-0.949527,156.577,8.27828311920166,217.26779174804682,207.6812438964843,Kelmarsh 2,859.6759033203125
2018-01-25 06:00:00,52.402551,-0.949527,156.577,11.629514694213867,231.46679687500003,230.43313598632812,Kelmarsh 2,896.7525024414062
2018-01-25 07:00:00,52.402551,-0.949527,156.577,7.173593044281006,208.23536682128903,212.07150268554685,Kelmarsh 2,824.4464721679688
2018-01-25 08:00:00,52.402551,-0.949527,156.577,7.638505458831787,215.8384246826171,216.12457275390622,Kelmarsh 2,933.8341674804688
2018-01-25 09:00:00,52.402551,-0.949527,156.577,7.807567596435547,203.5693817138672,213.16906738281244,Kelmarsh 2,673.9788208007812
2018-01-25 10:00:00,52.402551,-0.949527,156.577,7.3875508308410645,212.2819366455078,203.29098510742188,Kelmarsh 2,578.6384887695312
2018-01-25 11:00:00,52.402551,-0.949527,156.577,8.12000560760498,205.07130432128906,212.07150268554685,Kelmarsh 2,619.0589599609375
2018-01-25 12:00:00,52.402551,-0.949527,156.577,9.514850616455078,215.2411346435547,206.58367919921872,Kelmarsh 2,408.5634765625
2018-01-25 13:00:00,52.402551,-0.949527,156.577,9.501297950744629,204.58209228515625,210.09669494628906,Kelmarsh 2,396.5024108886719
2018-01-25 14:00:00,52.402551,-0.949527,156.577,10.028928756713867,213.4122467041015,213.39501953124997,Kelmarsh 2,312.5450439453125
2018-01-25 15:00:00,52.402551,-0.949527,156.577,8.834611892700195,209.77795410156247,203.29098510742188,Kelmarsh 2,297.6903991699219
2018-01-25 16:00:00,52.402551,-0.949527,156.577,9.668916702270508,204.5126190185547,197.80316162109375,Kelmarsh 2,538.8182373046875
2018-01-25 17:00:00,52.402551,-0.949527,156.577,8.984227180480957,209.26168823242185,208.77880859375,Kelmarsh 2,560.1793212890625
2018-01-25 18:00:00,52.402551,-0.949527,156.577,6.970566272735596,199.94532775878906,208.77880859375,Kelmarsh 2,658.8515014648438
2018-01-25 19:00:00,52.402551,-0.949527,156.577,7.18455696105957,213.5608673095703,206.58367919921872,Kelmarsh 2,482.71075439453125
2018-01-25 20:00:00,52.402551,-0.949527,156.577,6.857269287109375,218.85588073730466,215.36419677734375,Kelmarsh 2,618.6289672851562
2018-01-25 21:00:00,52.402551,-0.949527,156.577,5.401671409606934,232.61817932128906,215.36419677734375,Kelmarsh 2,275.0765380859375
2018-01-25 22:00:00,52.402551,-0.949527,156.577,6.94721794128418,236.74497985839832,236.21792602539065,Kelmarsh 2,100.42652893066406
2018-01-25 23:00:00,52.402551,-0.949527,156.577,7.014718532562256,228.40643310546872,236.21792602539065,Kelmarsh 2,135.78005981445312
2018-01-26 00:00:00,52.402551,-0.949527,156.577,2.9352190494537354,207.97778320312497,220.8520202636718,Kelmarsh 2,193.1216583251953
2018-01-26 01:00:00,52.402551,-0.949527,156.577,4.1201043128967285,224.44642639160156,220.8520202636718,Kelmarsh 2,193.9805450439453
2018-01-26 02:00:00,52.402551,-0.949527,156.577,4.3902587890625,237.72618103027344,240.60818481445312,Kelmarsh 2,197.86972045898438
2018-01-26 03:00:00,52.402551,-0.949527,156.577,6.935295581817627,263.32205200195307,261.4619140625,Kelmarsh 2,185.14202880859375
2018-01-26 04:00:00,52.402551,-0.949527,156.577,6.678176403045654,288.5811462402344,287.803466796875,Kelmarsh 2,127.26163482666016
2018-01-26 05:00:00,52.402551,-0.949527,156.577,6.459207057952881,302.4639587402344,313.0474548339844,Kelmarsh 2,94.66068267822266
2018-01-26 06:00:00,52.402551,-0.949527,156.577,5.4447784423828125,333.9975280761719,330.6084899902343,Kelmarsh 2,146.689208984375
2018-01-26 07:00:00,52.402551,-0.949527,156.577,6.169878959655762,343.8158264160156,352.5597839355469,Kelmarsh 2,250.93946838378906
2018-01-26 08:00:00,52.402551,-0.949527,156.577,5.226821422576904,346.05780029296875,352.5597839355469,Kelmarsh 2,320.94122314453125
2018-01-26 09:00:00,52.402551,-0.949527,156.577,4.663107395172119,332.7012634277344,330.64144897460926,Kelmarsh 2,328.70098876953125
2018-01-26 10:00:00,52.402551,-0.949527,156.577,6.541718006134033,332.40927124023426,326.2182312011719,Kelmarsh 2,343.15704345703125
2018-01-26 11:00:00,52.402551,-0.949527,156.577,6.147679805755615,330.6524658203124,326.2182312011719,Kelmarsh 2,288.3039245605469
2018-01-26 12:00:00,52.402551,-0.949527,156.577,4.964970588684082,4.6115288734436035,343.7792663574219,Kelmarsh 2,192.7806854248047
2018-01-26 13:00:00,52.402551,-0.949527,156.577,5.069179534912109,4.4417924880981445,2.437856912612915,Kelmarsh 2,261.9740905761719
2018-01-26 14:00:00,52.402551,-0.949527,156.577,3.2340970039367676,341.7774353027344,325.12066650390625,Kelmarsh 2,288.6651611328125
2018-01-26 15:00:00,52.402551,-0.949527,156.577,3.8546433448791504,325.3262634277344,327.3157958984375,Kelmarsh 2,325.2148742675781
2018-01-26 16:00:00,52.402551,-0.949527,156.577,2.077930212020874,328.8829650878906,327.3157958984375,Kelmarsh 2,468.3667297363281
2018-01-26 17:00:00,52.402551,-0.949527,156.577,3.861116647720337,303.185302734375,305.364501953125,Kelmarsh 2,645.7356567382812
2018-01-26 18:00:00,52.402551,-0.949527,156.577,4.77414608001709,302.7358093261719,300.9742431640625,Kelmarsh 2,751.4009399414062
2018-01-26 19:00:00,52.402551,-0.949527,156.577,5.598462104797363,293.640625,300.9742431640625,Kelmarsh 2,514.689697265625
2018-01-26 20:00:00,52.402551,-0.949527,156.577,5.132905960083008,293.34893798828125,300.9742431640625,Kelmarsh 2,588.2767944335938
2018-01-26 21:00:00,52.402551,-0.949527,156.577,3.9826395511627197,283.9403381347656,300.9742431640625,Kelmarsh 2,637.2583618164062
2018-01-26 22:00:00,52.402551,-0.949527,156.577,3.0964441299438477,233.1141510009765,235.120361328125,Kelmarsh 2,537.0361938476562
2018-01-26 23:00:00,52.402551,-0.949527,156.577,5.001947402954102,205.1259307861328,208.77880859375,Kelmarsh 2,409.80181884765625
2018-01-27 00:00:00,52.402551,-0.949527,156.577,6.649305820465088,198.2669525146484,201.64718627929682,Kelmarsh 2,304.7644958496094
2018-01-27 01:00:00,52.402551,-0.949527,156.577,7.6605401039123535,210.4734497070312,213.16906738281244,Kelmarsh 2,325.425048828125
2018-01-27 02:00:00,52.402551,-0.949527,156.577,8.670358657836914,208.66291809082023,213.16906738281244,Kelmarsh 2,364.84735107421875
2018-01-27 03:00:00,52.402551,-0.949527,156.577,7.563798904418945,209.7561492919922,210.97393798828125,Kelmarsh 2,389.067626953125
2018-01-27 04:00:00,52.402551,-0.949527,156.577,6.559437274932861,202.97290039062491,202.19342041015625,Kelmarsh 2,351.4636535644531
2018-01-27 05:00:00,52.402551,-0.949527,156.577,8.187832832336426,196.91177368164062,202.19342041015625,Kelmarsh 2,293.8473205566406
2018-01-27 06:00:00,52.402551,-0.949527,156.577,8.436997413635254,205.14472961425776,202.19342041015625,Kelmarsh 2,470.9900817871094
2018-01-27 07:00:00,52.402551,-0.949527,156.577,7.785100936889648,198.3242645263671,202.19342041015625,Kelmarsh 2,395.92724609375
2018-01-27 08:00:00,52.402551,-0.949527,156.577,9.954463005065918,196.08670043945312,202.19342041015625,Kelmarsh 2,491.35400390625
2018-01-27 09:00:00,52.402551,-0.949527,156.577,10.152487754821777,198.7843475341796,202.19342041015625,Kelmarsh 2,622.4005126953125
2018-01-27 10:00:00,52.402551,-0.949527,156.577,9.828629493713379,200.48713684082026,196.70559692382807,Kelmarsh 2,725.9268188476562
2018-01-27 11:00:00,52.402551,-0.949527,156.577,13.382336616516113,205.8819427490234,207.6812438964843,Kelmarsh 2,716.8338012695312
2018-01-27 12:00:00,52.402551,-0.949527,156.577,11.559611320495605,205.67584228515628,207.6812438964843,Kelmarsh 2,993.2906494140625
2018-01-27 13:00:00,52.402551,-0.949527,156.577,11.65233039855957,214.28948974609375,207.6812438964843,Kelmarsh 2,973.8240966796875
2018-01-27 14:00:00,52.402551,-0.949527,156.577,10.05521011352539,212.08055114746088,215.36419677734375,Kelmarsh 2,1573.0975341796875
2018-01-27 15:00:00,52.402551,-0.949527,156.577,9.701726913452148,217.05511474609366,215.36419677734375,Kelmarsh 2,1523.0606689453125
2018-01-27 16:00:00,52.402551,-0.949527,156.577,7.537211894989014,222.91816711425778,215.36419677734375,Kelmarsh 2,1485.9544677734375
2018-01-27 17:00:00,52.402551,-0.949527,156.577,10.675472259521484,231.72682189941398,235.1268157958984,Kelmarsh 2,1735.4779052734375
2018-01-27 18:00:00,52.402551,-0.949527,156.577,11.479157447814941,241.65069580078116,237.31549072265622,Kelmarsh 2,1824.5198974609375
2018-01-27 19:00:00,52.402551,-0.949527,156.577,9.727700233459473,239.94488525390625,237.31549072265622,Kelmarsh 2,1710.5186767578125
2018-01-27 20:00:00,52.402551,-0.949527,156.577,9.910117149353027,238.97665405273426,239.5106201171874,Kelmarsh 2,1677.106689453125
2018-01-27 21:00:00,52.402551,-0.949527,156.577,10.940855979919434,243.86053466796875,239.5106201171874,Kelmarsh 2,1727.0592041015625
2018-01-27 22:00:00,52.402551,-0.949527,156.577,11.482379913330078,247.8269805908203,252.681396484375,Kelmarsh 2,1952.639404296875
2018-01-27 23:00:00,52.402551,-0.949527,156.577,10.525156021118164,257.3765869140625,252.681396484375,Kelmarsh 2,1831.56884765625
2018-01-28 00:00:00,52.402551,-0.949527,156.577,11.53809642791748,268.3785095214844,269.1448669433594,Kelmarsh 2,1640.6849365234375
2018-01-28 01:00:00,52.402551,-0.949527,156.577,10.391057014465332,264.7610778808594,269.1448669433594,Kelmarsh 2,1863.072998046875
2018-01-28 02:00:00,52.402551,-0.949527,156.577,12.029930114746094,270.6590576171875,269.1448669433594,Kelmarsh 2,2035.83056640625
2018-01-28 03:00:00,52.402551,-0.949527,156.577,8.870993614196777,258.95291137695307,259.2667846679687,Kelmarsh 2,2036.68798828125
2018-01-28 04:00:00,52.402551,-0.949527,156.577,9.978330612182617,251.8602294921875,259.2667846679687,Kelmarsh 2,1998.325927734375
2018-01-28 05:00:00,52.402551,-0.949527,156.577,10.666653633117676,248.75491333007812,242.80331420898438,Kelmarsh 2,2027.0758056640625
2018-01-28 06:00:00,52.402551,-0.949527,156.577,10.319404602050781,239.1651000976562,242.80331420898438,Kelmarsh 2,2031.3900146484375
2018-01-28 07:00:00,52.402551,-0.949527,156.577,9.936790466308594,236.7035369873047,231.82766723632812,Kelmarsh 2,2013.6376953125
2018-01-28 08:00:00,52.402551,-0.949527,156.577,11.022278785705566,240.65371704101557,231.82766723632812,Kelmarsh 2,2047.4403076171875
2018-01-28 09:00:00,52.402551,-0.949527,156.577,11.411373138427734,242.17977905273435,242.80331420898438,Kelmarsh 2,1963.01611328125
2018-01-28 10:00:00,52.402551,-0.949527,156.577,11.530882835388184,243.8555908203125,242.80331420898438,Kelmarsh 2,2035.660400390625
2018-01-28 11:00:00,52.402551,-0.949527,156.577,10.84951114654541,252.00277709960938,243.0214385986327,Kelmarsh 2,2050.583740234375
2018-01-28 12:00:00,52.402551,-0.949527,156.577,11.35664176940918,256.1199035644531,254.30751037597656,Kelmarsh 2,2003.8660888671875
2018-01-28 13:00:00,52.402551,-0.949527,156.577,10.031309127807617,253.02656555175778,259.2667846679687,Kelmarsh 2,1943.62109375
2018-01-28 14:00:00,52.402551,-0.949527,156.577,11.383060455322266,245.23200988769526,242.80331420898438,Kelmarsh 2,1150.9998779296875
2018-01-28 15:00:00,52.402551,-0.949527,156.577,10.215453147888184,258.35845947265614,252.681396484375,Kelmarsh 2,1470.07373046875
2018-01-28 16:00:00,52.402551,-0.949527,156.577,11.013211250305176,245.7795867919922,252.681396484375,Kelmarsh 2,1406.0726318359375
2018-01-28 17:00:00,52.402551,-0.949527,156.577,10.459146499633789,257.33685302734375,252.681396484375,Kelmarsh 2,1324.55517578125
2018-01-28 18:00:00,52.402551,-0.949527,156.577,8.983602523803711,249.2082977294922,248.2911376953125,Kelmarsh 2,1747.168212890625
2018-01-28 19:00:00,52.402551,-0.949527,156.577,8.73265266418457,234.61128234863278,242.80331420898438,Kelmarsh 2,1707.964599609375
2018-01-28 20:00:00,52.402551,-0.949527,156.577,9.931763648986816,231.96478271484375,232.5911407470703,Kelmarsh 2,1537.714599609375
2018-01-28 21:00:00,52.402551,-0.949527,156.577,10.523774147033691,239.71784973144523,231.82766723632812,Kelmarsh 2,1209.451171875
2018-01-28 22:00:00,52.402551,-0.949527,156.577,10.830361366271973,242.4558868408202,239.5106201171874,Kelmarsh 2,982.4603881835938
2018-01-28 23:00:00,52.402551,-0.949527,156.577,11.920392990112305,242.29193115234375,239.5106201171874,Kelmarsh 2,926.36474609375
2018-01-29 00:00:00,52.402551,-0.949527,156.577,12.281235694885254,241.43362426757812,239.5106201171874,Kelmarsh 2,858.073486328125
2018-01-29 01:00:00,52.402551,-0.949527,156.577,11.35682487487793,233.9827270507812,239.5106201171874,Kelmarsh 2,839.28173828125
2018-01-29 02:00:00,52.402551,-0.949527,156.577,9.788813591003418,227.1936798095703,229.63253784179682,Kelmarsh 2,707.2216796875
2018-01-29 03:00:00,52.402551,-0.949527,156.577,12.230071067810059,242.92791748046875,244.46701049804685,Kelmarsh 2,624.313232421875
2018-01-29 04:00:00,52.402551,-0.949527,156.577,12.111178398132324,245.20083618164062,244.99844360351562,Kelmarsh 2,565.8289184570312
2018-01-29 05:00:00,52.402551,-0.949527,156.577,15.770339012145996,255.54531860351557,244.99844360351562,Kelmarsh 2,573.6499633789062
2018-01-29 06:00:00,52.402551,-0.949527,156.577,13.366083145141602,240.8206024169922,244.99844360351562,Kelmarsh 2,781.8662109375
2018-01-29 07:00:00,52.402551,-0.949527,156.577,11.057269096374512,235.61491394042963,235.120361328125,Kelmarsh 2,723.9281005859375
2018-01-29 08:00:00,52.402551,-0.949527,156.577,11.918543815612793,240.6663818359375,230.73010253906241,Kelmarsh 2,897.6157836914062
2018-01-29 09:00:00,52.402551,-0.949527,156.577,12.720542907714844,239.587646484375,237.31549072265622,Kelmarsh 2,870.1025390625
2018-01-29 10:00:00,52.402551,-0.949527,156.577,12.894670486450195,236.8441467285156,237.31549072265622,Kelmarsh 2,816.393310546875
2018-01-29 11:00:00,52.402551,-0.949527,156.577,12.31816577911377,242.54539489746094,237.31549072265622,Kelmarsh 2,950.05517578125
2018-01-29 12:00:00,52.402551,-0.949527,156.577,10.77966594696045,268.9489440917969,261.8475036621094,Kelmarsh 2,1015.6851806640625
2018-01-29 13:00:00,52.402551,-0.949527,156.577,9.463644027709961,315.9512939453125,317.4377136230469,Kelmarsh 2,739.1509399414062
2018-01-29 14:00:00,52.402551,-0.949527,156.577,10.968958854675293,307.37567138671864,300.9742431640625,Kelmarsh 2,584.8483276367188
2018-01-29 15:00:00,52.402551,-0.949527,156.577,8.390100479125977,302.2431640625,307.55963134765625,Kelmarsh 2,495.97332763671875
2018-01-29 16:00:00,52.402551,-0.949527,156.577,10.495487213134766,294.6235656738281,289.1138916015625,Kelmarsh 2,468.4515380859375
2018-01-29 17:00:00,52.402551,-0.949527,156.577,9.685807228088379,294.5684814453125,300.9742431640625,Kelmarsh 2,514.2852783203125
2018-01-29 18:00:00,52.402551,-0.949527,156.577,8.634334564208984,303.50640869140625,300.9742431640625,Kelmarsh 2,566.7076416015625
2018-01-29 19:00:00,52.402551,-0.949527,156.577,7.5206756591796875,301.2637634277344,306.4307861328125,Kelmarsh 2,519.32177734375
2018-01-29 20:00:00,52.402551,-0.949527,156.577,5.739163875579834,282.7275085449219,289.99859619140625,Kelmarsh 2,433.2132873535156
2018-01-29 21:00:00,52.402551,-0.949527,156.577,7.383360862731934,284.1978454589844,289.99859619140625,Kelmarsh 2,335.1263427734375
2018-01-29 22:00:00,52.402551,-0.949527,156.577,7.105279922485352,287.75994873046875,289.99859619140625,Kelmarsh 2,300.6562805175781
2018-01-29 23:00:00,52.402551,-0.949527,156.577,8.463310241699219,288.5978088378906,289.99859619140625,Kelmarsh 2,304.22515869140625
2018-01-30 00:00:00,52.402551,-0.949527,156.577,9.290264129638672,280.0681457519531,279.9092712402344,Kelmarsh 2,302.7872619628906
2018-01-30 01:00:00,52.402551,-0.949527,156.577,9.277693748474121,293.9464416503906,286.92498779296875,Kelmarsh 2,376.04620361328125
2018-01-30 02:00:00,52.402551,-0.949527,156.577,8.429821014404297,289.2973937988281,289.6497497558594,Kelmarsh 2,326.3614501953125
2018-01-30 03:00:00,52.402551,-0.949527,156.577,6.593159198760986,277.056884765625,284.51077270507807,Kelmarsh 2,213.88995361328125
2018-01-30 04:00:00,52.402551,-0.949527,156.577,6.319999694824219,254.5089874267578,263.65704345703125,Kelmarsh 2,179.79598999023438
2018-01-30 05:00:00,52.402551,-0.949527,156.577,6.3130574226379395,265.97930908203125,264.7546081542969,Kelmarsh 2,227.50889587402344
2018-01-30 06:00:00,52.402551,-0.949527,156.577,5.6031718254089355,259.05126953125,264.7546081542969,Kelmarsh 2,270.0272216796875
2018-01-30 07:00:00,52.402551,-0.949527,156.577,7.182060718536377,254.67369079589844,249.6036682128906,Kelmarsh 2,278.6939392089844
2018-01-30 08:00:00,52.402551,-0.949527,156.577,6.361561298370361,243.14622497558594,241.70574951171875,Kelmarsh 2,325.10333251953125
2018-01-30 09:00:00,52.402551,-0.949527,156.577,5.349626541137695,236.49462890625003,241.70574951171875,Kelmarsh 2,303.6877746582031
2018-01-30 10:00:00,52.402551,-0.949527,156.577,4.731866359710693,232.88102722167963,241.70574951171875,Kelmarsh 2,272.3736572265625
2018-01-30 11:00:00,52.402551,-0.949527,156.577,3.9690778255462646,233.86564636230466,241.70574951171875,Kelmarsh 2,258.6309509277344
2018-01-30 12:00:00,52.402551,-0.949527,156.577,4.069575309753418,216.2230834960937,225.2422790527344,Kelmarsh 2,284.3083190917969
2018-01-30 13:00:00,52.402551,-0.949527,156.577,7.05243444442749,234.543701171875,236.88870239257812,Kelmarsh 2,287.5992126464844
2018-01-30 14:00:00,52.402551,-0.949527,156.577,6.089376449584961,228.2310028076172,225.2422790527344,Kelmarsh 2,209.2156219482422
2018-01-30 15:00:00,52.402551,-0.949527,156.577,5.3725905418396,217.60820007324216,209.87637329101557,Kelmarsh 2,165.74908447265625
2018-01-30 16:00:00,52.402551,-0.949527,156.577,4.803828716278076,204.26493835449213,209.87637329101557,Kelmarsh 2,152.95237731933594
2018-01-30 17:00:00,52.402551,-0.949527,156.577,6.409711837768555,200.23445129394526,209.87637329101557,Kelmarsh 2,228.9003448486328
2018-01-30 18:00:00,52.402551,-0.949527,156.577,5.48175573348999,217.51994323730466,209.87637329101557,Kelmarsh 2,254.03189086914062
2018-01-30 19:00:00,52.402551,-0.949527,156.577,6.993577480316162,205.76914978027344,209.87637329101557,Kelmarsh 2,237.942626953125
2018-01-30 20:00:00,52.402551,-0.949527,156.577,6.214587688446045,201.20884704589838,198.90072631835932,Kelmarsh 2,209.94232177734375
2018-01-30 21:00:00,52.402551,-0.949527,156.577,7.360650062561035,185.59336853027338,190.04544067382812,Kelmarsh 2,211.09632873535156
2018-01-30 22:00:00,52.402551,-0.949527,156.577,7.4710516929626465,194.3157501220703,183.30322265624997,Kelmarsh 2,169.9753875732422
2018-01-30 23:00:00,52.402551,-0.949527,156.577,9.408099174499512,215.5290985107422,212.2986450195312,Kelmarsh 2,137.75450134277344
2018-01-31 00:00:00,52.402551,-0.949527,156.577,9.935558319091797,224.82293701171872,226.0012969970703,Kelmarsh 2,122.01807403564453
2018-01-31 01:00:00,52.402551,-0.949527,156.577,11.182583808898926,230.00978088378898,226.33984375,Kelmarsh 2,132.08209228515625
2018-01-31 02:00:00,52.402551,-0.949527,156.577,11.866823196411133,258.1549072265625,255.09878540039062,Kelmarsh 2,136.04998779296875
2018-01-31 03:00:00,52.402551,-0.949527,156.577,12.013490676879883,247.31048583984372,250.20960998535156,Kelmarsh 2,259.9674072265625
2018-01-31 04:00:00,52.402551,-0.949527,156.577,9.78563117980957,223.7174224853515,232.92523193359375,Kelmarsh 2,155.58265686035156
2018-01-31 05:00:00,52.402551,-0.949527,156.577,9.989289283752441,222.68357849121085,219.7544555664062,Kelmarsh 2,105.50677490234375
2018-01-31 06:00:00,52.402551,-0.949527,156.577,9.184449195861816,223.80183410644528,219.7544555664062,Kelmarsh 2,43.87144088745117
2018-01-31 07:00:00,52.402551,-0.949527,156.577,11.737207412719727,239.97161865234366,239.5106201171874,Kelmarsh 2,38.34246826171875
2018-01-31 08:00:00,52.402551,-0.949527,156.577,11.257627487182617,277.3287353515625,274.7820129394531,Kelmarsh 2,31.985450744628906
2018-01-31 09:00:00,52.402551,-0.949527,156.577,8.167811393737793,267.5458679199219,268.4886779785156,Kelmarsh 2,49.791507720947266
2018-01-31 10:00:00,52.402551,-0.949527,156.577,7.191648483276367,257.2590026855468,252.288101196289,Kelmarsh 2,62.847572326660156
2018-01-31 11:00:00,52.402551,-0.949527,156.577,7.345118522644043,257.330810546875,261.84722900390625,Kelmarsh 2,36.5257568359375
2018-01-31 12:00:00,52.402551,-0.949527,156.577,8.636458396911621,254.4213409423828,257.2922668457031,Kelmarsh 2,37.40182876586914
2018-01-31 13:00:00,52.402551,-0.949527,156.577,10.574013710021973,266.2793884277344,268.04730224609375,Kelmarsh 2,14.232702255249023
2018-01-31 14:00:00,52.402551,-0.949527,156.577,10.088288307189941,269.8970031738281,268.28350830078125,Kelmarsh 2,-7.3431596755981445
2018-01-31 15:00:00,52.402551,-0.949527,156.577,12.466071128845215,270.2127685546875,275.7302551269531,Kelmarsh 2,-4.1878180503845215
2018-01-31 16:00:00,52.402551,-0.949527,156.577,7.717818260192871,267.46441650390625,273.9790954589844,Kelmarsh 2,27.68600845336914
2018-01-31 17:00:00,52.402551,-0.949527,156.577,10.16818904876709,249.82958984374994,248.2911376953125,Kelmarsh 2,44.68285369873047
2018-01-31 18:00:00,52.402551,-0.949527,156.577,12.706038475036621,257.4091491699219,251.31465148925778,Kelmarsh 2,58.80290985107422
2018-01-31 19:00:00,52.402551,-0.949527,156.577,10.207897186279297,250.28012084960938,254.87652587890622,Kelmarsh 2,105.21288299560547
2018-01-31 20:00:00,52.402551,-0.949527,156.577,11.804865837097168,247.8673553466797,254.87652587890622,Kelmarsh 2,48.55848693847656
2018-01-31 21:00:00,52.402551,-0.949527,156.577,10.990789413452148,251.5194091796875,243.90087890624994,Kelmarsh 2,25.7606143951416
2018-01-31 22:00:00,52.402551,-0.949527,156.577,9.466418266296387,237.80439758300778,243.90087890624994,Kelmarsh 2,16.180049896240234
2018-01-31 23:00:00,52.402551,-0.949527,156.577,8.840490341186523,239.80310058593741,234.02279663085932,Kelmarsh 2,82.4149398803711
2018-02-01 00:00:00,52.402551,-0.949527,156.577,9.2175874710083,241.49755859375003,234.02279663085932,Kelmarsh 2,57.462642669677734
2018-02-01 01:00:00,52.402551,-0.949527,156.577,10.190800666809082,241.9498291015625,249.3887023925781,Kelmarsh 2,109.06706237792969
2018-02-01 02:00:00,52.402551,-0.949527,156.577,8.171906471252441,286.93475341796875,282.3156433105469,Kelmarsh 2,92.43628692626953
2018-02-01 03:00:00,52.402551,-0.949527,156.577,10.857046127319336,312.5569152832031,311.94989013671875,Kelmarsh 2,39.89137268066406
2018-02-01 04:00:00,52.402551,-0.949527,156.577,10.768855094909668,312.7605895996094,311.94989013671875,Kelmarsh 2,72.83331298828125
2018-02-01 05:00:00,52.402551,-0.949527,156.577,9.084253311157227,294.7886962890625,292.1937255859375,Kelmarsh 2,176.14346313476562
2018-02-01 06:00:00,52.402551,-0.949527,156.577,10.411100387573242,289.25378417968744,295.4864196777344,Kelmarsh 2,236.95513916015625
2018-02-01 07:00:00,52.402551,-0.949527,156.577,10.665870666503906,283.8121337890625,280.1205139160156,Kelmarsh 2,206.463134765625
2018-02-01 08:00:00,52.402551,-0.949527,156.577,9.226831436157227,295.6662902832031,293.29129028320307,Kelmarsh 2,267.89093017578125
2018-02-01 09:00:00,52.402551,-0.949527,156.577,10.553122520446777,287.6080322265625,293.29129028320307,Kelmarsh 2,318.5893859863281
2018-02-01 10:00:00,52.402551,-0.949527,156.577,10.830686569213867,301.04083251953125,305.364501953125,Kelmarsh 2,241.18975830078125
2018-02-01 11:00:00,52.402551,-0.949527,156.577,11.476017951965332,291.52880859375,293.29129028320307,Kelmarsh 2,293.60614013671875
2018-02-01 12:00:00,52.402551,-0.949527,156.577,10.492498397827148,297.36859130859364,294.38885498046875,Kelmarsh 2,418.3619079589844
2018-02-01 13:00:00,52.402551,-0.949527,156.577,12.379358291625977,295.376220703125,302.0718078613281,Kelmarsh 2,178.74501037597656
2018-02-01 14:00:00,52.402551,-0.949527,156.577,12.25058650970459,305.8605651855469,305.6819763183594,Kelmarsh 2,108.61300659179688
2018-02-01 15:00:00,52.402551,-0.949527,156.577,11.047480583190918,307.3023681640625,309.7547607421875,Kelmarsh 2,186.5841522216797
2018-02-01 16:00:00,52.402551,-0.949527,156.577,10.265510559082031,314.1506042480469,309.7547607421875,Kelmarsh 2,244.18333435058594
2018-02-01 17:00:00,52.402551,-0.949527,156.577,8.92989444732666,313.678466796875,319.6328430175781,Kelmarsh 2,169.2716064453125
2018-02-01 18:00:00,52.402551,-0.949527,156.577,9.643453598022461,303.7398376464844,302.0718078613281,Kelmarsh 2,174.82992553710938
2018-02-01 19:00:00,52.402551,-0.949527,156.577,10.144498825073242,302.7896728515625,302.0718078613281,Kelmarsh 2,231.36688232421875
2018-02-01 20:00:00,52.402551,-0.949527,156.577,9.997431755065918,307.0910949707031,302.0718078613281,Kelmarsh 2,272.5193176269531
2018-02-01 21:00:00,52.402551,-0.949527,156.577,9.38594913482666,300.6505126953125,300.9742431640625,Kelmarsh 2,258.7008056640625
2018-02-01 22:00:00,52.402551,-0.949527,156.577,12.08432388305664,299.66668701171875,300.9742431640625,Kelmarsh 2,189.330322265625
2018-02-01 23:00:00,52.402551,-0.949527,156.577,10.646529197692871,302.7762145996094,300.9742431640625,Kelmarsh 2,181.5892333984375
2018-02-02 00:00:00,52.402551,-0.949527,156.577,11.651490211486816,295.91546630859375,300.9742431640625,Kelmarsh 2,244.30503845214844
2018-02-02 01:00:00,52.402551,-0.949527,156.577,10.750831604003906,294.1851806640625,300.9742431640625,Kelmarsh 2,397.4344787597656
2018-02-02 02:00:00,52.402551,-0.949527,156.577,9.389847755432129,298.73907470703125,300.9742431640625,Kelmarsh 2,522.909912109375
2018-02-02 03:00:00,52.402551,-0.949527,156.577,10.401373863220215,299.68634033203125,302.0718078613281,Kelmarsh 2,435.652587890625
2018-02-02 04:00:00,52.402551,-0.949527,156.577,9.83096694946289,306.35525512695307,308.6571960449219,Kelmarsh 2,417.6409912109375
2018-02-02 05:00:00,52.402551,-0.949527,156.577,10.949172019958496,302.9011535644531,308.6571960449219,Kelmarsh 2,536.6302490234375
2018-02-02 06:00:00,52.402551,-0.949527,156.577,11.264883041381836,313.2838134765625,308.6571960449219,Kelmarsh 2,651.6216430664062
2018-02-02 07:00:00,52.402551,-0.949527,156.577,9.834660530090332,305.1422119140625,308.6571960449219,Kelmarsh 2,507.7340393066406
2018-02-02 08:00:00,52.402551,-0.949527,156.577,10.680739402770996,310.2947692871094,310.8523254394531,Kelmarsh 2,453.4571228027344
2018-02-02 09:00:00,52.402551,-0.949527,156.577,11.293691635131836,319.64855957031244,321.8279724121094,Kelmarsh 2,392.45343017578125
2018-02-02 10:00:00,52.402551,-0.949527,156.577,9.708510398864746,320.9596252441405,321.8279724121094,Kelmarsh 2,322.1897277832031
2018-02-02 11:00:00,52.402551,-0.949527,156.577,10.082274436950684,328.90155029296875,326.44863891601557,Kelmarsh 2,350.7391052246094
2018-02-02 12:00:00,52.402551,-0.949527,156.577,7.764581203460693,335.7844543457031,327.5352172851562,Kelmarsh 2,308.2623596191406
2018-02-02 13:00:00,52.402551,-0.949527,156.577,6.7902092933654785,323.665771484375,330.04254150390625,Kelmarsh 2,327.0257263183594
2018-02-02 14:00:00,52.402551,-0.949527,156.577,5.823306083679199,342.3245544433594,330.6084899902343,Kelmarsh 2,881.20263671875
2018-02-02 15:00:00,52.402551,-0.949527,156.577,5.784121990203857,330.075927734375,330.6084899902343,Kelmarsh 2,1107.4112548828125
2018-02-02 16:00:00,52.402551,-0.949527,156.577,6.007336139678955,324.7648620605469,330.6084899902343,Kelmarsh 2,1278.28125
2018-02-02 17:00:00,52.402551,-0.949527,156.577,3.7514147758483887,324.7251892089844,330.6084899902343,Kelmarsh 2,1031.4681396484375
2018-02-02 18:00:00,52.402551,-0.949527,156.577,5.083064079284668,317.45925903320307,313.9423522949218,Kelmarsh 2,1396.64306640625
2018-02-02 19:00:00,52.402551,-0.949527,156.577,5.555500507354736,305.9795837402344,304.91729736328125,Kelmarsh 2,1586.9923095703125
2018-02-02 20:00:00,52.402551,-0.949527,156.577,5.5789475440979,292.5274658203125,303.61395263671875,Kelmarsh 2,1371.4320068359375
2018-02-02 21:00:00,52.402551,-0.949527,156.577,6.4248433113098145,286.95233154296875,285.60833740234375,Kelmarsh 2,1180.295166015625
2018-02-02 22:00:00,52.402551,-0.949527,156.577,6.499647617340088,294.0050354003906,294.644775390625,Kelmarsh 2,1383.0042724609375
2018-02-02 23:00:00,52.402551,-0.949527,156.577,5.626523494720459,294.9647216796875,295.4864196777344,Kelmarsh 2,1530.19287109375
2018-02-03 00:00:00,52.402551,-0.949527,156.577,5.765222549438477,275.7896728515625,276.82781982421875,Kelmarsh 2,1589.5574951171875
2018-02-03 01:00:00,52.402551,-0.949527,156.577,6.33859920501709,262.54666137695307,276.82781982421875,Kelmarsh 2,2031.844482421875
2018-02-03 02:00:00,52.402551,-0.949527,156.577,5.525283336639404,264.07763671875,269.1448669433594,Kelmarsh 2,1928.103271484375
2018-02-03 03:00:00,52.402551,-0.949527,156.577,7.024391174316406,255.8709259033203,252.681396484375,Kelmarsh 2,1719.8768310546875
2018-02-03 04:00:00,52.402551,-0.949527,156.577,6.5009284019470215,256.9026794433594,252.681396484375,Kelmarsh 2,1607.0889892578125
2018-02-03 05:00:00,52.402551,-0.949527,156.577,6.912682056427002,261.3746337890625,252.98602294921875,Kelmarsh 2,992.7666625976562
2018-02-03 06:00:00,52.402551,-0.949527,156.577,5.632389068603516,254.34283447265625,265.8521728515625,Kelmarsh 2,923.217529296875
2018-02-03 07:00:00,52.402551,-0.949527,156.577,4.095339775085449,255.1897430419922,265.8521728515625,Kelmarsh 2,1627.1253662109375
2018-02-03 08:00:00,52.402551,-0.949527,156.577,2.5034570693969727,235.58290100097656,243.90087890624994,Kelmarsh 2,1482.5382080078125
2018-02-03 09:00:00,52.402551,-0.949527,156.577,2.9069128036499023,200.81591796875,206.58367919921872,Kelmarsh 2,1314.0765380859375
2018-02-03 10:00:00,52.402551,-0.949527,156.577,2.09450364112854,215.9293060302734,206.58367919921872,Kelmarsh 2,1740.8233642578125
2018-02-03 11:00:00,52.402551,-0.949527,156.577,1.8925312757492065,191.5104827880859,206.58367919921872,Kelmarsh 2,1332.860107421875
2018-02-03 12:00:00,52.402551,-0.949527,156.577,1.422562599182129,183.88540649414057,195.60803222656247,Kelmarsh 2,1137.5853271484375
2018-02-03 13:00:00,52.402551,-0.949527,156.577,1.3116936683654785,172.76771545410156,195.60803222656247,Kelmarsh 2,1194.6063232421875
2018-02-03 14:00:00,52.402551,-0.949527,156.577,0.7879284024238586,103.581298828125,195.60803222656247,Kelmarsh 2,1457.0203857421875
2018-02-03 15:00:00,52.402551,-0.949527,156.577,1.7718374729156494,86.62386322021484,195.60803222656247,Kelmarsh 2,1980.307861328125
2018-02-03 16:00:00,52.402551,-0.949527,156.577,1.8006186485290527,79.2623519897461,195.60803222656247,Kelmarsh 2,1802.5430908203125
2018-02-03 17:00:00,52.402551,-0.949527,156.577,2.5982062816619873,69.8702163696289,60.608028411865234,Kelmarsh 2,1667.4422607421875
2018-02-03 18:00:00,52.402551,-0.949527,156.577,3.3620829582214355,47.34462356567383,50.729984283447266,Kelmarsh 2,1494.122802734375
2018-02-03 19:00:00,52.402551,-0.949527,156.577,4.215606212615967,41.8858642578125,50.729984283447266,Kelmarsh 2,1433.1378173828125
2018-02-03 20:00:00,52.402551,-0.949527,156.577,4.5501580238342285,34.5677375793457,21.095840454101562,Kelmarsh 2,1249.768798828125
2018-02-03 21:00:00,52.402551,-0.949527,156.577,5.532281398773193,27.940336227416992,21.095840454101562,Kelmarsh 2,979.52490234375
2018-02-03 22:00:00,52.402551,-0.949527,156.577,6.192642688751221,31.23160743713379,21.095840454101562,Kelmarsh 2,1729.794189453125
2018-02-03 23:00:00,52.402551,-0.949527,156.577,6.4841108322143555,20.438901901245117,21.095840454101562,Kelmarsh 2,1835.1536865234375
2018-02-04 00:00:00,52.402551,-0.949527,156.577,7.8469390869140625,25.834407806396484,21.095840454101562,Kelmarsh 2,1952.9722900390625
2018-02-04 01:00:00,52.402551,-0.949527,156.577,5.088340759277344,51.81340789794922,51.827545166015625,Kelmarsh 2,1773.6031494140625
2018-02-04 02:00:00,52.402551,-0.949527,156.577,7.280219554901123,42.06271743774414,43.04705810546875,Kelmarsh 2,1861.5032958984375
2018-02-04 03:00:00,52.402551,-0.949527,156.577,8.246602058410645,36.388370513916016,33.54939270019531,Kelmarsh 2,1681.891357421875
2018-02-04 04:00:00,52.402551,-0.949527,156.577,9.970000267028809,43.89009475708008,40.85193634033203,Kelmarsh 2,1724.935302734375
2018-02-04 05:00:00,52.402551,-0.949527,156.577,8.176825523376465,44.35271453857422,40.85193634033203,Kelmarsh 2,1709.1666259765625
2018-02-04 06:00:00,52.402551,-0.949527,156.577,6.727427959442139,22.068042755126953,25.486083984375,Kelmarsh 2,1073.9886474609375
2018-02-04 07:00:00,52.402551,-0.949527,156.577,7.894007205963135,18.104631423950195,13.412917137145996,Kelmarsh 2,938.590087890625
2018-02-04 08:00:00,52.402551,-0.949527,156.577,7.429257869720459,20.245637893676758,22.19339942932129,Kelmarsh 2,1070.4107666015625
2018-02-04 09:00:00,52.402551,-0.949527,156.577,6.968554973602295,22.947063446044922,22.19339942932129,Kelmarsh 2,923.5892333984375
2018-02-04 10:00:00,52.402551,-0.949527,156.577,6.787848949432373,22.766284942626953,22.19339942932129,Kelmarsh 2,713.5280151367188
2018-02-04 11:00:00,52.402551,-0.949527,156.577,7.293900012969971,27.6799373626709,24.634065628051758,Kelmarsh 2,736.3060913085938
2018-02-04 12:00:00,52.402551,-0.949527,156.577,10.184267044067383,37.76395034790039,35.72324752807617,Kelmarsh 2,909.2579956054688
2018-02-04 13:00:00,52.402551,-0.949527,156.577,7.6977458000183105,37.64263916015625,37.55925369262695,Kelmarsh 2,1008.71240234375
2018-02-04 14:00:00,52.402551,-0.949527,156.577,6.214694976806641,30.675256729125977,35.364131927490234,Kelmarsh 2,1185.171142578125
2018-02-04 15:00:00,52.402551,-0.949527,156.577,8.453666687011719,32.85364532470703,36.461692810058594,Kelmarsh 2,1319.290283203125
2018-02-04 16:00:00,52.402551,-0.949527,156.577,8.630158424377441,22.037487030029297,21.095840454101562,Kelmarsh 2,1125.4149169921875
2018-02-04 17:00:00,52.402551,-0.949527,156.577,8.122682571411133,23.639616012573242,21.095840454101562,Kelmarsh 2,1330.7281494140625
2018-02-04 18:00:00,52.402551,-0.949527,156.577,7.976907253265381,32.495689392089844,37.802371978759766,Kelmarsh 2,1537.3662109375
2018-02-04 19:00:00,52.402551,-0.949527,156.577,6.950140953063965,23.19089698791504,18.900718688964844,Kelmarsh 2,1733.0635986328125
2018-02-04 20:00:00,52.402551,-0.949527,156.577,6.2593560218811035,24.74603271484375,15.608036994934082,Kelmarsh 2,1854.8277587890625
2018-02-04 21:00:00,52.402551,-0.949527,156.577,5.8194804191589355,17.353586196899414,15.608036994934082,Kelmarsh 2,1669.478759765625
2018-02-04 22:00:00,52.402551,-0.949527,156.577,5.442605972290039,18.443880081176758,15.608036994934082,Kelmarsh 2,1619.765625
2018-02-04 23:00:00,52.402551,-0.949527,156.577,5.726222515106201,22.82167625427246,34.266571044921875,Kelmarsh 2,1611.4820556640625
2018-02-05 00:00:00,52.402551,-0.949527,156.577,5.226909637451172,24.160144805908203,34.266571044921875,Kelmarsh 2,1474.2598876953125
2018-02-05 01:00:00,52.402551,-0.949527,156.577,5.269956588745117,26.066835403442383,34.266571044921875,Kelmarsh 2,1509.9521484375
2018-02-05 02:00:00,52.402551,-0.949527,156.577,4.483834266662598,24.918140411376953,34.266571044921875,Kelmarsh 2,1408.87109375
2018-02-05 03:00:00,52.402551,-0.949527,156.577,5.583105564117432,24.07120132446289,34.266571044921875,Kelmarsh 2,1450.773681640625
2018-02-05 04:00:00,52.402551,-0.949527,156.577,5.43504524230957,30.095802307128906,34.266571044921875,Kelmarsh 2,1409.749267578125
2018-02-05 05:00:00,52.402551,-0.949527,156.577,5.24526834487915,24.946521759033203,34.266571044921875,Kelmarsh 2,1453.9813232421875
2018-02-05 06:00:00,52.402551,-0.949527,156.577,5.841848373413086,28.924678802490234,34.266571044921875,Kelmarsh 2,1480.9599609375
2018-02-05 07:00:00,52.402551,-0.949527,156.577,5.907837867736816,33.50601577758789,34.266571044921875,Kelmarsh 2,1533.39404296875
2018-02-05 08:00:00,52.402551,-0.949527,156.577,4.792250633239746,16.135730743408203,17.22748374938965,Kelmarsh 2,1470.282958984375
2018-02-05 09:00:00,52.402551,-0.949527,156.577,4.89605188369751,30.64190101623535,28.778764724731445,Kelmarsh 2,1350.5894775390625
2018-02-05 10:00:00,52.402551,-0.949527,156.577,4.118710041046143,53.431732177734375,40.43112564086914,Kelmarsh 2,1317.5472412109375
2018-02-05 11:00:00,52.402551,-0.949527,156.577,4.99530553817749,43.93563461303711,46.33974075317383,Kelmarsh 2,1117.2208251953125
2018-02-05 12:00:00,52.402551,-0.949527,156.577,5.782986640930176,50.87876510620117,46.33974075317383,Kelmarsh 2,1068.9334716796875
2018-02-05 13:00:00,52.402551,-0.949527,156.577,6.564301013946533,55.74810791015625,40.85193634033203,Kelmarsh 2,1176.944091796875
2018-02-05 14:00:00,52.402551,-0.949527,156.577,5.7701416015625,39.26558303833008,40.85193634033203,Kelmarsh 2,1404.9400634765625
2018-02-05 15:00:00,52.402551,-0.949527,156.577,6.19598388671875,33.09813690185547,34.9340934753418,Kelmarsh 2,1380.860107421875
2018-02-05 16:00:00,52.402551,-0.949527,156.577,4.321510314941406,39.613677978515625,25.486083984375,Kelmarsh 2,1330.9169921875
2018-02-05 17:00:00,52.402551,-0.949527,156.577,4.876394271850586,33.21946716308594,48.53486251831055,Kelmarsh 2,1138.9527587890625
2018-02-05 18:00:00,52.402551,-0.949527,156.577,4.798710346221924,36.9678955078125,48.53486251831055,Kelmarsh 2,1193.881103515625
2018-02-05 19:00:00,52.402551,-0.949527,156.577,4.6106719970703125,39.429691314697266,48.53486251831055,Kelmarsh 2,1118.3140869140625
2018-02-05 20:00:00,52.402551,-0.949527,156.577,4.36761474609375,40.84139633178711,48.53486251831055,Kelmarsh 2,1495.936767578125
2018-02-05 21:00:00,52.402551,-0.949527,156.577,4.476576328277588,38.42082214355469,48.53486251831055,Kelmarsh 2,1581.427001953125
2018-02-05 22:00:00,52.402551,-0.949527,156.577,2.775991678237915,61.037261962890625,48.53486251831055,Kelmarsh 2,1378.0926513671875
2018-02-05 23:00:00,52.402551,-0.949527,156.577,2.886335849761963,54.79710006713867,48.53486251831055,Kelmarsh 2,1413.807373046875
2018-02-06 00:00:00,52.402551,-0.949527,156.577,1.7104499340057373,73.18148040771484,68.29094696044922,Kelmarsh 2,1569.3707275390625
2018-02-06 01:00:00,52.402551,-0.949527,156.577,2.8822619915008545,58.13772201538086,59.510475158691406,Kelmarsh 2,1472.3712158203125
2018-02-06 02:00:00,52.402551,-0.949527,156.577,3.278289794921875,45.121490478515625,44.14461898803711,Kelmarsh 2,1622.16015625
2018-02-06 03:00:00,52.402551,-0.949527,156.577,3.58164119720459,9.28925895690918,15.608036994934082,Kelmarsh 2,1897.614501953125
2018-02-06 04:00:00,52.402551,-0.949527,156.577,2.8888702392578125,32.11223220825195,32.071449279785156,Kelmarsh 2,1746.196044921875
2018-02-06 05:00:00,52.402551,-0.949527,156.577,3.392693519592285,26.774730682373047,32.071449279785156,Kelmarsh 2,1701.3397216796875
2018-02-06 06:00:00,52.402551,-0.949527,156.577,2.721473455429077,12.08186149597168,24.88339614868164,Kelmarsh 2,1658.6539306640625
2018-02-06 07:00:00,52.402551,-0.949527,156.577,5.830778121948242,330.83184814453125,334.9742126464844,Kelmarsh 2,1594.517333984375
2018-02-06 08:00:00,52.402551,-0.949527,156.577,4.648390769958496,344.8125305175781,328.4128112792969,Kelmarsh 2,1649.398193359375
2018-02-06 09:00:00,52.402551,-0.949527,156.577,3.566549777984619,345.8052062988281,343.7787170410155,Kelmarsh 2,1868.9727783203125
2018-02-06 10:00:00,52.402551,-0.949527,156.577,2.216644763946533,16.381423950195312,11.217787742614746,Kelmarsh 2,1866.9197998046875
2018-02-06 11:00:00,52.402551,-0.949527,156.577,4.512364864349365,331.94744873046875,336.0957641601562,Kelmarsh 2,1806.5594482421875
2018-02-06 12:00:00,52.402551,-0.949527,156.577,4.594077110290527,333.69677734375,336.0957641601562,Kelmarsh 2,1805.6749267578125
2018-02-06 13:00:00,52.402551,-0.949527,156.577,3.9402129650115967,357.03460693359375,2.437307357788086,Kelmarsh 2,1573.758056640625
2018-02-06 14:00:00,52.402551,-0.949527,156.577,3.2999279499053955,347.30764770507807,358.6623229980469,Kelmarsh 2,1562.626953125
2018-02-06 15:00:00,52.402551,-0.949527,156.577,4.229918003082275,332.20037841796864,339.3884582519531,Kelmarsh 2,1563.47314453125
2018-02-06 16:00:00,52.402551,-0.949527,156.577,3.4883832931518555,354.8927001953125,339.3884582519531,Kelmarsh 2,1586.23046875
2018-02-06 17:00:00,52.402551,-0.949527,156.577,5.891744613647461,310.3408508300781,309.7542114257812,Kelmarsh 2,1660.1024169921875
2018-02-06 18:00:00,52.402551,-0.949527,156.577,5.098123073577881,321.1035461425781,309.7542114257812,Kelmarsh 2,1562.820068359375
2018-02-06 19:00:00,52.402551,-0.949527,156.577,5.495045185089111,321.861572265625,309.7542114257812,Kelmarsh 2,1641.25
2018-02-06 20:00:00,52.402551,-0.949527,156.577,6.196930408477783,328.61700439453125,322.8907165527344,Kelmarsh 2,1648.1651611328125
2018-02-06 21:00:00,52.402551,-0.949527,156.577,7.501168727874756,331.8833312988281,332.8030700683594,Kelmarsh 2,1702.740234375
2018-02-06 22:00:00,52.402551,-0.949527,156.577,7.679409980773926,340.4996337890624,332.8030700683594,Kelmarsh 2,1619.6680908203125
2018-02-06 23:00:00,52.402551,-0.949527,156.577,7.478318214416504,333.3068847656249,339.3884582519531,Kelmarsh 2,1673.5137939453125
2018-02-07 00:00:00,52.402551,-0.949527,156.577,6.800360202789307,327.48846435546875,326.2176818847656,Kelmarsh 2,1787.4312744140625
2018-02-07 01:00:00,52.402551,-0.949527,156.577,6.711965560913086,329.0084533691406,328.4128112792969,Kelmarsh 2,1868.6964111328125
2018-02-07 02:00:00,52.402551,-0.949527,156.577,8.436737060546875,321.9778137207031,328.4128112792969,Kelmarsh 2,1789.362060546875
2018-02-07 03:00:00,52.402551,-0.949527,156.577,6.751819133758545,331.2200927734375,328.4128112792969,Kelmarsh 2,1752.12841796875
2018-02-07 04:00:00,52.402551,-0.949527,156.577,6.119877338409424,337.74688720703125,328.4128112792969,Kelmarsh 2,1958.1192626953125
2018-02-07 05:00:00,52.402551,-0.949527,156.577,7.823172569274902,323.2459716796875,325.3394470214844,Kelmarsh 2,2036.9088134765625
2018-02-07 06:00:00,52.402551,-0.949527,156.577,6.65867280960083,330.29791259765625,325.1201171875,Kelmarsh 2,2033.74658203125
2018-02-07 07:00:00,52.402551,-0.949527,156.577,5.920943260192871,333.37939453125,325.1201171875,Kelmarsh 2,1806.0872802734375
2018-02-07 08:00:00,52.402551,-0.949527,156.577,5.716551303863525,346.603546142578,352.5592346191406,Kelmarsh 2,1723.133544921875
2018-02-07 09:00:00,52.402551,-0.949527,156.577,6.5353875160217285,338.5777587890625,327.31524658203125,Kelmarsh 2,1849.8316650390625
2018-02-07 10:00:00,52.402551,-0.949527,156.577,5.350559234619141,348.24920654296875,313.0469055175781,Kelmarsh 2,1694.0650634765625
2018-02-07 11:00:00,52.402551,-0.949527,156.577,5.183662414550781,342.1518249511719,313.0469055175781,Kelmarsh 2,2011.904296875
2018-02-07 12:00:00,52.402551,-0.949527,156.577,4.6177873611450195,343.9509582519531,313.0469055175781,Kelmarsh 2,2028.4501953125
2018-02-07 13:00:00,52.402551,-0.949527,156.577,5.193075180053711,335.9017028808594,313.0469055175781,Kelmarsh 2,1458.51904296875
2018-02-07 14:00:00,52.402551,-0.949527,156.577,3.1342124938964844,330.286865234375,313.0469055175781,Kelmarsh 2,1491.791748046875
2018-02-07 15:00:00,52.402551,-0.949527,156.577,3.61395001411438,320.7931213378906,299.8761291503906,Kelmarsh 2,1891.60205078125
2018-02-07 16:00:00,52.402551,-0.949527,156.577,3.8174221515655518,292.50244140625,292.19317626953125,Kelmarsh 2,1929.7763671875
2018-02-07 17:00:00,52.402551,-0.949527,156.577,4.222455978393555,304.01934814453125,292.19317626953125,Kelmarsh 2,1775.58203125
2018-02-07 18:00:00,52.402551,-0.949527,156.577,5.833829402923584,297.6886291503906,292.19317626953125,Kelmarsh 2,1730.342041015625
2018-02-07 19:00:00,52.402551,-0.949527,156.577,4.80060338973999,282.68743896484364,292.19317626953125,Kelmarsh 2,1384.954345703125
2018-02-07 20:00:00,52.402551,-0.949527,156.577,4.748702526092529,267.0389709472656,263.656494140625,Kelmarsh 2,1474.75927734375
2018-02-07 21:00:00,52.402551,-0.949527,156.577,4.715123176574707,239.46084594726562,237.31494140624991,Kelmarsh 2,1540.6580810546875
2018-02-07 22:00:00,52.402551,-0.949527,156.577,5.425899982452393,237.66841125488273,237.31494140624991,Kelmarsh 2,1802.8055419921875
2018-02-07 23:00:00,52.402551,-0.949527,156.577,5.6758809089660645,231.3247528076172,237.31494140624991,Kelmarsh 2,2050.995849609375
2018-02-08 00:00:00,52.402551,-0.949527,156.577,5.924618721008301,243.32585144042972,237.31494140624991,Kelmarsh 2,2056.034423828125
2018-02-08 01:00:00,52.402551,-0.949527,156.577,5.693589687347412,238.58616638183594,237.31494140624991,Kelmarsh 2,2025.3253173828125
2018-02-08 02:00:00,52.402551,-0.949527,156.577,5.929042339324951,235.6578369140625,237.31494140624991,Kelmarsh 2,1869.5736083984375
2018-02-08 03:00:00,52.402551,-0.949527,156.577,5.816436290740967,226.26174926757815,237.31494140624991,Kelmarsh 2,1598.00390625
2018-02-08 04:00:00,52.402551,-0.949527,156.577,6.899558067321777,209.86888122558585,216.46121215820315,Kelmarsh 2,1425.111328125
2018-02-08 05:00:00,52.402551,-0.949527,156.577,7.504733085632324,220.61219787597653,216.46121215820315,Kelmarsh 2,1200.1639404296875
2018-02-08 06:00:00,52.402551,-0.949527,156.577,7.2570905685424805,216.12402343749997,216.46121215820315,Kelmarsh 2,1080.62744140625
2018-02-08 07:00:00,52.402551,-0.949527,156.577,7.108312129974365,202.20869445800778,199.99774169921875,Kelmarsh 2,1185.5899658203125
2018-02-08 08:00:00,52.402551,-0.949527,156.577,7.868242263793945,207.47590637207028,199.99774169921875,Kelmarsh 2,1091.442138671875
2018-02-08 09:00:00,52.402551,-0.949527,156.577,8.201703071594238,207.461196899414,199.99774169921875,Kelmarsh 2,1521.6253662109375
2018-02-08 10:00:00,52.402551,-0.949527,156.577,10.062524795532227,223.951904296875,296.5839538574219,Kelmarsh 2,1447.958251953125
2018-02-08 11:00:00,52.402551,-0.949527,156.577,10.887675285339355,219.87623596191406,296.5839538574219,Kelmarsh 2,1438.2757568359375
2018-02-08 12:00:00,52.402551,-0.949527,156.577,10.818093299865723,215.0096588134765,296.5839538574219,Kelmarsh 2,1168.9373779296875
2018-02-08 13:00:00,52.402551,-0.949527,156.577,10.7451753616333,218.3306884765625,296.5839538574219,Kelmarsh 2,849.7301635742188
2018-02-08 14:00:00,52.402551,-0.949527,156.577,9.49537467956543,217.72419738769528,296.5839538574219,Kelmarsh 2,346.6803894042969
2018-02-08 15:00:00,52.402551,-0.949527,156.577,9.004403114318848,202.19239807128903,201.09582519531247,Kelmarsh 2,1014.0365600585938
2018-02-08 16:00:00,52.402551,-0.949527,156.577,9.310738563537598,200.169448852539,201.09582519531247,Kelmarsh 2,1126.033203125
2018-02-08 17:00:00,52.402551,-0.949527,156.577,9.891870498657227,193.92462158203122,191.2177429199218,Kelmarsh 2,1614.9617919921875
2018-02-08 18:00:00,52.402551,-0.949527,156.577,9.766634941101074,194.1091766357422,191.2177429199218,Kelmarsh 2,1814.4547119140625
2018-02-08 19:00:00,52.402551,-0.949527,156.577,10.373574256896973,197.2942810058594,201.09582519531247,Kelmarsh 2,1405.5621337890625
2018-02-08 20:00:00,52.402551,-0.949527,156.577,11.401369094848633,202.37969970703125,201.09582519531247,Kelmarsh 2,1476.092529296875
2018-02-08 21:00:00,52.402551,-0.949527,156.577,10.707988739013672,195.23208618164062,195.41398620605466,Kelmarsh 2,1540.4681396484375
2018-02-08 22:00:00,52.402551,-0.949527,156.577,10.909443855285645,199.63327026367182,199.99826049804685,Kelmarsh 2,1659.9183349609375
2018-02-08 23:00:00,52.402551,-0.949527,156.577,10.016194343566895,201.8661651611328,199.99826049804685,Kelmarsh 2,1747.39599609375
2018-02-09 00:00:00,52.402551,-0.949527,156.577,10.569451332092285,191.84661865234375,199.99826049804685,Kelmarsh 2,1973.40234375
2018-02-09 01:00:00,52.402551,-0.949527,156.577,10.480011940002441,188.51466369628906,193.41287231445312,Kelmarsh 2,1757.4461669921875
2018-02-09 02:00:00,52.402551,-0.949527,156.577,10.269503593444824,196.21189880371094,196.70556640625,Kelmarsh 2,1917.4625244140625
2018-02-09 03:00:00,52.402551,-0.949527,156.577,9.655360221862793,207.10665893554688,201.42687988281241,Kelmarsh 2,1667.3104248046875
2018-02-09 04:00:00,52.402551,-0.949527,156.577,7.280783176422119,223.154312133789,214.4131317138671,Kelmarsh 2,1743.639404296875
2018-02-09 05:00:00,52.402551,-0.949527,156.577,7.1374616622924805,245.63011169433594,237.315460205078,Kelmarsh 2,1749.564208984375
2018-02-09 06:00:00,52.402551,-0.949527,156.577,7.011600017547607,241.6612243652343,243.90084838867176,Kelmarsh 2,2050.9765625
2018-02-09 07:00:00,52.402551,-0.949527,156.577,9.221708297729492,290.47552490234375,291.09613037109375,Kelmarsh 2,2033.438720703125
2018-02-09 08:00:00,52.402551,-0.949527,156.577,8.228781700134277,282.4702758789062,288.90100097656244,Kelmarsh 2,1919.3858642578125
2018-02-09 09:00:00,52.402551,-0.949527,156.577,9.69778060913086,284.00732421875,275.73022460937494,Kelmarsh 2,1924.8582763671875
2018-02-09 10:00:00,52.402551,-0.949527,156.577,9.295123100280762,283.2109069824219,282.48065185546875,Kelmarsh 2,1888.80908203125
2018-02-09 11:00:00,52.402551,-0.949527,156.577,11.485757827758789,289.8077392578125,298.7790832519531,Kelmarsh 2,1619.4268798828125
2018-02-09 12:00:00,52.402551,-0.949527,156.577,10.467308044433594,307.79583740234375,308.44140625,Kelmarsh 2,1621.575927734375
2018-02-09 13:00:00,52.402551,-0.949527,156.577,12.50647258758545,312.73620605468744,314.8370971679687,Kelmarsh 2,1520.242431640625
2018-02-09 14:00:00,52.402551,-0.949527,156.577,13.406957626342773,310.9326477050781,314.1449890136719,Kelmarsh 2,1660.233642578125
2018-02-09 15:00:00,52.402551,-0.949527,156.577,12.191834449768066,311.3939819335937,316.7392578125,Kelmarsh 2,1777.7886962890625
2018-02-09 16:00:00,52.402551,-0.949527,156.577,10.701251029968262,314.2176513671875,310.852294921875,Kelmarsh 2,1671.2047119140625
2018-02-09 17:00:00,52.402551,-0.949527,156.577,11.568194389343262,308.2801208496094,305.3644714355469,Kelmarsh 2,1526.8934326171875
2018-02-09 18:00:00,52.402551,-0.949527,156.577,9.953442573547363,306.330810546875,305.3644714355469,Kelmarsh 2,1709.95849609375
2018-02-09 19:00:00,52.402551,-0.949527,156.577,9.451604843139648,302.099853515625,305.3644714355469,Kelmarsh 2,1244.1778564453125
2018-02-09 20:00:00,52.402551,-0.949527,156.577,8.672183990478516,299.31524658203125,305.3644714355469,Kelmarsh 2,1598.512451171875
2018-02-09 21:00:00,52.402551,-0.949527,156.577,6.318849086761475,287.33441162109375,292.1936950683594,Kelmarsh 2,1533.9462890625
2018-02-09 22:00:00,52.402551,-0.949527,156.577,8.751204490661621,287.03091430664057,292.1936950683594,Kelmarsh 2,1384.38037109375
2018-02-09 23:00:00,52.402551,-0.949527,156.577,8.329204559326172,282.01629638671875,278.5789489746094,Kelmarsh 2,1238.595458984375
2018-02-10 00:00:00,52.402551,-0.949527,156.577,7.882572650909424,264.55096435546875,263.6570129394531,Kelmarsh 2,1199.414306640625
2018-02-10 01:00:00,52.402551,-0.949527,156.577,8.40636920928955,269.55145263671875,277.92535400390625,Kelmarsh 2,1318.5555419921875
2018-02-10 02:00:00,52.402551,-0.949527,156.577,7.725626468658447,267.64703369140625,270.8814392089844,Kelmarsh 2,1091.220703125
2018-02-10 03:00:00,52.402551,-0.949527,156.577,5.148446083068848,223.08728027343741,232.9252014160156,Kelmarsh 2,865.1406860351562
2018-02-10 04:00:00,52.402551,-0.949527,156.577,6.3535237312316895,220.30822753906247,219.75442504882812,Kelmarsh 2,828.506103515625
2018-02-10 05:00:00,52.402551,-0.949527,156.577,8.84334945678711,212.3845520019531,218.19000244140625,Kelmarsh 2,919.85986328125
2018-02-10 06:00:00,52.402551,-0.949527,156.577,9.046534538269043,206.28651428222648,207.68121337890625,Kelmarsh 2,911.1162719726562
2018-02-10 07:00:00,52.402551,-0.949527,156.577,8.206191062927246,194.59869384765616,189.0226135253906,Kelmarsh 2,949.4298706054688
2018-02-10 08:00:00,52.402551,-0.949527,156.577,8.215750694274902,197.7923431396484,195.60800170898435,Kelmarsh 2,835.0018920898438
2018-02-10 09:00:00,52.402551,-0.949527,156.577,8.790111541748047,199.63159179687497,194.51043701171872,Kelmarsh 2,1139.45166015625
2018-02-10 10:00:00,52.402551,-0.949527,156.577,9.35029125213623,199.25541687011716,203.2909545898437,Kelmarsh 2,1048.017333984375
2018-02-10 11:00:00,52.402551,-0.949527,156.577,10.016703605651855,185.96940612792966,190.00933837890625,Kelmarsh 2,1087.176025390625
2018-02-10 12:00:00,52.402551,-0.949527,156.577,9.884222984313965,191.27635192871094,187.92504882812497,Kelmarsh 2,1124.7762451171875
2018-02-10 13:00:00,52.402551,-0.949527,156.577,11.505953788757324,205.52206420898432,201.09582519531247,Kelmarsh 2,1483.64794921875
2018-02-10 14:00:00,52.402551,-0.949527,156.577,10.454537391662598,210.60031127929688,204.6033325195312,Kelmarsh 2,1331.8646240234375
2018-02-10 15:00:00,52.402551,-0.949527,156.577,10.39763069152832,203.12399291992182,199.99826049804685,Kelmarsh 2,1451.9720458984375
2018-02-10 16:00:00,52.402551,-0.949527,156.577,10.285351753234863,213.50025939941406,205.48608398437491,Kelmarsh 2,1328.56201171875
2018-02-10 17:00:00,52.402551,-0.949527,156.577,8.892692565917969,216.52174377441403,211.13519287109375,Kelmarsh 2,1649.2886962890625
2018-02-10 18:00:00,52.402551,-0.949527,156.577,8.368790626525879,209.622329711914,213.49899291992182,Kelmarsh 2,1441.64013671875
2018-02-10 19:00:00,52.402551,-0.949527,156.577,8.426873207092285,204.1544647216797,208.18457031249994,Kelmarsh 2,1751.697265625
2018-02-10 20:00:00,52.402551,-0.949527,156.577,10.209208488464355,210.3602752685547,208.77877807617188,Kelmarsh 2,1873.170654296875
2018-02-10 21:00:00,52.402551,-0.949527,156.577,10.787083625793457,213.25762939453122,208.77877807617188,Kelmarsh 2,1582.7491455078125
2018-02-10 22:00:00,52.402551,-0.949527,156.577,10.64068603515625,205.28123474121094,206.58364868164057,Kelmarsh 2,1806.5648193359375
2018-02-10 23:00:00,52.402551,-0.949527,156.577,11.710265159606934,216.29937744140622,215.36416625976557,Kelmarsh 2,1826.303466796875
2018-02-11 00:00:00,52.402551,-0.949527,156.577,16.073143005371094,261.8216857910156,261.4618835449219,Kelmarsh 2,1876.7325439453125
2018-02-11 01:00:00,52.402551,-0.949527,156.577,14.873770713806152,268.39996337890625,271.3399658203125,Kelmarsh 2,1669.2449951171875
2018-02-11 02:00:00,52.402551,-0.949527,156.577,12.104816436767578,265.02581787109375,259.2667541503906,Kelmarsh 2,1477.255126953125
2018-02-11 03:00:00,52.402551,-0.949527,156.577,10.233161926269531,274.8995666503906,269.14483642578125,Kelmarsh 2,1433.680908203125
2018-02-11 04:00:00,52.402551,-0.949527,156.577,12.067636489868164,274.4979553222656,281.2180480957031,Kelmarsh 2,1583.1337890625
2018-02-11 05:00:00,52.402551,-0.949527,156.577,10.388955116271973,276.84185791015625,281.2180480957031,Kelmarsh 2,1701.9837646484375
2018-02-11 06:00:00,52.402551,-0.949527,156.577,9.729763984680176,257.5581970214843,261.4618835449219,Kelmarsh 2,1502.82470703125
2018-02-11 07:00:00,52.402551,-0.949527,156.577,9.973786354064941,256.7322692871094,259.98022460937494,Kelmarsh 2,1599.2220458984375
2018-02-11 08:00:00,52.402551,-0.949527,156.577,10.788529396057129,262.2620544433594,262.45343017578125,Kelmarsh 2,1595.870361328125
2018-02-11 09:00:00,52.402551,-0.949527,156.577,10.477889060974121,260.35772705078125,254.87649536132807,Kelmarsh 2,1518.3468017578125
2018-02-11 10:00:00,52.402551,-0.949527,156.577,10.363970756530762,263.3045959472656,260.47406005859375,Kelmarsh 2,1027.7227783203125
2018-02-11 11:00:00,52.402551,-0.949527,156.577,10.583898544311523,271.2965393066406,271.6773376464844,Kelmarsh 2,923.8939208984375
2018-02-11 12:00:00,52.402551,-0.949527,156.577,12.277374267578125,271.8846435546875,276.8277893066405,Kelmarsh 2,1145.23291015625
2018-02-11 13:00:00,52.402551,-0.949527,156.577,12.433670997619629,280.1034851074219,280.063232421875,Kelmarsh 2,1263.640625
2018-02-11 14:00:00,52.402551,-0.949527,156.577,11.003355979919434,318.5111389160156,319.70123291015625,Kelmarsh 2,1297.4703369140625
2018-02-11 15:00:00,52.402551,-0.949527,156.577,11.757977485656738,303.368896484375,306.4187316894531,Kelmarsh 2,1173.302734375
2018-02-11 16:00:00,52.402551,-0.949527,156.577,8.413447380065918,287.33624267578125,287.4465637207031,Kelmarsh 2,1085.196044921875
2018-02-11 17:00:00,52.402551,-0.949527,156.577,10.034969329833984,284.41571044921875,288.90100097656244,Kelmarsh 2,1012.5325317382812
2018-02-11 18:00:00,52.402551,-0.949527,156.577,10.07955551147461,288.1482238769531,283.4131774902344,Kelmarsh 2,913.8368530273438
2018-02-11 19:00:00,52.402551,-0.949527,156.577,12.054308891296387,288.4925537109375,282.31561279296875,Kelmarsh 2,955.774169921875
2018-02-11 20:00:00,52.402551,-0.949527,156.577,10.417181015014648,276.10882568359375,279.0229187011719,Kelmarsh 2,1194.10888671875
2018-02-11 21:00:00,52.402551,-0.949527,156.577,10.860386848449707,279.51458740234375,285.40093994140625,Kelmarsh 2,997.610107421875
2018-02-11 22:00:00,52.402551,-0.949527,156.577,10.386059761047363,275.5629577636719,279.0229187011719,Kelmarsh 2,756.7162475585938
2018-02-11 23:00:00,52.402551,-0.949527,156.577,10.074581146240234,285.9356994628906,291.09613037109375,Kelmarsh 2,773.4097290039062
2018-02-12 00:00:00,52.402551,-0.949527,156.577,7.960052490234375,282.1549377441406,273.52056884765625,Kelmarsh 2,732.0523071289062
2018-02-12 01:00:00,52.402551,-0.949527,156.577,5.751021862030029,259.69403076171875,254.87649536132807,Kelmarsh 2,772.6008911132812
2018-02-12 02:00:00,52.402551,-0.949527,156.577,8.51958179473877,265.3861999511719,269.14483642578125,Kelmarsh 2,767.4688110351562
2018-02-12 03:00:00,52.402551,-0.949527,156.577,8.988099098205566,268.54046630859375,269.14483642578125,Kelmarsh 2,1014.9115600585938
2018-02-12 04:00:00,52.402551,-0.949527,156.577,10.01787281036377,265.5943298339844,269.14483642578125,Kelmarsh 2,1214.1612548828125
2018-02-12 05:00:00,52.402551,-0.949527,156.577,9.04611587524414,266.1510925292969,269.14483642578125,Kelmarsh 2,1037.6629638671875
2018-02-12 06:00:00,52.402551,-0.949527,156.577,10.92791748046875,264.2856140136719,269.14483642578125,Kelmarsh 2,994.0941162109375
2018-02-12 07:00:00,52.402551,-0.949527,156.577,8.345502853393555,259.38055419921875,269.14483642578125,Kelmarsh 2,1061.9505615234375
2018-02-12 08:00:00,52.402551,-0.949527,156.577,6.420125961303711,257.69903564453125,254.87649536132807,Kelmarsh 2,1036.140869140625
2018-02-12 09:00:00,52.402551,-0.949527,156.577,5.615144729614258,234.75338745117188,254.87649536132807,Kelmarsh 2,977.6436767578125
2018-02-12 10:00:00,52.402551,-0.949527,156.577,5.308510780334473,224.17448425292966,229.63250732421875,Kelmarsh 2,940.5913696289062
2018-02-12 11:00:00,52.402551,-0.949527,156.577,5.135805130004883,240.7866973876953,250.48623657226562,Kelmarsh 2,731.7220458984375
2018-02-12 12:00:00,52.402551,-0.949527,156.577,7.0325398445129395,257.4870300292968,251.52659606933594,Kelmarsh 2,671.65576171875
2018-02-12 13:00:00,52.402551,-0.949527,156.577,7.189578533172607,263.5381774902344,252.6813659667969,Kelmarsh 2,715.2470703125
2018-02-12 14:00:00,52.402551,-0.949527,156.577,7.569812774658203,243.09237670898438,243.90084838867176,Kelmarsh 2,861.4539184570312
2018-02-12 15:00:00,52.402551,-0.949527,156.577,8.38464641571045,255.51199340820312,246.56210327148438,Kelmarsh 2,908.7842407226562
2018-02-12 16:00:00,52.402551,-0.949527,156.577,6.068162441253662,212.63626098632812,222.47492980957034,Kelmarsh 2,1085.0504150390625
2018-02-12 17:00:00,52.402551,-0.949527,156.577,5.904273986816406,202.11048889160153,201.09582519531247,Kelmarsh 2,843.2225952148438
2018-02-12 18:00:00,52.402551,-0.949527,156.577,6.379251480102539,199.39242553710935,204.84117126464844,Kelmarsh 2,598.6780395507812
2018-02-12 19:00:00,52.402551,-0.949527,156.577,7.488936424255371,186.1439819335937,192.31530761718744,Kelmarsh 2,589.7882690429688
2018-02-12 20:00:00,52.402551,-0.949527,156.577,8.649426460266113,188.24050903320307,189.0226135253906,Kelmarsh 2,547.7794189453125
2018-02-12 21:00:00,52.402551,-0.949527,156.577,7.891018390655518,186.95796203613278,189.0226135253906,Kelmarsh 2,625.9031372070312
2018-02-12 22:00:00,52.402551,-0.949527,156.577,8.286049842834473,191.6220703125,192.31530761718744,Kelmarsh 2,672.0196533203125
2018-02-12 23:00:00,52.402551,-0.949527,156.577,7.864975452423096,179.43234252929688,179.14453125,Kelmarsh 2,685.1520385742188
2018-02-13 00:00:00,52.402551,-0.949527,156.577,7.978076457977295,179.28125,178.04696655273438,Kelmarsh 2,642.7131958007812
2018-02-13 01:00:00,52.402551,-0.949527,156.577,9.328871726989746,183.8081665039062,190.1201782226562,Kelmarsh 2,910.37255859375
2018-02-13 02:00:00,52.402551,-0.949527,156.577,8.947057723999023,181.2250518798828,175.85183715820312,Kelmarsh 2,1002.9443969726562
2018-02-13 03:00:00,52.402551,-0.949527,156.577,9.68361759185791,167.32199096679688,164.87619018554688,Kelmarsh 2,860.92626953125
2018-02-13 04:00:00,52.402551,-0.949527,156.577,10.558783531188965,170.6318817138672,164.87619018554688,Kelmarsh 2,817.7153930664062
2018-02-13 05:00:00,52.402551,-0.949527,156.577,10.056203842163086,171.34996032714844,164.87619018554688,Kelmarsh 2,926.8848876953125
2018-02-13 06:00:00,52.402551,-0.949527,156.577,10.972783088684082,171.72169494628906,164.87619018554688,Kelmarsh 2,1157.370849609375
2018-02-13 07:00:00,52.402551,-0.949527,156.577,9.722542762756348,160.4761962890625,164.87619018554688,Kelmarsh 2,1062.864501953125
2018-02-13 08:00:00,52.402551,-0.949527,156.577,9.090341567993164,173.11917114257812,167.6744842529297,Kelmarsh 2,843.1452026367188
2018-02-13 09:00:00,52.402551,-0.949527,156.577,10.8139066696167,159.53866577148438,165.9737548828125,Kelmarsh 2,928.3377075195312
2018-02-13 10:00:00,52.402551,-0.949527,156.577,10.593977928161621,168.02687072753906,165.9737548828125,Kelmarsh 2,1106.8927001953125
2018-02-13 11:00:00,52.402551,-0.949527,156.577,10.617237091064453,178.1763458251953,167.07131958007812,Kelmarsh 2,1059.4727783203125
2018-02-13 12:00:00,52.402551,-0.949527,156.577,10.04011058807373,163.3596649169922,165.9737548828125,Kelmarsh 2,987.086181640625
2018-02-13 13:00:00,52.402551,-0.949527,156.577,10.01087474822998,170.0218048095703,164.0528106689453,Kelmarsh 2,924.7037963867188
2018-02-13 14:00:00,52.402551,-0.949527,156.577,6.413703441619873,164.87501525878906,167.07131958007812,Kelmarsh 2,973.5877685546875
2018-02-13 15:00:00,52.402551,-0.949527,156.577,6.946465492248535,166.88673400878906,167.07131958007812,Kelmarsh 2,796.7779541015625
2018-02-13 16:00:00,52.402551,-0.949527,156.577,3.7537341117858887,183.82670593261716,167.07131958007812,Kelmarsh 2,453.7969970703125
2018-02-13 17:00:00,52.402551,-0.949527,156.577,3.2712130546569824,326.3274230957031,319.8922119140625,Kelmarsh 2,400.81817626953125
2018-02-13 18:00:00,52.402551,-0.949527,156.577,7.195221900939941,337.46099853515614,342.6816711425781,Kelmarsh 2,498.38494873046875
2018-02-13 19:00:00,52.402551,-0.949527,156.577,7.160862445831299,327.7574768066406,333.9011535644531,Kelmarsh 2,423.9585876464844
2018-02-13 20:00:00,52.402551,-0.949527,156.577,7.028678894042969,329.1770324707031,325.5223083496093,Kelmarsh 2,610.1314086914062
2018-02-13 21:00:00,52.402551,-0.949527,156.577,5.896292209625244,331.0865478515625,325.1206359863281,Kelmarsh 2,497.45709228515625
2018-02-13 22:00:00,52.402551,-0.949527,156.577,4.892970561981201,327.71636962890625,325.1206359863281,Kelmarsh 2,1369.899658203125
2018-02-13 23:00:00,52.402551,-0.949527,156.577,5.599088191986084,300.5731201171875,314.7160949707031,Kelmarsh 2,703.9154052734375
2018-02-14 00:00:00,52.402551,-0.949527,156.577,6.416728973388672,305.0025939941406,302.89859008789057,Kelmarsh 2,536.6664428710938
2018-02-14 01:00:00,52.402551,-0.949527,156.577,5.965641498565674,310.50146484374994,304.26690673828125,Kelmarsh 2,423.0446472167969
2018-02-14 02:00:00,52.402551,-0.949527,156.577,4.5141282081604,308.43737792968744,306.4620361328125,Kelmarsh 2,413.569091796875
2018-02-14 03:00:00,52.402551,-0.949527,156.577,0.663300096988678,282.4823303222656,306.4620361328125,Kelmarsh 2,495.1580810546875
2018-02-14 04:00:00,52.402551,-0.949527,156.577,2.303906202316284,176.46664428710938,190.25457763671875,Kelmarsh 2,577.3564453125
2018-02-14 05:00:00,52.402551,-0.949527,156.577,5.449231147766113,167.51014709472656,160.48593139648438,Kelmarsh 2,651.6306762695312
2018-02-14 06:00:00,52.402551,-0.949527,156.577,7.975477695465088,165.26763916015625,162.3982696533203,Kelmarsh 2,748.4227294921875
2018-02-14 07:00:00,52.402551,-0.949527,156.577,8.320666313171387,167.22509765625,159.38836669921875,Kelmarsh 2,655.647705078125
2018-02-14 08:00:00,52.402551,-0.949527,156.577,9.392186164855957,164.47262573242188,160.48593139648438,Kelmarsh 2,751.4041137695312
2018-02-14 09:00:00,52.402551,-0.949527,156.577,8.860054969787598,162.94696044921875,160.48593139648438,Kelmarsh 2,834.9757080078125
2018-02-14 10:00:00,52.402551,-0.949527,156.577,10.469367980957031,167.95346069335938,169.26644897460938,Kelmarsh 2,741.455322265625
2018-02-14 11:00:00,52.402551,-0.949527,156.577,10.316988945007324,172.9376983642578,169.26644897460938,Kelmarsh 2,812.1202392578125
2018-02-14 12:00:00,52.402551,-0.949527,156.577,10.549280166625977,171.74050903320312,169.26644897460938,Kelmarsh 2,996.5659790039062
2018-02-14 13:00:00,52.402551,-0.949527,156.577,9.690633773803711,182.21736145019528,180.24209594726557,Kelmarsh 2,791.2841186523438
2018-02-14 14:00:00,52.402551,-0.949527,156.577,13.392274856567383,178.65078735351562,180.24209594726557,Kelmarsh 2,486.2363586425781
2018-02-14 15:00:00,52.402551,-0.949527,156.577,12.001590728759766,166.3878173828125,174.7542724609375,Kelmarsh 2,296.46966552734375
2018-02-14 16:00:00,52.402551,-0.949527,156.577,11.691263198852539,174.17774963378906,174.7542724609375,Kelmarsh 2,235.04925537109375
2018-02-14 17:00:00,52.402551,-0.949527,156.577,10.9251708984375,178.88128662109375,174.7542724609375,Kelmarsh 2,153.27352905273438
2018-02-14 18:00:00,52.402551,-0.949527,156.577,10.963186264038086,175.20388793945312,174.7542724609375,Kelmarsh 2,220.7073974609375
2018-02-14 19:00:00,52.402551,-0.949527,156.577,10.664144515991211,175.0410919189453,171.46157836914062,Kelmarsh 2,289.3214111328125
2018-02-14 20:00:00,52.402551,-0.949527,156.577,9.789590835571289,176.0121612548828,182.43722534179688,Kelmarsh 2,248.8149871826172
2018-02-14 21:00:00,52.402551,-0.949527,156.577,8.077237129211426,184.52188110351562,185.9676971435547,Kelmarsh 2,255.8298797607422
2018-02-14 22:00:00,52.402551,-0.949527,156.577,8.145331382751465,196.77789306640625,186.82748413085938,Kelmarsh 2,140.21426391601562
2018-02-14 23:00:00,52.402551,-0.949527,156.577,6.651495456695557,204.30830383300773,194.51043701171872,Kelmarsh 2,141.3079833984375
2018-02-15 00:00:00,52.402551,-0.949527,156.577,6.562246322631836,214.3459320068359,203.2909545898437,Kelmarsh 2,190.4981689453125
2018-02-15 01:00:00,52.402551,-0.949527,156.577,7.579931735992432,221.7707366943359,217.55929565429688,Kelmarsh 2,174.20301818847656
2018-02-15 02:00:00,52.402551,-0.949527,156.577,8.684191703796387,232.8270263671875,231.82763671874991,Kelmarsh 2,136.5835723876953
2018-02-15 03:00:00,52.402551,-0.949527,156.577,8.783120155334473,219.68142700195312,217.55929565429688,Kelmarsh 2,129.0659942626953
2018-02-15 04:00:00,52.402551,-0.949527,156.577,9.258016586303711,217.06750488281244,217.55929565429688,Kelmarsh 2,139.47254943847656
2018-02-15 05:00:00,52.402551,-0.949527,156.577,9.343818664550781,215.70405578613276,217.55929565429688,Kelmarsh 2,96.1705322265625
2018-02-15 06:00:00,52.402551,-0.949527,156.577,10.062694549560547,232.16448974609375,238.4130249023437,Kelmarsh 2,92.10387420654297
2018-02-15 07:00:00,52.402551,-0.949527,156.577,9.473333358764648,247.3811492919922,245.2186126708984,Kelmarsh 2,145.08749389648438
2018-02-15 08:00:00,52.402551,-0.949527,156.577,7.853396415710449,247.79025268554685,251.58380126953125,Kelmarsh 2,155.09397888183594
2018-02-15 09:00:00,52.402551,-0.949527,156.577,6.488216400146484,251.29505920410156,251.58380126953125,Kelmarsh 2,94.58221435546875
2018-02-15 10:00:00,52.402551,-0.949527,156.577,7.599021911621094,234.70166015625003,242.8032836914062,Kelmarsh 2,85.884521484375
2018-02-15 11:00:00,52.402551,-0.949527,156.577,11.062830924987793,251.86677551269528,255.4353485107422,Kelmarsh 2,75.27518463134766
2018-02-15 12:00:00,52.402551,-0.949527,156.577,12.01210880279541,248.893310546875,259.2667541503906,Kelmarsh 2,116.108154296875
2018-02-15 13:00:00,52.402551,-0.949527,156.577,10.023974418640137,263.15921020507807,259.0460205078125,Kelmarsh 2,208.0807647705078
2018-02-15 14:00:00,52.402551,-0.949527,156.577,10.173635482788086,248.69140625,252.13887023925778,Kelmarsh 2,222.2360076904297
2018-02-15 15:00:00,52.402551,-0.949527,156.577,8.438423156738281,251.155517578125,247.1935424804687,Kelmarsh 2,179.6136016845703
2018-02-15 16:00:00,52.402551,-0.949527,156.577,11.363059043884277,255.18209838867188,252.73623657226562,Kelmarsh 2,213.21234130859375
2018-02-15 17:00:00,52.402551,-0.949527,156.577,9.874014854431152,248.7418670654297,243.90084838867176,Kelmarsh 2,185.2167205810547
2018-02-15 18:00:00,52.402551,-0.949527,156.577,10.424497604370117,242.39132690429685,244.9984130859375,Kelmarsh 2,249.31390380859375
2018-02-15 19:00:00,52.402551,-0.949527,156.577,8.966690063476562,243.0731201171874,244.9984130859375,Kelmarsh 2,170.8641815185547
2018-02-15 20:00:00,52.402551,-0.949527,156.577,9.080278396606445,238.842269897461,242.8032836914062,Kelmarsh 2,115.06349182128906
2018-02-15 21:00:00,52.402551,-0.949527,156.577,8.045217514038086,235.48013305664062,241.01881408691395,Kelmarsh 2,136.3642120361328
2018-02-15 22:00:00,52.402551,-0.949527,156.577,8.725606918334961,238.1564483642578,239.51058959960938,Kelmarsh 2,161.66334533691406
2018-02-15 23:00:00,52.402551,-0.949527,156.577,7.989362716674805,244.0986328124999,239.51058959960938,Kelmarsh 2,129.60330200195312
2018-02-16 00:00:00,52.402551,-0.949527,156.577,8.686413764953613,241.04534912109375,239.51058959960938,Kelmarsh 2,149.04852294921875
2018-02-16 01:00:00,52.402551,-0.949527,156.577,7.835405349731445,247.67111206054685,239.51058959960938,Kelmarsh 2,147.45213317871094
2018-02-16 02:00:00,52.402551,-0.949527,156.577,8.059287071228027,249.251953125,251.58380126953125,Kelmarsh 2,205.7700653076172
2018-02-16 03:00:00,52.402551,-0.949527,156.577,7.385784149169922,248.96697998046875,251.58380126953125,Kelmarsh 2,230.279541015625
2018-02-16 04:00:00,52.402551,-0.949527,156.577,7.917135715484619,250.6745147705078,251.58380126953125,Kelmarsh 2,191.71302795410156
2018-02-16 05:00:00,52.402551,-0.949527,156.577,7.013699054718018,244.8944091796875,251.58380126953125,Kelmarsh 2,271.5568542480469
2018-02-16 06:00:00,52.402551,-0.949527,156.577,7.089569568634033,242.94775390624991,241.2984619140625,Kelmarsh 2,251.34237670898438
2018-02-16 07:00:00,52.402551,-0.949527,156.577,7.453500270843506,241.8389129638672,240.608154296875,Kelmarsh 2,134.33731079101562
2018-02-16 08:00:00,52.402551,-0.949527,156.577,6.6193132400512695,245.39532470703125,240.608154296875,Kelmarsh 2,126.59738159179688
2018-02-16 09:00:00,52.402551,-0.949527,156.577,5.406342029571533,231.54730224609375,240.608154296875,Kelmarsh 2,291.4320373535156
2018-02-16 10:00:00,52.402551,-0.949527,156.577,5.08672571182251,229.55091857910156,225.24224853515625,Kelmarsh 2,392.8562316894531
2018-02-16 11:00:00,52.402551,-0.949527,156.577,4.969062805175781,221.6495208740234,225.24224853515625,Kelmarsh 2,434.31024169921875
2018-02-16 12:00:00,52.402551,-0.949527,156.577,5.67333984375,220.67890930175778,237.315460205078,Kelmarsh 2,481.1512451171875
2018-02-16 13:00:00,52.402551,-0.949527,156.577,5.3254618644714355,237.04785156249994,224.1446838378906,Kelmarsh 2,449.3766784667969
2018-02-16 14:00:00,52.402551,-0.949527,156.577,6.394677639007568,229.78501892089835,229.6513977050781,Kelmarsh 2,463.9864196777344
2018-02-16 15:00:00,52.402551,-0.949527,156.577,5.581618309020996,227.40428161621088,231.82763671874991,Kelmarsh 2,432.53729248046875
2018-02-16 16:00:00,52.402551,-0.949527,156.577,5.397193908691406,216.56019592285156,209.87634277343744,Kelmarsh 2,507.6160888671875
2018-02-16 17:00:00,52.402551,-0.949527,156.577,5.172375679016113,195.82615661621088,209.87634277343744,Kelmarsh 2,451.4388122558594
2018-02-16 18:00:00,52.402551,-0.949527,156.577,6.12368106842041,188.5975799560546,176.94940185546875,Kelmarsh 2,459.09710693359375
2018-02-16 19:00:00,52.402551,-0.949527,156.577,7.038259506225586,169.46775817871094,169.7025909423828,Kelmarsh 2,392.2477111816406
2018-02-16 20:00:00,52.402551,-0.949527,156.577,6.251461982727051,178.72860717773438,163.77862548828125,Kelmarsh 2,356.04278564453125
2018-02-16 21:00:00,52.402551,-0.949527,156.577,7.028781890869141,176.37350463867188,181.3396606445312,Kelmarsh 2,493.7735290527344
2018-02-16 22:00:00,52.402551,-0.949527,156.577,6.591116905212402,189.52667236328125,192.31530761718744,Kelmarsh 2,357.5545349121094
2018-02-16 23:00:00,52.402551,-0.949527,156.577,7.042637348175049,201.94535827636713,205.48608398437491,Kelmarsh 2,275.72857666015625
2018-02-17 00:00:00,52.402551,-0.949527,156.577,5.838535308837891,200.73979187011716,205.48608398437491,Kelmarsh 2,260.6044616699219
2018-02-17 01:00:00,52.402551,-0.949527,156.577,5.555280685424805,194.08239746093744,180.24209594726557,Kelmarsh 2,222.68038940429688
2018-02-17 02:00:00,52.402551,-0.949527,156.577,4.37841796875,193.07382202148438,195.60800170898435,Kelmarsh 2,214.22064208984375
2018-02-17 03:00:00,52.402551,-0.949527,156.577,4.3965163230896,168.85043334960938,170.364013671875,Kelmarsh 2,155.6632537841797
2018-02-17 04:00:00,52.402551,-0.949527,156.577,6.193329334259033,187.52333068847648,185.72991943359372,Kelmarsh 2,245.9248504638672
2018-02-17 05:00:00,52.402551,-0.949527,156.577,4.355340957641602,168.29994201660156,161.2588653564453,Kelmarsh 2,425.7005310058594
2018-02-17 06:00:00,52.402551,-0.949527,156.577,5.192123889923096,172.9306182861328,180.24209594726557,Kelmarsh 2,489.2956848144531
2018-02-17 07:00:00,52.402551,-0.949527,156.577,7.29364013671875,184.01490783691403,192.31530761718744,Kelmarsh 2,395.2817077636719
2018-02-17 08:00:00,52.402551,-0.949527,156.577,6.704094886779785,188.49452209472656,192.31530761718744,Kelmarsh 2,364.3233642578125
2018-02-17 09:00:00,52.402551,-0.949527,156.577,6.261230945587158,189.3895568847656,192.31530761718744,Kelmarsh 2,475.1175231933594
2018-02-17 10:00:00,52.402551,-0.949527,156.577,6.412144184112549,199.70985412597653,192.31530761718744,Kelmarsh 2,310.6734313964844
2018-02-17 11:00:00,52.402551,-0.949527,156.577,4.853023052215576,191.0885009765625,192.31530761718744,Kelmarsh 2,329.87261962890625
2018-02-17 12:00:00,52.402551,-0.949527,156.577,6.183635234832764,195.24041748046878,201.09582519531247,Kelmarsh 2,215.39553833007812
2018-02-17 13:00:00,52.402551,-0.949527,156.577,5.61425256729126,210.8384246826172,220.8519897460937,Kelmarsh 2,333.674560546875
2018-02-17 14:00:00,52.402551,-0.949527,156.577,5.742560863494873,224.79368591308585,220.8519897460937,Kelmarsh 2,373.6490478515625
2018-02-17 15:00:00,52.402551,-0.949527,156.577,5.250430583953857,197.63171386718744,199.99826049804685,Kelmarsh 2,370.14111328125
2018-02-17 16:00:00,52.402551,-0.949527,156.577,3.837494373321533,207.84544372558588,199.99826049804685,Kelmarsh 2,473.8717041015625
2018-02-17 17:00:00,52.402551,-0.949527,156.577,3.827894926071167,189.4547119140625,199.99826049804685,Kelmarsh 2,462.843017578125
2018-02-17 18:00:00,52.402551,-0.949527,156.577,5.096508979797363,214.75239562988284,220.8519897460937,Kelmarsh 2,292.5387268066406
2018-02-17 19:00:00,52.402551,-0.949527,156.577,7.059048652648926,216.4416351318359,220.8519897460937,Kelmarsh 2,319.3310241699219
2018-02-17 20:00:00,52.402551,-0.949527,156.577,5.2918829917907715,210.9835052490234,220.8519897460937,Kelmarsh 2,149.233642578125
2018-02-17 21:00:00,52.402551,-0.949527,156.577,4.702467441558838,211.99081420898438,220.8519897460937,Kelmarsh 2,344.6787414550781
2018-02-17 22:00:00,52.402551,-0.949527,156.577,6.174252033233643,204.16717529296872,199.99826049804685,Kelmarsh 2,432.0352478027344
2018-02-17 23:00:00,52.402551,-0.949527,156.577,6.193920612335205,194.31918334960935,199.99826049804685,Kelmarsh 2,636.806396484375
2018-02-18 00:00:00,52.402551,-0.949527,156.577,5.555541515350342,196.33442687988273,199.99826049804685,Kelmarsh 2,593.1847534179688
2018-02-18 01:00:00,52.402551,-0.949527,156.577,7.873255729675293,208.89405822753906,207.68121337890625,Kelmarsh 2,644.721435546875
2018-02-18 02:00:00,52.402551,-0.949527,156.577,6.261918544769287,196.49848937988278,204.3885192871093,Kelmarsh 2,362.74468994140625
2018-02-18 03:00:00,52.402551,-0.949527,156.577,6.815395832061768,206.19458007812497,204.3885192871093,Kelmarsh 2,361.9555969238281
2018-02-18 04:00:00,52.402551,-0.949527,156.577,6.144347667694092,190.82975769042966,204.3885192871093,Kelmarsh 2,512.9172973632812
2018-02-18 05:00:00,52.402551,-0.949527,156.577,6.415770530700684,184.46009826660153,193.41287231445312,Kelmarsh 2,378.2417297363281
2018-02-18 06:00:00,52.402551,-0.949527,156.577,6.409600734710693,191.1105804443359,194.51043701171872,Kelmarsh 2,322.3738708496094
2018-02-18 07:00:00,52.402551,-0.949527,156.577,5.2806854248046875,189.3793487548828,194.51043701171872,Kelmarsh 2,365.92669677734375
2018-02-18 08:00:00,52.402551,-0.949527,156.577,5.528717517852783,182.86732482910156,182.43722534179688,Kelmarsh 2,335.81243896484375
2018-02-18 09:00:00,52.402551,-0.949527,156.577,4.383485794067383,183.9456024169922,182.43722534179688,Kelmarsh 2,332.0611572265625
2018-02-18 10:00:00,52.402551,-0.949527,156.577,5.926511764526367,184.4051971435546,171.46157836914062,Kelmarsh 2,144.62384033203125
2018-02-18 11:00:00,52.402551,-0.949527,156.577,5.256350040435791,186.61291503906247,192.31530761718744,Kelmarsh 2,268.48687744140625
2018-02-18 12:00:00,52.402551,-0.949527,156.577,5.486153602600098,185.2069854736328,192.31530761718744,Kelmarsh 2,123.58935546875
2018-02-18 13:00:00,52.402551,-0.949527,156.577,5.053869724273682,182.0667266845703,170.364013671875,Kelmarsh 2,317.1473388671875
2018-02-18 14:00:00,52.402551,-0.949527,156.577,3.8386127948760986,181.0069885253905,175.85183715820312,Kelmarsh 2,499.1756286621094
2018-02-18 15:00:00,52.402551,-0.949527,156.577,4.292974472045898,173.9342803955078,175.85183715820312,Kelmarsh 2,179.6450653076172
2018-02-18 16:00:00,52.402551,-0.949527,156.577,4.743405342102051,172.469482421875,175.85183715820312,Kelmarsh 2,323.1400146484375
2018-02-18 17:00:00,52.402551,-0.949527,156.577,5.528141021728516,172.94627380371094,175.85183715820312,Kelmarsh 2,573.7518920898438
2018-02-18 18:00:00,52.402551,-0.949527,156.577,5.4897685050964355,179.5447998046875,175.85183715820312,Kelmarsh 2,555.2051391601562
2018-02-18 19:00:00,52.402551,-0.949527,156.577,5.934023380279541,192.72306823730466,175.85183715820312,Kelmarsh 2,318.07086181640625
2018-02-18 20:00:00,52.402551,-0.949527,156.577,6.468850135803223,196.34761047363276,193.41287231445312,Kelmarsh 2,320.8505554199219
2018-02-18 21:00:00,52.402551,-0.949527,156.577,5.214969635009766,200.4425506591797,193.41287231445312,Kelmarsh 2,168.40139770507812
2018-02-18 22:00:00,52.402551,-0.949527,156.577,5.32581901550293,208.47738647460935,193.41287231445312,Kelmarsh 2,254.19619750976562
2018-02-18 23:00:00,52.402551,-0.949527,156.577,5.9495062828063965,205.38375854492188,209.87634277343744,Kelmarsh 2,103.95850372314453
2018-02-19 00:00:00,52.402551,-0.949527,156.577,6.125382900238037,207.1505432128906,209.87634277343744,Kelmarsh 2,242.53904724121094
2018-02-19 01:00:00,52.402551,-0.949527,156.577,5.981025695800781,208.20394897460938,209.87634277343744,Kelmarsh 2,238.1715545654297
2018-02-19 02:00:00,52.402551,-0.949527,156.577,5.321379661560059,214.74214172363278,209.87634277343744,Kelmarsh 2,110.24938201904297
2018-02-19 03:00:00,52.402551,-0.949527,156.577,4.890289783477783,216.5702209472656,209.87634277343744,Kelmarsh 2,136.29017639160156
2018-02-19 04:00:00,52.402551,-0.949527,156.577,4.14189338684082,223.35348510742185,209.87634277343744,Kelmarsh 2,122.69298553466797
2018-02-19 05:00:00,52.402551,-0.949527,156.577,4.938960075378418,249.114990234375,247.1935424804687,Kelmarsh 2,314.7496032714844
2018-02-19 06:00:00,52.402551,-0.949527,156.577,4.8755974769592285,259.883575439453,247.1935424804687,Kelmarsh 2,379.735595703125
2018-02-19 07:00:00,52.402551,-0.949527,156.577,4.512668132781982,264.6271972656249,247.30601501464844,Kelmarsh 2,476.988037109375
2018-02-19 08:00:00,52.402551,-0.949527,156.577,6.299753665924072,278.13397216796875,263.6570129394531,Kelmarsh 2,300.9486999511719
2018-02-19 09:00:00,52.402551,-0.949527,156.577,8.186910629272461,279.7625732421875,281.2180480957031,Kelmarsh 2,524.9228515625
2018-02-19 10:00:00,52.402551,-0.949527,156.577,8.279396057128906,289.7688903808594,281.2180480957031,Kelmarsh 2,578.4176025390625
2018-02-19 11:00:00,52.402551,-0.949527,156.577,7.039036750793457,297.2842712402344,292.1936950683594,Kelmarsh 2,456.6753845214844
2018-02-19 12:00:00,52.402551,-0.949527,156.577,7.628411769866943,300.75897216796875,302.07177734375,Kelmarsh 2,399.2767639160156
2018-02-19 13:00:00,52.402551,-0.949527,156.577,8.2412109375,298.0048522949219,302.07177734375,Kelmarsh 2,166.06016540527344
2018-02-19 14:00:00,52.402551,-0.949527,156.577,8.155268669128418,319.2556457519531,313.04742431640625,Kelmarsh 2,164.13414001464844
2018-02-19 15:00:00,52.402551,-0.949527,156.577,8.256650924682617,312.98504638671875,313.04742431640625,Kelmarsh 2,73.4826431274414
2018-02-19 16:00:00,52.402551,-0.949527,156.577,8.22072696685791,305.6431274414062,313.04742431640625,Kelmarsh 2,73.97122192382812
2018-02-19 17:00:00,52.402551,-0.949527,156.577,8.423738479614258,317.57830810546875,313.04742431640625,Kelmarsh 2,109.33656311035156
2018-02-19 18:00:00,52.402551,-0.949527,156.577,7.09515380859375,311.71707153320307,313.04742431640625,Kelmarsh 2,202.16444396972656
2018-02-19 19:00:00,52.402551,-0.949527,156.577,7.347999095916748,306.1611022949219,313.04742431640625,Kelmarsh 2,209.2444305419922
2018-02-19 20:00:00,52.402551,-0.949527,156.577,8.360922813415527,309.677001953125,308.65716552734375,Kelmarsh 2,233.0581512451172
2018-02-19 21:00:00,52.402551,-0.949527,156.577,7.790292739868164,314.83087158203125,308.65716552734375,Kelmarsh 2,176.3066864013672
2018-02-19 22:00:00,52.402551,-0.949527,156.577,8.2330322265625,312.3866882324218,308.65716552734375,Kelmarsh 2,129.66358947753906
2018-02-19 23:00:00,52.402551,-0.949527,156.577,7.590838432312012,318.9126892089844,322.9255065917969,Kelmarsh 2,138.98443603515625
2018-02-20 00:00:00,52.402551,-0.949527,156.577,7.0306010246276855,319.3748779296875,316.3401184082031,Kelmarsh 2,105.7933349609375
2018-02-20 01:00:00,52.402551,-0.949527,156.577,6.377594470977783,316.65997314453125,322.9255065917969,Kelmarsh 2,81.94171905517578
2018-02-20 02:00:00,52.402551,-0.949527,156.577,6.198164939880371,306.3482360839844,311.27337646484375,Kelmarsh 2,85.54412078857422
2018-02-20 03:00:00,52.402551,-0.949527,156.577,7.352369785308838,320.5315856933594,318.5352478027344,Kelmarsh 2,24.49829864501953
2018-02-20 04:00:00,52.402551,-0.949527,156.577,6.719898223876953,308.1853332519531,303.1693420410156,Kelmarsh 2,11.438173294067383
2018-02-20 05:00:00,52.402551,-0.949527,156.577,7.569240093231201,308.38812255859375,314.1449890136719,Kelmarsh 2,12.162263870239258
2018-02-20 06:00:00,52.402551,-0.949527,156.577,8.517946243286133,306.12542724609375,308.65716552734375,Kelmarsh 2,21.740110397338867
2018-02-20 07:00:00,52.402551,-0.949527,156.577,9.545315742492676,317.72891235351557,313.9271240234375,Kelmarsh 2,43.36673355102539
2018-02-20 08:00:00,52.402551,-0.949527,156.577,10.171578407287598,322.5996398925781,317.43768310546875,Kelmarsh 2,66.33688354492188
2018-02-20 09:00:00,52.402551,-0.949527,156.577,9.81838607788086,327.2190856933594,326.1430358886718,Kelmarsh 2,63.09938049316406
2018-02-20 10:00:00,52.402551,-0.949527,156.577,9.707780838012695,337.56903076171864,341.5841064453125,Kelmarsh 2,36.06803512573242
2018-02-20 11:00:00,52.402551,-0.949527,156.577,10.612018585205078,357.5333557128906,353.6573181152344,Kelmarsh 2,27.150619506835938
2018-02-20 12:00:00,52.402551,-0.949527,156.577,9.084372520446777,344.8883972167969,352.46917724609375,Kelmarsh 2,4.963875770568848
2018-02-20 13:00:00,52.402551,-0.949527,156.577,8.738965034484863,343.63711547851557,354.1099548339844,Kelmarsh 2,18.45250129699707
2018-02-20 14:00:00,52.402551,-0.949527,156.577,9.983915328979492,347.5119323730469,350.8178405761718,Kelmarsh 2,33.9830322265625
2018-02-20 15:00:00,52.402551,-0.949527,156.577,9.878630638122559,350.989990234375,359.1451416015625,Kelmarsh 2,12.56134033203125
2018-02-20 16:00:00,52.402551,-0.949527,156.577,12.388710021972656,351.95281982421875,352.55975341796864,Kelmarsh 2,78.32559204101562
2018-02-20 17:00:00,52.402551,-0.949527,156.577,11.687772750854492,1.660430908203125,356.95001220703125,Kelmarsh 2,66.67411041259766
2018-02-20 18:00:00,52.402551,-0.949527,156.577,13.208348274230957,2.3360886573791504,5.730506420135498,Kelmarsh 2,56.2218017578125
2018-02-20 19:00:00,52.402551,-0.949527,156.577,11.221670150756836,4.549283504486084,5.730506420135498,Kelmarsh 2,44.08399963378906
2018-02-20 20:00:00,52.402551,-0.949527,156.577,10.800426483154297,9.029644966125488,5.730506420135498,Kelmarsh 2,8.133607864379883
2018-02-20 21:00:00,52.402551,-0.949527,156.577,8.101859092712402,5.329101085662842,5.730506420135498,Kelmarsh 2,-6.871622085571289
2018-02-20 22:00:00,52.402551,-0.949527,156.577,6.998830318450928,5.498721122741699,5.730506420135498,Kelmarsh 2,38.85447692871094
2018-02-20 23:00:00,52.402551,-0.949527,156.577,6.634638786315918,14.372404098510742,5.730506420135498,Kelmarsh 2,41.83613204956055
2018-02-21 00:00:00,52.402551,-0.949527,156.577,4.001611709594727,56.25048065185547,38.65732192993164,Kelmarsh 2,160.60853576660156
2018-02-21 01:00:00,52.402551,-0.949527,156.577,3.2504186630249023,70.94496154785156,84.75480651855469,Kelmarsh 2,89.46722412109375
2018-02-21 02:00:00,52.402551,-0.949527,156.577,2.927727222442627,68.43386840820312,56.09523391723633,Kelmarsh 2,98.75606536865234
2018-02-21 03:00:00,52.402551,-0.949527,156.577,4.562762260437012,60.56902313232422,69.38900756835938,Kelmarsh 2,58.86751174926758
2018-02-21 04:00:00,52.402551,-0.949527,156.577,2.9451329708099365,64.90158081054688,69.38900756835938,Kelmarsh 2,156.50831604003906
2018-02-21 05:00:00,52.402551,-0.949527,156.577,1.2952125072479248,43.03993225097656,69.38900756835938,Kelmarsh 2,185.9274444580078
2018-02-21 06:00:00,52.402551,-0.949527,156.577,2.7753374576568604,31.280344009399414,37.559757232666016,Kelmarsh 2,204.0606689453125
2018-02-21 07:00:00,52.402551,-0.949527,156.577,2.577768564224243,28.634082794189453,37.559757232666016,Kelmarsh 2,9.697822570800781
2018-02-21 08:00:00,52.402551,-0.949527,156.577,2.6942625045776367,1.723520278930664,3.535381317138672,Kelmarsh 2,-0.9646179676055908
2018-02-21 09:00:00,52.402551,-0.949527,156.577,2.6935501098632812,344.7099914550781,354.7548828125,Kelmarsh 2,-5.0645952224731445
2018-02-21 10:00:00,52.402551,-0.949527,156.577,3.3237268924713135,346.02972412109375,341.5841064453125,Kelmarsh 2,-2.362338066101074
2018-02-21 11:00:00,52.402551,-0.949527,156.577,2.896369457244873,2.6171467304229736,10.120746612548828,Kelmarsh 2,-2.379943609237671
2018-02-21 12:00:00,52.402551,-0.949527,156.577,5.693515300750732,34.94518280029297,26.58415412902832,Kelmarsh 2,-2.0699799060821533
2018-02-21 13:00:00,52.402551,-0.949527,156.577,6.268068313598633,37.51960372924805,36.91665267944336,Kelmarsh 2,5.9964518547058105
2018-02-21 14:00:00,52.402551,-0.949527,156.577,6.87965202331543,38.38608932495117,48.535369873046875,Kelmarsh 2,25.797470092773438
2018-02-21 15:00:00,52.402551,-0.949527,156.577,2.8521780967712402,41.26662063598633,48.535369873046875,Kelmarsh 2,20.210840225219727
2018-02-21 16:00:00,52.402551,-0.949527,156.577,4.300521373748779,51.017799377441406,48.535369873046875,Kelmarsh 2,33.77535629272461
2018-02-21 17:00:00,52.402551,-0.949527,156.577,3.1644742488861084,24.900413513183594,22.193906784057617,Kelmarsh 2,0.6232054829597473
2018-02-21 18:00:00,52.402551,-0.949527,156.577,3.444688558578491,35.85282897949219,43.047569274902344,Kelmarsh 2,6.313204288482666
2018-02-21 19:00:00,52.402551,-0.949527,156.577,3.8902103900909424,50.651123046875,33.169517517089844,Kelmarsh 2,-5.165917873382568
2018-02-21 20:00:00,52.402551,-0.949527,156.577,6.30352783203125,48.502899169921875,49.632930755615234,Kelmarsh 2,-2.0374865531921387
2018-02-21 21:00:00,52.402551,-0.949527,156.577,3.079909563064575,69.75733184814453,54.805397033691406,Kelmarsh 2,10.742583274841309
2018-02-21 22:00:00,52.402551,-0.949527,156.577,4.663278102874756,54.30487060546875,53.96614456176758,Kelmarsh 2,18.328102111816406
2018-02-21 23:00:00,52.402551,-0.949527,156.577,3.2616794109344482,57.76749801635742,50.73048782348633,Kelmarsh 2,26.483015060424805
2018-02-22 00:00:00,52.402551,-0.949527,156.577,4.680541038513184,46.452857971191406,50.73048782348633,Kelmarsh 2,1.4575384855270386
2018-02-22 01:00:00,52.402551,-0.949527,156.577,4.144267559051514,46.7086181640625,50.73048782348633,Kelmarsh 2,30.721620559692383
2018-02-22 02:00:00,52.402551,-0.949527,156.577,4.376767635345459,55.553184509277344,50.73048782348633,Kelmarsh 2,18.14558982849121
2018-02-22 03:00:00,52.402551,-0.949527,156.577,5.571188449859619,82.37638092041016,81.4621353149414,Kelmarsh 2,24.737911224365234
2018-02-22 04:00:00,52.402551,-0.949527,156.577,5.351779937744141,84.92659759521484,81.4621353149414,Kelmarsh 2,25.24216079711914
2018-02-22 05:00:00,52.402551,-0.949527,156.577,4.539744853973389,81.003662109375,81.4621353149414,Kelmarsh 2,33.26486587524414
2018-02-22 06:00:00,52.402551,-0.949527,156.577,4.8458404541015625,90.1941909790039,81.4621353149414,Kelmarsh 2,48.71117401123047
2018-02-22 07:00:00,52.402551,-0.949527,156.577,4.81142520904541,81.33646392822266,81.4621353149414,Kelmarsh 2,24.478652954101562
2018-02-22 08:00:00,52.402551,-0.949527,156.577,5.001858234405518,81.44171142578125,81.4621353149414,Kelmarsh 2,29.73604965209961
2018-02-22 09:00:00,52.402551,-0.949527,156.577,3.769470691680908,98.57012176513672,91.04937744140625,Kelmarsh 2,12.202637672424316
2018-02-22 10:00:00,52.402551,-0.949527,156.577,3.7868683338165283,97.3885726928711,90.24259185791016,Kelmarsh 2,56.62822341918945
2018-02-22 11:00:00,52.402551,-0.949527,156.577,5.458792686462402,92.09516906738281,90.24259185791016,Kelmarsh 2,33.81432342529297
2018-02-22 12:00:00,52.402551,-0.949527,156.577,5.036235809326172,110.638427734375,113.29129028320312,Kelmarsh 2,7.142830848693848
2018-02-22 13:00:00,52.402551,-0.949527,156.577,4.788444995880127,94.11961364746094,101.2181625366211,Kelmarsh 2,43.416893005371094
2018-02-22 14:00:00,52.402551,-0.949527,156.577,4.3795318603515625,103.64229583740234,102.31571960449219,Kelmarsh 2,39.013668060302734
2018-02-22 15:00:00,52.402551,-0.949527,156.577,5.309426307678223,111.9073257446289,102.31571960449219,Kelmarsh 2,36.77442169189453
2018-02-22 16:00:00,52.402551,-0.949527,156.577,3.7737631797790527,103.83068084716797,102.31571960449219,Kelmarsh 2,116.59944152832031
2018-02-22 17:00:00,52.402551,-0.949527,156.577,4.502842426300049,103.15240478515625,102.31571960449219,Kelmarsh 2,87.77165985107422
2018-02-22 18:00:00,52.402551,-0.949527,156.577,5.265111446380615,107.78836822509766,102.31571960449219,Kelmarsh 2,67.46271514892578
2018-02-22 19:00:00,52.402551,-0.949527,156.577,4.768137454986572,101.3526840209961,102.31571960449219,Kelmarsh 2,79.63736724853516
2018-02-22 20:00:00,52.402551,-0.949527,156.577,5.494655609130859,99.3633804321289,102.31571960449219,Kelmarsh 2,56.129364013671875
2018-02-22 21:00:00,52.402551,-0.949527,156.577,6.577333927154541,96.45439910888672,102.31571960449219,Kelmarsh 2,75.53658294677734
2018-02-22 22:00:00,52.402551,-0.949527,156.577,6.020716667175293,100.93238067626953,102.31571960449219,Kelmarsh 2,97.29088592529297
2018-02-22 23:00:00,52.402551,-0.949527,156.577,4.957660675048828,98.12911224365234,102.31571960449219,Kelmarsh 2,92.31310272216797
2018-02-23 00:00:00,52.402551,-0.949527,156.577,7.837911128997803,98.26399993896484,102.31571960449219,Kelmarsh 2,90.41049194335938
2018-02-23 01:00:00,52.402551,-0.949527,156.577,6.769620895385742,97.15865325927734,102.31571960449219,Kelmarsh 2,142.5057373046875
2018-02-23 02:00:00,52.402551,-0.949527,156.577,5.906724452972412,94.78760528564453,102.31571960449219,Kelmarsh 2,234.24476623535156
2018-02-23 03:00:00,52.402551,-0.949527,156.577,7.62054443359375,95.56376647949219,102.31571960449219,Kelmarsh 2,425.6338806152344
2018-02-23 04:00:00,52.402551,-0.949527,156.577,7.30449914932251,103.0225601196289,102.31571960449219,Kelmarsh 2,396.246337890625
2018-02-23 05:00:00,52.402551,-0.949527,156.577,6.3853583335876465,101.9468002319336,102.31571960449219,Kelmarsh 2,424.8474426269531
2018-02-23 06:00:00,52.402551,-0.949527,156.577,6.248571395874023,98.48237609863281,102.31571960449219,Kelmarsh 2,471.4286804199219
2018-02-23 07:00:00,52.402551,-0.949527,156.577,6.672316074371338,87.92454528808594,87.38629150390625,Kelmarsh 2,182.57684326171875
2018-02-23 08:00:00,52.402551,-0.949527,156.577,5.355900764465332,87.05510711669922,79.26702117919922,Kelmarsh 2,79.6166000366211
2018-02-23 09:00:00,52.402551,-0.949527,156.577,4.2208967208862305,97.11499786376953,79.26702117919922,Kelmarsh 2,90.58760833740234
2018-02-23 10:00:00,52.402551,-0.949527,156.577,6.695333480834961,101.0140151977539,103.41327667236328,Kelmarsh 2,163.8988494873047
2018-02-23 11:00:00,52.402551,-0.949527,156.577,6.848400115966797,94.50575256347656,96.28924560546875,Kelmarsh 2,189.1280517578125
2018-02-23 12:00:00,52.402551,-0.949527,156.577,7.909748077392578,100.13899993896484,99.0230484008789,Kelmarsh 2,185.26905822753906
2018-02-23 13:00:00,52.402551,-0.949527,156.577,6.808360576629639,102.66493225097656,102.31571960449219,Kelmarsh 2,227.63531494140625
2018-02-23 14:00:00,52.402551,-0.949527,156.577,6.8402323722839355,92.73202514648438,92.43770599365234,Kelmarsh 2,183.10659790039062
2018-02-23 15:00:00,52.402551,-0.949527,156.577,7.291208267211914,94.07202911376953,97.16181945800781,Kelmarsh 2,192.6365966796875
2018-02-23 16:00:00,52.402551,-0.949527,156.577,6.616851329803467,83.96879577636719,83.6572494506836,Kelmarsh 2,185.8468475341797
2018-02-23 17:00:00,52.402551,-0.949527,156.577,6.6768269538879395,91.0620346069336,85.85236358642578,Kelmarsh 2,240.05648803710938
2018-02-23 18:00:00,52.402551,-0.949527,156.577,6.096822738647461,105.66150665283203,95.73037719726562,Kelmarsh 2,541.31298828125
2018-02-23 19:00:00,52.402551,-0.949527,156.577,6.041803359985352,99.48933410644531,104.51083374023438,Kelmarsh 2,813.1445922851562
2018-02-23 20:00:00,52.402551,-0.949527,156.577,5.147035598754883,89.1585693359375,95.73037719726562,Kelmarsh 2,853.6211547851562
2018-02-23 21:00:00,52.402551,-0.949527,156.577,6.61818790435791,101.7514419555664,103.87110900878906,Kelmarsh 2,613.7748413085938
2018-02-23 22:00:00,52.402551,-0.949527,156.577,6.047392845153809,101.33644104003906,96.82793426513672,Kelmarsh 2,310.8196105957031
2018-02-23 23:00:00,52.402551,-0.949527,156.577,4.6950201988220215,97.29117584228516,96.82793426513672,Kelmarsh 2,323.2344055175781
2018-02-24 00:00:00,52.402551,-0.949527,156.577,4.970625400543213,96.01206970214844,86.94992065429688,Kelmarsh 2,348.9762878417969
2018-02-24 01:00:00,52.402551,-0.949527,156.577,4.892172336578369,93.57373046875,86.94992065429688,Kelmarsh 2,424.2376403808594
2018-02-24 02:00:00,52.402551,-0.949527,156.577,4.155018329620361,98.65046691894531,86.94992065429688,Kelmarsh 2,346.9067687988281
2018-02-24 03:00:00,52.402551,-0.949527,156.577,5.440953731536865,101.8807144165039,86.94992065429688,Kelmarsh 2,195.3373565673828
2018-02-24 04:00:00,52.402551,-0.949527,156.577,5.174340724945068,90.34182739257812,86.94992065429688,Kelmarsh 2,138.8793182373047
2018-02-24 05:00:00,52.402551,-0.949527,156.577,6.572412967681885,84.43021392822266,86.94992065429688,Kelmarsh 2,141.37254333496094
2018-02-24 06:00:00,52.402551,-0.949527,156.577,7.601907253265381,79.51124572753906,86.94992065429688,Kelmarsh 2,220.5521697998047
2018-02-24 07:00:00,52.402551,-0.949527,156.577,6.608015537261963,79.6989974975586,86.94992065429688,Kelmarsh 2,145.44393920898438
2018-02-24 08:00:00,52.402551,-0.949527,156.577,6.33861780166626,80.96868896484375,86.94992065429688,Kelmarsh 2,81.59597778320312
2018-02-24 09:00:00,52.402551,-0.949527,156.577,6.627559185028076,85.43641662597656,86.94992065429688,Kelmarsh 2,168.0012664794922
2018-02-24 10:00:00,52.402551,-0.949527,156.577,7.319794654846191,84.56661987304688,86.94992065429688,Kelmarsh 2,148.3025360107422
2018-02-24 11:00:00,52.402551,-0.949527,156.577,7.339173793792725,87.67974853515625,91.34337615966797,Kelmarsh 2,76.70990753173828
2018-02-24 12:00:00,52.402551,-0.949527,156.577,7.958251953125,84.99683380126953,85.46662902832031,Kelmarsh 2,126.22867584228516
2018-02-24 13:00:00,52.402551,-0.949527,156.577,8.21432113647461,90.04771423339844,96.82793426513672,Kelmarsh 2,221.5791778564453
2018-02-24 14:00:00,52.402551,-0.949527,156.577,7.783337116241455,92.07901763916016,96.82793426513672,Kelmarsh 2,192.78541564941406
2018-02-24 15:00:00,52.402551,-0.949527,156.577,7.3339738845825195,91.19706726074219,87.99659729003906,Kelmarsh 2,257.9141540527344
2018-02-24 16:00:00,52.402551,-0.949527,156.577,9.419988632202148,85.92993927001953,82.84535217285156,Kelmarsh 2,139.4267578125
2018-02-24 17:00:00,52.402551,-0.949527,156.577,8.846894264221191,85.0188217163086,86.94992065429688,Kelmarsh 2,69.7259750366211
2018-02-24 18:00:00,52.402551,-0.949527,156.577,8.832198143005371,79.78207397460938,81.4621353149414,Kelmarsh 2,72.46936798095703
2018-02-24 19:00:00,52.402551,-0.949527,156.577,8.655716896057129,81.5485610961914,81.4621353149414,Kelmarsh 2,80.82560729980469
2018-02-24 20:00:00,52.402551,-0.949527,156.577,9.600791931152344,79.64397430419922,81.4621353149414,Kelmarsh 2,80.65054321289062
2018-02-24 21:00:00,52.402551,-0.949527,156.577,7.349606037139893,77.97868347167969,81.4621353149414,Kelmarsh 2,67.13993835449219
2018-02-24 22:00:00,52.402551,-0.949527,156.577,7.400931358337402,76.96289825439453,81.4621353149414,Kelmarsh 2,104.5330810546875
2018-02-24 23:00:00,52.402551,-0.949527,156.577,6.460833549499512,86.1573257446289,81.4621353149414,Kelmarsh 2,80.37740325927734
2018-02-25 00:00:00,52.402551,-0.949527,156.577,5.341069221496582,82.18241119384766,81.4621353149414,Kelmarsh 2,81.28972625732422
2018-02-25 01:00:00,52.402551,-0.949527,156.577,6.495934963226318,84.42823028564453,81.4621353149414,Kelmarsh 2,165.1820068359375
2018-02-25 02:00:00,52.402551,-0.949527,156.577,7.48182487487793,80.1031723022461,81.4621353149414,Kelmarsh 2,208.6761932373047
2018-02-25 03:00:00,52.402551,-0.949527,156.577,6.226055145263672,81.24150085449219,81.4621353149414,Kelmarsh 2,209.60133361816406
2018-02-25 04:00:00,52.402551,-0.949527,156.577,5.0943922996521,83.70186614990234,81.4621353149414,Kelmarsh 2,190.93453979492188
2018-02-25 05:00:00,52.402551,-0.949527,156.577,7.364214897155762,80.65763092041016,81.4621353149414,Kelmarsh 2,170.94309997558594
2018-02-25 06:00:00,52.402551,-0.949527,156.577,6.74680757522583,80.52938079833984,81.4621353149414,Kelmarsh 2,145.45306396484375
2018-02-25 07:00:00,52.402551,-0.949527,156.577,7.009392738342285,78.74695587158203,81.4621353149414,Kelmarsh 2,185.19422912597656
2018-02-25 08:00:00,52.402551,-0.949527,156.577,6.543603897094727,78.7397689819336,81.4621353149414,Kelmarsh 2,174.33042907714844
2018-02-25 09:00:00,52.402551,-0.949527,156.577,6.381998538970947,83.53138732910156,81.4621353149414,Kelmarsh 2,118.04214477539062
2018-02-25 10:00:00,52.402551,-0.949527,156.577,6.574565887451172,89.0630874633789,79.26702117919922,Kelmarsh 2,85.8797378540039
2018-02-25 11:00:00,52.402551,-0.949527,156.577,7.922945976257324,82.49736785888672,83.0074234008789,Kelmarsh 2,118.97219848632812
2018-02-25 12:00:00,52.402551,-0.949527,156.577,7.167804718017578,91.99406433105469,98.7603988647461,Kelmarsh 2,11.712728500366211
2018-02-25 13:00:00,52.402551,-0.949527,156.577,7.195667266845703,84.10600280761719,82.7733383178711,Kelmarsh 2,40.888431549072266
2018-02-25 14:00:00,52.402551,-0.949527,156.577,6.050058364868164,88.92137145996094,92.33772277832031,Kelmarsh 2,7.805306911468506
2018-02-25 15:00:00,52.402551,-0.949527,156.577,4.600722312927246,75.93212127685547,81.4621353149414,Kelmarsh 2,58.16262435913086
2018-02-25 16:00:00,52.402551,-0.949527,156.577,5.242427825927734,82.33161926269531,79.26702117919922,Kelmarsh 2,161.7764434814453
2018-02-25 17:00:00,52.402551,-0.949527,156.577,7.697356224060059,84.25557708740234,79.26702117919922,Kelmarsh 2,239.8319091796875
2018-02-25 18:00:00,52.402551,-0.949527,156.577,6.2875895500183105,80.38087463378906,79.26702117919922,Kelmarsh 2,447.3028259277344
2018-02-25 19:00:00,52.402551,-0.949527,156.577,7.458048343658447,82.74048614501953,79.26702117919922,Kelmarsh 2,700.3300170898438
2018-02-25 20:00:00,52.402551,-0.949527,156.577,8.181131362915039,80.46025085449219,79.26702117919922,Kelmarsh 2,724.0429077148438
2018-02-25 21:00:00,52.402551,-0.949527,156.577,5.827295303344727,81.86680603027344,79.26702117919922,Kelmarsh 2,586.3289184570312
2018-02-25 22:00:00,52.402551,-0.949527,156.577,4.813615798950195,78.22859954833984,79.26702117919922,Kelmarsh 2,647.1863403320312
2018-02-25 23:00:00,52.402551,-0.949527,156.577,4.805671215057373,72.15860748291016,79.26702117919922,Kelmarsh 2,617.9556274414062
2018-02-26 00:00:00,52.402551,-0.949527,156.577,5.66678524017334,79.95223236083984,79.26702117919922,Kelmarsh 2,429.7335205078125
2018-02-26 01:00:00,52.402551,-0.949527,156.577,4.542714595794678,74.97020721435547,79.26702117919922,Kelmarsh 2,401.9785461425781
2018-02-26 02:00:00,52.402551,-0.949527,156.577,3.6633427143096924,67.492431640625,79.26702117919922,Kelmarsh 2,508.20513916015625
2018-02-26 03:00:00,52.402551,-0.949527,156.577,4.406577110290527,68.49284362792969,79.26702117919922,Kelmarsh 2,457.6592102050781
2018-02-26 04:00:00,52.402551,-0.949527,156.577,4.268898963928223,63.04545211791992,68.29145050048828,Kelmarsh 2,401.8351135253906
2018-02-26 05:00:00,52.402551,-0.949527,156.577,3.6281402111053467,73.62803649902344,68.29145050048828,Kelmarsh 2,524.6304931640625
2018-02-26 06:00:00,52.402551,-0.949527,156.577,4.418484687805176,80.31851196289062,68.29145050048828,Kelmarsh 2,439.5313720703125
2018-02-26 07:00:00,52.402551,-0.949527,156.577,5.058157920837402,53.24738693237305,68.29145050048828,Kelmarsh 2,309.4382629394531
2018-02-26 08:00:00,52.402551,-0.949527,156.577,4.880199432373047,74.53983306884766,68.29145050048828,Kelmarsh 2,351.1307373046875
2018-02-26 09:00:00,52.402551,-0.949527,156.577,6.0712995529174805,73.50054931640625,77.13456726074219,Kelmarsh 2,480.3274841308594
2018-02-26 10:00:00,52.402551,-0.949527,156.577,6.396904468536377,80.25129699707031,75.97434997558594,Kelmarsh 2,388.4593811035156
2018-02-26 11:00:00,52.402551,-0.949527,156.577,7.058007717132568,76.10760498046875,73.03711700439453,Kelmarsh 2,431.92742919921875
2018-02-26 12:00:00,52.402551,-0.949527,156.577,6.58384895324707,69.4808578491211,77.07470703125,Kelmarsh 2,426.3018493652344
2018-02-26 13:00:00,52.402551,-0.949527,156.577,7.07655143737793,43.839454650878906,35.3646354675293,Kelmarsh 2,336.4324035644531
2018-02-26 14:00:00,52.402551,-0.949527,156.577,7.538606643676758,51.13374710083008,54.023170471191406,Kelmarsh 2,405.3916320800781
2018-02-26 15:00:00,52.402551,-0.949527,156.577,4.818367958068848,77.72329711914062,60.98979568481445,Kelmarsh 2,451.7812805175781
2018-02-26 16:00:00,52.402551,-0.949527,156.577,8.042228698730469,48.445098876953125,52.92560958862305,Kelmarsh 2,438.7598571777344
2018-02-26 17:00:00,52.402551,-0.949527,156.577,6.435896396636963,54.04594039916992,61.70610046386719,Kelmarsh 2,439.44012451171875
2018-02-26 18:00:00,52.402551,-0.949527,156.577,8.45810317993164,37.028419494628906,35.3646354675293,Kelmarsh 2,325.8561706542969
2018-02-26 19:00:00,52.402551,-0.949527,156.577,7.337948799133301,41.95835876464844,35.3646354675293,Kelmarsh 2,211.65968322753906
2018-02-26 20:00:00,52.402551,-0.949527,156.577,7.692878246307373,44.920230865478516,47.43780517578125,Kelmarsh 2,246.93055725097656
2018-02-26 21:00:00,52.402551,-0.949527,156.577,5.519993305206299,53.07356643676758,35.3646354675293,Kelmarsh 2,205.0262908935547
2018-02-26 22:00:00,52.402551,-0.949527,156.577,6.590585231781006,44.975223541259766,40.852439880371094,Kelmarsh 2,203.84449768066406
2018-02-26 23:00:00,52.402551,-0.949527,156.577,6.248868465423584,32.1044921875,36.462196350097656,Kelmarsh 2,225.8767852783203
2018-02-27 00:00:00,52.402551,-0.949527,156.577,6.122661590576172,17.521595001220703,21.096343994140625,Kelmarsh 2,220.7431640625
2018-02-27 01:00:00,52.402551,-0.949527,156.577,4.79672384262085,18.16292953491211,21.096343994140625,Kelmarsh 2,197.20094299316406
2018-02-27 02:00:00,52.402551,-0.949527,156.577,5.9595160484313965,21.90724754333496,21.096343994140625,Kelmarsh 2,153.99807739257812
2018-02-27 03:00:00,52.402551,-0.949527,156.577,5.086428642272949,18.61106300354004,21.096343994140625,Kelmarsh 2,112.8844985961914
2018-02-27 04:00:00,52.402551,-0.949527,156.577,5.418864727020264,342.874755859375,351.4621887207031,Kelmarsh 2,148.93006896972656
2018-02-27 05:00:00,52.402551,-0.949527,156.577,5.44329309463501,0.0943380668759346,6.828066349029541,Kelmarsh 2,86.67473602294922
2018-02-27 06:00:00,52.402551,-0.949527,156.577,4.944685459136963,352.5089416503906,342.6816711425781,Kelmarsh 2,70.73216247558594
2018-02-27 07:00:00,52.402551,-0.949527,156.577,5.28504753112793,353.65884399414057,3.535386562347412,Kelmarsh 2,91.74592590332031
2018-02-27 08:00:00,52.402551,-0.949527,156.577,4.535419464111328,10.976425170898438,3.535386562347412,Kelmarsh 2,59.80593490600586
2018-02-27 09:00:00,52.402551,-0.949527,156.577,3.8419246673583984,29.549238204956055,11.096564292907715,Kelmarsh 2,52.962310791015625
2018-02-27 10:00:00,52.402551,-0.949527,156.577,4.9986653327941895,35.7922477722168,24.3890323638916,Kelmarsh 2,59.04691696166992
2018-02-27 11:00:00,52.402551,-0.949527,156.577,3.8056349754333496,65.79878234863281,49.632930755615234,Kelmarsh 2,106.48745727539062
2018-02-27 12:00:00,52.402551,-0.949527,156.577,3.874668836593628,68.46277618408203,74.87679290771484,Kelmarsh 2,163.27780151367188
2018-02-27 13:00:00,52.402551,-0.949527,156.577,4.196926593780518,53.422061920166016,62.80365753173828,Kelmarsh 2,134.07540893554688
2018-02-27 14:00:00,52.402551,-0.949527,156.577,6.213191032409668,32.288875579833984,39.932456970214844,Kelmarsh 2,82.68122863769531
2018-02-27 15:00:00,52.402551,-0.949527,156.577,6.613658428192139,40.870235443115234,37.23049545288086,Kelmarsh 2,75.35956573486328
2018-02-27 16:00:00,52.402551,-0.949527,156.577,5.653958797454834,44.45260238647461,37.559757232666016,Kelmarsh 2,158.15536499023438
2018-02-27 17:00:00,52.402551,-0.949527,156.577,6.52606201171875,41.22165298461914,37.559757232666016,Kelmarsh 2,120.22758483886719
2018-02-27 18:00:00,52.402551,-0.949527,156.577,5.643238544464111,29.902568817138672,37.559757232666016,Kelmarsh 2,141.5593719482422
2018-02-27 19:00:00,52.402551,-0.949527,156.577,5.434438705444336,36.1693000793457,21.096343994140625,Kelmarsh 2,296.81005859375
2018-02-27 20:00:00,52.402551,-0.949527,156.577,4.838619709014893,20.668855667114258,17.803661346435547,Kelmarsh 2,395.1595458984375
2018-02-27 21:00:00,52.402551,-0.949527,156.577,5.604211330413818,27.878915786743164,17.803661346435547,Kelmarsh 2,304.27691650390625
2018-02-27 22:00:00,52.402551,-0.949527,156.577,6.726629734039307,35.38227462768555,33.16951370239258,Kelmarsh 2,385.9693603515625
2018-02-27 23:00:00,52.402551,-0.949527,156.577,6.219539642333984,14.58981990814209,11.218300819396973,Kelmarsh 2,322.8550109863281
2018-02-28 00:00:00,52.402551,-0.949527,156.577,6.579392433166504,27.570964813232422,34.26707458496094,Kelmarsh 2,320.2652587890625
2018-02-28 01:00:00,52.402551,-0.949527,156.577,6.793176651000977,28.023170471191406,34.26707458496094,Kelmarsh 2,207.08572387695312
2018-02-28 02:00:00,52.402551,-0.949527,156.577,6.32952356338501,41.6003532409668,35.3646354675293,Kelmarsh 2,180.97300720214844
2018-02-28 03:00:00,52.402551,-0.949527,156.577,4.689840793609619,26.87373161315918,29.8768310546875,Kelmarsh 2,190.28692626953125
2018-02-28 04:00:00,52.402551,-0.949527,156.577,6.572914123535156,17.98947525024414,29.8768310546875,Kelmarsh 2,232.09463500976562
2018-02-28 05:00:00,52.402551,-0.949527,156.577,5.485838413238525,40.10285568237305,29.8768310546875,Kelmarsh 2,168.2466278076172
2018-02-28 06:00:00,52.402551,-0.949527,156.577,4.688467502593994,55.40739059448242,51.82804489135742,Kelmarsh 2,154.34596252441406
2018-02-28 07:00:00,52.402551,-0.949527,156.577,5.253343105316162,81.59521484375,78.16946411132812,Kelmarsh 2,190.4073944091797
2018-02-28 08:00:00,52.402551,-0.949527,156.577,3.9527242183685303,67.53470611572266,78.16946411132812,Kelmarsh 2,204.45909118652344
2018-02-28 09:00:00,52.402551,-0.949527,156.577,4.551939964294434,77.70673370361328,78.16946411132812,Kelmarsh 2,168.71986389160156
2018-02-28 10:00:00,52.402551,-0.949527,156.577,4.390113353729248,95.12759399414062,78.16946411132812,Kelmarsh 2,110.84484100341797
2018-02-28 11:00:00,52.402551,-0.949527,156.577,4.193850994110107,83.0621337890625,96.82793426513672,Kelmarsh 2,66.90837860107422
2018-02-28 12:00:00,52.402551,-0.949527,156.577,6.321763515472412,91.59241485595703,77.07190704345703,Kelmarsh 2,44.75117111206055
2018-02-28 13:00:00,52.402551,-0.949527,156.577,7.933804988861084,81.76358795166016,83.6572494506836,Kelmarsh 2,45.666744232177734
2018-02-28 14:00:00,52.402551,-0.949527,156.577,10.657220840454102,78.83795166015625,74.87679290771484,Kelmarsh 2,117.1073989868164
2018-02-28 15:00:00,52.402551,-0.949527,156.577,9.83382511138916,79.57441711425781,71.58412170410156,Kelmarsh 2,144.7139892578125
2018-02-28 16:00:00,52.402551,-0.949527,156.577,11.044906616210938,69.30838775634766,76.55422973632812,Kelmarsh 2,200.20535278320312
2018-02-28 17:00:00,52.402551,-0.949527,156.577,9.159578323364258,74.13387298583984,74.56621551513672,Kelmarsh 2,202.5720672607422
2018-02-28 18:00:00,52.402551,-0.949527,156.577,7.70918607711792,74.03858947753906,69.38900756835938,Kelmarsh 2,158.8692169189453
2018-02-28 19:00:00,52.402551,-0.949527,156.577,8.406081199645996,65.24982452392578,67.89344024658203,Kelmarsh 2,182.70059204101562
2018-02-28 20:00:00,52.402551,-0.949527,156.577,7.493075370788574,68.2068099975586,67.24771881103516,Kelmarsh 2,166.235107421875
2018-02-28 21:00:00,52.402551,-0.949527,156.577,7.1170735359191895,68.54721069335938,72.68167877197266,Kelmarsh 2,158.79876708984375
2018-02-28 22:00:00,52.402551,-0.949527,156.577,7.990643501281738,63.0299186706543,55.120731353759766,Kelmarsh 2,156.98580932617188
2018-02-28 23:00:00,52.402551,-0.949527,156.577,8.437498092651367,61.21567153930664,60.60853576660156,Kelmarsh 2,176.33128356933594
