latitude2,longitude2,elevation2,wind_speed2,wind_direction2,nacelle_position2,production2
0.7460914308331963,0.0,0.0,0.4710529086856386,0.7248853415086087,0.7076903359329113,0.9816340576634308
0.7460914308331963,0.0,0.0,0.4579371213612837,0.6931235053207958,0.679997979228369,0.9646408210205264
0.7460914308331963,0.0,0.0,0.4764700605843255,0.6254967322028206,0.6409430169937578,0.9790459135054702
0.7460914308331963,0.0,0.0,0.4795285764944922,0.617223493134194,0.615382480251104,0.9767782196312628
0.7460914308331963,0.0,0.0,0.4712473416312063,0.6311373503738579,0.6123055517283771,0.917162225195462
0.7460914308331963,0.0,0.0,0.438137176983728,0.6315690246825636,0.6123055517283771,0.959202303510607
0.7460914308331963,0.0,0.0,0.475338782564701,0.640363605622885,0.615382480251104,0.9074141170206352
0.7460914308331963,0.0,0.0,0.4662765374859345,0.5979618863037498,0.5907670520692886,0.9882740148041936
0.7460914308331963,0.0,0.0,0.3944102653666838,0.5654056142596251,0.5907670520692886,0.9940031106101648
0.7460914308331963,0.0,0.0,0.3140862256839053,0.5967109300411928,0.5692285524102002,0.9931925840105348
0.7460914308331963,0.0,0.0,0.311616844221555,0.5875890454488961,0.5692285524102002,0.9852365608076896
0.7460914308331963,0.0,0.0,0.2989202592236376,0.6283807973122135,0.6132345762474453,0.9827174736565916
0.7460914308331963,0.0,0.0,0.3088244059507027,0.6895554267199696,0.6676902651374615,0.9821053907713384
0.7460914308331963,0.0,0.0,0.2650975817585441,0.7069150924852623,0.70370217800116,0.986598489156772
0.7460914308331963,0.0,0.0,0.2375649718186018,0.7295114035938481,0.7076903359329113,0.9854063039848634
0.7460914308331963,0.0,0.0,0.3176703400062809,0.6964014002541351,0.7076903359329113,0.8969260035661635
0.7460914308331963,0.0,0.0,0.3955352925069882,0.6856930731560065,0.6861518362738228,0.9610427108156352
0.7460914308331963,0.0,0.0,0.4355101028839822,0.7253399015023548,0.6861518362738228,0.9856771433400224
0.7460914308331963,0.0,0.0,0.4688539105382184,0.7535221097026634,0.7534112779472191,0.992225785914459
0.7460914308331963,0.0,0.0,0.5844216099203619,0.7967961699661069,0.7653806282870524,0.9812259828824202
0.7460914308331963,0.0,0.0,0.4552721922860746,0.8153880402222287,0.8123059057056262,0.9520992134154233
0.7460914308331963,0.0,0.0,0.5353173684400201,0.8204094237496199,0.8123059057056262,0.9844532118596152
0.7460914308331963,0.0,0.0,0.373242471229078,0.7890801568414362,0.8061520486601724,0.9887391977969864
0.7460914308331963,0.0,0.0,0.465067801017671,0.7583726816366799,0.7692289063874493,0.9737852807536862
0.7460914308331963,0.0,0.0,0.3719302236962677,0.7387285812806524,0.7323057641147266,0.9564318230826184
0.7460914308331963,0.0,0.0,0.3533385349501047,0.7387076986257738,0.7323057641147266,0.9295064433916368
0.7460914308331963,0.0,0.0,0.4357860158229262,0.7348206268172603,0.7323057641147266,0.839905299136362
0.7460914308331963,0.0,0.0,0.3977124344330092,0.721267869036345,0.7323057641147266,0.8013330071581954
0.7460914308331963,0.0,0.0,0.4085219095628736,0.7156558899348553,0.7234308807474229,0.7572988858051974
0.7460914308331963,0.0,0.0,0.2290788348796979,0.7032443479342264,0.6861518362738228,0.9040909462476464
0.7460914308331963,0.0,0.0,0.2858303715216407,0.651304795631742,0.6707671936601884,0.957992429436177
0.7460914308331963,0.0,0.0,0.2709000588404996,0.647186054207065,0.6399979084329193,0.964345674067532
0.7460914308331963,0.0,0.0,0.2637505609774876,0.5729219636330581,0.5969209091147424,0.9131199009616944
0.7460914308331963,0.0,0.0,0.407074153457388,0.5907984964154286,0.5969209091147424,0.8065032039315266
0.7460914308331963,0.0,0.0,0.2928896906151595,0.5209966882476847,0.5107669104783892,0.9129012497262254
0.7460914308331963,0.0,0.0,0.317053207738852,0.495784675453728,0.5169207675238429,0.9775687729999004
0.7460914308331963,0.0,0.0,0.3363295426203461,0.4506096543313826,0.4584591255920316,0.7629427000149075
0.7460914308331963,0.0,0.0,0.3654814581475367,0.511739705663622,0.4978443240034179,0.825607218654419
0.7460914308331963,0.0,0.0,0.4370958154589398,0.5886819327993202,0.5884766588551588,0.9507703199703872
0.7460914308331963,0.0,0.0,0.5301838665826524,0.6750968305116141,0.683074907751096,0.984737112887828
0.7460914308331963,0.0,0.0,0.3737107189163353,0.7026725893671816,0.683074907751096,0.8729056453928765
0.7460914308331963,0.0,0.0,0.4337868709639805,0.6580625506034611,0.6584594795692807,0.9803179916013488
0.7460914308331963,0.0,0.0,0.4121399884533036,0.6026153515463095,0.6206430313276977,0.9632041541296658
0.7460914308331963,0.0,0.0,0.4729642789594449,0.5946944753155131,0.5747600939246013,0.9424499756626354
0.7460914308331963,0.0,0.0,0.4952978402340431,0.5553675351477748,0.5527771870581918,0.8492224892454655
0.7460914308331963,0.0,0.0,0.5810812361790305,0.5471184602940792,0.5537155796760571,0.8874947141785458
0.7460914308331963,0.0,0.0,0.4074450972469759,0.5856106482962911,0.581536266501108,0.7579918573473441
0.7460914308331963,0.0,0.0,0.5564977517611518,0.7028517540225079,0.683074907751096,0.6554738313199022
0.7460914308331963,0.0,0.0,0.5848976384224374,0.7469444995925202,0.7261519070692728,0.4478881465421827
0.7460914308331963,0.0,0.0,0.6716406099117369,0.7498794075738934,0.7491784372523648,0.3345539423482782
0.7460914308331963,0.0,0.0,0.7989864958686019,0.7101818215908908,0.7195787527434107,0.3591013068143945
0.7460914308331963,0.0,0.0,0.6249770526750482,0.7036699279171205,0.6875351494194916,0.4665648746958958
0.7460914308331963,0.0,0.0,0.551762557682564,0.6913963819093429,0.7015364788874575,0.5128589876360763
0.7460914308331963,0.0,0.0,0.6151630410050335,0.7192110553837874,0.7230749785465459,0.4407405413280714
0.7460914308331963,0.0,0.0,0.57310358423098,0.7327337250946123,0.7384596211601804,0.5414013204495749
0.7460914308331963,0.0,0.0,0.6693133594571459,0.739159872030391,0.7384596211601804,0.556096698367946
0.7460914308331963,0.0,0.0,0.6371625955042086,0.7327292928576584,0.7353826926374534,0.5527726490070837
0.7460914308331963,0.0,0.0,0.5652336397419848,0.7173272694430813,0.7261677344508022,0.465230563292306
0.7460914308331963,0.0,0.0,0.5074464023365961,0.7327627051054643,0.7446134782056341,0.4656343037064736
0.7460914308331963,0.0,0.0,0.5193807297569939,0.7345748081369746,0.7430712068173624,0.4220405013094462
0.7460914308331963,0.0,0.0,0.4964677163406588,0.7265868943222512,0.723142565743347,0.4668692468215627
0.7460914308331963,0.0,0.0,0.5399326592880118,0.742270535254049,0.7544728247040658,0.5196560948611584
0.7460914308331963,0.0,0.0,0.3832560739129105,0.7409237318673654,0.7381570187360209,0.5101934691727166
0.7460914308331963,0.0,0.0,0.7079201015118759,0.7384359684063732,0.7384596211601804,0.3720952993155985
0.7460914308331963,0.0,0.0,0.6449004847035096,0.7161556246514003,0.7261519070692728,0.3949768611734272
0.7460914308331963,0.0,0.0,0.5796481674543255,0.7129401645943819,0.7261519070692728,0.3889367159739501
0.7460914308331963,0.0,0.0,0.5649711465229799,0.6907662797616271,0.6892287647965497,0.361834154395132
0.7460914308331963,0.0,0.0,0.5612238536516376,0.6805396174909236,0.6892287647965497,0.2907978354847401
0.7460914308331963,0.0,0.0,0.5365254492216416,0.6960772076915598,0.6892287647965497,0.3399927234345595
0.7460914308331963,0.0,0.0,0.5408816127087241,0.6862340191526893,0.6892287647965497,0.3679577654425982
0.7460914308331963,0.0,0.0,0.4941080749659542,0.6817042729858697,0.6892287647965497,0.4331464377566121
0.7460914308331963,0.0,0.0,0.428415223718247,0.7019996564681331,0.6892287647965497,0.4168676980587567
0.7460914308331963,0.0,0.0,0.4351222423790313,0.6690354481536033,0.6892287647965497,0.4558163185094355
0.7460914308331963,0.0,0.0,0.3600184518963541,0.6840278305912549,0.6584594795692807,0.5313902802104512
0.7460914308331963,0.0,0.0,0.3786936314082622,0.6574031701212523,0.6646133366147345,0.3771175418910206
0.7460914308331963,0.0,0.0,0.2951907791727356,0.6412564882807679,0.6276901943420117,0.2781968353393836
0.7460914308331963,0.0,0.0,0.1873265454411893,0.5777783315692451,0.5600989337536868,0.3395664618845661
0.7460914308331963,0.0,0.0,0.2725076276368565,0.6280575849558878,0.606305519720706,0.2730888425875011
0.7460914308331963,0.0,0.0,0.2404130341729152,0.5481750373956129,0.5569208383192927,0.1726267121842116
0.7460914308331963,0.0,0.0,0.1283377731924882,0.4767578067111851,0.4771902327581679,0.2462082123055467
0.7460914308331963,0.0,0.0,0.1883385103481955,0.4458177243016786,0.4553821970693048,0.2458508320448411
0.7460914308331963,0.0,0.0,0.3517981958907719,0.4442814427852184,0.4553821970693048,0.2625616905451803
0.7460914308331963,0.0,0.0,0.2701839178901322,0.5758575108793766,0.5630746953647466,0.3210873867161437
0.7460914308331963,0.0,0.0,0.3493358302754908,0.6056797319879303,0.5969209091147424,0.1892730823346309
0.7460914308331963,0.0,0.0,0.5469453153488433,0.6670120041311888,0.6523056225238266,0.2944195211309052
0.7460914308331963,0.0,0.0,0.6728086938081979,0.669932805666103,0.6549193648649315,0.3564001176833679
0.7460914308331963,0.0,0.0,0.5941026483393836,0.6840909047325208,0.679997979228369,0.5436710643621541
0.7460914308331963,0.0,0.0,0.762769425636779,0.7403733673671554,0.7223919200917857,0.4954455516995061
0.7460914308331963,0.0,0.0,0.6824351353861642,0.7598417124808982,0.7499981245087597,0.3760654329124213
0.7460914308331963,0.0,0.0,0.6054647798835493,0.7525158214434909,0.7476904067283612,0.4599868580002195
0.7460914308331963,0.0,0.0,0.5813828083218973,0.7259732852101232,0.7230749785465459,0.5978794675811848
0.7460914308331963,0.0,0.0,0.536695665473899,0.7037680337773873,0.6963394512205153,0.6224043109114753
0.7460914308331963,0.0,0.0,0.5590582518105156,0.7090011844723131,0.6892287647965497,0.5972031306361112
0.7460914308331963,0.0,0.0,0.4853202566030766,0.6628323194483962,0.6584594795692807,0.5076283440170435
0.7460914308331963,0.0,0.0,0.2952335517980139,0.7012360331821829,0.6861518362738228,0.6464089716480879
0.7460914308331963,0.0,0.0,0.3302884611693751,0.6573948170593008,0.6461517654783729,0.7727886243063251
0.7460914308331963,0.0,0.0,0.3262451257791801,0.6920090960505475,0.6892287647965497,0.932911029974243
0.7460914308331963,0.0,0.0,0.3329761862835037,0.6714574951782223,0.6892287647965497,0.8722518002973662
0.7460914308331963,0.0,0.0,0.2716612673193924,0.6735150759487144,0.6492286940010998,0.814010034440878
0.7460914308331963,0.0,0.0,0.2725378329348302,0.6195177724050858,0.6215363372965579,0.8110619035448535
0.7460914308331963,0.0,0.0,0.1749453675742842,0.6284731497879728,0.6556982431430048,0.8066342892422632
0.7460914308331963,0.0,0.0,0.1444692273049566,0.5639063248746642,0.5661516238874735,0.8519110267111127
0.7460914308331963,0.0,0.0,0.2226596845109628,0.5454400488714554,0.5661516238874735,0.930418300459352
0.7460914308331963,0.0,0.0,0.2834413116729327,0.5283577388570817,0.5261515530920235,0.9068931729841336
0.7460914308331963,0.0,0.0,0.2438244843462368,0.5584040010201192,0.572305480932927,0.9077653764524884
0.7460914308331963,0.0,0.0,0.2191782507167208,0.5273804732264241,0.572305480932927,0.8538279883061912
0.7460914308331963,0.0,0.0,0.277001485318754,0.5429423128773174,0.5169207675238429,0.8761100310853588
0.7460914308331963,0.0,0.0,0.442149148696215,0.5564287149569141,0.5538439097965657,0.961797652089131
0.7460914308331963,0.0,0.0,0.4387834217380606,0.5809518984635168,0.5538439097965657,0.9665700828458348
0.7460914308331963,0.0,0.0,0.5016591371847345,0.6866458762480918,0.6676902651374615,0.9856728089731794
0.7460914308331963,0.0,0.0,0.5773672521891007,0.7614042464777772,0.7599981208192688,0.987894933423011
0.7460914308331963,0.0,0.0,0.3687733110773616,0.7571983945498918,0.7569211922965419,0.9910453152475313
0.7460914308331963,0.0,0.0,0.3030851589172552,0.7823031813036962,0.7569211922965419,0.992319150519157
0.7460914308331963,0.0,0.0,0.26462266792376,0.7557141918176391,0.7569211922965419,0.9848195244303688
0.7460914308331963,0.0,0.0,0.3178350922031883,0.773139105225012,0.7569211922965419,0.990629567465758
0.7460914308331963,0.0,0.0,0.2578041388213967,0.7586059707240386,0.7415365496829073,0.9881573383345836
0.7460914308331963,0.0,0.0,0.216586649264306,0.7837111836544732,0.7999981916147186,0.975559618250622
0.7460914308331963,0.0,0.0,0.195094749219571,0.7953860367321791,0.7999981916147186,0.9271747297477084
0.7460914308331963,0.0,0.0,0.1977612300864996,0.8255015525976203,0.7999981916147186,0.9826642312314532
0.7460914308331963,0.0,0.0,0.1697928508042992,0.8481952024485384,0.7999981916147186,0.9707682685683738
0.7460914308331963,0.0,0.0,0.1616523044381601,0.934373316425106,0.9076906899101602,0.9575103775562122
0.7460914308331963,0.0,0.0,0.1364114832335885,0.9991092056076054,0.9692292603646984,0.9505934309451752
0.7460914308331963,0.0,0.0,0.1056923564228548,0.9924432916996896,0.9692292603646984,0.9873844152959425
0.7460914308331963,0.0,0.0,0.1225098117563811,0.0286847859602981,0.0215385718447811,0.9903233503055568
0.7460914308331963,0.0,0.0,0.1429773216322446,0.1257738100961487,0.1138460933335662,0.9901784418789428
0.7460914308331963,0.0,0.0,0.1955048375016849,0.0968143089944769,0.1138460933335662,0.9871775371379792
0.7460914308331963,0.0,0.0,0.2094158634416511,0.0624703431853353,0.0369231502933554,0.9885423941133068
0.7460914308331963,0.0,0.0,0.1862010374640141,0.0791634367377847,0.1138460933335662,0.9925117369810432
0.7460914308331963,0.0,0.0,0.1828011273755913,0.0719723240596708,0.0861538328766144,0.9762633671373512
0.7460914308331963,0.0,0.0,0.2811950822310687,0.0643154322880212,0.0811300080956521,0.9358130642931676
0.7460914308331963,0.0,0.0,0.2348828418971514,0.0684774998943639,0.0923076685337148,0.927145033477582
0.7460914308331963,0.0,0.0,0.3146862008175358,0.1049065082306045,0.0695360875233665,0.7380712244822314
0.7460914308331963,0.0,0.0,0.3809443850879558,0.1081987333531333,0.1169230111621164,0.575681183512631
0.7460914308331963,0.0,0.0,0.3395796938797414,0.1051487576816125,0.1135107881170308,0.7053286559078221
0.7460914308331963,0.0,0.0,0.3761128487854401,0.0953990083689082,0.0892307507051646,0.9618616718588516
0.7460914308331963,0.0,0.0,0.4006841811442209,0.0963769132645111,0.0615384902482128,0.982087233288618
0.7460914308331963,0.0,0.0,0.4045119923351979,0.1196570887027096,0.1119456098022481,0.9898295839206108
0.7460914308331963,0.0,0.0,0.4107459112275745,0.1102096690914525,0.0979843300260576,0.9802345257533596
0.7460914308331963,0.0,0.0,0.2863647998472949,0.0898674168342856,0.0923076685337148,0.8791818085814569
0.7460914308331963,0.0,0.0,0.3673923912969149,0.0680522768343974,0.0430769832769116,0.8027361705648106
0.7460914308331963,0.0,0.0,0.3897393722914523,0.0682115816587574,0.0430769832769116,0.8620214059524747
0.7460914308331963,0.0,0.0,0.3773751329961317,0.0864289332194881,0.079999997219514,0.8916586349740154
0.7460914308331963,0.0,0.0,0.3317478229284237,0.1030714982052222,0.079999997219514,0.6712512780633614
0.7460914308331963,0.0,0.0,0.3321485786040001,0.0861351483594759,0.079999997219514,0.7058573315176113
0.7460914308331963,0.0,0.0,0.3742364484658726,0.0755950491589015,0.079999997219514,0.6672740279047626
0.7460914308331963,0.0,0.0,0.4045956579507144,0.1024344600328502,0.079999997219514,0.7384895494551003
0.7460914308331963,0.0,0.0,0.3991078230320222,0.100832025248971,0.079999997219514,0.7280645771824755
0.7460914308331963,0.0,0.0,0.3782336453726938,0.0945071485349379,0.079999997219514,0.6492066297276323
0.7460914308331963,0.0,0.0,0.3999195193823471,0.0692393652017146,0.079999997219514,0.6538653712134963
0.7460914308331963,0.0,0.0,0.4427314858591764,0.0801556345321221,0.0738461615624136,0.6451440979727725
0.7460914308331963,0.0,0.0,0.4358406126639815,0.0992671792438733,0.1061706153550657,0.756217754140508
0.7460914308331963,0.0,0.0,0.4167352590024936,0.1212637213263961,0.1169230111621164,0.8172318161732569
0.7460914308331963,0.0,0.0,0.4469234654111076,0.1238288997722596,0.1169230111621164,0.9266074548440072
0.7460914308331963,0.0,0.0,0.3407878620862485,0.140550152945548,0.1169230111621164,0.9222195527133022
0.7460914308331963,0.0,0.0,0.3363457162241816,0.1743898665658649,0.1579979215760624,0.9857196084205782
0.7460914308331963,0.0,0.0,0.3835257796849772,0.1675201549933985,0.1599998393734658,0.9763430257712212
0.7460914308331963,0.0,0.0,0.4012833913101024,0.1685771689259779,0.1569229322390923,0.9897365707510624
0.7460914308331963,0.0,0.0,0.4068308062883289,0.1389752491719781,0.1569229322390923,0.9900291990854856
0.7460914308331963,0.0,0.0,0.3952893225913612,0.1496915457730912,0.1507691072761686,0.9804723302044724
0.7460914308331963,0.0,0.0,0.3755093110877215,0.1383376143523239,0.1507691072761686,0.8883848408395212
0.7460914308331963,0.0,0.0,0.3390488062619539,0.1426008403090468,0.1384614252677911,0.8469750614648751
0.7460914308331963,0.0,0.0,0.3180724944800269,0.1543096277009305,0.1507691072761686,0.785600544113863
0.7460914308331963,0.0,0.0,0.3236309468500599,0.1655742964265073,0.1582506784425807,0.8836534108502506
0.7460914308331963,0.0,0.0,0.3940964537398335,0.1433221122923732,0.1661536964189196,0.897190868523782
0.7460914308331963,0.0,0.0,0.4356687353388979,0.1535359892641712,0.1661536964189196,0.9666143636746628
0.7460914308331963,0.0,0.0,0.3796247501523126,0.1629360180341527,0.1661536964189196,0.9797224847406436
0.7460914308331963,0.0,0.0,0.2990854266887516,0.1646942523396087,0.184615160613514,0.9024673744298152
0.7460914308331963,0.0,0.0,0.302852870996224,0.1642008783092692,0.1599998393734658,0.7794295771800114
0.7460914308331963,0.0,0.0,0.2713833217518582,0.1580572012439714,0.1692306035532931,0.637099923119946
0.7460914308331963,0.0,0.0,0.3347750844419895,0.1563785980418639,0.17169180415782,0.6740611778006109
0.7460914308331963,0.0,0.0,0.2423607513429084,0.1665995708545543,0.178461346344767,0.5054458731665723
0.7460914308331963,0.0,0.0,0.2657023652608824,0.1783238710757764,0.1692306035532931,0.4018118941083851
0.7460914308331963,0.0,0.0,0.2431494768045427,0.1955976196324255,0.1938458820166345,0.2616984779593984
0.7460914308331963,0.0,0.0,0.3215047299198992,0.1565571980131551,0.1723075213818433,0.1878760397568682
0.7460914308331963,0.0,0.0,0.308498966814068,0.1672071282585339,0.1538460144105421,0.1670719574986191
0.7460914308331963,0.0,0.0,0.1947246359663963,0.182810232461644,0.1723075213818433,0.1803958890326109
0.7460914308331963,0.0,0.0,0.2603353296778639,0.1992710277874,0.196922789151008,0.2943058611463278
0.7460914308331963,0.0,0.0,0.2638033000397239,0.2175772318483145,0.196922789151008,0.4281415619348241
0.7460914308331963,0.0,0.0,0.28396282297174,0.2297289126486934,0.2184611390916224,0.5525791839573236
0.7460914308331963,0.0,0.0,0.1598645310963665,0.207951436008497,0.2184611390916224,0.3619562781095581
0.7460914308331963,0.0,0.0,0.1486531856236343,0.195321116234767,0.2184611390916224,0.494631540034644
0.7460914308331963,0.0,0.0,0.1355453321076473,0.1863999395264518,0.2184611390916224,0.7744536654717888
0.7460914308331963,0.0,0.0,0.1200185850007424,0.1890311540411612,0.1661536964189196,0.6040530117061323
0.7460914308331963,0.0,0.0,0.1591625966899086,0.2273444330940246,0.1661536964189196,0.5877904087388882
0.7460914308331963,0.0,0.0,0.1420150249883681,0.19171150672133,0.1661536964189196,0.4063823375129554
0.7460914308331963,0.0,0.0,0.1866187972798391,0.2271357557070587,0.1661536964189196,0.3130724395532446
0.7460914308331963,0.0,0.0,0.2270737669847531,0.2237154751615775,0.2215380462259959,0.4732027817982871
0.7460914308331963,0.0,0.0,0.2381551116526026,0.2382528288111896,0.2215380462259959,0.3859757869812339
0.7460914308331963,0.0,0.0,0.1905249630245325,0.2369378395099487,0.2215380462259959,0.3235312081727393
0.7460914308331963,0.0,0.0,0.2264525913163653,0.2763860056201404,0.2799992817790923,0.2468264745921775
0.7460914308331963,0.0,0.0,0.2162965079252311,0.3021694360398379,0.2799992817790923,0.1715353596139262
0.7460914308331963,0.0,0.0,0.253077774656254,0.2850321705490029,0.3046145388540802,0.2526968473282185
0.7460914308331963,0.0,0.0,0.2756119541870759,0.3138203166820964,0.3046145388540802,0.4692216658530447
0.7460914308331963,0.0,0.0,0.2211249625005296,0.318446762326303,0.3046145388540802,0.577780891385412
0.7460914308331963,0.0,0.0,0.2104266481127017,0.309574723783447,0.3046145388540802,0.7840071957188826
0.7460914308331963,0.0,0.0,0.2668390636234141,0.3130087485252514,0.3046145388540802,0.7398970472285584
0.7460914308331963,0.0,0.0,0.1401398049047563,0.2888326006486014,0.3046145388540802,0.8272159716234494
0.7460914308331963,0.0,0.0,0.2030346554732651,0.3121695854316024,0.3046145388540802,0.7437888400733212
0.7460914308331963,0.0,0.0,0.2392288640975044,0.3274026724299776,0.3046145388540802,0.5260085780496894
0.7460914308331963,0.0,0.0,0.1443709617335457,0.3660459826652496,0.3046145388540802,0.4175371527321541
0.7460914308331963,0.0,0.0,0.1751436909272609,0.3510710947782668,0.3046145388540802,0.443636952684605
0.7460914308331963,0.0,0.0,0.0916077593006466,0.3634181775635816,0.3046145388540802,0.4766211914967708
0.7460914308331963,0.0,0.0,0.1021035648690998,0.37610383637274,0.3630758385722367,0.3184336413302898
0.7460914308331963,0.0,0.0,0.1155206402054432,0.4329991410015681,0.455383694254044,0.4264071416136109
0.7460914308331963,0.0,0.0,0.1155747124971849,0.4557433354008252,0.455383694254044,0.3397154996741859
0.7460914308331963,0.0,0.0,0.1817699289937538,0.6035549857805227,0.5876916207313012,0.5353091921342449
0.7460914308331963,0.0,0.0,0.0474813159564243,0.4385527765223865,0.3846143382313251,0.5160106580561443
0.7460914308331963,0.0,0.0,0.0634564325172239,0.4245847096153642,0.3846143382313251,0.5194810215842184
0.7460914308331963,0.0,0.0,0.0878913383420307,0.4417337162723606,0.3846143382313251,0.4878643340835258
0.7460914308331963,0.0,0.0,0.0897742299593537,0.3831169137635977,0.3846143382313251,0.4409207397009405
0.7460914308331963,0.0,0.0,0.0986798314993518,0.4106333488322447,0.3846143382313251,0.3108416170834647
0.7460914308331963,0.0,0.0,0.1398811583807177,0.3660390786038408,0.3846143382313251,0.4491766249450346
0.7460914308331963,0.0,0.0,0.1114014090864393,0.4188768407720848,0.3846143382313251,0.5822494478829107
0.7460914308331963,0.0,0.0,0.2439509662994742,0.4443042006172699,0.4338451945949557,0.635326347065834
0.7460914308331963,0.0,0.0,0.1406145657459905,0.4213842935933911,0.4338451945949557,0.5280153898979716
0.7460914308331963,0.0,0.0,0.1661955353241985,0.4239870395092047,0.4338451945949557,0.5686124169170412
0.7460914308331963,0.0,0.0,0.170092346606133,0.4162942956285416,0.4338451945949557,0.714976663637587
0.7460914308331963,0.0,0.0,0.1423061717136274,0.4143348207183163,0.4338451945949557,0.5838504692786537
0.7460914308331963,0.0,0.0,0.1203671043071746,0.4210765514487407,0.4338451945949557,0.6354566709337468
0.7460914308331963,0.0,0.0,0.1178475081761597,0.3989458383086225,0.4338451945949557,0.5866667534211178
0.7460914308331963,0.0,0.0,0.1294336769177781,0.4024004260728329,0.4338451945949557,0.4811775189228391
0.7460914308331963,0.0,0.0,0.1854153281609328,0.453970057060324,0.4338451945949557,0.6144843683839716
0.7460914308331963,0.0,0.0,0.1656254157889993,0.651869479666726,0.6746678304497529,0.4665971188708558
0.7460914308331963,0.0,0.0,0.1971936240167613,0.7722322013559964,0.7415380040909397,0.5359118448429886
0.7460914308331963,0.0,0.0,0.2803345372259165,0.7578449897331953,0.7569226467045743,0.808442423086069
0.7460914308331963,0.0,0.0,0.2679620799913497,0.749064643092322,0.7569226467045743,0.7656345761144742
0.7460914308331963,0.0,0.0,0.2586285117801331,0.74215248432749,0.7569226467045743,0.7575689637175327
0.7460914308331963,0.0,0.0,0.236789141527593,0.7827788796582992,0.7569226467045743,0.8892401754207035
0.7460914308331963,0.0,0.0,0.1891761500333213,0.7817722504578224,0.7569226467045743,0.880656899048655
0.7460914308331963,0.0,0.0,0.1387283191986827,0.8191399288036503,0.7569226467045743,0.909412728715431
0.7460914308331963,0.0,0.0,0.1604474146648628,0.7726788344644213,0.7938457889772972,0.8887960199643518
0.7460914308331963,0.0,0.0,0.1607050120902743,0.738314593302099,0.732307218522759,0.9663355584561168
0.7460914308331963,0.0,0.0,0.238207304309304,0.7571203189912434,0.7876919319318434,0.9000893299186875
0.7460914308331963,0.0,0.0,0.1746509424158151,0.7902066269103186,0.7876919319318434,0.9894175847804316
0.7460914308331963,0.0,0.0,0.1385264442097286,0.8695497200921161,0.836922788295474,0.8870349784305693
0.7460914308331963,0.0,0.0,0.1903864382933041,0.8644418227087992,0.836922788295474,0.8948308057778002
0.7460914308331963,0.0,0.0,0.1902813098683738,0.8797410523201777,0.901538287272739,0.8744500857295616
0.7460914308331963,0.0,0.0,0.1826552589539727,0.8624774893849899,0.8307689312500199,0.8783282897485467
0.7460914308331963,0.0,0.0,0.1870289074181745,0.9583391887524266,0.944898297283344,0.7777661174727201
0.7460914308331963,0.0,0.0,0.1692230372561997,0.0125128771269111,0.0123092874716559,0.6826045077106746
0.7460914308331963,0.0,0.0,0.255179971599097,0.9801771611652764,0.9692307147727308,0.732293220617965
0.7460914308331963,0.0,0.0,0.23594404887097,0.955714707828474,0.9692307147727308,0.7571301969334722
0.7460914308331963,0.0,0.0,0.2166715169719993,0.9436254405955846,0.9692307147727308,0.8556647641146754
0.7460914308331963,0.0,0.0,0.2393753226371007,0.9290588938468056,0.9692307147727308,0.9287161243130988
0.7460914308331963,0.0,0.0,0.1928272536742855,0.9479845456396816,0.9692307147727308,0.9173439757402412
0.7460914308331963,0.0,0.0,0.2117724449453599,0.9423525362365736,0.9692307147727308,0.9366652945305298
0.7460914308331963,0.0,0.0,0.2290197138008129,0.9678927902710924,0.9692307147727308,0.9152360677139736
0.7460914308331963,0.0,0.0,0.2141418123385872,0.9536150208069208,0.9692307147727308,0.8803348087342044
0.7460914308331963,0.0,0.0,0.1841353404109078,0.9590192814188624,0.9692307147727308,0.8263465210637652
0.7460914308331963,0.0,0.0,0.2158373087136331,0.9275698327009688,0.9692307147727308,0.9234358111929468
0.7460914308331963,0.0,0.0,0.1982613878569997,0.9326324701261612,0.8953844302272852,0.8839439891463025
0.7460914308331963,0.0,0.0,0.2410190634798733,0.905419984230156,0.935384501022735,0.8659517980911496
0.7460914308331963,0.0,0.0,0.2267751017193325,0.943418489223971,0.935384501022735,0.8103061422560092
0.7460914308331963,0.0,0.0,0.2115819024072013,0.9375716015639282,0.935384501022735,0.8304771726650891
0.7460914308331963,0.0,0.0,0.1794436839253472,0.93126734114438,0.935384501022735,0.79918690984569
0.7460914308331963,0.0,0.0,0.1793587943614325,0.8407752968465142,0.8399997168182008,0.6043748091579583
0.7460914308331963,0.0,0.0,0.1950042644629782,0.8900180460509048,0.901538287272739,0.6676884870909877
0.7460914308331963,0.0,0.0,0.1933860516867999,0.906584724960428,0.901538287272739,0.9696510562283432
0.7460914308331963,0.0,0.0,0.1810939816345395,0.9491776697335236,0.901538287272739,0.9822913585379104
0.7460914308331963,0.0,0.0,0.1750328580285454,1.0000000000000002,0.9904831238164986,0.9775953649262072
0.7460914308331963,0.0,0.0,0.1795739032924438,0.9104130696293032,0.9292306439772814,0.9905378428917576
0.7460914308331963,0.0,0.0,0.1690478814979062,0.9232875246856296,0.9292306439772814,0.9503601951510048
0.7460914308331963,0.0,0.0,0.1665052379814257,0.9386176947203592,0.9292306439772814,0.9790622552399184
0.7460914308331963,0.0,0.0,0.1630547525966851,0.9704351043407468,0.9292306439772814,0.9522377374368228
0.7460914308331963,0.0,0.0,0.1109736391212134,0.0664270149647644,0.0430784430320324,0.9864157428790696
0.7460914308331963,0.0,0.0,0.1296026145810836,0.1127019500247243,0.0781910130641185,0.986285360438632
0.7460914308331963,0.0,0.0,0.0872462519674321,0.1054329216041984,0.1076937120844983,0.9841608178152914
0.7460914308331963,0.0,0.0,0.0585234942755264,0.0360795151778946,0.1076937120844983,0.9907603013413452
0.7460914308331963,0.0,0.0,0.0507210636544334,0.0311258431262267,0.0538881008082717,0.9908399599752156
0.7460914308331963,0.0,0.0,0.048187698103937,0.1609222482212429,1.0,0.9850394642613856
0.7460914308331963,0.0,0.0,0.0700496676894039,0.2607481999849182,0.2676931076496307,0.9799639206883004
0.7460914308331963,0.0,0.0,0.0145877355349017,0.3049152068327388,0.2676931076496307,0.9752252862784664
0.7460914308331963,0.0,0.0,0.1186296986275956,0.3567845465354015,0.3230774146800001,0.983397149235585
0.7460914308331963,0.0,0.0,0.0953113069448583,0.3441087110975686,0.3230774146800001,0.9785090377421944
0.7460914308331963,0.0,0.0,0.1111057053390183,0.4669250168820909,0.4523082201393495,0.9317912404431165
0.7460914308331963,0.0,0.0,0.0816095215404577,0.4236534710607656,0.4092312208211728,0.7814510321595198
0.7460914308331963,0.0,0.0,0.0948217603698474,0.4364280729326418,0.4676928627529841,0.8799249767774467
0.7460914308331963,0.0,0.0,0.0603380250963679,0.4281720513998745,0.3753850070711768,0.8742176113782152
0.7460914308331963,0.0,0.0,0.1095672349866152,0.4541396753591342,0.4769236483211648,0.9548545821319866
0.7460914308331963,0.0,0.0,0.1362257818484699,0.4444945737179697,0.4584620771848033,0.9701587628742164
0.7460914308331963,0.0,0.0,0.0717352085556025,0.4222473438871614,0.3569234359348154,0.9837761134717178
0.7460914308331963,0.0,0.0,0.1358326212098296,0.4281916555248626,0.4461543630938957,0.9806024197822856
0.7460914308331963,0.0,0.0,0.1939855896960024,0.3598789085029552,0.3784619355939037,0.9763987868149304
0.7460914308331963,0.0,0.0,0.186755267526256,0.3542900494836526,0.3784619355939037,0.9271483721115016
0.7460914308331963,0.0,0.0,0.1918121414713979,0.3737808327969741,0.3784619355939037,0.9650627189174144
0.7460914308331963,0.0,0.0,0.1681326740830344,0.4395093725864806,0.3784619355939037,0.9832747912310592
0.7460914308331963,0.0,0.0,0.1084634739497322,0.4286431044292085,0.3784619355939037,0.9701016546624344
0.7460914308331963,0.0,0.0,0.2698862361546745,0.469514338234054,0.4461543630938957,0.9670487960918804
0.7460914308331963,0.0,0.0,0.2244520039468074,0.4765581855776105,0.4461543630938957,0.9651021382266752
0.7460914308331963,0.0,0.0,0.3260536871359442,0.4754804274975572,0.4769236483211648,0.9852611612681496
0.7460914308331963,0.0,0.0,0.3070694825096722,0.4539903004502574,0.4526159129916222,0.9908747520550087
0.7460914308331963,0.0,0.0,0.1397361423517337,0.4118603965858488,0.453846684400713,0.980021263190182
0.7460914308331963,0.0,0.0,0.2238796769332469,0.371215462571627,0.3972348356026189,0.96067147815279
0.7460914308331963,0.0,0.0,0.2746332763052608,0.3604910259968776,0.3723080785484499,0.978395641333979
0.7460914308331963,0.0,0.0,0.2665432178105539,0.3523477494916234,0.3723080785484499,0.7132821604920963
0.7460914308331963,0.0,0.0,0.1988518336781002,0.3700657232587369,0.3507696216660684,0.9337696446168198
0.7460914308331963,0.0,0.0,0.1803343468035876,0.4088464328395778,0.3507696216660684,0.9824781463198312
0.7460914308331963,0.0,0.0,0.2030792203086982,0.3796455772578214,0.3507696216660684,0.9771478708359358
0.7460914308331963,0.0,0.0,0.2922641218462705,0.3662495672414849,0.3507696216660684,0.977435110498068
0.7460914308331963,0.0,0.0,0.2824015019398639,0.3634174104456472,0.3630772929802692,0.9917917635049156
0.7460914308331963,0.0,0.0,0.2770467276970504,0.354808983457387,0.3476927145316949,0.9950038807706854
0.7460914308331963,0.0,0.0,0.231107573062418,0.3790756512502864,0.3907696496848113,0.7706695875003255
0.7460914308331963,0.0,0.0,0.167764986870435,0.4224197749517308,0.4246158634348074,0.0022355679882918
0.7460914308331963,0.0,0.0,0.2045554987831098,0.3851675052373547,0.3476927145316949,0.0550485258748583
0.7460914308331963,0.0,0.0,0.2680615476549376,0.3674948553548605,0.369231150025723,0.9859413054273422
0.7460914308331963,0.0,0.0,0.2647154912960426,0.3427778040991905,0.369231150025723,0.989069195402299
0.7460914308331963,0.0,0.0,0.2924980052714638,0.3630271605053947,0.369231150025723,0.9932847771647346
0.7460914308331963,0.0,0.0,0.1828989339663529,0.3615388664774924,0.369231150025723,0.7392904115881213
0.7460914308331963,0.0,0.0,0.2146246381255178,0.3400827270164492,0.369231150025723,0.002026170525361
0.7460914308331963,0.0,0.0,0.1992229523174593,0.3668081995683201,0.3261543218143736,0.7325795231196988
0.7460914308331963,0.0,0.0,0.2247911687904807,0.3342820369031175,0.3261543218143736,0.974300074675073
0.7460914308331963,0.0,0.0,0.2491086629939308,0.3291628884567638,0.3261543218143736,0.9864538150202576
0.7460914308331963,0.0,0.0,0.163876196821754,0.3687175987244998,0.3261543218143736,0.9847647591195828
0.7460914308331963,0.0,0.0,0.157730664488716,0.3662518259776248,0.3261543218143736,0.9873764494325552
0.7460914308331963,0.0,0.0,0.1694907978245617,0.3069894511094706,0.3261543218143736,0.9714884177620764
0.7460914308331963,0.0,0.0,0.1705373174176001,0.2988407195433502,0.3261543218143736,0.9545696267983256
0.7460914308331963,0.0,0.0,0.2304321721087388,0.3287686537650192,0.2738469219183777,0.9807774930592256
0.7460914308331963,0.0,0.0,0.0843884854508174,0.4203879778673645,0.3410789437226919,0.9841559562957244
0.7460914308331963,0.0,0.0,0.1313218249563477,0.3652241862692803,0.3938465782075382,0.975618542210676
0.7460914308331963,0.0,0.0,0.0641386307557583,0.3893824773451259,0.3569234359348154,0.9718245654825038
0.7460914308331963,0.0,0.0,0.1210876383580434,0.4323086922430192,0.3907696496848113,0.978589692108988
0.7460914308331963,0.0,0.0,0.1476185776712585,0.3570136804006158,0.3723080785484499,0.9808614860599388
0.7460914308331963,0.0,0.0,0.0671646573928151,0.4078284673407383,0.3851185900515101,0.993569439635771
0.7460914308331963,0.0,0.0,0.0621043738771349,0.4881915716692002,0.4523082201393495,0.9774855414420108
0.7460914308331963,0.0,0.0,0.1080903882504472,0.4621690561599737,0.455824764878232,0.9853637803317826
0.7460914308331963,0.0,0.0,0.0977754101297406,0.5336120279128642,0.5446160758211568,0.9868880717199006
0.7460914308331963,0.0,0.0,0.1565080274636426,0.5444909535160525,0.5446160758211568,0.9929361534965022
0.7460914308331963,0.0,0.0,0.167019143315186,0.5584492609782439,0.5446160758211568,0.9657296256859784
0.7460914308331963,0.0,0.0,0.2403562079972772,0.5934928703067304,0.5476930043438836,0.9871870258870138
0.7460914308331963,0.0,0.0,0.2440258238577666,0.5704912226051838,0.5661545754802452,0.993718682429228
0.7460914308331963,0.0,0.0,0.2493358365591545,0.6096923980493568,0.5876930751393336,0.9897961975814152
0.7460914308331963,0.0,0.0,0.2936528880101995,0.5930979750412089,0.5876930751393336,0.9788704887933808
0.7460914308331963,0.0,0.0,0.2952618118922832,0.5702157420314378,0.5569237899120643,0.9842268876233838
0.7460914308331963,0.0,0.0,0.3080505864320627,0.5395641385828975,0.5138467905938877,0.4030362941689913
0.7460914308331963,0.0,0.0,0.3344245325069671,0.5344228715694378,0.535385290252976,0.9655145473745286
0.7460914308331963,0.0,0.0,0.4000454549300496,0.5708506173574114,0.535385290252976,0.9920103561678598
0.7460914308331963,0.0,0.0,0.4063772896942946,0.5368043465788639,0.535385290252976,0.9836751930113072
0.7460914308331963,0.0,0.0,0.4288212685994019,0.5663163111006492,0.5723084325256989,0.98466823159854
0.7460914308331963,0.0,0.0,0.4085316137251749,0.5472635308189914,0.5446160758211568,1.0
0.7460914308331963,0.0,0.0,0.4722032890427661,0.5376309161530911,0.5246214302884932,0.9914379854544918
0.7460914308331963,0.0,0.0,0.4887273355321184,0.556689066260289,0.5538468613893374,0.980787743251084
0.7460914308331963,0.0,0.0,0.5374356734180343,0.5749160440856538,0.5718471285191774,0.9854231728720358
0.7460914308331963,0.0,0.0,0.5083044775887304,0.5838101798867845,0.5723084325256989,0.9968314606927594
0.7460914308331963,0.0,0.0,0.4665935838335519,0.5853955143333777,0.5876930751393336,0.9856179850898686
0.7460914308331963,0.0,0.0,0.4917585311655361,0.5881578207795297,0.5876930751393336,0.9874476736228394
0.7460914308331963,0.0,0.0,0.4681077391396483,0.6050705124950931,0.6106638244967111,0.9534094807975396
0.7460914308331963,0.0,0.0,0.4133986008188002,0.5996899046861264,0.6123085033211488,0.9655752285103298
0.7460914308331963,0.0,0.0,0.4412435143063162,0.6102178738343643,0.6153854318438757,0.9594378236332486
0.7460914308331963,0.0,0.0,0.4232193004925629,0.6542380415242577,0.6408058748716411,0.9736173533247846
0.7460914308331963,0.0,0.0,0.4300030782029016,0.7328310638369444,0.7313690397884278,0.9570836181397572
0.7460914308331963,0.0,0.0,0.4340533857277229,0.8128635403357155,0.8005234040212533,0.9826443165729858
0.7460914308331963,0.0,0.0,0.6209103966966201,0.7913630998139655,0.7806485760444377,0.9875470126250776
0.7460914308331963,0.0,0.0,0.5041882517001688,0.7781909177637976,0.7753856722489681,0.9701960735725806
0.7460914308331963,0.0,0.0,0.4643698444435077,0.7536058107928303,0.7384625299762453,0.983014436357858
0.7460914308331963,0.0,0.0,0.3748856219538728,0.6994240580036617,0.7046163162262493,0.986293912027268
0.7460914308331963,0.0,0.0,0.3683941930609705,0.6736266916081571,0.6738470309989802,0.9334079007030088
0.7460914308331963,0.0,0.0,0.4346412306584768,0.6709452308687501,0.6738470309989802,0.9475311421981116
0.7460914308331963,0.0,0.0,0.5152698804988967,0.6823807005332857,0.6738470309989802,0.9831340414537132
0.7460914308331963,0.0,0.0,0.4984799312200011,0.6906719242557059,0.6830778165671609,0.9737189766554942
0.7460914308331963,0.0,0.0,0.5056440946075722,0.6775433400748049,0.6830778165671609,0.9427387382104152
0.7460914308331963,0.0,0.0,0.4619464266147601,0.6737352814135261,0.6830778165671609,0.9330763802120488
0.7460914308331963,0.0,0.0,0.4714610954764908,0.6918962870965397,0.6830778165671609,0.9638324030317929
0.7460914308331963,0.0,0.0,0.3799117660517274,0.6827122659515632,0.6861547450898877,0.9329983030363508
0.7460914308331963,0.0,0.0,0.426263872133477,0.7100738284328041,0.7200009588398838,0.9710585540018012
0.7460914308331963,0.0,0.0,0.4143500895611947,0.7140542329233261,0.7200009588398838,0.9540361482414944
0.7460914308331963,0.0,0.0,0.4709911430039644,0.7495294313251925,0.744616387021699,0.9675362366441368
0.7460914308331963,0.0,0.0,0.3453117065039058,0.6851300085922172,0.6861547450898877,0.9430211163529804
0.7460914308331963,0.0,0.0,0.3990857045359662,0.7068747761760475,0.6861547450898877,0.9593932499417962
0.7460914308331963,0.0,0.0,0.4220759141262833,0.6997230209097302,0.6861547450898877,0.971057558268878
0.7460914308331963,0.0,0.0,0.4391282254868551,0.6900170612457768,0.6861547450898877,0.972272821015599
0.7460914308331963,0.0,0.0,0.4387359500251815,0.6806193977560925,0.6861547450898877,0.8062612994036705
0.7460914308331963,0.0,0.0,0.3941832666512312,0.7066748993364949,0.7292317444080645,0.6424511675677574
0.7460914308331963,0.0,0.0,0.504061966452924,0.7223431126742801,0.6953855306580685,0.9589184024823943
0.7460914308331963,0.0,0.0,0.4619056866180719,0.7134905717122548,0.7230778873626107,0.9766706804755378
0.7460914308331963,0.0,0.0,0.4841311470216297,0.6726692431908029,0.6892316736126147,0.9783190870439288
0.7460914308331963,0.0,0.0,0.4121467638819374,0.6996183519293592,0.6892316736126147,0.982921774623459
0.7460914308331963,0.0,0.0,0.426712886345903,0.6941074619245473,0.6926345606414335,0.9811251209945344
0.7460914308331963,0.0,0.0,0.4676079310686906,0.69132205670504,0.6892497681596065,0.9829428607324248
0.7460914308331963,0.0,0.0,0.4569989649139429,0.6960694086592275,0.667841266912593,0.988892306377087
0.7460914308331963,0.0,0.0,0.5181981333295238,0.678627277715996,0.6861547450898877,0.9874332647817128
0.7460914308331963,0.0,0.0,0.4535599321892153,0.7239520999238483,0.7107701732717029,0.9733114290272078
0.7460914308331963,0.0,0.0,0.5115174295593039,0.6908406049659297,0.6861547450898877,0.985440861774557
0.7460914308331963,0.0,0.0,0.4402615142788484,0.6934263038165362,0.6861547450898877,0.9975899748902743
0.7460914308331963,0.0,0.0,0.4672838470177827,0.6671123687275953,0.6861547450898877,0.9777351189706296
0.7460914308331963,0.0,0.0,0.4654221777914383,0.7011611965659236,0.6861547450898877,0.9890433063462912
0.7460914308331963,0.0,0.0,0.4100656581927446,0.6894040913985939,0.6861547450898877,0.9947468645314038
0.7460914308331963,0.0,0.0,0.4134732179586572,0.718582103912973,0.7151004593047301,0.9895937709353448
0.7460914308331963,0.0,0.0,0.424993413695982,0.6907502129026692,0.6892316736126147,0.9882428542209444
0.7460914308331963,0.0,0.0,0.4669425839768549,0.7268012611672299,0.6916862866042888,0.9922111427832327
0.7460914308331963,0.0,0.0,0.5023693332428814,0.7144974992363728,0.7138471017944298,0.9904034775196264
0.7460914308331963,0.0,0.0,0.5621629280602773,0.7515667260880879,0.7321605799717246,0.9888528284953012
0.7460914308331963,0.0,0.0,0.4503148952856275,0.7329425516433987,0.7353856014535184,0.9918230412332149
0.7460914308331963,0.0,0.0,0.4097474316091717,0.7242879271084274,0.7353856014535184,0.9948490150148376
0.7460914308331963,0.0,0.0,0.4309483597784187,0.7340523155883779,0.7507702440671529,0.995139769028464
0.7460914308331963,0.0,0.0,0.5624156296920952,0.7330479025063782,0.7507702440671529,0.9899268143119524
0.7460914308331963,0.0,0.0,0.5843352778458348,0.748835189594635,0.7507702440671529,0.9911034191922364
0.7460914308331963,0.0,0.0,0.5542142137493593,0.7449940596268546,0.7353856014535184,0.9852557725958584
0.7460914308331963,0.0,0.0,0.5345242498778846,0.7211010635032938,0.7046163162262493,0.994516440218429
0.7460914308331963,0.0,0.0,0.4461562246151087,0.7231730490438858,0.7046163162262493,0.989631140206234
0.7460914308331963,0.0,0.0,0.5092582393781504,0.7319695051613799,0.7115194500686457,0.9800670669046574
0.7460914308331963,0.0,0.0,0.4396532993497504,0.701325572892183,0.6892316736126147,0.9891219106747132
0.7460914308331963,0.0,0.0,0.4675911892030988,0.6880500856268602,0.6892316736126147,0.9967339960113182
0.7460914308331963,0.0,0.0,0.4713801837448708,0.6878512742288829,0.6892316736126147,0.992887186865682
0.7460914308331963,0.0,0.0,0.4683408138846499,0.6824425813799875,0.6615393169080722,0.9902957040738016
0.7460914308331963,0.0,0.0,0.4573487518812162,0.6746445718716708,0.6830778165671609,0.9945017970872028
0.7460914308331963,0.0,0.0,0.3679106023062909,0.6378505272700604,0.6276931031580766,0.9787819271357248
0.7460914308331963,0.0,0.0,0.3955887965369735,0.525986619939769,0.541539104521723,0.9890860642894714
0.7460914308331963,0.0,0.0,0.4794999448444593,0.5346308883826271,0.547692961567177,0.9866025892335154
0.7460914308331963,0.0,0.0,0.5423471597784286,0.5971521080887514,0.5723083897489922,0.9891966492164914
0.7460914308331963,0.0,0.0,0.6470264830714563,0.649084884182816,0.646154674294438,0.9834855351756658
0.7460914308331963,0.0,0.0,0.7291783366936317,0.7057847015913822,0.6898560852023023,0.9880640908749356
0.7460914308331963,0.0,0.0,0.8869213308232446,0.7384816545411282,0.7229240623248276,0.9875561499389628
0.7460914308331963,0.0,0.0,0.9080365388921638,0.7450390638790012,0.7323086729307915,0.995478786802612
0.7460914308331963,0.0,0.0,1.0,0.8047913287835433,0.8083707908903517,0.993513678592062
0.7460914308331963,0.0,0.0,0.8239881772267337,0.8146152115210668,0.8123088145216909,0.9805307270118024
0.7460914308331963,0.0,0.0,0.5633746806870938,0.8192193681275152,0.8061549574762372,0.988386239761911
0.7460914308331963,0.0,0.0,,,,0.9872395068693284
0.7460914308331963,0.0,0.0,,,,0.9789007122162316
0.7460914308331963,0.0,0.0,0.3601387485389355,0.7314557066160392,0.744616387021699,0.9773928797076118
0.7460914308331963,0.0,0.0,0.3478678353089896,0.7325257508990862,0.7415394584989722,0.9847767664871884
0.7460914308331963,0.0,0.0,0.4100837551440632,0.7163351302480305,0.7138471017944298,0.9868019701082908
0.7460914308331963,0.0,0.0,0.2997385561528251,0.7399144603717813,0.7261548158853376,0.962292004199326
0.7460914308331963,0.0,0.0,0.3170624529205038,0.7157014908342842,0.7139229876723574,0.9594240005173712
0.7460914308331963,0.0,0.0,0.3893065316828619,0.7268707279579487,0.7353856014535184,0.8699224295544342
0.7460914308331963,0.0,0.0,0.3382667906602891,0.7632231683353701,0.7783175021821067,0.916601041834351
0.7460914308331963,0.0,0.0,0.3085534762302377,0.7342030116448085,0.7138471017944298,0.904603982993286
0.7460914308331963,0.0,0.0,0.3093370436236218,0.8276537445800112,0.8276934571353256,0.9344744478089972
0.7460914308331963,0.0,0.0,0.3577746484950654,0.7624027783222805,0.7600010296353337,0.9577351203342712
0.7460914308331963,0.0,0.0,0.4158240294199165,0.7614265781331984,0.7437716326150979,0.956144583420486
0.7460914308331963,0.0,0.0,0.4454762338549356,0.7514757799952083,0.747693315544426,0.8790230770389652
0.7460914308331963,0.0,0.0,0.3351766706539791,0.7433692186066438,0.747693315544426,0.8059368076156989
0.7460914308331963,0.0,0.0,0.2750971964606811,0.7101176820080491,0.725066576463425,0.8960650460225904
0.7460914308331963,0.0,0.0,0.3197562759204028,0.706081320525985,0.7200009588398838,0.956778982437728
0.7460914308331963,0.0,0.0,0.3189581959960096,0.6989325484960792,0.6830778165671609,0.7304781752162204
0.7460914308331963,0.0,0.0,0.3499580768987272,0.6954970960625637,0.6830778165671609,0.7670457053844765
0.7460914308331963,0.0,0.0,0.2737197081069941,0.6954419914242819,0.6830778165671609,0.677534645672505
0.7460914308331963,0.0,0.0,0.183956556519862,0.6837449771618067,0.6830778165671609,0.5428272099958531
0.7460914308331963,0.0,0.0,0.296329597588743,0.6919554830304714,0.6830778165671609,0.621567426675638
0.7460914308331963,0.0,0.0,0.4294857851548244,0.7003981273095928,0.7154587570011901,0.5666035550303874
0.7460914308331963,0.0,0.0,0.3774185394518306,0.684376826633706,0.6800008880444339,0.3797909969315048
0.7460914308331963,0.0,0.0,0.3667712811971914,0.6860624404413803,0.6800008880444339,0.6491953252303257
0.7460914308331963,0.0,0.0,0.386499449743672,0.6755117986964166,0.6800008880444339,0.6706412452164797
0.7460914308331963,0.0,0.0,0.34869461245208,0.6924667671336939,0.6800008880444339,0.6016232476555138
0.7460914308331963,0.0,0.0,0.3192542822273051,0.6868410651447127,0.6800008880444339,0.6970254733498674
0.7460914308331963,0.0,0.0,0.3389271108212029,0.6792645396310989,0.7015393877035223,0.7160638868448667
0.7460914308331963,0.0,0.0,0.3633730758940377,0.6905639737152822,0.7015393877035223,0.6843049266811807
0.7460914308331963,0.0,0.0,0.3263408341726874,0.6752064005232324,0.6800008880444339,0.604780306747873
0.7460914308331963,0.0,0.0,0.3268819505020897,0.6980261986566829,0.6800008880444339,0.4340721472264672
0.7460914308331963,0.0,0.0,0.3988866380714618,0.6989577355349225,0.7046163162262493,0.4172627111667135
0.7460914308331963,0.0,0.0,0.2649910545354442,0.6972137781465775,0.6676931739535261,0.3828571514652121
0.7460914308331963,0.0,0.0,0.3235952119280721,0.6852456729296471,0.6630649053806783,0.3463362450267802
0.7460914308331963,0.0,0.0,0.4223493791684305,0.70087233404599,0.710454994495734,0.1386297104870512
0.7460914308331963,0.0,0.0,0.4465184696285797,0.6916203803461635,0.6923086021353417,0.175885365321018
0.7460914308331963,0.0,0.0,0.3916205372672849,0.6581801753533897,0.6584623883853457,0.1234313117247992
0.7460914308331963,0.0,0.0,0.4007541647651412,0.6666390995797841,0.6584623883853457,0.0726740529241081
0.7460914308331963,0.0,0.0,0.2963704250103167,0.6508045068855779,0.6584623883853457,0.0954222524642946
0.7460914308331963,0.0,0.0,0.2433613291585655,0.5804517375703419,0.6123084605444419,0.1397643042238475
0.7460914308331963,0.0,0.0,0.2635284799118499,0.6299892731498253,0.6123084605444419,0.1971764049081929
0.7460914308331963,0.0,0.0,0.2651459277202792,0.5795430863771426,0.588291991811747,0.2447410584154732
0.7460914308331963,0.0,0.0,0.2876179700136631,0.5389273028444249,0.5446160330444499,0.3386174991223238
0.7460914308331963,0.0,0.0,0.3156204012888035,0.5596670180813101,0.5723083897489922,0.3111928472290552
0.7460914308331963,0.0,0.0,0.3063531885657549,0.5635120688740879,0.5723083897489922,0.3176400421903571
0.7460914308331963,0.0,0.0,0.2950992890299584,0.571894877954333,0.5723083897489922,0.3897149691123578
0.7460914308331963,0.0,0.0,0.1945272524309398,0.5898545151795878,0.5723083897489922,0.2765742885407382
0.7460914308331963,0.0,0.0,0.1467430720825585,0.5559123167341294,0.5723083897489922,0.1464483225464699
0.7460914308331963,0.0,0.0,0.1076236486424665,0.548405002305256,0.5635870319825231,0.077727031431974
0.7460914308331963,0.0,0.0,0.0717797515348142,0.4133346694026182,0.4707697484990041,0.1378440918536367
0.7460914308331963,0.0,0.0,0.1015075129272105,0.3397857032140476,0.3615697135012414,0.1888425010609257
0.7460914308331963,0.0,0.0,0.0683324899427299,0.2872669555623221,0.2834712959661582,0.1459263388476511
0.7460914308331963,0.0,0.0,0.1032281111725334,0.17028620113948,0.1661550866618918,0.1291473605008478
0.7460914308331963,0.0,0.0,0.1086209043124709,0.1367162786348963,0.1661550866618918,0.1047386738090088
0.7460914308331963,0.0,0.0,0.1239528141337124,0.1462492318958299,0.0830783159852131,0.1065706686351476
0.7460914308331963,0.0,0.0,0.1033483313183399,0.1181585131636044,0.1384628368991168,0.049445060813242
0.7460914308331963,0.0,0.0,0.1607613137165987,0.071151113656568,0.0676937268424621,0.0234827635237875
0.7460914308331963,0.0,0.0,0.1707040803868763,0.0170898423325522,0.9969229859238592,0.0555884071408183
0.7460914308331963,0.0,0.0,0.1979679899409364,0.9265159831298686,0.9230767013784136,0.0745492669520609
0.7460914308331963,0.0,0.0,0.1319471860911334,0.8436024673757786,0.8523073453556946,0.0796839248459062
0.7460914308331963,0.0,0.0,0.1474314009911955,0.8413077619282565,0.8523073453556946,0.1839466579942478
0.7460914308331963,0.0,0.0,0.2112553704594967,0.8614284129921476,0.8523073453556946,0.2171485083795654
0.7460914308331963,0.0,0.0,0.2502819705273061,0.8503953819194874,0.8523073453556946,0.1304365857033923
0.7460914308331963,0.0,0.0,0.2511481107251366,0.8022502932437791,0.8060096877798215,0.1128366109181321
0.7460914308331963,0.0,0.0,0.2214372223356606,0.8017650485326603,0.8399996312647872,0.1315522751577756
0.7460914308331963,0.0,0.0,0.239091869301774,0.801965181078191,0.8399996312647872,0.2996790995772409
0.7460914308331963,0.0,0.0,0.1088339369024493,0.7700233278817918,0.7930159208646752,0.3820612387105456
0.7460914308331963,0.0,0.0,0.1628126512322457,0.6557707857746873,0.6584608484238995,0.4731026813532251
0.7460914308331963,0.0,0.0,0.1137445817983196,0.6362970282177413,0.6584608484238995,0.5889006509484553
0.7460914308331963,0.0,0.0,0.1475505064697106,0.6612153200781806,0.6584608484238995,0.5785102364655244
0.7460914308331963,0.0,0.0,0.1159550326057531,0.6080100658017352,0.5876914924011806,0.5213357791578482
0.7460914308331963,0.0,0.0,0.1539444893995045,0.4900103656738042,0.5220419948662712,0.4813009312328132
0.7460914308331963,0.0,0.0,0.2238144142561487,0.4602397545551649,0.4861528511511926,0.338041701916249
0.7460914308331963,0.0,0.0,0.2570902709180547,0.4375242418431187,0.4276912092193813,0.4127186546846128
0.7460914308331963,0.0,0.0,0.2200384460223307,0.4200801504873881,0.4276912092193813,0.3483038425696388
0.7460914308331963,0.0,0.0,0.1966058227984502,0.4247771709815519,0.4215373521739275,0.3109506791248371
0.7460914308331963,0.0,0.0,0.3072822965374366,0.4334426630205927,0.4215373521739275,0.4766350146126483
0.7460914308331963,0.0,0.0,0.4517655364123377,0.4420231328219134,0.4230738487067765,0.4946310128819199
0.7460914308331963,0.0,0.0,0.4088021500336546,0.4583910429511225,0.439998923310289,0.4891072430620019
0.7460914308331963,0.0,0.0,0.3596685775041951,0.4579642696736637,0.4615374229693773,0.5643679003273028
0.7460914308331963,0.0,0.0,0.2977062335497955,0.4842622231389732,0.4615374229693773,0.5550995011314448
0.7460914308331963,0.0,0.0,0.3223776674025848,0.5241294274207859,0.5169221363784617,0.6250147712014247
0.7460914308331963,0.0,0.0,0.3550426208201606,0.6110002488920423,0.6100207622628426,0.866643773900373
0.7460914308331963,0.0,0.0,0.3740651831149882,0.6427796435570184,0.6553839199011727,0.9579783134576751
0.7460914308331963,0.0,0.0,0.4128143403083557,0.6900946253924689,0.6707685625148072,0.9621422342531448
0.7460914308331963,0.0,0.0,0.3944666544178939,0.7115353159506684,0.7076917047875301,0.9810793172800591
0.7460914308331963,0.0,0.0,0.3802790379961202,0.7179835814535531,0.7076917047875301,0.9916548209416888
0.7460914308331963,0.0,0.0,0.3579750263328536,0.7245995474604124,0.7261532759238916,0.986911852165012
0.7460914308331963,0.0,0.0,0.2874163682274765,0.7276583023705147,0.7261532759238916,0.9805109880709094
0.7460914308331963,0.0,0.0,0.3011764113900168,0.7161947476660502,0.7261532759238916,0.988678048080986
0.7460914308331963,0.0,0.0,0.2763177352885002,0.7078535334249109,0.7261532759238916,0.9886698479274992
0.7460914308331963,0.0,0.0,0.2461618323751142,0.6995014090620387,0.6953839906966223,0.9903118700906756
0.7460914308331963,0.0,0.0,0.2681645778826137,0.7413953389263186,0.6953839906966223,0.9871466108448296
0.7460914308331963,0.0,0.0,0.306943175406206,0.7329127192792864,0.7323071329693454,0.987565170107798
0.7460914308331963,0.0,0.0,0.2861761369441767,0.7621980430691438,0.7341366071673153,0.9902151082795332
0.7460914308331963,0.0,0.0,0.2787972143251369,0.7640424502892215,0.7630764181966144,0.989102933176644
0.7460914308331963,0.0,0.0,0.35211900150847,0.7658829366843014,0.7815379893329757,0.9913501266671348
0.7460914308331963,0.0,0.0,0.3373358030535671,0.7735563321459547,0.7647258024588042,0.990803410719675
0.7460914308331963,0.0,0.0,0.3079097886538087,0.7615650855380057,0.7661533467193413,0.9889201868989416
0.7460914308331963,0.0,0.0,0.3136934475291396,0.7881181057164757,0.7753841322875221,0.988396665671344
0.7460914308331963,0.0,0.0,0.3962408550461984,0.7952898912844111,0.8030764889920643,0.993412816704176
0.7460914308331963,0.0,0.0,0.4406163281770436,0.8079244941332746,0.8030764889920643,0.977419237343819
0.7460914308331963,0.0,0.0,0.4160908501707584,0.8008860166152583,0.8030764889920643,0.981624100334197
0.7460914308331963,0.0,0.0,0.3240508704318035,0.7701484533404115,0.7815379893329757,0.9809034239877704
0.7460914308331963,0.0,0.0,0.3707493757665097,0.7436332776467012,0.7415379185375259,0.986889594605548
0.7460914308331963,0.0,0.0,0.4045849484022287,0.7192962907098226,0.7199994188784375,0.3736770503506478
0.7460914308331963,0.0,0.0,0.4387125638682844,0.718132913744767,0.7199994188784375,0.0022509272601545
0.7460914308331963,0.0,0.0,0.3326111436736936,0.7299403077544577,0.7199994188784375,0.5443623373010784
0.7460914308331963,0.0,0.0,0.4004331405852293,0.7610181304508373,0.7353840614920722,0.9951758497038052
0.7460914308331963,0.0,0.0,0.3818793505269725,0.708747481524369,0.710768633310257,0.985246283846824
0.7460914308331963,0.0,0.0,0.2241951933453663,0.6459765649306238,0.6584608484238995,0.9866051664246112
0.7460914308331963,0.0,0.0,0.2134613407415433,0.5643814265819851,0.5686967951675198,0.9933339780856544
0.7460914308331963,0.0,0.0,0.250204227947789,0.5560477556671996,0.5569222071739116,0.988210053606998
0.7460914308331963,0.0,0.0,0.2868261409685901,0.5708523220639321,0.5569222071739116,0.984700212197138
0.7460914308331963,0.0,0.0,0.3532726602988074,0.5635826437240451,0.5784607068329999,0.9956748876159928
0.7460914308331963,0.0,0.0,0.3896610833064003,0.5676777323457478,0.5538452786511846,0.984943463893067
0.7460914308331963,0.0,0.0,0.4591298153630402,0.5561022210405361,0.5691060826985281,0.9818345514161794
0.7460914308331963,0.0,0.0,0.3981433516941165,0.5356030398937226,0.5415375645602769,0.988994222570421
0.7460914308331963,0.0,0.0,0.3949314488221701,0.54270974829023,0.5176891655087413,0.9930999222761356
0.7460914308331963,0.0,0.0,0.4327056874038031,0.566801129635138,0.5630760642193653,0.972120473878322
0.7460914308331963,0.0,0.0,0.466160174963205,0.5731877699972993,0.5630760642193653,0.9949177791590756
0.7460914308331963,0.0,0.0,0.4557047269075655,0.5677543162861906,0.5630760642193653,0.988935298610367
0.7460914308331963,0.0,0.0,0.5037174249787864,0.5808950891187142,0.5729176156077531,0.9910959219090488
0.7460914308331963,0.0,0.0,0.447951975477713,0.5994194103789534,0.5876914924011806,0.9812157912630868
0.7460914308331963,0.0,0.0,0.5078611022814254,0.6309084082881272,0.6430762058102648,0.9860493717357912
0.7460914308331963,0.0,0.0,0.5975115631910228,0.6462482525323615,0.6215377061511766,0.9862559570311298
0.7460914308331963,0.0,0.0,0.5541689276586201,0.6334728409248879,0.6246146346739037,0.9817385510478608
0.7460914308331963,0.0,0.0,0.4432395118693804,0.6157779872399614,0.6246146346739037,0.9876066394554304
0.7460914308331963,0.0,0.0,0.4968856510062551,0.6398570094625943,0.6246146346739037,0.9927405212633208
0.7460914308331963,0.0,0.0,0.5552213484314363,0.6463033997883062,0.6707685625148072,0.9910071259612934
0.7460914308331963,0.0,0.0,0.4426917949611154,0.6597980270768657,0.651603913424886,0.9890944987330578
0.7460914308331963,0.0,0.0,0.4313887626396133,0.6215436882519555,0.6215377061511766,0.9896406289552684
0.7460914308331963,0.0,0.0,0.3493553697374218,0.6001847383714243,0.603076135014815,0.9907639328378892
0.7460914308331963,0.0,0.0,0.4147514134985275,0.5938971840757789,0.5815376353557267,0.981784354762336
0.7460914308331963,0.0,0.0,0.4257663371095447,0.5913581941838397,0.5815376353557267,0.9933854047625208
0.7460914308331963,0.0,0.0,0.5052616544455282,0.5611006336475607,0.5569222071739116,0.989648243383506
0.7460914308331963,0.0,0.0,0.5054696382483634,0.5523638848759541,0.5569222071739116,0.9933016460519072
0.7460914308331963,0.0,0.0,0.55309176564318,0.5472210410089628,0.5492828434301573,0.9912509048099464
0.7460914308331963,0.0,0.0,0.5856399194135982,0.5702841859982442,0.558155887399067,0.9900788685866048
0.7460914308331963,0.0,0.0,0.6521560508089721,0.5785488589166041,0.5599991356966384,0.977433294749796
0.7460914308331963,0.0,0.0,0.6495557724366621,0.5769665077064219,0.5784607068329999,0.9915977713024317
0.7460914308331963,0.0,0.0,0.7399030971093528,0.5988060995904663,0.5784607068329999,0.9708911537256238
0.7460914308331963,0.0,0.0,0.7107367564760387,0.5685297020471337,0.5784607068329999,0.8965145315787085
0.7460914308331963,0.0,0.0,0.7829145671751143,0.5767159158478781,0.5784607068329999,0.8508133190218752
0.7460914308331963,0.0,0.0,0.7304156610994854,0.5954569479245616,0.5784607068329999,0.7361986022885056
0.7460914308331963,0.0,0.0,0.4575778050814802,0.7509240517297819,0.7350764114165064,0.5143681087402439
0.7460914308331963,0.0,0.0,0.525383278689638,0.7105190551583496,0.6952163060058244,0.3828218322326946
0.7460914308331963,0.0,0.0,0.5191098437489716,0.6626516631748641,0.6738454910375341,0.5159425382096802
0.7460914308331963,0.0,0.0,0.4637299379933809,0.6544147343551286,0.6369223487648109,0.4166099203766515
0.7460914308331963,0.0,0.0,0.4691304354513615,0.6210337679139496,0.6123069205829956,0.4968136887362283
0.7460914308331963,0.0,0.0,0.3967421493402114,0.6012123354621055,0.5815376353557267,0.4539925458014802
0.7460914308331963,0.0,0.0,0.4214649890257317,0.6026410926147722,0.6061507963720797,0.5030361409194711
0.7460914308331963,0.0,0.0,0.4401326499974785,0.601507590631492,0.5741519374835111,0.4906662972436508
0.7460914308331963,0.0,0.0,0.4109566052018632,0.6274551416714701,0.6276915631966304,0.5709894071227207
0.7460914308331963,0.0,0.0,0.4087374993307557,0.598873179792056,0.5784607068329999,0.7070738828598804
0.7460914308331963,0.0,0.0,0.4604943866898803,0.5908426909319783,0.5784607068329999,0.4526551886265954
0.7460914308331963,0.0,0.0,0.4188004096500648,0.6003454495786638,0.5784607068329999,0.4157090163710935
0.7460914308331963,0.0,0.0,0.3776584770503515,0.5798144330375758,0.5876914924011806,0.3928287431088126
0.7460914308331963,0.0,0.0,0.4194198149645193,0.5902417818834292,0.5876914924011806,0.4785394124011348
0.7460914308331963,0.0,0.0,0.4132847299053102,0.6036017373568529,0.5876914924011806,0.4281341525104237
0.7460914308331963,0.0,0.0,0.4332866694810376,0.586951272121837,0.5876914924011806,0.4033187308840814
0.7460914308331963,0.0,0.0,0.4119966553533673,0.6070694087436097,0.5876914924011806,0.3936384789793565
0.7460914308331963,0.0,0.0,0.4227510528053057,0.6106808721253882,0.5876914924011806,0.2865458801843386
0.7460914308331963,0.0,0.0,0.4516223781621729,0.592325146340047,0.6126087530264318,0.3142167709723063
0.7460914308331963,0.0,0.0,0.3490389790764464,0.6065635370835901,0.5753837783102728,0.4160183964476396
0.7460914308331963,0.0,0.0,0.5026454210315965,0.6462212329340085,0.6391667570190921,0.4338087172957087
0.7460914308331963,0.0,0.0,0.2984046053921653,0.581336054077958,0.5876914924011806,0.3991143950464275
0.7460914308331963,0.0,0.0,0.3197142464066521,0.6025713275004122,0.5990539268244222,0.4516014689035612
0.7460914308331963,0.0,0.0,0.3274633478475309,0.5683039989037922,0.5907684209239074,0.3269160851007151
0.7460914308331963,0.0,0.0,0.3082115356464466,0.5926380878395856,0.5630760642193653,0.281169303119506
0.7460914308331963,0.0,0.0,0.3417841997949542,0.572498855474619,0.5876914924011806,0.3005641011422874
0.7460914308331963,0.0,0.0,0.4057180623444508,0.6009031016992497,0.572306849787546,0.1995628692197757
0.7460914308331963,0.0,0.0,0.4050968648198416,0.5711324905806103,0.5821552882257344,0.1937756548259679
0.7460914308331963,0.0,0.0,0.4292812546349703,0.5957950338452805,0.5914018583987378,0.1534907168627213
0.7460914308331963,0.0,0.0,0.3745387637202669,0.5856444867207269,0.5630760642193653,0.1463630702364713
0.7460914308331963,0.0,0.0,0.4127798074785449,0.570938452360891,0.5476914216057306,0.2620625062016806
0.7460914308331963,0.0,0.0,0.3813965028838205,0.5842025607101878,0.5784607068329999,0.2723121123347409
0.7460914308331963,0.0,0.0,0.2890987071572402,0.5581820482311233,0.5784607068329999,0.3196576020969593
0.7460914308331963,0.0,0.0,0.298907145490798,0.5962101298830725,0.572306849787546,0.2351406701484558
0.7460914308331963,0.0,0.0,0.2839056470965596,0.6109990555974777,0.5969222779693611,0.3003577794233108
0.7460914308331963,0.0,0.0,0.2171871270910287,0.6494370339323308,0.5969222779693611,0.1355123489234461
0.7460914308331963,0.0,0.0,0.2880285172764264,0.6609631513661048,0.6553839199011727,0.0517107119706434
0.7460914308331963,0.0,0.0,0.2911224621214813,0.6376736639685372,0.6553839199011727,0.0686742596649867
0.7460914308331963,0.0,0.0,0.1041352645698196,0.5806166253085571,0.6123069205829956,0.0961882566234317
0.7460914308331963,0.0,0.0,0.1584454503533567,0.626613400209209,0.6123069205829956,0.0966003729086607
0.7460914308331963,0.0,0.0,0.1708282018682026,0.6637036375687918,0.6676916339920802,0.0984665008736877
0.7460914308331963,0.0,0.0,0.2874820461727813,0.7351926790154043,0.7261532759238916,0.0923594219213757
0.7460914308331963,0.0,0.0,0.2756967781823264,0.8057411060215546,0.7999995604693373,0.0645868968203501
0.7460914308331963,0.0,0.0,0.2656601390411391,0.8445156786589209,0.8707689164920562,0.0489441083116467
0.7460914308331963,0.0,0.0,0.2191629732179627,0.9325886591685788,0.9199997728556868,0.073908754427532
0.7460914308331963,0.0,0.0,0.2523985488638299,0.960011079672609,0.9815383433102248,0.1239307523230953
0.7460914308331963,0.0,0.0,0.209172734834806,0.9662728928997916,0.9815383433102248,0.1575194229844488
0.7460914308331963,0.0,0.0,0.1833344410339541,0.928968203459904,0.9200921705424526,0.161242761247586
0.7460914308331963,0.0,0.0,0.2694420958796206,0.928152671860398,0.9076920587647792,0.1681791539368912
0.7460914308331963,0.0,0.0,0.2513810324765883,0.9232459298465244,0.9076920587647792,0.1418591945064551
0.7460914308331963,0.0,0.0,0.1971705875594065,0.0126164740066972,0.9569229151284095,0.0960246489182419
0.7460914308331963,0.0,0.0,0.201947089896439,0.0121424017822988,1.5406298321469017e-06,0.1292254523196769
0.7460914308331963,0.0,0.0,0.117834580221202,0.9543178713054078,0.9046151302420522,0.142032525250779
0.7460914308331963,0.0,0.0,0.1462778296257436,0.9083698936289112,0.910768987287506,0.1595700324382284
0.7460914308331963,0.0,0.0,0.0648407290838768,0.9183037299370204,0.910768987287506,0.2282580323938817
0.7460914308331963,0.0,0.0,0.146574538759349,0.8465303860604171,0.8492304168329678,0.3133642771585819
0.7460914308331963,0.0,0.0,0.1884239900300879,0.8452749549432432,0.8369227027420603,0.3640652404412741
0.7460914308331963,0.0,0.0,0.2262071896624947,0.8198721854896194,0.8369227027420603,0.2504850023565076
0.7460914308331963,0.0,0.0,0.2048680427491189,0.8190575062433741,0.8369227027420603,0.2857940139684004
0.7460914308331963,0.0,0.0,0.1521446404953879,0.7927793699913678,0.8369227027420603,0.3092966495940554
0.7460914308331963,0.0,0.0,0.1115251480838911,0.6508222784510562,0.6523069913784457,0.2612074351968605
0.7460914308331963,0.0,0.0,0.1988654501040319,0.5726514267082222,0.5784607068329999,0.2001570581986707
0.7460914308331963,0.0,0.0,0.2743734714014881,0.5534943610051604,0.5584678151453164,0.1497574066272191
0.7460914308331963,0.0,0.0,0.3207242223975109,0.5875869998010711,0.5907684209239074,0.159670879682983
0.7460914308331963,0.0,0.0,0.3670100822721994,0.5825302009957123,0.5907684209239074,0.1785867301696193
0.7460914308331963,0.0,0.0,0.3162900103438119,0.5855835860802747,0.5846145638784537,0.1902082512672581
0.7460914308331963,0.0,0.0,0.2702542730668163,0.5666380318387692,0.5599991356966384,0.1721648824684699
0.7460914308331963,0.0,0.0,0.3448931161516675,0.5497093584995744,0.5599991356966384,0.1445190607211614
0.7460914308331963,0.0,0.0,0.3563137786567403,0.5727039316690599,0.5599991356966384,0.2295167852403446
0.7460914308331963,0.0,0.0,0.3264335701200843,0.5536544329474544,0.5599991356966384,0.1934996757317486
0.7460914308331963,0.0,0.0,0.4258680559639368,0.5474049362248841,0.5599991356966384,0.2392879270605902
0.7460914308331963,0.0,0.0,0.4349446824363838,0.5549394407227625,0.5599991356966384,0.3021674654390265
0.7460914308331963,0.0,0.0,0.4201003739864489,0.5596953162095536,0.5446144930830037,0.3518420916540773
0.7460914308331963,0.0,0.0,0.5829874483845865,0.5747629614400944,0.5753837783102728,0.3474790242739319
0.7460914308331963,0.0,0.0,0.4994413426869108,0.5741873246657153,0.5753837783102728,0.4801302421775444
0.7460914308331963,0.0,0.0,0.5036911975131073,0.598245165909828,0.5753837783102728,0.470789681631004
0.7460914308331963,0.0,0.0,0.4304858821336108,0.5920756199230786,0.5969222779693611,0.7583367323739825
0.7460914308331963,0.0,0.0,0.4142836903605837,0.6059695320964502,0.5969222779693611,0.734327737270527
0.7460914308331963,0.0,0.0,0.3150713730072546,0.6223449855520135,0.5969222779693611,0.7165232125851687
0.7460914308331963,0.0,0.0,0.4589161052301984,0.6469474805294919,0.6523250859254374,0.8362510764526122
0.7460914308331963,0.0,0.0,0.4957536735875457,0.6746647726439411,0.6584608484238995,0.8789757504388422
0.7460914308331963,0.0,0.0,0.4154741987402003,0.6699004588598726,0.6584608484238995,0.8242749865754633
0.7460914308331963,0.0,0.0,0.4238354273738076,0.6671961976707506,0.664614705469353,0.8082430422112936
0.7460914308331963,0.0,0.0,0.4710801852499449,0.6808368330728087,0.664614705469353,0.8322115637000399
0.7460914308331963,0.0,0.0,0.4959013779317617,0.6919150814859306,0.7015378477420763,0.9404508368151157
0.7460914308331963,0.0,0.0,0.4520262374211879,0.718587047561883,0.7015378477420763,0.8823580208894599
0.7460914308331963,0.0,0.0,0.4984551899773773,0.7493153201861918,0.7476917755829798,0.7907669336730755
0.7460914308331963,0.0,0.0,0.4458796997019655,0.7392118655792725,0.7476917755829798,0.8974745352618952
0.7460914308331963,0.0,0.0,0.5209987895396222,0.7556848708654831,0.7476917755829798,0.9803681296826672
0.7460914308331963,0.0,0.0,0.376206349700586,0.7229897078575837,0.7199994188784375,0.9807795430975972
0.7460914308331963,0.0,0.0,0.4269620472698542,0.7031799100277437,0.7199994188784375,0.96237242427602
0.7460914308331963,0.0,0.0,0.4585118962716409,0.6945067894270225,0.6738454910375341,0.9761673667690324
0.7460914308331963,0.0,0.0,0.4425954527371875,0.6677225258090187,0.6738454910375341,0.9782374369442116
0.7460914308331963,0.0,0.0,0.4250580206864382,0.6608474017933492,0.6430762058102648,0.9697194103649068
0.7460914308331963,0.0,0.0,0.4748122661911934,0.6718802197776942,0.6430762058102648,0.9859387868087712
0.7460914308331963,0.0,0.0,0.4926467242907583,0.676142497491415,0.6738454910375341,0.9454298528671582
0.7460914308331963,0.0,0.0,0.4981245490600496,0.680823024949991,0.6738454910375341,0.98028647958295
0.7460914308331963,0.0,0.0,0.466893320053821,0.7035780442356544,0.674456984061757,0.9874470878975904
0.7460914308331963,0.0,0.0,0.4901380671985536,0.7150771420710758,0.7060965186129018,0.9650307383188164
0.7460914308331963,0.0,0.0,0.4293903608921953,0.7064374763358233,0.7199994188784375,0.936123615820212
0.7460914308331963,0.0,0.0,0.4913489892889571,0.6846673512424977,0.6738454910375341,0.5558032500181739
0.7460914308331963,0.0,0.0,0.4378307527597107,0.7213294089417421,0.7015378477420763,0.7089032199577016
0.7460914308331963,0.0,0.0,0.4743966482850654,0.686196728697549,0.7015378477420763,0.6781938208677816
0.7460914308331963,0.0,0.0,0.4490006369804484,0.7184760711673849,0.7015378477420763,0.6390796158891975
0.7460914308331963,0.0,0.0,0.3813678712337875,0.695773088048266,0.6892301336511686,0.8418603914451535
0.7460914308331963,0.0,0.0,0.369865379035796,0.6550037530756957,0.6738454910375341,0.8230494736368839
0.7460914308331963,0.0,0.0,0.4248276124004474,0.6476121029842521,0.6452165383368136,0.7413590760227028
0.7460914308331963,0.0,0.0,0.451962898091573,0.6692663506518328,0.6430762058102648,0.5838497078358299
0.7460914308331963,0.0,0.0,0.4660155742024276,0.676913664103719,0.664614705469353,0.4749335999092188
0.7460914308331963,0.0,0.0,0.5159780657846746,0.6764557373145946,0.664614705469353,0.4480174453909096
0.7460914308331963,0.0,0.0,0.5325175864787777,0.674058493769852,0.664614705469353,0.4152495149132166
0.7460914308331963,0.0,0.0,0.4901464599875709,0.6532482036830097,0.664614705469353,0.4062327432843489
0.7460914308331963,0.0,0.0,0.4182753794996123,0.6342864547295578,0.6369223487648109,0.3428668772316295
0.7460914308331963,0.0,0.0,0.5301724139226394,0.6782320415091703,0.6785095209372971,0.3030852383317571
0.7460914308331963,0.0,0.0,0.5247228711038385,0.6845802833569528,0.6799993480829878,0.2750229366461143
0.7460914308331963,0.0,0.0,0.692443492576861,0.7134723313524831,0.6799993480829878,0.2787756783167536
0.7460914308331963,0.0,0.0,0.5822424572219722,0.6723463291581183,0.6799993480829878,0.3786832733405086
0.7460914308331963,0.0,0.0,0.4764160757174695,0.6578068872430182,0.6523069913784457,0.3508830544175515
0.7460914308331963,0.0,0.0,0.5158933073580885,0.6719155924379989,0.6399992772875378,0.4342229421918341
0.7460914308331963,0.0,0.0,0.5526535921165681,0.6689026941333035,0.6584608484238995,0.4210213686623682
0.7460914308331963,0.0,0.0,0.5606348721973708,0.6612401235580567,0.6584608484238995,0.395250277719682
0.7460914308331963,0.0,0.0,0.5342103071137059,0.6771636593149808,0.6584608484238995,0.4593847324442
0.7460914308331963,0.0,0.0,0.4636919081681461,0.7509085389004435,0.727234243305642,0.4908757233064472
0.7460914308331963,0.0,0.0,0.4033709664408292,0.8821856867061959,0.8830766305829639,0.3581873704220452
0.7460914308331963,0.0,0.0,0.4723683035143304,0.8582340486783225,0.8369227027420603,0.2841489460339291
0.7460914308331963,0.0,0.0,0.3541642192821251,0.8438990010750556,0.8553842738784218,0.2415043992617686
0.7460914308331963,0.0,0.0,0.4506663433257273,0.8226175301058901,0.803673224052429,0.2282987256555592
0.7460914308331963,0.0,0.0,0.4135539985529488,0.8224636803423964,0.8369227027420603,0.2502909515814986
0.7460914308331963,0.0,0.0,0.3653588884579297,0.8474272321609604,0.8369227027420603,0.2754445709666402
0.7460914308331963,0.0,0.0,0.3143134211053503,0.841163543756605,0.8522196531066806,0.2527075953865385
0.7460914308331963,0.0,0.0,0.2326563704794323,0.7893919476640733,0.8061534175147912,0.2113904923894227
0.7460914308331963,0.0,0.0,0.3080194850290115,0.7934985856724536,0.8061534175147912,0.1643258139547282
0.7460914308331963,0.0,0.0,0.2952734175458462,0.8034475086332709,0.8061534175147912,0.1477861775878165
0.7460914308331963,0.0,0.0,0.3575198486659931,0.8057876445095699,0.8061534175147912,0.1494986185690593
0.7460914308331963,0.0,0.0,0.3954239569151804,0.781964370882706,0.7778688600808088,0.1488086781550765
0.7460914308331963,0.0,0.0,0.3948477832066536,0.820726328691819,0.7975368199033644,0.1839602321768944
0.7460914308331963,0.0,0.0,0.3559848425246817,0.8077415791236028,0.8051754564431023,0.1601201895215264
0.7460914308331963,0.0,0.0,0.2717999450441705,0.7735539455568257,0.7907687749011565,0.1061534272539895
0.7460914308331963,0.0,0.0,0.2592794556220666,0.7105778675333139,0.7323071329693454,0.0897942528363089
0.7460914308331963,0.0,0.0,0.2589612508947152,0.7426143745592754,0.7353840614920722,0.1126881515321957
0.7460914308331963,0.0,0.0,0.226423063561255,0.7232644213133956,0.7353840614920722,0.1330895550032912
0.7460914308331963,0.0,0.0,0.298792728171773,0.7110378825879263,0.6929097004198036,0.1372480724833385
0.7460914308331963,0.0,0.0,0.2611844657354457,0.6788417724139638,0.6707685625148072,0.1595165117935968
0.7460914308331963,0.0,0.0,0.2148016079501874,0.6602639233689748,0.6707685625148072,0.1492407676712979
0.7460914308331963,0.0,0.0,0.1864860644472815,0.6501711657954726,0.6707685625148072,0.1342154360770079
0.7460914308331963,0.0,0.0,0.1515230277025721,0.6529211983546753,0.6707685625148072,0.127621326580114
0.7460914308331963,0.0,0.0,0.1561294121403436,0.603645676167424,0.6246146346739037,0.1399419986212769
0.7460914308331963,0.0,0.0,0.2928512018092755,0.6548149994461906,0.6572643839336912,0.1415210553201807
0.7460914308331963,0.0,0.0,0.248708650429882,0.6371836886968234,0.6246146346739037,0.103910560808776
0.7460914308331963,0.0,0.0,0.2158541817165533,0.6075142945278509,0.5815376353557267,0.0830541806073527
0.7460914308331963,0.0,0.0,0.1897845179559691,0.5702466824547884,0.5815376353557267,0.0769139862137729
0.7460914308331963,0.0,0.0,0.2633914851161195,0.5589895677099815,0.5815376353557267,0.1133558051004523
0.7460914308331963,0.0,0.0,0.2208578576188095,0.6072677939649568,0.5815376353557267,0.1254145774180698
0.7460914308331963,0.0,0.0,0.2901534446895246,0.5744479316750681,0.5815376353557267,0.1176945282749343
0.7460914308331963,0.0,0.0,0.2544478100384439,0.5617110464349624,0.5507683501284575,0.1042592503710989
0.7460914308331963,0.0,0.0,0.3069785169162086,0.518097152926616,0.5259433160831449,0.1048129730568504
0.7460914308331963,0.0,0.0,0.312038866000553,0.5424586876373931,0.5070420859539213,0.085082071243035
0.7460914308331963,0.0,0.0,0.4008250226349176,0.6017073822357187,0.5883282664591439,0.0696216482906222
0.7460914308331963,0.0,0.0,0.4250015442103426,0.6276649910441692,0.6267424764020559,0.0620708993699407
0.7460914308331963,0.0,0.0,0.4821599781260751,0.6421518001454419,0.6276915631966304,0.0668998782386573
0.7460914308331963,0.0,0.0,0.5135226504477985,0.720760889317087,0.708314790299306,0.0688037781606821
0.7460914308331963,0.0,0.0,0.5202452744506623,0.6904725162104461,0.6946084062249757,0.128262593225901
0.7460914308331963,0.0,0.0,0.4181295110779938,0.6245772987408776,0.6461531343329917,0.078176063051024
0.7460914308331963,0.0,0.0,0.4274643469500515,0.62168978160078,0.6092299920602688,0.054148346704296
0.7460914308331963,0.0,0.0,0.3905738428244754,0.6248130596526914,0.6092299920602688,0.0245741032813331
0.7460914308331963,0.0,0.0,0.507581604922172,0.6699751250054794,0.664614705469353,0.0219211577765225
0.7460914308331963,0.0,0.0,0.4855996665374444,0.774313221841148,0.7634950310497134,0.0188708947009784
0.7460914308331963,0.0,0.0,0.3439754171275563,0.746989759550645,0.7458522060821965,0.0274147060039811
0.7460914308331963,0.0,0.0,0.2992321912154475,0.7182586358506688,0.7004352781233734,0.0336793468786778
0.7460914308331963,0.0,0.0,0.3062666160727926,0.71845919457283,0.7272334733249189,0.0210494521746294
0.7460914308331963,0.0,0.0,0.3654562360680419,0.7103330716769405,0.7144640274604215,0.0214698143731301
0.7460914308331963,0.0,0.0,0.4542656695781967,0.7434524935201804,0.7446148470602528,0.0103526622026406
0.7460914308331963,0.0,0.0,0.4320020482120759,0.7535564595390558,0.7452770304820772,0.0
0.7460914308331963,0.0,0.0,0.5409896698673218,0.7544383894575429,0.7661533467193413,0.001514015341981
0.7460914308331963,0.0,0.0,0.3233496135682089,0.7467622664654567,0.7612441207359932,0.0168079099709212
0.7460914308331963,0.0,0.0,0.435664364094618,0.6975083514333554,0.6892301336511686,0.0249634403455483
0.7460914308331963,0.0,0.0,0.551988769574046,0.7186779936547626,0.697706295334052,0.0317386121600536
0.7460914308331963,0.0,0.0,0.4374844190754183,0.6987666805516143,0.7076917047875301,0.0540073296898053
0.7460914308331963,0.0,0.0,0.5106827841765098,0.6920278478222753,0.7076917047875301,0.0268230704210937
0.7460914308331963,0.0,0.0,0.4733689250424304,0.7022280019065816,0.676922419560261,0.0158840556027532
0.7460914308331963,0.0,0.0,0.4034981259369302,0.6639220957094202,0.676922419560261,0.0112870504733344
0.7460914308331963,0.0,0.0,0.3748082072176767,0.6695044555351123,0.6492300628557186,0.0430682810092239
0.7460914308331963,0.0,0.0,0.3920927627868368,0.6742370617778962,0.6492300628557186,0.0310955169532547
0.7460914308331963,0.0,0.0,0.43670078611337,0.6755002493097392,0.6923070621738955,0.0558566656440986
0.7460914308331963,0.0,0.0,0.344163118356933,0.8011427454172766,0.7846149178557028,0.0478767851197034
0.7460914308331963,0.0,0.0,0.4672386920643718,0.8727052170972686,0.8676919879693293,0.0226643625803404
0.7460914308331963,0.0,0.0,0.4631963839165826,0.8732740776632282,0.8676919879693293,0.0384707661157992
0.7460914308331963,0.0,0.0,0.3859812824467389,0.8230787384550671,0.812307274560245,0.0880416750323752
0.7460914308331963,0.0,0.0,0.4467984041122612,0.8076197778426982,0.8215380601284257,0.1172207058347184
0.7460914308331963,0.0,0.0,0.4584760083561033,0.7924212963866936,0.778461060810249,0.1025898455525297
0.7460914308331963,0.0,0.0,0.3925164674948826,0.8255298507258639,0.8153842030829718,0.1320645065311978
0.7460914308331963,0.0,0.0,0.4533081048062532,0.8030232071802672,0.8153842030829718,0.156390950076505
0.7460914308331963,0.0,0.0,0.4660304801454219,0.8405408996999172,0.8492304168329678,0.1192525867236598
0.7460914308331963,0.0,0.0,0.4956097722258532,0.8139739009279773,0.8153842030829718,0.1444033360550811
0.7460914308331963,0.0,0.0,0.4505293485299969,0.8302843624474382,0.8184611316056988,0.2042644125782138
0.7460914308331963,0.0,0.0,0.5370151160058703,0.8247196889518985,0.8399996312647872,0.0892899653615769
0.7460914308331963,0.0,0.0,0.53111275599212,0.8540023704466488,0.8501204289954016,0.0556387978161503
0.7460914308331963,0.0,0.0,0.4759674112045859,0.8580293134251862,0.8615381309238755,0.0930513904090334
0.7460914308331963,0.0,0.0,0.4401251751697599,0.8771563762934835,0.8615381309238755,0.1206889827165928
0.7460914308331963,0.0,0.0,0.3789061175927056,0.8758377005643916,0.8892304876284177,0.084744378672263
0.7460914308331963,0.0,0.0,0.4116126852558255,0.8480791971698044,0.8399996312647872,0.087411405378139
0.7460914308331963,0.0,0.0,0.4345785033030611,0.8454253952936955,0.8399996312647872,0.1145393142171096
0.7460914308331963,0.0,0.0,0.427837563786665,0.8574392292630438,0.8399996312647872,0.1342853277423503
0.7460914308331963,0.0,0.0,0.3998097574384802,0.8394507398799258,0.8369227027420603,0.1276548447074907
0.7460914308331963,0.0,0.0,0.5234919724270763,0.8367029234392,0.8369227027420603,0.0943690745371159
0.7460914308331963,0.0,0.0,0.4575894763037075,0.845387806514914,0.8369227027420603,0.0906546978702891
0.7460914308331963,0.0,0.0,0.5036526868510018,0.826225797162942,0.8369227027420603,0.1207473795239226
0.7460914308331963,0.0,0.0,0.4623702624601342,0.8213931246473931,0.8369227027420603,0.1942228853398772
0.7460914308331963,0.0,0.0,0.3999884539046403,0.8341121104690313,0.8369227027420603,0.2544292761835851
0.7460914308331963,0.0,0.0,0.4463525809081596,0.8367578149891668,0.8399996312647872,0.2125609325114605
0.7460914308331963,0.0,0.0,0.4202075131837479,0.8553840350816807,0.8584612024011486,0.2039184978892583
0.7460914308331963,0.0,0.0,0.4714613577511476,0.8457367599397024,0.8584612024011486,0.2610126522652902
0.7460914308331963,0.0,0.0,0.4859322308022553,0.8747354373281032,0.8584612024011486,0.3161885271644331
0.7460914308331963,0.0,0.0,0.4203768114747064,0.8519960161071041,0.8584612024011486,0.2471474959580485
0.7460914308331963,0.0,0.0,0.4591575290517744,0.8663870633195766,0.8646150594466024,0.2211040134882933
0.7460914308331963,0.0,0.0,0.4872526962743117,0.8925121169260234,0.8953843446738715,0.1918328481042752
0.7460914308331963,0.0,0.0,0.4145946169662093,0.8961739117678253,0.8953843446738715,0.1581184881260421
0.7460914308331963,0.0,0.0,0.4317263975477888,0.918355638250576,0.9083379870380056,0.1718172252468985
0.7460914308331963,0.0,0.0,0.3254930313446109,0.9375795284492494,0.9113841163318104,0.1514357730420987
0.7460914308331963,0.0,0.0,0.2808318974000777,0.9037321543040052,0.9184131847991326,0.1604389265589261
0.7460914308331963,0.0,0.0,0.2365130974513206,0.9558459702305684,0.9199997728556868,0.4263474854969955
0.7460914308331963,0.0,0.0,0.2347170624578382,0.921635664067066,0.9199997728556868,0.5348882899702803
0.7460914308331963,0.0,0.0,0.2449482656819215,0.9068019045711662,0.9199997728556868,0.6168761774384519
0.7460914308331963,0.0,0.0,0.141546263679908,0.9066910986473202,0.9199997728556868,0.4984487993414658
0.7460914308331963,0.0,0.0,0.202583499351142,0.8863974198715776,0.8732776847945848,0.6736692690364741
0.7460914308331963,0.0,0.0,0.2242380096830874,0.8543347882181864,0.8479767171090129,0.7650038085937764
0.7460914308331963,0.0,0.0,0.2253127238017308,0.8167631417371561,0.8443229019178932,0.6615723440404468
0.7460914308331963,0.0,0.0,0.2640850485897816,0.8011918409650729,0.7938457034238834,0.56985989455246
0.7460914308331963,0.0,0.0,0.2675137651780085,0.8208899805178068,0.8191785825327553,0.6671250194014052
0.7460914308331963,0.0,0.0,0.2274934064356185,0.8235703758156386,0.8215380601284257,0.7377499541831296
0.7460914308331963,0.0,0.0,0.2338507911226793,0.7700146338785362,0.7692302752420682,0.7662346516321221
0.7460914308331963,0.0,0.0,0.2601319793939654,0.7330270198514995,0.7692302752420682,0.9784555024544316
0.7460914308331963,0.0,0.0,0.2228529809330177,0.7373030204527122,0.7476917755829798,0.928677759309286
0.7460914308331963,0.0,0.0,0.2915658155725649,0.7143817496636168,0.7015378477420763,0.8287652734797016
0.7460914308331963,0.0,0.0,0.2675724709886869,0.7172634281838809,0.7015378477420763,0.7746467205138745
0.7460914308331963,0.0,0.0,0.2864455367291437,0.7297535571551144,0.7023918419173539,0.4798788196143913
0.7460914308331963,0.0,0.0,0.2277622598150505,0.7101138038007146,0.7384609900147991,0.4465073285538186
0.7460914308331963,0.0,0.0,0.1573103474949873,0.712479211951183,0.7384609900147991,0.7842606976066697
0.7460914308331963,0.0,0.0,0.0843451008513399,0.6577174753860073,0.676922419560261,0.7148840019031879
0.7460914308331963,0.0,0.0,0.1028378246270072,0.5606135989945951,0.572306849787546,0.6340516917788596
0.7460914308331963,0.0,0.0,0.0656003857710502,0.6028251583013454,0.572306849787546,0.8388159673181858
0.7460914308331963,0.0,0.0,0.056342817105694,0.534623600762251,0.572306849787546,0.6430645390485586
0.7460914308331963,0.0,0.0,0.0348014181835451,0.5133268300520621,0.5415375645602769,0.5493665981113548
0.7460914308331963,0.0,0.0,0.0297196500022294,0.4822752172184386,0.5415375645602769,0.5767267616547035
0.7460914308331963,0.0,0.0,0.0057124403779013,0.289038166946167,0.5415375645602769,0.7026398841520753
0.7460914308331963,0.0,0.0,0.0508107178746131,0.2416761991372396,0.5415375645602769,0.953726885309998
0.7460914308331963,0.0,0.0,0.0521299266139391,0.2211155633203546,0.5415375645602769,0.8684307044901632
0.7460914308331963,0.0,0.0,0.0886880085401437,0.1948834115267443,0.1630766288718955,0.8036057968420696
0.7460914308331963,0.0,0.0,0.1237009211820862,0.1319696298721485,0.1353843791091205,0.7204425930891617
0.7460914308331963,0.0,0.0,0.1628228580876391,0.1167233633614852,0.1353843791091205,0.6911804039445851
0.7460914308331963,0.0,0.0,0.1781573141586736,0.0962839002149751,0.052307597738265,0.6031951585063792
0.7460914308331963,0.0,0.0,0.2231737428382729,0.0777736268019084,0.052307597738265,0.4735250771165748
0.7460914308331963,0.0,0.0,0.2534419430172082,0.0869661182074097,0.052307597738265,0.833523881120528
0.7460914308331963,0.0,0.0,0.2668016239161572,0.0568221870151516,0.052307597738265,0.884078120228334
0.7460914308331963,0.0,0.0,0.3292679723360233,0.0718917873309832,0.052307597738265,0.9406105640905306
0.7460914308331963,0.0,0.0,0.202825360297146,0.1444509050238901,0.1384612969376706,0.8545445645758745
0.7460914308331963,0.0,0.0,0.303291918771692,0.1172173127302754,0.113845954309269,0.8967213511641466
0.7460914308331963,0.0,0.0,0.3475868517266809,0.1013689119132515,0.0872200636828598,0.8105388508974553
0.7460914308331963,0.0,0.0,0.4265802190820096,0.1223211614356056,0.1076921186521686,0.8311924603392243
0.7460914308331963,0.0,0.0,0.3443885871368875,0.1236132543973904,0.1076921186521686,0.8236262372896197
0.7460914308331963,0.0,0.0,0.277954263578211,0.0613723630241802,0.0646152690524658,0.5188512497964439
0.7460914308331963,0.0,0.0,0.3314253780941207,0.0503025901987909,0.0307691809590461,0.4538834837601078
0.7460914308331963,0.0,0.0,0.3101232119073525,0.0562824023497858,0.0553845102197268,0.5171344890914893
0.7460914308331963,0.0,0.0,0.2890065176153781,0.0638274600464692,0.0553845102197268,0.4466856818921533
0.7460914308331963,0.0,0.0,0.2807237091041514,0.0633225472838677,0.0553845102197268,0.3458928217269897
0.7460914308331963,0.0,0.0,0.3039189737636361,0.0770463350736808,0.0622267086432352,0.3568223377291429
0.7460914308331963,0.0,0.0,0.4364013121677577,0.1052108942342922,0.0933142793048073,0.4398091796095629
0.7460914308331963,0.0,0.0,0.322429575928408,0.1048720731588862,0.098461365166518,0.4875300021113702
0.7460914308331963,0.0,0.0,0.2544527276882588,0.0854122355961234,0.0923075295094176,0.5721995154872503
0.7460914308331963,0.0,0.0,0.3570778284444149,0.0914964556943036,0.0953844473379678,0.636553382890061
0.7460914308331963,0.0,0.0,0.3651674716709152,0.0612870211539873,0.052307597738265,0.5435269173783638
0.7460914308331963,0.0,0.0,0.3419069006218895,0.0657617532450589,0.052307597738265,0.6420415699010994
0.7460914308331963,0.0,0.0,0.335225169609264,0.0904966879375727,0.099142926436539,0.741191910036625
0.7460914308331963,0.0,0.0,0.2881624959136037,0.0645084849742833,0.0461537620811646,0.8350926290550486
0.7460914308331963,0.0,0.0,0.2564998032407329,0.0688519653176763,0.0369230112690582,0.8935182540672124
0.7460914308331963,0.0,0.0,0.2363377449870345,0.0482049275162309,0.0369230112690582,0.8045829622750534
0.7460914308331963,0.0,0.0,0.2190633962732678,0.0512501087006623,0.0369230112690582,0.7807293015076451
0.7460914308331963,0.0,0.0,0.232063192630657,0.0634772547278296,0.0892306116808674,0.7767546285401421
0.7460914308331963,0.0,0.0,0.2091767782357649,0.0672155855652035,0.0892306116808674,0.7109118475542558
0.7460914308331963,0.0,0.0,0.2111498704788026,0.0725409555556916,0.0892306116808674,0.728037926683644
0.7460914308331963,0.0,0.0,0.175117310468032,0.0693326605932681,0.0892306116808674,0.6795365960012202
0.7460914308331963,0.0,0.0,0.2255033100523322,0.0669671672074737,0.0892306116808674,0.699642552335131
0.7460914308331963,0.0,0.0,0.2187168440267615,0.0837938245158204,0.0892306116808674,0.679957966745384
0.7460914308331963,0.0,0.0,0.210018264615857,0.0694119294464809,0.0892306116808674,0.7011816625720498
0.7460914308331963,0.0,0.0,0.2373629984766514,0.0805228869159688,0.0892306116808674,0.714126717728696
0.7460914308331963,0.0,0.0,0.2403876809560921,0.0933185206045443,0.0892306116808674,0.7392859600762285
0.7460914308331963,0.0,0.0,0.1892538270441742,0.0448034679961799,0.0414629913925405,0.7090036132653881
0.7460914308331963,0.0,0.0,0.1940116423119103,0.0853190733847668,0.0738460171910281,0.6515715539931815
0.7460914308331963,0.0,0.0,0.1583815427619854,0.148970870437047,0.1065124119368635,0.6357170258069479
0.7460914308331963,0.0,0.0,0.1985610147961619,0.1224483538508818,0.1230767077949196,0.5395951780716159
0.7460914308331963,0.0,0.0,0.2346650227946866,0.141840455965486,0.1230767077949196,0.5164256443950935
0.7460914308331963,0.0,0.0,0.2704772065250885,0.1554404873891037,0.1076921186521686,0.5682519615987782
0.7460914308331963,0.0,0.0,0.2340762599026338,0.1094049410695218,0.1076921186521686,0.6776503849817165
0.7460914308331963,0.0,0.0,0.2535950895605526,0.0921793185088353,0.0911019535806534,0.6660961930014555
0.7460914308331963,0.0,0.0,0.1676770592917459,0.1103771671615276,0.0646152690524658,0.6421321815971268
0.7460914308331963,0.0,0.0,0.1931106195847267,0.0925181928563202,0.12923054345202,0.5500227275353364
0.7460914308331963,0.0,0.0,0.1895499132754697,0.1029875201002459,0.12923054345202,0.5763787822842451
0.7460914308331963,0.0,0.0,0.1809310216477868,0.1098632940352766,0.12923054345202,0.5401197536046617
0.7460914308331963,0.0,0.0,0.1697902936263955,0.1138061736735116,0.12923054345202,0.7213129808092444
0.7460914308331963,0.0,0.0,0.1747846369221142,0.1070455313551231,0.12923054345202,0.7623334286108496
0.7460914308331963,0.0,0.0,0.0968369476953001,0.1702130479209102,0.12923054345202,0.6647682952893428
0.7460914308331963,0.0,0.0,0.1018946631049659,0.1527843308871132,0.12923054345202,0.6819051517633133
0.7460914308331963,0.0,0.0,0.0479969697878965,0.2041317427252145,0.1846150322833935,0.7565485131886444
0.7460914308331963,0.0,0.0,0.1017079344774415,0.1621146584692294,0.1599997324316987,0.7100056134489315
0.7460914308331963,0.0,0.0,0.1198601929642621,0.1257604388043769,0.1169228721378192,0.7818782601561741
0.7460914308331963,0.0,0.0,0.1337645527567015,0.0256813327951689,0.0369230112690582,0.9140484511990076
0.7460914308331963,0.0,0.0,0.1020108289217028,0.0894256954115235,0.083076776023767,0.841393919856813
0.7460914308331963,0.0,0.0,0.1251039813148103,0.0745181008144456,0.083076776023767,0.819870684137785
0.7460914308331963,0.0,0.0,0.0943380603340609,0.0334810470100063,0.0629256853800268,0.799388926484086
0.7460914308331963,0.0,0.0,0.2368555844406467,0.92374694309296,0.932238702002002,0.7686145118915219
0.7460914308331963,0.0,0.0,0.1826598924729094,0.9627948654209216,0.9138443758487867,0.7949477819282427
0.7460914308331963,0.0,0.0,0.133072825205637,0.9655674001061976,0.9569213751669632,0.9003054039630607
0.7460914308331963,0.0,0.0,0.0711988240981331,0.0454896869516743,0.0246153239135923,0.8993203312392147
0.7460914308331963,0.0,0.0,0.1764250337630127,0.9268628056715064,0.935382875507875,0.8703578577045752
0.7460914308331963,0.0,0.0,0.1801703814306505,0.9317486650305012,0.935382875507875,0.8699334411891163
0.7460914308331963,0.0,0.0,0.1501999831963905,0.9969310168507732,0.0,0.7586536683062415
0.7460914308331963,0.0,0.0,0.1208519955070275,0.9697637056775668,0.998646288335462,0.7533126740502883
0.7460914308331963,0.0,0.0,0.1634788507167159,0.9275692360536864,0.944613661076056,0.7537186987929272
0.7460914308331963,0.0,0.0,0.129490000400324,0.9909486902576604,0.944613661076056,0.7646382574658466
0.7460914308331963,0.0,0.0,0.2396500334838678,0.86651576866189,0.8615365909624293,0.8000839480646043
0.7460914308331963,0.0,0.0,0.2032737406791514,0.8965758815654081,0.8615365909624293,0.7534053357846875
0.7460914308331963,0.0,0.0,0.2214669905092063,0.8986930418287987,0.8615365909624293,0.791038065890859
0.7460914308331963,0.0,0.0,0.2536384741600301,0.9175609040706229,0.8983636567515982,0.794356140854181
0.7460914308331963,0.0,0.0,0.3134193049441289,0.926683726251506,0.9261520899396946,0.8205426867160157
0.7460914308331963,0.0,0.0,0.321589138646943,0.9507489829689838,0.9261520899396946,0.7806825020602463
0.7460914308331963,0.0,0.0,0.312371932958456,0.930659698505074,0.944613661076056,0.8065190770857757
0.7460914308331963,0.0,0.0,0.2812971726412246,0.9144089017138376,0.9076905188033332,0.8611796601970703
0.7460914308331963,0.0,0.0,0.2772455318868979,0.9186542175976776,0.9138443758487867,0.9001727957666766
0.7460914308331963,0.0,0.0,0.3563018451598563,0.8990177031856671,0.9138443758487867,0.8621061018234868
0.7460914308331963,0.0,0.0,0.2790722530152248,0.9248313069107812,0.9138443758487867,0.844240427422128
0.7460914308331963,0.0,0.0,0.2501066836316843,0.9430605860899488,0.9138443758487867,0.9430802160306092
0.7460914308331963,0.0,0.0,0.3281786145490424,0.9025596571590636,0.9052284626646696,0.9808855007951496
0.7460914308331963,0.0,0.0,0.2748028150146547,0.9222556658286466,0.9046135902806062,0.9793681795374954
0.7460914308331963,0.0,0.0,0.2409883773450288,0.930862217639734,0.9046135902806062,0.8701312991782439
0.7460914308331963,0.0,0.0,0.2316199047482376,0.9677971562352804,0.9815368033487788,0.8303279298716321
0.7460914308331963,0.0,0.0,0.2691519326843243,0.9453812030765856,0.91076744732606,0.891120997767916
0.7460914308331963,0.0,0.0,0.2148443587192443,0.972393471191734,0.8707673765306101,0.8163801130886188
0.7460914308331963,0.0,0.0,0.2071945063797395,0.9553635382852088,0.8707673765306101,0.9688876805112612
0.7460914308331963,0.0,0.0,0.1812571601835063,0.9603885016962932,0.8707673765306101,0.9768268348269336
0.7460914308331963,0.0,0.0,0.2076259481901605,0.937907002571877,0.8707673765306101,0.7033589790403294
0.7460914308331963,0.0,0.0,0.1132562919560392,0.922224810640622,0.8707673765306101,0.719324092153583
0.7460914308331963,0.0,0.0,0.1352454538219391,0.8957088678289771,0.8338442342578872,0.9111635200573552
0.7460914308331963,0.0,0.0,0.1445717657676511,0.8166932487698072,0.8123057345987988,0.9294805543356288
0.7460914308331963,0.0,0.0,0.1631368227080392,0.8488598675209615,0.8123057345987988,0.8554940837771033
0.7460914308331963,0.0,0.0,0.2369954424013804,0.8311782253115706,0.8123057345987988,0.8337867546123
0.7460914308331963,0.0,0.0,0.1896366824744247,0.7892800336809886,0.8123057345987988,0.6680607154867566
0.7460914308331963,0.0,0.0,0.1872577639124459,0.7455740007851988,0.7323055930078992,0.7111514677536407
0.7460914308331963,0.0,0.0,0.1857186269452901,0.6685485413536267,0.6584593084624532,0.742771435315728
0.7460914308331963,0.0,0.0,0.2182976635565455,0.663542287096607,0.6584593084624532,0.8685566354187082
0.7460914308331963,0.0,0.0,0.2297557439126537,0.6458245051089772,0.6584593084624532,0.9876448287416684
0.7460914308331963,0.0,0.0,0.2411568450995741,0.6793434675430075,0.6584593084624532,0.9900624682796316
0.7460914308331963,0.0,0.0,0.2305674402629786,0.6661055690564665,0.6584593084624532,0.9753274367619
0.7460914308331963,0.0,0.0,0.2413596052654948,0.657926770729087,0.6584593084624532,0.9005936979306411
0.7460914308331963,0.0,0.0,0.2361982148696217,0.6316835809607549,0.6584593084624532,0.7702874603478478
0.7460914308331963,0.0,0.0,0.2858439879475725,0.5858984453746489,0.5999976665306422,0.6873290847145314
0.7460914308331963,0.0,0.0,0.3135826801990882,0.6159044338461348,0.5999976665306422,0.5793934515685613
0.7460914308331963,0.0,0.0,0.3022317827527218,0.6033690022991137,0.5999976665306422,0.5220367165633819
0.7460914308331963,0.0,0.0,0.2954124012577239,0.5645036114218566,0.5538437386897385,0.5724004778201981
0.7460914308331963,0.0,0.0,0.3302444208832557,0.5792148877542438,0.5538437386897385,0.5272258908347822
0.7460914308331963,0.0,0.0,0.3455288699197286,0.5791738043270946,0.5538437386897385,0.7336390415226985
0.7460914308331963,0.0,0.0,0.4308211565698752,0.62523220436847,0.824614903097739,0.6982916356207307
0.7460914308331963,0.0,0.0,0.4686426045897305,0.6138488987234679,0.824614903097739,0.6936457215178208
0.7460914308331963,0.0,0.0,0.4654532573382681,0.6002565917512719,0.824614903097739,0.564410131117759
0.7460914308331963,0.0,0.0,0.4621110039618964,0.6095321982540735,0.824614903097739,0.4112461706947729
0.7460914308331963,0.0,0.0,0.4048253668376203,0.6078382740021111,0.824614903097739,0.1698697473663446
0.7460914308331963,0.0,0.0,0.3823212833236651,0.5644580957577537,0.5569221216204978,0.4900846720713478
0.7460914308331963,0.0,0.0,0.396362419349621,0.5588080164655264,0.5569221216204978,0.5438235872170056
0.7460914308331963,0.0,0.0,0.4229990772057443,0.5413662690812617,0.5292297649159554,0.7784242969350733
0.7460914308331963,0.0,0.0,0.417258802929891,0.5418817297154602,0.5292297649159554,0.8741462114703564
0.7460914308331963,0.0,0.0,0.4450783632005838,0.5507776980761007,0.5569221216204978,0.6779488705686305
0.7460914308331963,0.0,0.0,0.4921881807658023,0.5649812275712954,0.5569221216204978,0.711791196870649
0.7460914308331963,0.0,0.0,0.4604065246798553,0.545018006154592,0.5409935731794411,0.7426802964669763
0.7460914308331963,0.0,0.0,0.4696403848090486,0.5573104744047493,0.5538451930977709,0.7999956206970481
0.7460914308331963,0.0,0.0,0.4286975623862823,0.5635469301224366,0.5538451930977709,0.8419696877766255
0.7460914308331963,0.0,0.0,0.4540565492518488,0.5355624252608666,0.5538451930977709,0.9504134375761432
0.7460914308331963,0.0,0.0,0.4499570215164363,0.5262563045113445,0.5353836219614095,0.8467920223245481
0.7460914308331963,0.0,0.0,0.4403081991677572,0.5477546141499439,0.5446144075295902,0.9235720508858748
0.7460914308331963,0.0,0.0,0.4121584351041645,0.5781835829268798,0.5578502050520154,0.8035425385151725
0.7460914308331963,0.0,0.0,0.3033177528253858,0.6230045365048745,0.5942560486089684,0.8401671768952106
0.7460914308331963,0.0,0.0,0.2967484939280808,0.6857792460706282,0.6584607628704855,0.8430100529639815
0.7460914308331963,0.0,0.0,0.2909795224335302,0.6746941788314231,0.676922334006847,0.9876355742827334
0.7460914308331963,0.0,0.0,0.3922816442521691,0.8110320888851951,0.8092302604841042,0.979220459629686
0.7460914308331963,0.0,0.0,0.3467700410205486,0.7886734991009217,0.8030764034386504,0.924494919588272
0.7460914308331963,0.0,0.0,0.4141028082722837,0.7929664615320153,0.7661532611659275,0.9271207258797464
0.7460914308331963,0.0,0.0,0.3956466718112387,0.7907420752284723,0.7850775051634293,0.9098233806875372
0.7460914308331963,0.0,0.0,0.4960562074041539,0.809166969480891,0.8307687601431928,0.7805667627510346
0.7460914308331963,0.0,0.0,0.4493747280659179,0.8594075686471766,0.8578562542130712,0.7815979320519806
0.7460914308331963,0.0,0.0,0.5428415037940366,0.8732059746377258,0.8757860253300451,0.732975473388054
0.7460914308331963,0.0,0.0,0.5841159725203149,0.8681686521043662,0.8738457594613694,0.8001469135288768
0.7460914308331963,0.0,0.0,0.5284198072410771,0.8694571545280416,0.8811185696042443,0.8565528993098042
0.7460914308331963,0.0,0.0,0.4600976962714841,0.8773436383047831,0.8646149738931888,0.8054111192046799
0.7460914308331963,0.0,0.0,0.4998347546720972,0.8607601680360308,0.8492303312795542,0.7361667974074825
0.7460914308331963,0.0,0.0,0.4258212836501424,0.8553157615855266,0.8492303312795542,0.824006197258676
0.7460914308331963,0.0,0.0,0.4028191405629414,0.8434987359839938,0.8492303312795542,0.6005124782932224
0.7460914308331963,0.0,0.0,0.3670937478877157,0.8357213534245777,0.8492303312795542,0.7705314734866004
0.7460914308331963,0.0,0.0,0.2592267165598303,0.8022589872470346,0.8123071890068313,0.7395509421788969
0.7460914308331963,0.0,0.0,0.3707157171855548,0.8014113219296136,0.8123071890068313,0.6677853074746551
0.7460914308331963,0.0,0.0,0.3513730049596711,0.7874055383908208,0.7741394156720027,0.5978338981568091
0.7460914308331963,0.0,0.0,0.330901265904967,0.7386250203595196,0.7323070474159317,0.5790337576931219
0.7460914308331963,0.0,0.0,0.3549099098438243,0.7525913399423583,0.7723071182113815,0.63620083486266
0.7460914308331963,0.0,0.0,0.3237075091936214,0.7472723146564519,0.7525601070345926,0.5271196402746052
0.7460914308331963,0.0,0.0,0.2055803370045201,0.6228173171112378,0.6461530487795781,0.4186405419563074
0.7460914308331963,0.0,0.0,0.2608160572675402,0.6150554473811602,0.6092299065068552,0.4010623122209181
0.7460914308331963,0.0,0.0,0.3749392571211866,0.5929246916233792,0.6048441818617685,0.444896232683792
0.7460914308331963,0.0,0.0,0.3842524116216163,0.5758929261573441,0.5753836927568593,0.440700829156186
0.7460914308331963,0.0,0.0,0.3457345806755383,0.5432489469627291,0.5230759078705017,0.459084694685376
0.7460914308331963,0.0,0.0,0.3461727542021502,0.5521687812146595,0.5415374790068632,0.4041791612749303
0.7460914308331963,0.0,0.0,0.3724990537144043,0.5573057864618174,0.5384605504841363,0.5502621134446216
0.7460914308331963,0.0,0.0,0.398175349202245,0.5562551332154435,0.5630759786659515,0.5063895351153107
0.7460914308331963,0.0,0.0,0.4287209048307366,0.5191474226140232,0.5258421063947707,0.5251788982344153
0.7460914308331963,0.0,0.0,0.4226485471269433,0.5339696753409082,0.5199989793477748,0.5432204659280627
0.7460914308331963,0.0,0.0,0.4969819058052974,0.5737578238578231,0.5569221216204978,0.7154164847270958
0.7460914308331963,0.0,0.0,0.4487893747444034,0.5879413230513999,0.5667551176675183,0.6425868801079615
0.7460914308331963,0.0,0.0,0.4461810095701755,0.56706003193797,0.5538451930977709,0.7002175588121197
0.7460914308331963,0.0,0.0,0.4410346125421823,0.5960408525255666,0.5692298357114052,0.6410022004466669
0.7460914308331963,0.0,0.0,0.3772009389115798,0.6044798316856685,0.5850666281162984,0.7948952423734033
0.7460914308331963,0.0,0.0,0.3531874647477931,0.5852098291756098,0.5916933388791195,0.6952600388767172
0.7460914308331963,0.0,0.0,0.3558497273639917,0.5699381305745408,0.5767948107619715,0.8440335492641649
0.7460914308331963,0.0,0.0,0.4375445236842662,0.5872709045944694,0.5784606212795862,0.9023196545220058
0.7460914308331963,0.0,0.0,0.4640319035482326,0.5953631890659228,0.5784606212795862,0.7629678276280916
0.7460914308331963,0.0,0.0,0.4573216501666812,0.5730851892824158,0.5723067642341323,0.8703604348956708
0.7460914308331963,0.0,0.0,0.5063466847006721,0.6038587644825124,0.5969221924159476,0.8798315536002239
0.7460914308331963,0.0,0.0,0.7063227614271341,0.7310021694462053,0.7261531903704779,0.904028742226198
0.7460914308331963,0.0,0.0,0.6513485508531558,0.7493752406203946,0.75384554707502,0.804470795889861
0.7460914308331963,0.0,0.0,0.52443126539793,0.7399512820326285,0.7199993333250241,0.7123490415978406
0.7460914308331963,0.0,0.0,0.4386424491100356,0.7675285751240649,0.7476916900295663,0.6914409931078859
0.7460914308331963,0.0,0.0,0.5227270921029885,0.7664068782334404,0.7815379037795622,0.7631523896540661
0.7460914308331963,0.0,0.0,0.4457833574780377,0.772953377449581,0.7815379037795622,0.8201797127791818
0.7460914308331963,0.0,0.0,0.4155687924664162,0.7190942829871189,0.7261531903704779,0.7246179940995128
0.7460914308331963,0.0,0.0,0.4267537574799194,0.7167874741232999,0.7219994865832703,0.770871955573871
0.7460914308331963,0.0,0.0,0.4640981716115151,0.7322321152008946,0.7289329063341069,0.7692637297575647
0.7460914308331963,0.0,0.0,0.4498597176187669,0.7269133456209664,0.7076916192341163,0.73206590064881
0.7460914308331963,0.0,0.0,0.4446381789016032,0.7351439244089122,0.7233839119233166,0.4966516771323421
0.7460914308331963,0.0,0.0,0.454718749047803,0.7574653515910342,0.7547913400631682,0.4468318789143152
0.7460914308331963,0.0,0.0,0.5323405947978865,0.7591079215590604,0.7692301896886543,0.5530361082241046
0.7460914308331963,0.0,0.0,0.5395045833356862,0.7820630733902548,0.7783004770527859,0.6098512230914909
0.7460914308331963,0.0,0.0,0.473944923901186,0.8893353110893621,0.8894222128284575,0.6260836026358843
0.7460914308331963,0.0,0.0,0.50853361821388,0.8470431617818454,0.8521858595082801,0.5665047431808733
0.7460914308331963,0.0,0.0,0.3552343435942747,0.8022641013665969,0.798999013296439,0.5242288518804624
0.7460914308331963,0.0,0.0,0.4295581292476559,0.7941070806650196,0.8030764034386504,0.489362999991998
0.7460914308331963,0.0,0.0,0.4316017733733703,0.8045319576864179,0.787691760825016,0.4420062350187354
0.7460914308331963,0.0,0.0,0.5221162107148798,0.805493667870074,0.7846148323022891,0.4621288552359816
0.7460914308331963,0.0,0.0,0.4470771146475443,0.7709060249182131,0.7753840467341084,0.5764880786157172
0.7460914308331963,0.0,0.0,0.467391816751495,0.7804182873037516,0.793264282424566,0.4822028309712945
0.7460914308331963,0.0,0.0,0.4456506465017015,0.76938142064142,0.7753840467341084,0.3666156638931961
0.7460914308331963,0.0,0.0,0.4313737692717335,0.7983523965488593,0.8092302604841042,0.3746256323914783
0.7460914308331963,0.0,0.0,0.3344526177514651,0.7877927624769991,0.7599586806955658,0.3547812609537914
0.7460914308331963,0.0,0.0,0.2331998909931886,0.7250596477503509,0.7076916192341163,0.3742375308414602
0.7460914308331963,0.0,0.0,0.3600991013533173,0.7409578259977795,0.7476916900295663,0.37177502474942
0.7460914308331963,0.0,0.0,0.3815739754015823,0.7497676640614609,0.7476916900295663,0.4905045199298642
0.7460914308331963,0.0,0.0,0.4287744962856076,0.7415391309213402,0.7476916900295663,0.5861097287092749
0.7460914308331963,0.0,0.0,0.3842332218592277,0.743094164209528,0.7476916900295663,0.5014212378353257
0.7460914308331963,0.0,0.0,0.4704871385384979,0.7378838991996427,0.7476916900295663,0.4805157665364667
0.7460914308331963,0.0,0.0,0.3521200506070971,0.7241841104813164,0.7476916900295663,0.5130750616804495
0.7460914308331963,0.0,0.0,0.2638688249914789,0.7194876440167719,0.7076916192341163,0.50069089702229
0.7460914308331963,0.0,0.0,0.2269718514243684,0.655400651371379,0.7076916192341163,0.4726224159352696
0.7460914308331963,0.0,0.0,0.2129170334038166,0.6258538682189084,0.6369222632113974,0.4548437510196567
0.7460914308331963,0.0,0.0,0.2050009285752262,0.672251632710893,0.6953839051432087,0.3546227929876619
0.7460914308331963,0.0,0.0,0.2919393165400565,0.7188955142068045,0.6983004637920069,0.3258014206655177
0.7460914308331963,0.0,0.0,0.2991373133583534,0.7357963155943863,0.7015377621886627,0.3467176693089591
0.7460914308331963,0.0,0.0,0.3165656610080991,0.6786913746811745,0.676922334006847,0.416871534559138
0.7460914308331963,0.0,0.0,0.3539142278217607,0.7133792543764527,0.6843829338927331,0.4395818596404081
0.7460914308331963,0.0,0.0,0.2477362889960512,0.5936277125925182,0.6168566083453861,0.5241589748582511
0.7460914308331963,0.0,0.0,0.2402243275573541,0.5642293241426752,0.5569221216204978,0.4081236693921074
0.7460914308331963,0.0,0.0,0.2619953096931361,0.5566377972116787,0.5674218781969741,0.2907848030979488
0.7460914308331963,0.0,0.0,0.3128586272965742,0.5196350112966079,0.5323066934386824,0.2865192589717695
0.7460914308331963,0.0,0.0,0.3660506378652157,0.5254905929599064,0.5230759078705017,0.2663623152549291
0.7460914308331963,0.0,0.0,0.3312883832983903,0.5219084505302845,0.5230759078705017,0.3038481161823774
0.7460914308331963,0.0,0.0,0.3493949732105972,0.5349352637318991,0.5323066934386824,0.3259760253622584
0.7460914308331963,0.0,0.0,0.3300946839104495,0.5008894617476447,0.4953835511659596,0.3322772868777603
0.7460914308331963,0.0,0.0,0.3352787610641349,0.5004674616484439,0.4923066226432327,0.3119140214419434
0.7460914308331963,0.0,0.0,0.3971935677369912,0.5131110994418668,0.5261528363932286,0.4403439760482046
0.7460914308331963,0.0,0.0,0.3796928104257498,0.5058964831225988,0.4861527655977789,0.4847623624508393
0.7460914308331963,0.0,0.0,0.4134536347842835,0.467065356846408,0.4553834803705098,0.4166183548202377
0.7460914308331963,0.0,0.0,0.4535675818667051,0.4763098524552066,0.4553834803705098,0.3958846474506616
0.7460914308331963,0.0,0.0,0.4305314304990068,0.478315439676817,0.4553834803705098,0.4482670229195282
0.7460914308331963,0.0,0.0,0.4725435904099523,0.4793536911832529,0.4553834803705098,0.5588602086654711
0.7460914308331963,0.0,0.0,0.4152378018495462,0.4479451128041934,0.4553834803705098,0.5135135941744103
0.7460914308331963,0.0,0.0,0.3862603426815643,0.483256829850724,0.4632282578604913,0.4080865344113178
0.7460914308331963,0.0,0.0,0.4652613597143827,0.4453265983530632,0.4584604088932367,0.4489641238246806
0.7460914308331963,0.0,0.0,0.45518074585574,0.4690340797895082,0.4584604088932367,0.5346394738844854
0.7460914308331963,0.0,0.0,0.4562468486231521,0.4973814740516732,0.4615373374159637,0.5118861565699353
0.7460914308331963,0.0,0.0,0.4297937830267825,0.4559986152023009,0.4584604088932367,0.4771531764542171
0.7460914308331963,0.0,0.0,0.4284537343803523,0.4746059130524351,0.4530752064929224,0.4472204783307949
0.7460914308331963,0.0,0.0,0.2635744435454525,0.4602309753165833,0.4615373374159637,0.4706762852227886
0.7460914308331963,0.0,0.0,0.2879940281590584,0.4658496880088297,0.4615373374159637,0.3858383172652828
0.7460914308331963,0.0,0.0,0.1416525723407939,0.5131628799024334,0.4615373374159637,0.2212670940407591
0.7460914308331963,0.0,0.0,0.119535824782476,0.9111661237348252,0.8899576060912192,0.1958464718008397
0.7460914308331963,0.0,0.0,0.2993959817386134,0.9422621015556498,0.9538459010522692,0.2426615580637843
0.7460914308331963,0.0,0.0,0.2978210879932484,0.9151602511128388,0.9292304728704538,0.206949845700041
0.7460914308331963,0.0,0.0,0.2917623467153868,0.9191250575386964,0.9057410987193942,0.2962804288196501
0.7460914308331963,0.0,0.0,0.2398584762673523,0.9244583171240508,0.9046150446886386,0.2422163483019842
0.7460914308331963,0.0,0.0,0.1938704074092284,0.9150454391286692,0.9046150446886386,0.6608370831353191
0.7460914308331963,0.0,0.0,0.2262358868811919,0.8392345830931003,0.8754468060448343,0.3412804403945877
0.7460914308331963,0.0,0.0,0.2637131212702307,0.8516060644904926,0.8423174443479989,0.2610300190189243
0.7460914308331963,0.0,0.0,0.243037157682772,0.8669643621828135,0.8461534027568273,0.2065113132060801
0.7460914308331963,0.0,0.0,0.1765058580697471,0.8611993856710906,0.8523072598022812,0.2019646941760147
0.7460914308331963,0.0,0.0,0.0,0.7887071670547058,0.8523072598022812,0.241113222654193
0.7460914308331963,0.0,0.0,0.0751985235423045,0.492606292763535,0.5265296136270419,0.2805541451766952
0.7460914308331963,0.0,0.0,0.2193670666133888,0.4675908752490786,0.4430757662796022,0.316192861531276
0.7460914308331963,0.0,0.0,0.3351596446575091,0.4613275704036903,0.4484368426172609,0.3626362172649134
0.7460914308331963,0.0,0.0,0.3509816474592964,0.466794734686246,0.4399988377568753,0.318120336894575
0.7460914308331963,0.0,0.0,0.4000956368143821,0.4591071049251449,0.4430757662796022,0.3640667633269215
0.7460914308331963,0.0,0.0,0.3757049679816875,0.4548459352706626,0.4430757662796022,0.4041665974683383
0.7460914308331963,0.0,0.0,0.4494691469423626,0.4688290462127302,0.4676911944614175,0.3592930732609322
0.7460914308331963,0.0,0.0,0.442484729119579,0.4827499779844551,0.4676911944614175,0.3931999464853956
0.7460914308331963,0.0,0.0,0.4531319873742182,0.4794062387617537,0.4676911944614175,0.4817018308795229
0.7460914308331963,0.0,0.0,0.4137752272259519,0.5086679949839622,0.4984604796886864,0.3832022314956877
0.7460914308331963,0.0,0.0,0.5834429757509896,0.4987065850478808,0.4984604796886864,0.2368323471696199
0.7460914308331963,0.0,0.0,0.5196998305894227,0.4644562182811417,0.483075837075052,0.1457773303442938
0.7460914308331963,0.0,0.0,0.5054757142779125,0.4862134302225732,0.483075837075052,0.1163062130033824
0.7460914308331963,0.0,0.0,0.4703612467032383,0.4993503674654254,0.483075837075052,0.0770680832052313
0.7460914308331963,0.0,0.0,0.4721037120980713,0.4890794254428468,0.483075837075052,0.1094246149111255
0.7460914308331963,0.0,0.0,0.4583968888346382,0.4886247375961115,0.4738450515068713,0.1423474111446663
0.7460914308331963,0.0,0.0,0.4183110051404931,0.4913369256705545,0.5046143367341404,0.1229113707427865
0.7460914308331963,0.0,0.0,0.3398238715852137,0.5151044980118542,0.5145117117249495,0.1262772994589556
0.7460914308331963,0.0,0.0,0.3429450274259106,0.5493354311242574,0.5169220508250478,0.0708019066321472
0.7460914308331963,0.0,0.0,0.2744738351701534,0.5703678018530846,0.5384605504841363,0.0713267018121614
0.7460914308331963,0.0,0.0,0.2703830280670792,0.5984028086453304,0.5630759786659515,0.0949294378828784
0.7460914308331963,0.0,0.0,0.3170294718824124,0.6191402225284126,0.6030760494614015,0.0871105988549257
0.7460914308331963,0.0,0.0,0.3676441312549914,0.6500203418860534,0.643076120256851,0.0690598059886058
0.7460914308331963,0.0,0.0,0.3721785977962487,0.6133047990197216,0.6030760494614015,0.0654526756148794
0.7460914308331963,0.0,0.0,0.3939458643743928,0.6060041376388206,0.6030760494614015,0.0704460126492611
0.7460914308331963,0.0,0.0,0.3978786728529717,0.6021960363598791,0.6030760494614015,0.049668573568278
0.7460914308331963,0.0,0.0,0.4308289373846933,0.6481698829578271,0.6615376913932126,0.0477172848128225
0.7460914308331963,0.0,0.0,0.4038150848596619,0.6906698786078811,0.6806165731859272,0.0731402096851272
0.7460914308331963,0.0,0.0,0.3295639492862117,0.6918125007710471,0.6984608336659357,0.0779415825906996
0.7460914308331963,0.0,0.0,0.2669898059824046,0.7016013944072332,0.6984608336659357,0.0489064571604815
0.7460914308331963,0.0,0.0,0.3179044857061309,0.6552561774937493,0.6738454054841202,0.0447330769022396
0.7460914308331963,0.0,0.0,0.4766710066838701,0.7031981930051783,0.7092583161219917,0.0396424399216429
0.7460914308331963,0.0,0.0,0.520181935121047,0.6948933316305927,0.7199993333250241,0.0592351654884254
0.7460914308331963,0.0,0.0,0.4290541684946322,0.7347378633156799,0.7193805254839317,0.103366026687869
0.7460914308331963,0.0,0.0,0.4359140058554402,0.6943294147135433,0.7000169219305155,0.110158082032678
0.7460914308331963,0.0,0.0,0.356379128758724,0.7012116558789367,0.6861531195750279,0.0897067381625358
0.7460914308331963,0.0,0.0,0.4904322082261446,0.7124578605020112,0.7016915872264454,0.1058282911682439
0.7460914308331963,0.0,0.0,0.4221806491392283,0.6944703513251426,0.676922334006847,0.0923952609850518
0.7460914308331963,0.0,0.0,0.4474124765086941,0.6767333487714916,0.6799992625295742,0.1231507639736372
0.7460914308331963,0.0,0.0,0.3805926747731993,0.6786375911904459,0.6799992625295742,0.0855085377968656
0.7460914308331963,0.0,0.0,0.3857990889851547,0.6668208639125547,0.6738454054841202,0.0587339091418573
0.7460914308331963,0.0,0.0,0.3383562263182548,0.6574304454255836,0.6688427979497485,0.0689545511613522
0.7460914308331963,0.0,0.0,0.3695424315084009,0.6649053704305634,0.6646146199159394,0.0810937362340981
0.7460914308331963,0.0,0.0,0.3357960759684335,0.6815018390865357,0.6646146199159394,0.0657104899048127
0.7460914308331963,0.0,0.0,0.3677459812467118,0.6729740447167051,0.6646146199159394,0.0750408149026261
0.7460914308331963,0.0,0.0,0.3287393140528185,0.6914797420582053,0.6646146199159394,0.0742748253866203
0.7460914308331963,0.0,0.0,0.3390011159868607,0.6958950171821595,0.6984608336659357,0.1022572927208181
0.7460914308331963,0.0,0.0,0.3081305583461625,0.6950990897076419,0.6984608336659357,0.1140175794515216
0.7460914308331963,0.0,0.0,0.3324854922568694,0.6998682192876315,0.6984608336659357,0.0955123589722948
0.7460914308331963,0.0,0.0,0.2910757335201297,0.6837244354482324,0.6984608336659357,0.1338235126697398
0.7460914308331963,0.0,0.0,0.2945533206194054,0.6782874444710929,0.6696267666559357,0.1241240782631087
0.7460914308331963,0.0,0.0,0.3112343822032898,0.6751904615172639,0.6676915484386666,0.067981990993139
0.7460914308331963,0.0,0.0,0.2729987369316974,0.6851234880897756,0.6676915484386666,0.0642681707652988
0.7460914308331963,0.0,0.0,0.2174012087796343,0.6464460837240893,0.6676915484386666,0.1433601447433985
0.7460914308331963,0.0,0.0,0.2027513332752668,0.6408702017831759,0.6246145491204899,0.1920261227933292
0.7460914308331963,0.0,0.0,0.1973581576514548,0.6188016678134004,0.6246145491204899,0.2119168397413469
0.7460914308331963,0.0,0.0,0.2296392721088171,0.6160907582688478,0.6584607628704855,0.2343923768565368
0.7460914308331963,0.0,0.0,0.2136940002183382,0.6618090693593424,0.6215376205977629,0.2191461096983065
0.7460914308331963,0.0,0.0,0.2627023803116229,0.6415240419691923,0.6369752207744606,0.2261562451964666
0.7460914308331963,0.0,0.0,0.2254351404977879,0.6348746637145273,0.643076120256851,0.2110661323896321
0.7460914308331963,0.0,0.0,0.2169818971720899,0.6045872281964731,0.581537549802313,0.2470909002558594
0.7460914308331963,0.0,0.0,0.2066771696192195,0.5466772396288576,0.581537549802313,0.2201355753615203
0.7460914308331963,0.0,0.0,0.250281030709786,0.5264878888921823,0.4892296941205059,0.2238102252133305
0.7460914308331963,0.0,0.0,0.2922014819157403,0.4730584657082644,0.4689138810729162,0.1917341387566797
0.7460914308331963,0.0,0.0,0.2561379734954684,0.4989239351292708,0.4523065518477829,0.1743620696658234
0.7460914308331963,0.0,0.0,0.291767067659209,0.4923461545484753,0.5015374082114133,0.2404488784335935
0.7460914308331963,0.0,0.0,0.2717063348479175,0.529082835775664,0.5323066934386824,0.1750874464573735
0.7460914308331963,0.0,0.0,0.2924021438844067,0.5637681157934982,0.5692298357114052,0.1358252140652241
0.7460914308331963,0.0,0.0,0.2372111414503695,0.5604009794738001,0.5692298357114052,0.1285682685902471
0.7460914308331963,0.0,0.0,0.2242279339650223,0.5418069357168641,0.4984604796886864,0.1103713079880277
0.7460914308331963,0.0,0.0,0.1702854681784167,0.538989993426724,0.5415374790068632,0.1063121002239561
0.7460914308331963,0.0,0.0,0.1711150210616248,0.4713342829155595,0.4707681229841444,0.0782147355605923
0.7460914308331963,0.0,0.0,0.2534734159760231,0.523487520180414,0.5138451223023209,0.1215246076431446
0.7460914308331963,0.0,0.0,0.1692277144875791,0.4697967654868719,0.4452426203643893,0.20778567563043
0.7460914308331963,0.0,0.0,0.207582345028469,0.4827302033888149,0.4984604796886864,0.2383002917887796
0.7460914308331963,0.0,0.0,0.3039070621229735,0.513688526158093,0.5323066934386824,0.1931899295769217
0.7460914308331963,0.0,0.0,0.2768847730964821,0.5262000491961614,0.5323066934386824,0.1783353076064661
0.7460914308331963,0.0,0.0,0.2565857419032747,0.5286998734557873,0.5323066934386824,0.2314972394524197
0.7460914308331963,0.0,0.0,0.263502973701477,0.557524372455435,0.5323066934386824,0.1525926682677524
0.7460914308331963,0.0,0.0,0.1920393806052858,0.5334450092914981,0.5323066934386824,0.1618049403416205
0.7460914308331963,0.0,0.0,0.2530290789949765,0.5450412753985996,0.5569221216204978,0.1068758461330319
0.7460914308331963,0.0,0.0,0.2269309584341304,0.5886063716827903,0.612306835029582,0.1636292109160375
0.7460914308331963,0.0,0.0,0.2328120742006805,0.6275832929841642,0.612306835029582,0.1828100142190798
0.7460914308331963,0.0,0.0,0.2102548800687251,0.5517201450760726,0.5538451930977709,0.1811268155708957
0.7460914308331963,0.0,0.0,0.1454917924793414,0.580247002317205,0.5538451930977709,0.2308994629063744
0.7460914308331963,0.0,0.0,0.1450517939582426,0.5288818508768728,0.5538451930977709,0.2256076109988163
0.7460914308331963,0.0,0.0,0.203199757369715,0.5995380579527946,0.612306835029582,0.1438911632541838
0.7460914308331963,0.0,0.0,0.2931543694563043,0.6042560889548259,0.612306835029582,0.1567468074515631
0.7460914308331963,0.0,0.0,0.2121548851074038,0.589011580422762,0.612306835029582,0.075129640136644
0.7460914308331963,0.0,0.0,0.1851385409731329,0.591824985446872,0.612306835029582,0.168909304389221
0.7460914308331963,0.0,0.0,0.2525989922702823,0.5699736310878345,0.5538451930977709,0.2108252382378306
0.7460914308331963,0.0,0.0,0.2535005176905581,0.5424682766115719,0.5538451930977709,0.309079784820596
0.7460914308331963,0.0,0.0,0.2242398893181277,0.5480968339839756,0.5538451930977709,0.2881489809047158
0.7460914308331963,0.0,0.0,0.3304742171950472,0.5831757733551037,0.5753836927568593,0.3128776273354118
0.7460914308331963,0.0,0.0,0.2566172585745324,0.5485550590967413,0.5661529071886784,0.1775778184281371
0.7460914308331963,0.0,0.0,0.2819863430143854,0.5756361547376629,0.5661529071886784,0.1771991909840224
0.7460914308331963,0.0,0.0,0.2512283012014504,0.5327223415797079,0.5661529071886784,0.249634558581155
0.7460914308331963,0.0,0.0,0.2636691902652182,0.5149319390942959,0.5353836219614095,0.1850137029666978
0.7460914308331963,0.0,0.0,0.2633863926165334,0.5335066770498845,0.5384605504841363,0.1582068447798607
0.7460914308331963,0.0,0.0,0.2116416354602855,0.5286713622392286,0.5384605504841363,0.1791046284348259
0.7460914308331963,0.0,0.0,0.223010389439535,0.5104833369578621,0.5046143367341404,0.1646550208309546
0.7460914308331963,0.0,0.0,0.1705177560994478,0.5134949567326669,0.5046143367341404,0.1628550578543731
0.7460914308331963,0.0,0.0,0.241243614298529,0.5147786007427582,0.4738450515068713,0.0729177365924082
0.7460914308331963,0.0,0.0,0.2105262032011753,0.5209447373164664,0.5323066934386824,0.1323504575977822
0.7460914308331963,0.0,0.0,0.2210594375487747,0.5170179884636836,0.5323066934386824,0.0628248412497303
0.7460914308331963,0.0,0.0,0.2012453521959736,0.5082472734146521,0.4707681229841444,0.1556990181966755
0.7460914308331963,0.0,0.0,0.1455430562466333,0.5052874341004133,0.4861527655977789,0.2430409469507228
0.7460914308331963,0.0,0.0,0.1663690955783298,0.4855334227914636,0.4861527655977789,0.08972183523083
0.7460914308331963,0.0,0.0,0.1870149631489217,0.4814422549947587,0.4861527655977789,0.1585744605892933
0.7460914308331963,0.0,0.0,0.2229839652678633,0.4827739291110711,0.4861527655977789,0.278824586375049
0.7460914308331963,0.0,0.0,0.2212251295632024,0.5012035539240848,0.4861527655977789,0.2699253698036648
0.7460914308331963,0.0,0.0,0.2415879153542313,0.5380103412069371,0.4861527655977789,0.1561421486338414
0.7460914308331963,0.0,0.0,0.2661021374064959,0.5481336556448229,0.5353836219614095,0.1574759182415759
0.7460914308331963,0.0,0.0,0.2086294984519279,0.5595707873982163,0.5353836219614095,0.0843268297853492
0.7460914308331963,0.0,0.0,0.2137103705281662,0.5820120128310807,0.5353836219614095,0.1254934160365914
0.7460914308331963,0.0,0.0,0.2422975868630646,0.5733715373602314,0.581537549802313,0.053405445745451
0.7460914308331963,0.0,0.0,0.2503590355639599,0.5783061513257185,0.581537549802313,0.1199000108061274
0.7460914308331963,0.0,0.0,0.2437423049537757,0.5812483043098045,0.581537549802313,0.1178043737238273
0.7460914308331963,0.0,0.0,0.2135068891069393,0.5995094188832466,0.581537549802313,0.0564239734948452
0.7460914308331963,0.0,0.0,0.1937475317325219,0.6046152280010756,0.581537549802313,0.0689190269249976
0.7460914308331963,0.0,0.0,0.159444170390195,0.6235608248602439,0.581537549802313,0.0623947395385728
0.7460914308331963,0.0,0.0,0.1959783743945208,0.695512481038913,0.6861531195750279,0.1545485220193676
0.7460914308331963,0.0,0.0,0.1930740978387685,0.7255890443603558,0.6861531195750279,0.1857304988833494
0.7460914308331963,0.0,0.0,0.1764389343198226,0.7388379382039554,0.6864684266811175,0.2323947608946645
0.7460914308331963,0.0,0.0,0.2583514623176764,0.7765622411539153,0.7323070474159317,0.1479264880712255
0.7460914308331963,0.0,0.0,0.3448508462194815,0.7811109095631146,0.7815379037795622,0.2553951371192623
0.7460914308331963,0.0,0.0,0.3490899914971922,0.8090584649108481,0.7815379037795622,0.2810633161356911
0.7460914308331963,0.0,0.0,0.2922371075566211,0.830048857241603,0.8123071890068313,0.2226482195348789
0.7460914308331963,0.0,0.0,0.319251593912073,0.8397536662286552,0.8399995457113735,0.1951068618857378
0.7460914308331963,0.0,0.0,0.3473397452875412,0.8320614337599483,0.8399995457113735,0.0832034453655066
0.7460914308331963,0.0,0.0,0.3434005110798707,0.8914147121033191,0.8707688309386425,0.0822792880675614
0.7460914308331963,0.0,0.0,0.3480474497364485,0.8739009834862177,0.8707688309386425,0.038782331679681
0.7460914308331963,0.0,0.0,0.3464008457286727,0.8533950687486472,0.8707688309386425,0.0390167645498289
0.7460914308331963,0.0,0.0,0.355706044564513,0.8867299228784414,0.8707688309386425,0.0559859791359568
0.7460914308331963,0.0,0.0,0.2948092788282119,0.8703595409247772,0.8707688309386425,0.100527221409579
0.7460914308331963,0.0,0.0,0.3063986495062654,0.8548417679374444,0.8707688309386425,0.1039243839246535
0.7460914308331963,0.0,0.0,0.3528268370947057,0.8646616446146442,0.8584611168477347,0.1153508292280975
0.7460914308331963,0.0,0.0,0.3266715406586792,0.8790563569461363,0.8584611168477347,0.0881199938197383
0.7460914308331963,0.0,0.0,0.3469648673781014,0.8722297744486436,0.8584611168477347,0.06573941741055
0.7460914308331963,0.0,0.0,0.3175293892344772,0.8904568375093346,0.8984611876431847,0.0702118030868644
0.7460914308331963,0.0,0.0,0.2918504491438471,0.8917477265221391,0.8799996165068233,0.0542858457065096
0.7460914308331963,0.0,0.0,0.2619193593237737,0.8841650214473875,0.8984611876431847,0.0428412172948655
0.7460914308331963,0.0,0.0,0.2536950599172327,0.8553644309566928,0.86579543989504,0.0445697437557603
0.7460914308331963,0.0,0.0,0.3065989836316108,0.8949784010848547,0.8861534735522771,0.0152783635290844
0.7460914308331963,0.0,0.0,0.2776091319860956,0.8604954271133652,0.8430764742341004,0.0090117742027389
0.7460914308331963,0.0,0.0,0.3165394116861986,0.8610618158548695,0.8738457594613694,0.0093592117773419
0.7460914308331963,0.0,0.0,0.3600241345139179,0.854742127841309,0.8584611168477347,0.0139549127528859
0.7460914308331963,0.0,0.0,0.4071144563296482,0.8871505592124256,0.8732349936411624,0.0243319315163321
0.7460914308331963,0.0,0.0,0.4358197181163238,0.9007544581889622,0.8830765450295502,0.0353536095560312
0.7460914308331963,0.0,0.0,0.4196308586383503,0.9136565294909242,0.9074812551534904,0.0338001710152076
0.7460914308331963,0.0,0.0,0.4145611769474685,0.9425638346098149,0.9507689725295422,0.0208298253405425
0.7460914308331963,0.0,0.0,0.4560076541361589,0.9983240177841682,0.9846151862795384,0.0165510163678637
0.7460914308331963,0.0,0.0,0.3859867465020886,0.9630067604414454,0.9812843352250316,0.0059052371162948
0.7460914308331963,0.0,0.0,0.3701547116946792,0.9595119416033464,0.9858841145111268,0.0123774320209804
0.7460914308331963,0.0,0.0,0.4272180273348822,0.9703342709500472,0.9766549544578056,0.0198293864808661
0.7460914308331963,0.0,0.0,0.4223922173623731,0.9800484558229634,0.9999998288931728,0.0095506990891906
0.7460914308331963,0.0,0.0,0.537443760219952,0.9827376303593768,0.981538257756811,0.0411061050857018
0.7460914308331963,0.0,0.0,0.5053157267372701,0.0043740834670856,0.9938459718477188,0.0355154198168631
0.7460914308331963,0.0,0.0,0.5750125503204322,0.0062611895901011,0.0092322012098225,0.0305001290679906
0.7460914308331963,0.0,0.0,0.4839515325941707,0.0124426232412285,0.0092322012098225,0.0246760945207146
0.7460914308331963,0.0,0.0,0.4646434843354262,0.0249562332129827,0.0092322012098225,0.0074261573810458
0.7460914308331963,0.0,0.0,0.3409524394333848,0.0146206468546162,0.0092322012098225,0.0002262560541516
0.7460914308331963,0.0,0.0,0.2903942128244586,0.0150943941193341,0.0092322012098225,0.0221668329106693
0.7460914308331963,0.0,0.0,0.2737011958874689,0.0398785122585742,0.0092322012098225,0.023597508930467
0.7460914308331963,0.0,0.0,0.1530142449043101,0.1568436100174652,0.1015397053205705,0.0805876110463972
0.7460914308331963,0.0,0.0,0.1185826968234766,0.1978851653125607,0.2307700509303215,0.0464521512219279
0.7460914308331963,0.0,0.0,0.1037918705473054,0.1908717043627358,0.1504253964367399,0.0509091799143688
0.7460914308331963,0.0,0.0,0.1787350396589196,0.1689052610047192,0.1876933510490926,0.031769609838468
0.7460914308331963,0.0,0.0,0.1045896772689311,0.181006056315455,0.1876933510490926,0.0786202185073758
0.7460914308331963,0.0,0.0,0.0289642224938968,0.1199466650684987,0.1876933510490926,0.0927362848681777
0.7460914308331963,0.0,0.0,0.0968069609595403,0.0871022390230881,0.0984627767978436,0.1014370796898818
0.7460914308331963,0.0,0.0,0.0877512290347508,0.0797112548326293,0.0984627767978436,0.0081767084607608
0.7460914308331963,0.0,0.0,0.0930908241318026,0.00455029152204,0.0030783561953175,0.0030605909446375
0.7460914308331963,0.0,0.0,0.0930581709370321,0.9625084747254432,0.9876921148022652,0.0010933147498697
0.7460914308331963,0.0,0.0,0.1219428395170635,0.966194476399839,0.9507689725295422,0.0023899283273134
0.7460914308331963,0.0,0.0,0.1023545617156486,0.0070461823045497,0.0215398631666187,0.002381480727789
0.7460914308331963,0.0,0.0,0.2305640306924403,0.0973381013817953,0.0676936145536067,0.0025302094100605
0.7460914308331963,0.0,0.0,0.2568991382619183,0.1045284362875592,0.0966598883231723,0.0064006940965007
0.7460914308331963,0.0,0.0,0.2849315781290398,0.1069485228996792,0.1292319657775223,0.0159017399292959
0.7460914308331963,0.0,0.0,0.1003290145412528,0.1149938213976558,0.1292319657775223,0.0132211289736206
0.7460914308331963,0.0,0.0,0.1667150139944156,0.142228777456487,0.1292319657775223,0.0197297381424807
0.7460914308331963,0.0,0.0,0.1146433642628098,0.0692831495232574,0.0553859325452291,0.0038224701165483
0.7460914308331963,0.0,0.0,0.1274872164805154,0.0998731491399054,0.113847387328948,0.0065526801890733
0.7460914308331963,0.0,0.0,0.1479080742518022,0.1412046537053415,0.0861551161778195,0.0010446974950085
0.7460914308331963,0.0,0.0,0.2585244543100514,0.1352046833997392,0.1323088836060725,0.0025458005696341
0.7460914308331963,0.0,0.0,0.1107672726787618,0.1945681260557398,0.1468094493253469,0.0086780119399076
0.7460914308331963,0.0,0.0,0.183342265561215,0.1514095383502427,0.1444566769784731,0.012317742042124
0.7460914308331963,0.0,0.0,0.1190988424199303,0.1610806261114322,0.135385790740446,0.0162306823139646
0.7460914308331963,0.0,0.0,0.1841335263445317,0.129478936446824,0.135385790740446,0.004222804887311
0.7460914308331963,0.0,0.0,0.1595529925165418,0.1301932724054943,0.135385790740446,0.0182644759619224
0.7460914308331963,0.0,0.0,0.1702098237961539,0.1548960680528848,0.135385790740446,0.0122301678806303
0.7460914308331963,0.0,0.0,0.2249570793671224,0.2298130186066587,0.221539329527201,0.015393335904298
0.7460914308331963,0.0,0.0,0.2149003106460263,0.2369357512444608,0.221539329527201,0.0156352880223306
0.7460914308331963,0.0,0.0,0.177680017995757,0.2259790270974337,0.221539329527201,0.0194847915041123
0.7460914308331963,0.0,0.0,0.191710160342349,0.2516480930184234,0.221539329527201,0.0268963336674009
0.7460914308331963,0.0,0.0,0.1901327094190804,0.2269085396366801,0.221539329527201,0.0152689370133576
0.7460914308331963,0.0,0.0,0.1988613629906302,0.2272024949673443,0.221539329527201,0.0177915732933866
0.7460914308331963,0.0,0.0,0.1423738713594116,0.2750419936903845,0.248416340811092,0.0093785841823563
0.7460914308331963,0.0,0.0,0.1431713065252735,0.2717419375722761,0.2461545866021889,0.0306951407984863
0.7460914308331963,0.0,0.0,0.2198053275648864,0.2569575080213191,0.2461545866021889,0.0197484355906651
0.7460914308331963,0.0,0.0,0.2004370872724084,0.308748665621176,0.3107696364240322,0.0069507566858424
0.7460914308331963,0.0,0.0,0.1890793925411868,0.2626117638445223,0.2769236579459238,0.0243559993328937
0.7460914308331963,0.0,0.0,0.1703365243116053,0.28920853105408,0.2800005650802973,0.0222432169743191
0.7460914308331963,0.0,0.0,0.2129589973489032,0.3122926865512289,0.2800005650802973,0.0211687680686429
0.7460914308331963,0.0,0.0,0.1425706210644475,0.2897346887216959,0.2800005650802973,0.0594708979364697
0.7460914308331963,0.0,0.0,0.1759885650216699,0.287840269674067,0.2800005650802973,0.0456385751902199
0.7460914308331963,0.0,0.0,0.2109277894131649,0.3007884745962456,0.2800005650802973,0.0358938129708782
0.7460914308331963,0.0,0.0,0.1881485797842361,0.2828136654829563,0.2800005650802973,0.0417355290991097
0.7460914308331963,0.0,0.0,0.2214491339763231,0.2772575581376828,0.2800005650802973,0.0304557750235065
0.7460914308331963,0.0,0.0,0.2710745807683726,0.2691327990070098,0.2800005650802973,0.0397678656621606
0.7460914308331963,0.0,0.0,0.2455615731106055,0.2816397619551352,0.2800005650802973,0.0502061485410698
0.7460914308331963,0.0,0.0,0.1968355316853562,0.2738102579938485,0.2800005650802973,0.0478176781205091
0.7460914308331963,0.0,0.0,0.3288541684962714,0.2741869981349245,0.2800005650802973,0.0469047557649972
0.7460914308331963,0.0,0.0,0.2798882113287226,0.2710997746259262,0.2800005650802973,0.0719014154265256
0.7460914308331963,0.0,0.0,0.2403366466791249,0.2644774585872773,0.2800005650802973,0.1159201980995641
0.7460914308331963,0.0,0.0,0.318890988115207,0.2666452699431644,0.2800005650802973,0.2077536950318321
0.7460914308331963,0.0,0.0,0.3044047938528984,0.2874776146706184,0.2800005650802973,0.1936527843118493
0.7460914308331963,0.0,0.0,0.2622752223205962,0.2844730268102113,0.2800005650802973,0.207376341540134
0.7460914308331963,0.0,0.0,0.2560054810813463,0.2747969208192015,0.2800005650802973,0.2297272363223269
0.7460914308331963,0.0,0.0,0.2754281652213298,0.2453089926593582,0.2381471934611697,0.09112857888303
0.7460914308331963,0.0,0.0,0.2150891921113586,0.2428806595294443,0.215385515258454,0.0417255644483103
0.7460914308331963,0.0,0.0,0.1630653528640637,0.2709778454920327,0.215385515258454,0.046989740837851
0.7460914308331963,0.0,0.0,0.2764831868844924,0.2818677664522797,0.2830774722146708,0.0821663895258077
0.7460914308331963,0.0,0.0,0.2834991213785337,0.2636902464248469,0.2631058619386386,0.0942720198633489
0.7460914308331963,0.0,0.0,0.332146873818731,0.2794238565665328,0.2707698436771769,0.0924203739551046
0.7460914308331963,0.0,0.0,0.281663876323861,0.2864787631936423,0.2800005650802973,0.1127488107033001
0.7460914308331963,0.0,0.0,0.2831247461621862,0.2587362414226867,0.2523084008709359,0.0913827689979848
0.7460914308331963,0.0,0.0,0.3037955953938374,0.2624788606624018,0.2655520479190659,0.0959555113741576
0.7460914308331963,0.0,0.0,0.2728858932606131,0.2342606192280117,0.227693143795948,0.0926976123586094
0.7460914308331963,0.0,0.0,0.2756349250757666,0.254071972602552,0.2338469580646949,0.1187088140455764
0.7460914308331963,0.0,0.0,0.2490499571832525,0.2948481690188681,0.2615391222740564,0.2632595528931565
0.7460914308331963,0.0,0.0,0.2465280989333227,0.277609345637062,0.2861543793490443,0.3936914578281328
0.7460914308331963,0.0,0.0,0.2055156863016211,0.2487556109205843,0.2615391222740564,0.4131131699261078
0.7460914308331963,0.0,0.0,0.2729471562491952,0.2839273928705964,0.2843609659149372,0.2980286429704784
0.7460914308331963,0.0,0.0,0.2467842975605645,0.282768298980674,0.2646160294084299,0.1526628088663257
0.7460914308331963,0.0,0.0,0.1847971905073196,0.2714699090292345,0.2646160294084299,0.1586197517941758
0.7460914308331963,0.0,0.0,0.1974297804889801,0.2678973768826228,0.2369238651990684,0.1709713794147508
0.7460914308331963,0.0,0.0,0.1938338200946061,0.2610871169500661,0.2369238651990684,0.207083742491973
0.7460914308331963,0.0,0.0,0.160045762884209,0.2752663969950039,0.2369238651990684,0.1699783701137802
0.7460914308331963,0.0,0.0,0.2189876644661194,0.2842884497116819,0.2369238651990684,0.0972514065229756
0.7460914308331963,0.0,0.0,0.2067672391076058,0.2520604402169506,0.2369238651990684,0.0701613648213559
0.7460914308331963,0.0,0.0,0.2708490245635324,0.2355493560488338,0.2369238651990684,0.0713576793562704
0.7460914308331963,0.0,0.0,0.3180367377018177,0.2218107213306669,0.2369238651990684,0.1093501326241436
0.7460914308331963,0.0,0.0,0.2724808974780852,0.2223351103652675,0.2369238651990684,0.0733112414578487
0.7460914308331963,0.0,0.0,0.2601328317865999,0.2258813474137973,0.2369238651990684,0.0426753216004216
0.7460914308331963,0.0,0.0,0.2733766965683544,0.2383596712923749,0.2369238651990684,0.0841348363702775
0.7460914308331963,0.0,0.0,0.3051058758667218,0.23593033664738,0.2369238651990684,0.0746828708813684
0.7460914308331963,0.0,0.0,0.3059941345606082,0.2446252774915661,0.2492405410100582,0.0403308574499782
0.7460914308331963,0.0,0.0,0.3343700886594616,0.237131920347331,0.2327655843042295,0.0640912561146072
0.7460914308331963,0.0,0.0,0.3461072292503953,0.2512389847622855,0.2646160294084299,0.1098429179192975
0.7460914308331963,0.0,0.0,0.3263527239571285,0.256912397225015,0.2646160294084299,0.096026918603582
0.7460914308331963,0.0,0.0,0.3057557924662495,0.2544491176114267,0.2398581334044967,0.127277388713874
0.7460914308331963,0.0,0.0,0.4013699856592862,0.2397380756761861,0.2254170593902547,0.0704240406308563
0.7460914308331963,0.0,0.0,0.3751017362710685,0.2371933323997395,0.2369238651990684,0.036979784190438
0.7460914308331963,0.0,0.0,0.3744281275275439,0.2225671422315671,0.221539329527201,0.0382961357935789
0.7460914308331963,0.0,0.0,0.3663389651379144,0.2275009251526254,0.221539329527201,0.0423056777173141
0.7460914308331963,0.0,0.0,0.4096572528396784,0.2221814310724259,0.221539329527201,0.0422216773950353
0.7460914308331963,0.0,0.0,0.3064723049723808,0.2175302884925006,0.221539329527201,0.0357389362326819
0.7460914308331963,0.0,0.0,0.3088248430751307,0.2146932093565844,0.221539329527201,0.0536811429593942
0.7460914308331963,0.0,0.0,0.2657346906123319,0.240373164090475,0.221539329527201,0.0420906177097784
0.7460914308331963,0.0,0.0,0.2144093762009566,0.2292712628743784,0.221539329527201,0.0425283741177843
0.7460914308331963,0.0,0.0,0.267343592638194,0.2355438157526415,0.221539329527201,0.0827820819429083
0.7460914308331963,0.0,0.0,0.312532663610626,0.2234639670232789,0.221539329527201,0.1036517288212225
0.7460914308331963,0.0,0.0,0.2549734303068742,0.2266433086108898,0.221539329527201,0.1040956353443434
0.7460914308331963,0.0,0.0,0.2031027376029238,0.2335150871400125,0.221539329527201,0.0951388200162812
0.7460914308331963,0.0,0.0,0.3071419140273893,0.2250125650443511,0.221539329527201,0.0855464049342164
0.7460914308331963,0.0,0.0,0.2788425441283189,0.2246543635866878,0.221539329527201,0.0733156197540853
0.7460914308331963,0.0,0.0,0.2908783499846732,0.2196760665166076,0.221539329527201,0.0923844689973381
0.7460914308331963,0.0,0.0,0.2695285372352546,0.2196559935973262,0.221539329527201,0.0871717339277949
0.7460914308331963,0.0,0.0,0.2621212233846171,0.2330389412999479,0.221539329527201,0.0601631446436206
0.7460914308331963,0.0,0.0,0.27094770540315,0.2484889308942513,0.215385515258454,0.0447307815914199
0.7460914308331963,0.0,0.0,0.3327518103146191,0.2301509340567256,0.2258714121819153,0.060609408710869
0.7460914308331963,0.0,0.0,0.2981392927205999,0.2566751233861643,0.2700335282224055,0.0091435129632064
0.7460914308331963,0.0,0.0,0.2994163954494003,0.2346438372538664,0.2252151747223413,0.0231427774725872
0.7460914308331963,0.0,0.0,0.2469064738381863,0.248093119348975,0.2520281064993918,0.0072686300072987
0.7460914308331963,0.0,0.0,0.1804749697320703,0.2118142583667534,0.221539329527201,0.031431386454189
0.7460914308331963,0.0,0.0,0.2098880671049817,0.2296879996921964,0.215385515258454,0.0811480036784222
0.7460914308331963,0.0,0.0,0.3224117193955248,0.2350615968955968,0.215385515258454,0.1186010552428832
0.7460914308331963,0.0,0.0,0.2577939101097818,0.2242395871813685,0.215385515258454,0.2181510210727018
0.7460914308331963,0.0,0.0,0.3114428468429957,0.2308299612815857,0.215385515258454,0.3395600774793516
0.7460914308331963,0.0,0.0,0.3445859488161227,0.2244612842643863,0.215385515258454,0.3509381418772243
0.7460914308331963,0.0,0.0,0.2366959465995466,0.2283897804413529,0.215385515258454,0.2848593721884973
0.7460914308331963,0.0,0.0,0.1902331169001885,0.2182283018862351,0.215385515258454,0.3140603530445485
0.7460914308331963,0.0,0.0,0.1898689703954558,0.2012748676848267,0.215385515258454,0.3000346933759369
0.7460914308331963,0.0,0.0,0.2293388364894632,0.2230423931007084,0.215385515258454,0.2097208093513602
0.7460914308331963,0.0,0.0,0.1778161385426314,0.209127640890121,0.215385515258454,0.1964032475794518
0.7460914308331963,0.0,0.0,0.1375094086593579,0.1882422797898731,0.215385515258454,0.2473735419747866
0.7460914308331963,0.0,0.0,0.1715761654769273,0.191036421630299,0.215385515258454,0.2231202847993477
0.7460914308331963,0.0,0.0,0.1652655749598823,0.1758219052785838,0.1846164439147191,0.1963344248626889
0.7460914308331963,0.0,0.0,0.135895873114559,0.2053789699422574,0.1846164439147191,0.2552548559221158
0.7460914308331963,0.0,0.0,0.1721219590377091,0.2240654087926154,0.1846164439147191,0.214422074490305
0.7460914308331963,0.0,0.0,0.201441905195017,0.1484559957957151,0.1846164439147191,0.152000002174505
0.7460914308331963,0.0,0.0,0.1932850322314926,0.2079256097047084,0.1846164439147191,0.1720051405499237
0.7460914308331963,0.0,0.0,0.2478800810766368,0.205022899367745,0.2094073635363298,0.2339971148153491
0.7460914308331963,0.0,0.0,0.2628044488655573,0.2238776779870227,0.2061547938553335,0.1899163990187896
0.7460914308331963,0.0,0.0,0.2931066573249898,0.2123043828002878,0.1979205130612552,0.2107735040552086
0.7460914308331963,0.0,0.0,0.2713732023213503,0.193795936619523,0.2092395505154115,0.2080742038881102
0.7460914308331963,0.0,0.0,0.2939566239189848,0.1221797240664658,0.0923089411407432,0.164952496041814
0.7460914308331963,0.0,0.0,0.3151353024548474,0.1425526184233423,0.1446165442260966,0.1980409353757851
0.7460914308331963,0.0,0.0,0.1904509360026533,0.2168169966665743,0.1641468806885835,0.2202999005801402
0.7460914308331963,0.0,0.0,0.3382192315225243,0.1350432476922284,0.1415396263975464,0.2140518814897765
0.7460914308331963,0.0,0.0,0.2645916758018159,0.1506863485720805,0.1661549797201247,0.2143782915279388
0.7460914308331963,0.0,0.0,0.3572811787283134,0.1031565630606054,0.0923089411407432,0.1598777431978149
0.7460914308331963,0.0,0.0,0.3059379859278336,0.116925839878482,0.0923089411407432,0.1050832852592852
0.7460914308331963,0.0,0.0,0.3222064676203645,0.1251983224835899,0.1261550372547954,0.1220071720327025
0.7460914308331963,0.0,0.0,0.2226105080128145,0.1479705166874496,0.0923089411407432,0.1019004103265742
0.7460914308331963,0.0,0.0,0.2716819651610574,0.1253519165411055,0.1076935302834942,0.1013333550698414
0.7460914308331963,0.0,0.0,0.256019097507278,0.0894040776019578,0.0953858589692934,0.1119050222310897
0.7460914308331963,0.0,0.0,0.2502343021084344,0.0486741746220946,0.0523090093695906,0.1094417766609225
0.7460914308331963,0.0,0.0,0.1894588602571204,0.0504654163075577,0.0523090093695906,0.0981456039744321
0.7460914308331963,0.0,0.0,0.2427563926626774,0.0609232634185081,0.0523090093695906,0.0774157404268027
0.7460914308331963,0.0,0.0,0.2027377168493351,0.0517170491255151,0.0523090093695906,0.0576883712683957
0.7460914308331963,0.0,0.0,0.2179751968660211,0.9573826779236588,0.9784613292340844,0.0749839775887718
0.7460914308331963,0.0,0.0,0.2190948910883041,0.0,0.0123091163648286,0.0451122424814269
0.7460914308331963,0.0,0.0,0.1962408020448615,0.984290873705718,0.9538459010522692,0.0374625792093128
0.7460914308331963,0.0,0.0,0.2118415761736457,0.9875025407907276,0.0030783708998105,0.0475455318658882
0.7460914308331963,0.0,0.0,0.1774817602114445,0.0303935731222378,0.0030783708998105,0.0322198897844551
0.7460914308331963,0.0,0.0,0.1456948586323617,0.0822672758081519,0.0242754843661322,0.0289361401511185
0.7460914308331963,0.0,0.0,0.1987150137321409,0.0997039463633096,0.0615397788965063,0.0318556931461637
0.7460914308331963,0.0,0.0,0.1440314909027726,0.1835119322832295,0.1323088836060725,0.0546189037262485
0.7460914308331963,0.0,0.0,0.1471957144277368,0.1909524435253227,0.20307788672096,0.0818683944837898
0.7460914308331963,0.0,0.0,0.1619666624705453,0.1489438614931096,0.1692318868544982,0.0678563236409561
0.7460914308331963,0.0,0.0,0.2543837931659655,0.0899190587874473,0.1051144370749268,0.0431960533115205
0.7460914308331963,0.0,0.0,0.2727395440021238,0.1138867210566149,0.0975397196293789,0.0396829281794832
0.7460914308331963,0.0,0.0,0.2287509259900451,0.1238922402739196,0.0984627767978436,0.0794105156212171
0.7460914308331963,0.0,0.0,0.2687244905624194,0.1148682271447428,0.0984627767978436,0.0612117758785538
0.7460914308331963,0.0,0.0,0.2282595544205474,0.0832541250857807,0.0984627767978436,0.0714473246056369
0.7460914308331963,0.0,0.0,0.2186890429131416,0.1007570501253072,0.0523090093695906,0.1459406598299903
0.7460914308331963,0.0,0.0,0.1913791915817004,0.0574644458512432,0.04307825588394,0.1931313131226234
0.7460914308331963,0.0,0.0,0.2264707101239053,0.0776020800538466,0.04307825588394,0.1495234533196189
0.7460914308331963,0.0,0.0,0.2779176762635887,0.0985588949933515,0.0861551054836428,0.1887216220126538
0.7460914308331963,0.0,0.0,0.254674786897675,0.040485752693685,0.0246167622803597,0.1584377083867723
0.7460914308331963,0.0,0.0,0.2711689340761531,0.0767419757060324,0.089232023312193,0.1571950776277894
0.7460914308331963,0.0,0.0,0.2809679086658451,0.0780049821128076,0.089232023312193,0.1028885800726745
0.7460914308331963,0.0,0.0,0.2597159899320737,0.1159259336143462,0.0923089411407432,0.0903590164430049
0.7460914308331963,0.0,0.0,0.184559788230481,0.0747946095393119,0.0769243519979922,0.0948280781285309
0.7460914308331963,0.0,0.0,0.270871995452223,0.0499809600232046,0.0769243519979922,0.1148885089674597
0.7460914308331963,0.0,0.0,0.2210449905864298,0.1117434361657945,0.0769243519979922,0.0842525671453357
0.7460914308331963,0.0,0.0,0.1844968423128512,0.1544888669371669,0.1384626978748195,0.0775826648012153
0.7460914308331963,0.0,0.0,0.2103883778690317,0.2276312286573018,0.2123086081240805,0.0948858818890462
0.7460914308331963,0.0,0.0,0.1507734467334638,0.1883603520252635,0.2123086081240805,0.1016282530896049
0.7460914308331963,0.0,0.0,0.1782389908580425,0.2167707351933686,0.2123086081240805,0.0844796381812597
0.7460914308331963,0.0,0.0,0.1708215357206758,0.2654270440458049,0.2123086081240805,0.0567096902713299
0.7460914308331963,0.0,0.0,0.1618256898425202,0.2317283203091662,0.2646160294084299,0.0356278278137207
0.7460914308331963,0.0,0.0,0.2593603017850224,0.2555533199513823,0.209231700989707,0.0249962208251895
0.7460914308331963,0.0,0.0,0.333249542044544,0.2281014932598701,0.227693143795948,0.025435536726671
0.7460914308331963,0.0,0.0,0.4580795364999211,0.2199302169500133,0.20307788672096,0.0597146291949463
0.7460914308331963,0.0,0.0,0.4203385193748149,0.2219871584555599,0.1938471653178396,0.0729609924020503
0.7460914308331963,0.0,0.0,0.4758494313214728,0.1933142291744346,0.2077804370452291,0.0995871982789503
0.7460914308331963,0.0,0.0,0.3894338660287338,0.2067917667801239,0.2022072096300163,0.1007228097133667
0.7460914308331963,0.0,0.0,0.3229539503922185,0.2065256407834102,0.1876933510490926,0.0797530404252937
0.7460914308331963,0.0,0.0,0.3548967086860992,0.1819786979296752,0.183500656293604,0.091187956780152
0.7460914308331963,0.0,0.0,0.3130483392983196,0.1902375322282017,0.1816904316137103,0.0832873871152605
0.7460914308331963,0.0,0.0,0.2958139874697135,0.1911882683636309,0.196924072452213,0.0797192367568581
0.7460914308331963,0.0,0.0,0.3358547817791119,0.1757785204976318,0.1476934620546468,0.0788493322601059
0.7460914308331963,0.0,0.0,0.3563367276892095,0.1707113442913283,0.1630780511973978,0.0881317961835066
