latitude1,longitude1,elevation1,wind_speed1,wind_direction1,nacelle_position1,production1
0.3607757767663431,0.1782045556051806,-0.5097502089330476,0.470759142093468,0.7125835049933802,0.7208565062604358,0.9926439985748547
0.3607757767663431,0.1782045556051806,-0.5097502089330476,0.4303011552993955,0.6846846131853453,0.6901815563933378,0.9847888600055826
0.3607757767663431,0.1782045556051806,-0.5097502089330476,0.4464296745593692,0.6206767467049418,0.6446569967761738,0.9946035045638708
0.3607757767663431,0.1782045556051806,-0.5097502089330476,0.4482368535804998,0.6189702026540502,0.6073591917521728,0.9872632696830858
0.3607757767663431,0.1782045556051806,-0.5097502089330476,0.4500236620224197,0.6324037467076435,0.6318991516458514,0.9788704860899669
0.3607757767663431,0.1782045556051806,-0.5097502089330476,0.3965875586368536,0.6219407984508758,0.6179066749659634,0.9844868339718008
0.3607757767663431,0.1782045556051806,-0.5097502089330476,0.4397866023389837,0.6241785706881349,0.6503041215661103,0.8870788370595231
0.3607757767663431,0.1782045556051806,-0.5097502089330476,0.4471656080301275,0.6036815148054936,0.5935554643119787,0.9825558132636733
0.3607757767663431,0.1782045556051806,-0.5097502089330476,0.3221034205355819,0.5738647747741127,0.5858867268452042,0.9967804599193394
0.3607757767663431,0.1782045556051806,-0.5097502089330476,0.2870836582187799,0.591188367591631,0.6104266867388827,0.9803719417288942
0.3607757767663431,0.1782045556051806,-0.5097502089330476,0.2837303728118981,0.5854243933817801,0.5828192318584945,0.9747322663948104
0.3607757767663431,0.1782045556051806,-0.5097502089330476,0.2921243477563018,0.63696633120344,0.62898518066793,0.973516425516725
0.3607757767663431,0.1782045556051806,-0.5097502089330476,0.2960295935544236,0.686653464402163,0.6816354292163371,0.9791868719875712
0.3607757767663431,0.1782045556051806,-0.5097502089330476,0.275825394650265,0.6987640679667367,0.6932490513800472,0.9775517230858732
0.3607757767663431,0.1782045556051806,-0.5097502089330476,0.2433850209174211,0.7180639313891505,0.7147215162870163,0.9878199635058804
0.3607757767663431,0.1782045556051806,-0.5097502089330476,0.3347353195858638,0.6873589422170998,0.7147215162870163,0.817263816681253
0.3607757767663431,0.1782045556051806,-0.5097502089330476,0.3878614609459447,0.6741877053294327,0.6840465664199181,0.933938765248271
0.3607757767663431,0.1782045556051806,-0.5097502089330476,0.4137959655111072,0.7137338917139628,0.703687745775388,0.9794253629504004
0.3607757767663431,0.1782045556051806,-0.5097502089330476,0.4534841501744406,0.7482538878390946,0.7515314561275339,0.9929375259137216
0.3607757767663431,0.1782045556051806,-0.5097502089330476,0.5037277516944912,0.7804396172854531,0.7668689310610829,0.9677840264905307
0.3607757767663431,0.1782045556051806,-0.5097502089330476,0.4853306906587781,0.8063232761020583,0.8343538207686988,0.970512517840156
0.3607757767663431,0.1782045556051806,-0.5097502089330476,0.4836453647387443,0.7980744428337074,0.8219338990399429,0.9801411288973332
0.3607757767663431,0.1782045556051806,-0.5097502089330476,0.2797599000076168,0.7995986819204026,0.7713141334444374,0.9815580078689312
0.3607757767663431,0.1782045556051806,-0.5097502089330476,0.4154222373277725,0.7631947547745658,0.7576664461009536,0.9628541973227835
0.3607757767663431,0.1782045556051806,-0.5097502089330476,0.3546390627348355,0.7278749062181479,0.7300589912205653,0.952442475487931
0.3607757767663431,0.1782045556051806,-0.5097502089330476,0.3475796076448458,0.739118882858736,0.7300589912205653,0.9160337148007804
0.3607757767663431,0.1782045556051806,-0.5097502089330476,0.4349302562551476,0.7394661950137817,0.7300589912205653,0.6774081795334794
0.3607757767663431,0.1782045556051806,-0.5097502089330476,0.373655759752722,0.7278754997691943,0.7300589912205653,0.6500480086284611
0.3607757767663431,0.1782045556051806,-0.5097502089330476,0.3933595831566318,0.7056291641603337,0.7300589912205653,0.7404125216417193
0.3607757767663431,0.1782045556051806,-0.5097502089330476,0.1869255532028164,0.6806767445387455,0.6963165463667574,0.8807192929602712
0.3607757767663431,0.1782045556051806,-0.5097502089330476,0.2744554629101727,0.6447091198083843,0.6564391115395298,0.963513344378074
0.3607757767663431,0.1782045556051806,-0.5097502089330476,0.2752364379949635,0.6455339437801149,0.6564391115395298,0.8768574859907725
0.3607757767663431,0.1782045556051806,-0.5097502089330476,0.2374867299951279,0.5767081810610337,0.6226966666857218,0.8050086986134338
0.3607757767663431,0.1782045556051806,-0.5097502089330476,0.332545832118536,0.5954877969914347,0.5920217168186238,0.6808604080197511
0.3607757767663431,0.1782045556051806,-0.5097502089330476,0.2393554734334287,0.5297149640785902,0.5153343421508785,0.7896986806995542
0.3607757767663431,0.1782045556051806,-0.5097502089330476,0.2625493326173863,0.496576373220531,0.5245368271110078,0.9648382616095202
0.3607757767663431,0.1782045556051806,-0.5097502089330476,0.2940728450986639,0.4616188027848245,0.4478494524432627,0.6067509091832616
0.3607757767663431,0.1782045556051806,-0.5097502089330476,0.3191130195074478,0.5107158190540941,0.5061318571907492,0.7893740891654799
0.3607757767663431,0.1782045556051806,-0.5097502089330476,0.4066772505543227,0.6004427187287831,0.5949675013828108,0.8398164224019258
0.3607757767663431,0.1782045556051806,-0.5097502089330476,0.4996158988399505,0.6803173493802587,0.6687090914863689,0.9685652030824669
0.3607757767663431,0.1782045556051806,-0.5097502089330476,0.3730791283266602,0.6925370815443305,0.7101244530716352,0.8514054772351441
0.3607757767663431,0.1782045556051806,-0.5097502089330476,0.3920280468719002,0.6689471159528388,0.6656415964996591,0.9813787733237528
0.3607757767663431,0.1782045556051806,-0.5097502089330476,0.4053754676610445,0.6106837636872711,0.6318991516458514,0.9499827187326956
0.3607757767663431,0.1782045556051806,-0.5097502089330476,0.4137602449802892,0.5844619079638297,0.5674817569249452,0.8814547524347319
0.3607757767663431,0.1782045556051806,-0.5097502089330476,0.4754976268866788,0.5335428595686753,0.5490767870046867,0.836728993068431
0.3607757767663431,0.1782045556051806,-0.5097502089330476,0.5387476580456917,0.5344369170302969,0.5487068794346222,0.7769468285668597
0.3607757767663431,0.1782045556051806,-0.5097502089330476,0.3512230606355959,0.5824025826089666,0.5828192318584945,0.669063809195533
0.3607757767663431,0.1782045556051806,-0.5097502089330476,0.5574788377331459,0.695341737427234,0.6901815563933378,0.5263431154625992
0.3607757767663431,0.1782045556051806,-0.5097502089330476,0.628279645891637,0.7311267180213723,0.7269914962338553,0.333917892435243
0.3607757767663431,0.1782045556051806,-0.5097502089330476,0.636527713990401,0.740552393428366,0.7541567166778169,0.2764805178607947
0.3607757767663431,0.1782045556051806,-0.5097502089330476,0.7586668262499212,0.707605985919772,0.7272541928711158,0.2871132643751334
0.3607757767663431,0.1782045556051806,-0.5097502089330476,0.657781553285163,0.7046011337482788,0.702451536340177,0.3783797819773471
0.3607757767663431,0.1782045556051806,-0.5097502089330476,0.5289672697107433,0.6895479160790591,0.702451536340177,0.4523816990585471
0.3607757767663431,0.1782045556051806,-0.5097502089330476,0.5761496875839883,0.7088581242482783,0.7361939811939849,0.3808111413692277
0.3607757767663431,0.1782045556051806,-0.5097502089330476,0.6111345730000204,0.7336927239871914,0.7118073747268627,0.4987041873643601
0.3607757767663431,0.1782045556051806,-0.5097502089330476,0.6553705409130042,0.7376844395660332,0.7269914962338553,0.4370534822152109
0.3607757767663431,0.1782045556051806,-0.5097502089330476,0.6452210952965169,0.7278577780308143,0.7269914962338553,0.4185210522479061
0.3607757767663431,0.1782045556051806,-0.5097502089330476,0.552974182497663,0.7088253517512263,0.7269914962338553,0.3521377755705775
0.3607757767663431,0.1782045556051806,-0.5097502089330476,0.5103333749712772,0.7437531598416152,0.7269914962338553,0.4068871594725486
0.3607757767663431,0.1782045556051806,-0.5097502089330476,0.5829131314088009,0.721171934253176,0.7453964661541144,0.3511255810061689
0.3607757767663431,0.1782045556051806,-0.5097502089330476,0.4694146427128751,0.7204309281684727,0.733126486207275,0.4462801050028959
0.3607757767663431,0.1782045556051806,-0.5097502089330476,0.4411158752260252,0.7397251528559471,0.7453964661541144,0.4826891880543364
0.3607757767663431,0.1782045556051806,-0.5097502089330476,0.4341386020485281,0.7211985592572494,0.7208565062604358,0.4463982075563736
0.3607757767663431,0.1782045556051806,-0.5097502089330476,0.6334678472295241,0.7373309375215055,0.7300589912205653,0.3321244040555202
0.3607757767663431,0.1782045556051806,-0.5097502089330476,0.6247524492367865,0.7027890224041669,0.7269914962338553,0.3366184846208704
0.3607757767663431,0.1782045556051806,-0.5097502089330476,0.5714925204968793,0.6998730333035937,0.7269914962338553,0.348879756916042
0.3607757767663431,0.1782045556051806,-0.5097502089330476,0.5458667022239584,0.6909266079699201,0.6840465664199181,0.3434314487467743
0.3607757767663431,0.1782045556051806,-0.5097502089330476,0.5354456077319762,0.692333239156457,0.6840465664199181,0.28260203989073
0.3607757767663431,0.1782045556051806,-0.5097502089330476,0.5314175005919682,0.7041628386971482,0.6840465664199181,0.2796045501941143
0.3607757767663431,0.1782045556051806,-0.5097502089330476,0.5282725300779446,0.7030369995519772,0.6840465664199181,0.315060870933864
0.3607757767663431,0.1782045556051806,-0.5097502089330476,0.4912546197039971,0.6693665445600007,0.6993840413534672,0.3050523975198187
0.3607757767663431,0.1782045556051806,-0.5097502089330476,0.4397525279155767,0.6993109404628226,0.7147215162870163,0.4328076514589202
0.3607757767663431,0.1782045556051806,-0.5097502089330476,0.4177806565681508,0.6788706958946054,0.6687090914863689,0.4932210052400951
0.3607757767663431,0.1782045556051806,-0.5097502089330476,0.3193344621069083,0.6746000537205432,0.6687090914863689,0.5774196271747914
0.3607757767663431,0.1782045556051806,-0.5097502089330476,0.3493403664369871,0.6513788953112712,0.6656415964996591,0.4151480081535691
0.3607757767663431,0.1782045556051806,-0.5097502089330476,0.282315975595367,0.6372261369756713,0.6472366265794003,0.2443654443740611
0.3607757767663431,0.1782045556051806,-0.5097502089330476,0.1985808167261714,0.5733936648294264,0.6165616767123022,0.4282385186257148
0.3607757767663431,0.1782045556051806,-0.5097502089330476,0.2624307511547687,0.6284467114685024,0.6136475351521489,0.2966178824040814
0.3607757767663431,0.1782045556051806,-0.5097502089330476,0.2402456883212798,0.5537622183546916,0.6073591917521728,0.2389145572904742
0.3607757767663431,0.1782045556051806,-0.5097502089330476,0.1030711338516963,0.4795041068745841,0.5210099968191148,0.2564527571760705
0.3607757767663431,0.1782045556051806,-0.5097502089330476,0.2627428736962308,0.4171786608346938,0.4197912340148483,0.3128974841844152
0.3607757767663431,0.1782045556051806,-0.5097502089330476,0.3409281814293496,0.4356522164077615,0.4362348920772763,0.3758426284866937
0.3607757767663431,0.1782045556051806,-0.5097502089330476,0.2870045833340256,0.5678978061064541,0.5730349761961727,0.2564041094741417
0.3607757767663431,0.1782045556051806,-0.5097502089330476,0.3276481275859993,0.6093331806780987,0.6134941817255926,0.2374092772388349
0.3607757767663431,0.1782045556051806,-0.5097502089330476,0.5265686854495375,0.6670419866804833,0.6503041215661103,0.3249284711532276
0.3607757767663431,0.1782045556051806,-0.5097502089330476,0.6033439169980789,0.671917542163651,0.6687090914863689,0.3479521683248071
0.3607757767663431,0.1782045556051806,-0.5097502089330476,0.5452338973824972,0.6700150414745003,0.6932490513800472,0.5538308840147246
0.3607757767663431,0.1782045556051806,-0.5097502089330476,0.8065313498815858,0.7179040117786971,0.7269914962338553,0.4704471110873355
0.3607757767663431,0.1782045556051806,-0.5097502089330476,0.6672663007291014,0.7528939307464226,0.7515314561275339,0.3738247452553633
0.3607757767663431,0.1782045556051806,-0.5097502089330476,0.5569431120762466,0.7390364640563177,0.7515314561275339,0.5738127810527509
0.3607757767663431,0.1782045556051806,-0.5097502089330476,0.5785112344284474,0.7423741711752306,0.7055190313268869,0.7608058141253338
0.3607757767663431,0.1782045556051806,-0.5097502089330476,0.5131652147030499,0.7005816484597747,0.6963165463667574,0.6767403579482064
0.3607757767663431,0.1782045556051806,-0.5097502089330476,0.5404590336155038,0.7000714913355479,0.6963165463667574,0.5826259276798857
0.3607757767663431,0.1782045556051806,-0.5097502089330476,0.4531758754090518,0.6549655123010674,0.6625741015129494,0.5505456988423048
0.3607757767663431,0.1782045556051806,-0.5097502089330476,0.2760533805266841,0.692408492949817,0.6963165463667574,0.6983283911018405
0.3607757767663431,0.1782045556051806,-0.5097502089330476,0.3046810402742451,0.6574644893951669,0.6546010026987515,0.8089189188381051
0.3607757767663431,0.1782045556051806,-0.5097502089330476,0.3068425644919291,0.6904518943224535,0.7055190313268869,0.935114105449208
0.3607757767663431,0.1782045556051806,-0.5097502089330476,0.2959224319619696,0.673767132016682,0.6659931238342269,0.8941581913122538
0.3607757767663431,0.1782045556051806,-0.5097502089330476,0.2605173982056307,0.6695010686649764,0.6625741015129494,0.7158089756970802
0.3607757767663431,0.1782045556051806,-0.5097502089330476,0.2563714503513402,0.6251385971088939,0.6284620476079832,0.8852371405655396
0.3607757767663431,0.1782045556051806,-0.5097502089330476,0.1643979971461332,0.6379340313912965,0.6850973103234013,0.8708752839457586
0.3607757767663431,0.1782045556051806,-0.5097502089330476,0.1374531324284615,0.5710439658234513,0.6073591917521728,0.8925750309787618
0.3607757767663431,0.1782045556051806,-0.5097502089330476,0.1938498834507083,0.5593128533599292,0.5245368271110078,0.9634654586281032
0.3607757767663431,0.1782045556051806,-0.5097502089330476,0.2211279203083599,0.5313253104634907,0.5306718170844278,0.943798951088967
0.3607757767663431,0.1782045556051806,-0.5097502089330476,0.1973096102780518,0.5645210518080006,0.5552117769781061,0.9401986108644136
0.3607757767663431,0.1782045556051806,-0.5097502089330476,0.1746321761416,0.524850346893274,0.5552117769781061,0.8925566269083935
0.3607757767663431,0.1782045556051806,-0.5097502089330476,0.279131724843249,0.5563831277922865,0.526385426759053,0.9728045865529598
0.3607757767663431,0.1782045556051806,-0.5097502089330476,0.3561197775036859,0.5638710710158855,0.5582792719648157,0.9777781400407538
0.3607757767663431,0.1782045556051806,-0.5097502089330476,0.3407373975804185,0.5777135293438217,0.5644142619382356,0.9578693317789988
0.3607757767663431,0.1782045556051806,-0.5097502089330476,0.4908986078236901,0.6779721020071303,0.6687090914863689,0.9595221227991072
0.3607757767663431,0.1782045556051806,-0.5097502089330476,0.5137926696954253,0.7604392364389888,0.7576664461009536,0.9776459706818992
0.3607757767663431,0.1782045556051806,-0.5097502089330476,0.3353102225991441,0.7559675076497676,0.7576664461009536,0.9682400254315018
0.3607757767663431,0.1782045556051806,-0.5097502089330476,0.2549270322509016,0.7771333683719898,0.7576664461009536,0.9657476805771432
0.3607757767663431,0.1782045556051806,-0.5097502089330476,0.2423273763295319,0.7561133516211245,0.7576664461009536,0.968130128514494
0.3607757767663431,0.1782045556051806,-0.5097502089330476,0.2829302617284548,0.7589028719523495,0.7576664461009536,0.946571928710597
0.3607757767663431,0.1782045556051806,-0.5097502089330476,0.2353919554329586,0.7490818915485727,0.7576664461009536,0.9459310685022966
0.3607757767663431,0.1782045556051806,-0.5097502089330476,0.2106185121537793,0.7768331163356086,0.8190163458351496,0.9450603332494604
0.3607757767663431,0.1782045556051806,-0.5097502089330476,0.167639470707125,0.7871146075582461,0.7576664461009536,0.7477327113248421
0.3607757767663431,0.1782045556051806,-0.5097502089330476,0.1960797211259475,0.8165061530580167,0.7975438809281811,0.950651829775128
0.3607757767663431,0.1782045556051806,-0.5097502089330476,0.1855467942117327,0.8397692840055566,0.8527587906889577,0.9859488439439834
0.3607757767663431,0.1782045556051806,-0.5097502089330476,0.1035073831801166,0.9607197244841768,0.8990136981323746,0.9287853324867186
0.3607757767663431,0.1782045556051806,-0.5097502089330476,0.1529077558907278,0.956061875045462,0.9877285701041892,0.888459083725452
0.3607757767663431,0.1782045556051806,-0.5097502089330476,0.0690268136339484,0.950131028198617,0.9877285701041892,0.9923260887733348
0.3607757767663431,0.1782045556051806,-0.5097502089330476,0.0926412121087228,0.0158851036397544,0.0184034886534553,0.9863261859982212
0.3607757767663431,0.1782045556051806,-0.5097502089330476,0.0930198476777593,0.1273556979041781,0.0736181825210945,0.9875958324068737
0.3607757767663431,0.1782045556051806,-0.5097502089330476,0.0910844986183423,0.099866324520658,0.1533727696487278,0.985496713374491
0.3607757767663431,0.1782045556051806,-0.5097502089330476,0.1492801878364935,0.0609525773750022,0.0245384466427064,0.9722365806741744
0.3607757767663431,0.1782045556051806,-0.5097502089330476,0.0613972601066841,0.1105054408477694,0.1503052853234075,0.9516947075587654
0.3607757767663431,0.1782045556051806,-0.5097502089330476,0.0707465740633853,0.1056837395229202,0.0490783025878373,0.9557487022567271
0.3607757767663431,0.1782045556051806,-0.5097502089330476,0.1792361328066495,0.0678098037176737,0.0704462858777138,0.9129460510205292
0.3607757767663431,0.1782045556051806,-0.5097502089330476,0.0734131137465828,0.0946310453061027,0.1288328950461653,0.8214604722304133
0.3607757767663431,0.1782045556051806,-0.5097502089330476,0.2013005771195997,0.1196041756195536,0.0674832085397591,0.4551729635271671
0.3607757767663431,0.1782045556051806,-0.5097502089330476,0.2962803985948271,0.1144340704296986,0.1226979263955247,0.4480705455747869
0.3607757767663431,0.1782045556051806,-0.5097502089330476,0.2545433040370624,0.1078289283960947,0.1226979263955247,0.5556430402174164
0.3607757767663431,0.1782045556051806,-0.5097502089330476,0.239411132440262,0.1006203675301266,0.1226979263955247,0.8529259230613304
0.3607757767663431,0.1782045556051806,-0.5097502089330476,0.210437604949314,0.1029435475232867,0.1196304420702044,0.8710694644716502
0.3607757767663431,0.1782045556051806,-0.5097502089330476,0.3992040875192716,0.1289078444891714,0.1196304420702044,0.8765784943507954
0.3607757767663431,0.1782045556051806,-0.5097502089330476,0.3350977512850736,0.1093016663304044,0.1196304420702044,0.9387860691578064
0.3607757767663431,0.1782045556051806,-0.5097502089330476,0.153388378102045,0.1274568983575587,0.1196304420702044,0.8240391521027735
0.3607757767663431,0.1782045556051806,-0.5097502089330476,0.2066568871768319,0.0645223470542988,0.0820206581359829,0.7673100704849015
0.3607757767663431,0.1782045556051806,-0.5097502089330476,0.2102245574976496,0.0743790359129812,0.0797531458410403,0.7598805113899726
0.3607757767663431,0.1782045556051806,-0.5097502089330476,0.1788836806336187,0.1126930580216229,0.0797531458410403,0.8045427356853208
0.3607757767663431,0.1782045556051806,-0.5097502089330476,0.231455968578937,0.1105373124191263,0.1226979263955247,0.6082500789663152
0.3607757767663431,0.1782045556051806,-0.5097502089330476,0.1816335442163252,0.1140700752506037,0.1226979263955247,0.6476861333939741
0.3607757767663431,0.1782045556051806,-0.5097502089330476,0.1660490428793335,0.1106230063514244,0.1226979263955247,0.6248716506465328
0.3607757767663431,0.1782045556051806,-0.5097502089330476,0.3076898982817246,0.1020114180017001,0.1226979263955247,0.630197812055777
0.3607757767663431,0.1782045556051806,-0.5097502089330476,0.2493439914741512,0.1171005031127133,0.0877479245907847,0.7325968873508809
0.3607757767663431,0.1782045556051806,-0.5097502089330476,0.2247371548413044,0.1032953749059341,0.1012255361182825,0.5808409086892338
0.3607757767663431,0.1782045556051806,-0.5097502089330476,0.2436969171191142,0.0751439907224871,0.1012255361182825,0.6187498355581522
0.3607757767663431,0.1782045556051806,-0.5097502089330476,0.2011299580864529,0.1125416601083333,0.0858881091609862,0.586862263342547
0.3607757767663431,0.1782045556051806,-0.5097502089330476,0.3629567611770835,0.109044160568477,0.0858881091609862,0.6238152335627203
0.3607757767663431,0.1782045556051806,-0.5097502089330476,0.3662568773145908,0.1129628905668853,0.1226979263955247,0.6516808130625962
0.3607757767663431,0.1782045556051806,-0.5097502089330476,0.3610896226935084,0.1136994980143712,0.1226979263955247,0.7414920317310258
0.3607757767663431,0.1782045556051806,-0.5097502089330476,0.2808330591578544,0.1270707934019921,0.1226979263955247,0.8002979013277444
0.3607757767663431,0.1782045556051806,-0.5097502089330476,0.3017873069038202,0.1706562006473131,0.1779126442512903,0.8671993932539926
0.3607757767663431,0.1782045556051806,-0.5097502089330476,0.3497065430305568,0.1652547801354452,0.1673289549587605,0.964570054520332
0.3607757767663431,0.1782045556051806,-0.5097502089330476,0.4120390750713817,0.1593984239449006,0.1656427176113986,0.9847658256117778
0.3607757767663431,0.1782045556051806,-0.5097502089330476,0.3690339839749488,0.1539107583461916,0.1539263942826423,0.986042857093253
0.3607757767663431,0.1782045556051806,-0.5097502089330476,0.3780604962683593,0.1546524533740736,0.1411028323474466,0.9201755098089704
0.3607757767663431,0.1782045556051806,-0.5097502089330476,0.3641943047286487,0.1418162124572434,0.1411028323474466,0.8831011547807314
0.3607757767663431,0.1782045556051806,-0.5097502089330476,0.3322094500691048,0.1475554165100401,0.1426385415364693,0.7628966689095573
0.3607757767663431,0.1782045556051806,-0.5097502089330476,0.2836381496441987,0.1504134813879776,0.1411028323474466,0.7773065285026873
0.3607757767663431,0.1782045556051806,-0.5097502089330476,0.3333500790468494,0.1714348442278225,0.14817955351672,0.8989237905272246
0.3607757767663431,0.1782045556051806,-0.5097502089330476,0.3861570401799438,0.154095310325063,0.1641266040562753,0.951452641282903
0.3607757767663431,0.1782045556051806,-0.5097502089330476,0.3793757360897223,0.1510345689630927,0.1411028323474466,0.9862857439327624
0.3607757767663431,0.1782045556051806,-0.5097502089330476,0.3897167063034755,0.1521365282777792,0.1656427176113986,0.982590394160225
0.3607757767663431,0.1782045556051806,-0.5097502089330476,0.3015366047451299,0.1579001951129809,0.1656427176113986,0.9020106923555178
0.3607757767663431,0.1782045556051806,-0.5097502089330476,0.3345307495873658,0.1636757011717296,0.1472378009980872,0.8013928262912764
0.3607757767663431,0.1782045556051806,-0.5097502089330476,0.29913518094864,0.1594161986789097,0.1625752226246887,0.7014019880767147
0.3607757767663431,0.1782045556051806,-0.5097502089330476,0.3418046513203193,0.1500906956100917,0.1625752226246887,0.7220906248615571
0.3607757767663431,0.1782045556051806,-0.5097502089330476,0.2781528876476598,0.1703820012622108,0.1625752226246887,0.5246390392145539
0.3607757767663431,0.1782045556051806,-0.5097502089330476,0.2848508781265437,0.1703983557133593,0.164416583189264,0.3847690422029579
0.3607757767663431,0.1782045556051806,-0.5097502089330476,0.2459004788048057,0.1957624559811307,0.2085873808905984,0.2547264084861784
0.3607757767663431,0.1782045556051806,-0.5097502089330476,0.304868778824466,0.1515989300167905,0.1687101912753293,0.1463758436711337
0.3607757767663431,0.1782045556051806,-0.5097502089330476,0.3358195693847828,0.1517437564720684,0.1687101912753293,0.1638959032389625
0.3607757767663431,0.1782045556051806,-0.5097502089330476,0.1935845103597178,0.1776090576027442,0.1687101912753293,0.1565646945582945
0.3607757767663431,0.1782045556051806,-0.5097502089330476,0.2328585343984518,0.1997738435375044,0.1932500125709443,0.3278593486652143
0.3607757767663431,0.1782045556051806,-0.5097502089330476,0.2619021243360792,0.2251120925373877,0.1955372431057657,0.4126797527034185
0.3607757767663431,0.1782045556051806,-0.5097502089330476,0.2627712073200421,0.220759413129437,0.2300596965381141,0.4174787019694705
0.3607757767663431,0.1782045556051806,-0.5097502089330476,0.1731869555637985,0.195646268363833,0.2300596965381141,0.3678320517180056
0.3607757767663431,0.1782045556051806,-0.5097502089330476,0.1512674921610693,0.1806379273933575,0.2300596965381141,0.5648558599523252
0.3607757767663431,0.1782045556051806,-0.5097502089330476,0.1228462645710148,0.1874077162475327,0.1932500125709443,0.803465511451888
0.3607757767663431,0.1782045556051806,-0.5097502089330476,0.1273647265324072,0.1895880412228183,0.1932500125709443,0.6641419512174994
0.3607757767663431,0.1782045556051806,-0.5097502089330476,0.1515253960396826,0.2212893694207056,0.1932500125709443,0.6717149331155846
0.3607757767663431,0.1782045556051806,-0.5097502089330476,0.1631255355411127,0.2074091570065795,0.1932500125709443,0.4616736445737016
0.3607757767663431,0.1782045556051806,-0.5097502089330476,0.1977961790523911,0.2252496267940977,0.1932500125709443,0.3606373789670281
0.3607757767663431,0.1782045556051806,-0.5097502089330476,0.1961324994448116,0.2246100967400464,0.1932500125709443,0.4693855361748847
0.3607757767663431,0.1782045556051806,-0.5097502089330476,0.2186918459508691,0.2409579976288357,0.1932500125709443,0.3712122757442538
0.3607757767663431,0.1782045556051806,-0.5097502089330476,0.1713614635977209,0.2392595089135715,0.1932500125709443,0.3134311143075606
0.3607757767663431,0.1782045556051806,-0.5097502089330476,0.2381235266470607,0.2688700959476492,0.2699368541692146,0.1860206729352628
0.3607757767663431,0.1782045556051806,-0.5097502089330476,0.2123293527386831,0.2867344561647778,0.2699368541692146,0.1438397451908835
0.3607757767663431,0.1782045556051806,-0.5097502089330476,0.2280685264432777,0.2731821383071854,0.2699368541692146,0.2309503423678412
0.3607757767663431,0.1782045556051806,-0.5097502089330476,0.161519531421945,0.3257493295699336,0.2699368541692146,0.3939500650965459
0.3607757767663431,0.1782045556051806,-0.5097502089330476,0.1492473479936447,0.313728670187114,0.3251513801199692,0.5376486069440928
0.3607757767663431,0.1782045556051806,-0.5097502089330476,0.1698139168679851,0.2837955517541702,0.3251513801199692,0.6127920159757917
0.3607757767663431,0.1782045556051806,-0.5097502089330476,0.2015729255907443,0.2939918260051717,0.3251513801199692,0.6246590074385838
0.3607757767663431,0.1782045556051806,-0.5097502089330476,0.1233476997529094,0.2887816561196968,0.3251513801199692,0.7452457587458778
0.3607757767663431,0.1782045556051806,-0.5097502089330476,0.1715272677666905,0.3078250206971366,0.3251513801199692,0.5441308253085699
0.3607757767663431,0.1782045556051806,-0.5097502089330476,0.1418805234973422,0.3310611238738221,0.3251513801199692,0.3670538057105232
0.3607757767663431,0.1782045556051806,-0.5097502089330476,0.2093282314360351,0.3680868169388269,0.3803660553301768,0.4106495903232277
0.3607757767663431,0.1782045556051806,-0.5097502089330476,0.1278301119620017,0.3362223469962355,0.3803660553301768,0.3433668879712627
0.3607757767663431,0.1782045556051806,-0.5097502089330476,0.1275673829310399,0.3650107386417874,0.3803660553301768,0.2917992103046569
0.3607757767663431,0.1782045556051806,-0.5097502089330476,0.1303343866071631,0.3748148876337535,0.3803660553301768,0.2653535575842108
0.3607757767663431,0.1782045556051806,-0.5097502089330476,0.1366110661823811,0.4190314304254721,0.3803660553301768,0.2952847302303208
0.3607757767663431,0.1782045556051806,-0.5097502089330476,0.1481315546614631,0.4257982091279129,0.4294459751175338,0.2651698685506629
0.3607757767663431,0.1782045556051806,-0.5097502089330476,0.160073714130207,0.6081581191925944,0.6104281793334125,0.3748589192031735
0.3607757767663431,0.1782045556051806,-0.5097502089330476,0.0786901328674629,0.4158637332847981,0.4171759951706945,0.420653960919038
0.3607757767663431,0.1782045556051806,-0.5097502089330476,0.1223448396772915,0.3996567371747312,0.4171759951706945,0.4470294261418219
0.3607757767663431,0.1782045556051806,-0.5097502089330476,0.1556153350893149,0.4005117898533157,0.4171759951706945,0.402890809370788
0.3607757767663431,0.1782045556051806,-0.5097502089330476,0.1640491046803787,0.376802266122514,0.4171759951706945,0.3250911185903992
0.3607757767663431,0.1782045556051806,-0.5097502089330476,0.1610773663950165,0.3859421890972557,0.4171759951706945,0.2702905373780247
0.3607757767663431,0.1782045556051806,-0.5097502089330476,0.1694871233942228,0.3727662038012189,0.4171759951706945,0.3552246773988708
0.3607757767663431,0.1782045556051806,-0.5097502089330476,0.1965210013701426,0.4066665326340962,0.4171759951706945,0.439675183067349
0.3607757767663431,0.1782045556051806,-0.5097502089330476,0.2007534933215647,0.4388692206817752,0.4171759951706945,0.461362387198891
0.3607757767663431,0.1782045556051806,-0.5097502089330476,0.23168905738833,0.3951969218029377,0.4171759951706945,0.3633336338876642
0.3607757767663431,0.1782045556051806,-0.5097502089330476,0.2478701492037415,0.3960537975311641,0.4171759951706945,0.3901279675463927
0.3607757767663431,0.1782045556051806,-0.5097502089330476,0.2726280779205725,0.4001483670270153,0.4171759951706945,0.5544144806028029
0.3607757767663431,0.1782045556051806,-0.5097502089330476,0.2275352699474948,0.3949907900038858,0.3711635703700474,0.577417634377363
0.3607757767663431,0.1782045556051806,-0.5097502089330476,0.2016719801041992,0.4096614640238166,0.4202434901574043,0.4962587611671025
0.3607757767663431,0.1782045556051806,-0.5097502089330476,0.1825192734614814,0.3942714061358662,0.4202434901574043,0.4410751818724947
0.3607757767663431,0.1782045556051806,-0.5097502089330476,0.2218046967940365,0.3880218647737036,0.3784257250868804,0.4160707612804557
0.3607757767663431,0.1782045556051806,-0.5097502089330476,0.1756153549454855,0.4251048991094237,0.4355809650909534,0.5282987530801364
0.3607757767663431,0.1782045556051806,-0.5097502089330476,0.1633446530138552,0.6773900828098074,0.6279450981539461,0.3240974453197369
0.3607757767663431,0.1782045556051806,-0.5097502089330476,0.157978528041185,0.7722813429481541,0.7254783465450131,0.5318739488900787
0.3607757767663431,0.1782045556051806,-0.5097502089330476,0.2536320807033788,0.7518066300227528,0.7760728659701843,0.7128906410865546
0.3607757767663431,0.1782045556051806,-0.5097502089330476,0.2349356544586384,0.7483409702568758,0.733127936156247,0.6286126003131675
0.3607757767663431,0.1782045556051806,-0.5097502089330476,0.2212906174495914,0.7641228142318354,0.733127936156247,0.5582921713400396
0.3607757767663431,0.1782045556051806,-0.5097502089330476,0.1763314939746269,0.7845296079589478,0.733127936156247,0.887711843301488
0.3607757767663431,0.1782045556051806,-0.5097502089330476,0.1600010796406981,0.7789899112515619,0.733127936156247,0.8129437249149096
0.3607757767663431,0.1782045556051806,-0.5097502089330476,0.1243911569525504,0.8115420312794519,0.7668703810100549,0.8299040135462675
0.3607757767663431,0.1782045556051806,-0.5097502089330476,0.1347801832145325,0.7749589365106627,0.7392629261296666,0.8853157974522726
0.3607757767663431,0.1782045556051806,-0.5097502089330476,0.1596145941969456,0.733789811979752,0.7392629261296666,0.962057488633244
0.3607757767663431,0.1782045556051806,-0.5097502089330476,0.1948892150936505,0.7504149224053781,0.7392629261296666,0.8482076820911288
0.3607757767663431,0.1782045556051806,-0.5097502089330476,0.1471367913766728,0.7774730491564411,0.7392629261296666,0.9884775866572552
0.3607757767663431,0.1782045556051806,-0.5097502089330476,0.0876171791205657,0.8672652818427178,0.8067478158372824,0.9850007412615736
0.3607757767663431,0.1782045556051806,-0.5097502089330476,0.1455143879124233,0.8466755048073563,0.8680977155714786,0.9757477139079624
0.3607757767663431,0.1782045556051806,-0.5097502089330476,0.1413699215548027,0.8762279874336593,0.8680977155714786,0.896962819245982
0.3607757767663431,0.1782045556051806,-0.5097502089330476,0.1739649676552496,0.8475050347909532,0.8589600518595043,0.9656808046399132
0.3607757767663431,0.1782045556051806,-0.5097502089330476,0.1409678186669886,0.9419253545706268,0.9100681090940732,0.7865379867547208
0.3607757767663431,0.1782045556051806,-0.5097502089330476,0.1490358849203633,0.0100995734577564,0.0122699739498076,0.7384750536477941
0.3607757767663431,0.1782045556051806,-0.5097502089330476,0.2487596233432577,0.9735989342571032,0.978527535093032,0.8714347325179397
0.3607757767663431,0.1782045556051806,-0.5097502089330476,0.2192744445162958,0.9502972224915586,0.978527535093032,0.90248743983442
0.3607757767663431,0.1782045556051806,-0.5097502089330476,0.1949014168648343,0.9379771378041724,0.978527535093032,0.8083005655184078
0.3607757767663431,0.1782045556051806,-0.5097502089330476,0.1448574881737341,0.9396999621123318,0.978527535093032,0.853264815847538
0.3607757767663431,0.1782045556051806,-0.5097502089330476,0.1561439619080045,0.9375276500761696,0.978527535093032,0.8600058048192628
0.3607757767663431,0.1782045556051806,-0.5097502089330476,0.1520091664314233,0.9464593214266948,0.978527535093032,0.8646397035688914
0.3607757767663431,0.1782045556051806,-0.5097502089330476,0.221307140252729,0.9540215009275744,0.978527535093032,0.9241836701660788
0.3607757767663431,0.1782045556051806,-0.5097502089330476,0.2174081496627688,0.9472071957449332,0.978527535093032,0.7578851350472454
0.3607757767663431,0.1782045556051806,-0.5097502089330476,0.1493740776879466,0.9640876179134406,0.978527535093032,0.7967043014474338
0.3607757767663431,0.1782045556051806,-0.5097502089330476,0.1335967554441028,0.9476970449440784,0.978527535093032,0.8194864305425079
0.3607757767663431,0.1782045556051806,-0.5097502089330476,0.1380935093640131,0.949901408736736,0.907975150398706,0.6793579559821095
0.3607757767663431,0.1782045556051806,-0.5097502089330476,0.0931459497936107,0.9150763273738464,0.9631900601594828,0.823545583069108
0.3607757767663431,0.1782045556051806,-0.5097502089330476,0.1889117669812324,0.9474196022264731,0.917177635358836,0.8185393242588124
0.3607757767663431,0.1782045556051806,-0.5097502089330476,0.1853954963643222,0.9356131087800812,1.0,0.755572669466645
0.3607757767663431,0.1782045556051806,-0.5097502089330476,0.1091064940804665,0.9702543589046552,1.0,0.702296812733759
0.3607757767663431,0.1782045556051806,-0.5097502089330476,0.1624968871208643,0.8643804541720712,1.0,0.5247712085734086
0.3607757767663431,0.1782045556051806,-0.5097502089330476,0.0410882504572179,0.9251428683247456,0.8803676955183177,0.4951956330448914
0.3607757767663431,0.1782045556051806,-0.5097502089330476,0.0690860117717153,0.9129750718772184,0.911042645385416,0.8643884352578448
0.3607757767663431,0.1782045556051806,-0.5097502089330476,0.1947244603181553,0.9347829004524316,0.9570550701860632,0.950522591000727
0.3607757767663431,0.1782045556051806,-0.5097502089330476,0.1605866411994645,0.9923812635637156,0.984055081738345,0.9742765019005954
0.3607757767663431,0.1782045556051806,-0.5097502089330476,0.1181765150503831,0.912758764917374,0.8496927456512195,0.9748598054302284
0.3607757767663431,0.1782045556051806,-0.5097502089330476,0.1207424364180852,0.9403309068744644,0.938650100265804,0.93877891853174
0.3607757767663431,0.1782045556051806,-0.5097502089330476,0.1357981771901601,0.9497642136520524,0.938650100265804,0.9708325376624828
0.3607757767663431,0.1782045556051806,-0.5097502089330476,0.1628332897466381,0.9733089421745212,0.938650100265804,0.9815859070329293
0.3607757767663431,0.1782045556051806,-0.5097502089330476,0.0811984404757812,0.0427424842725757,0.0521472421928242,0.9693851806125676
0.3607757767663431,0.1782045556051806,-0.5097502089330476,0.1035225479446401,0.1231418034497848,0.082822090776722,0.9635755899918674
0.3607757767663431,0.1782045556051806,-0.5097502089330476,0.0632166511871698,0.1180350386358622,0.1134969233685357,0.9673515894485664
0.3607757767663431,0.1782045556051806,-0.5097502089330476,0.0537467958712148,0.0271729513870242,0.1134969233685357,0.9832431525414068
0.3607757767663431,0.1782045556051806,-0.5097502089330476,0.0478709074419677,0.0289059084594726,0.1134969233685357,0.9741504867690932
0.3607757767663431,0.1782045556051806,-0.5097502089330476,0.0079616299769986,0.1280972975399277,0.1134969233685357,0.9977205914120356
0.3607757767663431,0.1782045556051806,-0.5097502089330476,0.0404311861077876,0.25270840050136,0.2484659884706708,0.9914089330627543
0.3607757767663431,0.1782045556051806,-0.5097502089330476,0.0474347352748322,0.2980647520860875,0.2484659884706708,0.9484989638238676
0.3607757767663431,0.1782045556051806,-0.5097502089330476,0.0861301988553822,0.3395922330611544,0.3251528300689411,0.949084318762618
0.3607757767663431,0.1782045556051806,-0.5097502089330476,0.0915444827579945,0.3395386226827296,0.3128829354132179,0.8995722116434152
0.3607757767663431,0.1782045556051806,-0.5097502089330476,0.1113456837034342,0.4467121074310143,0.4754598498671528,0.9421476253610856
0.3607757767663431,0.1782045556051806,-0.5097502089330476,0.0796838364706074,0.4173721584757618,0.4643749473314866,0.6676392520926665
0.3607757767663431,0.1782045556051806,-0.5097502089330476,0.0989696514738445,0.4422768396346324,0.4447849000000547,0.8334750479262858
0.3607757767663431,0.1782045556051806,-0.5097502089330476,0.086577960647508,0.4161504608366261,0.3987724751994076,0.7670831260248193
0.3607757767663431,0.1782045556051806,-0.5097502089330476,0.1432909906324296,0.4123872624105793,0.3987724751994076,0.8941938272192089
0.3607757767663431,0.1782045556051806,-0.5097502089330476,0.1671841985499367,0.4316717782987979,0.3987724751994076,0.9831078767630314
0.3607757767663431,0.1782045556051806,-0.5097502089330476,0.1577650484863252,0.3745305766826137,0.3987724751994076,0.9782221235854652
0.3607757767663431,0.1782045556051806,-0.5097502089330476,0.1935688929156562,0.4011356967959004,0.3987724751994076,0.9896866871910972
0.3607757767663431,0.1782045556051806,-0.5097502089330476,0.2287442535354798,0.3580567369807673,0.3987724751994076,0.9918221454707038
0.3607757767663431,0.1782045556051806,-0.5097502089330476,0.2283683237555001,0.3599756027201927,0.3987724751994076,0.9780038536553656
0.3607757767663431,0.1782045556051806,-0.5097502089330476,0.2072728811463586,0.3668735562038482,0.3987724751994076,0.9876605983232968
0.3607757767663431,0.1782045556051806,-0.5097502089330476,0.2074025738340002,0.414378032619604,0.3987724751994076,0.9869441290360952
0.3607757767663431,0.1782045556051806,-0.5097502089330476,0.1764278324108538,0.4113359563182123,0.3987724751994076,0.9913069487237712
0.3607757767663431,0.1782045556051806,-0.5097502089330476,0.2580771056978994,0.4517103583947368,0.4631898699203136,0.9945934233533504
0.3607757767663431,0.1782045556051806,-0.5097502089330476,0.2344357316379276,0.4616979570564884,0.4631898699203136,0.991104152279586
0.3607757767663431,0.1782045556051806,-0.5097502089330476,0.3004637748163745,0.4755689906276498,0.4631898699203136,0.9825888702563093
0.3607757767663431,0.1782045556051806,-0.5097502089330476,0.2945626855114825,0.4276708202822364,0.4417174050133449,0.9900601608738564
0.3607757767663431,0.1782045556051806,-0.5097502089330476,0.2508895217223085,0.3942800126260364,0.4018399701861174,0.9962027831118574
0.3607757767663431,0.1782045556051806,-0.5097502089330476,0.3076153913450357,0.3660218104525213,0.3773000102924389,0.9887787921273902
0.3607757767663431,0.1782045556051806,-0.5097502089330476,0.3458689316706831,0.3565595044666751,0.3773000102924389,0.99201919796936
0.3607757767663431,0.1782045556051806,-0.5097502089330476,0.3268544568978013,0.3496880699958346,0.3773000102924389,0.7396713768334188
0.3607757767663431,0.1782045556051806,-0.5097502089330476,0.2976273671365365,0.3774447003370415,0.3773000102924389,0.945805815322752
0.3607757767663431,0.1782045556051806,-0.5097502089330476,0.2814678393282087,0.3910390543276574,0.3773000102924389,0.9844284567294862
0.3607757767663431,0.1782045556051806,-0.5097502089330476,0.286989192229733,0.3820824114366881,0.3773000102924389,0.9862783002482504
0.3607757767663431,0.1782045556051806,-0.5097502089330476,0.3478755777573377,0.3663249030546237,0.3773000102924389,0.937713006354298
0.3607757767663431,0.1782045556051806,-0.5097502089330476,0.3563210964400473,0.3682787035127695,0.3773000102924389,0.9814386158582942
0.3607757767663431,0.1782045556051806,-0.5097502089330476,0.3423565499825314,0.3738822917506306,0.3773000102924389,0.995677856824539
0.3607757767663431,0.1782045556051806,-0.5097502089330476,0.3063594113904676,0.3539269571889242,0.3773000102924389,0.4184225553044226
0.3607757767663431,0.1782045556051806,-0.5097502089330476,0.2470338649099421,0.392397014328404,0.3773000102924389,0.0037607799929288
0.3607757767663431,0.1782045556051806,-0.5097502089330476,0.3148948281141585,0.3870033311783886,0.3773000102924389,0.0034321287980547
0.3607757767663431,0.1782045556051806,-0.5097502089330476,0.3479837681669236,0.3621279036067961,0.3773000102924389,0.4070612948007781
0.3607757767663431,0.1782045556051806,-0.5097502089330476,0.3582680711330542,0.3684543946224509,0.3374227247246644,0.9936455551176973
0.3607757767663431,0.1782045556051806,-0.5097502089330476,0.3551301788808976,0.3505600388792364,0.3650300303455996,1.0
0.3607757767663431,0.1782045556051806,-0.5097502089330476,0.2363600312013486,0.3616644674292075,0.3717780928607813,0.9932964638975912
0.3607757767663431,0.1782045556051806,-0.5097502089330476,0.2402904418665155,0.3485029605390481,0.3680975253323095,0.9863594774376137
0.3607757767663431,0.1782045556051806,-0.5097502089330476,0.2330237624298277,0.3548753245712752,0.3680975253323095,0.9942125645977684
0.3607757767663431,0.1782045556051806,-0.5097502089330476,0.1741425414922077,0.345731670704243,0.3987724751994076,0.9861880968587704
0.3607757767663431,0.1782045556051806,-0.5097502089330476,0.1506979595732172,0.3332491438144571,0.3527600717215394,0.9933420637916884
0.3607757767663431,0.1782045556051806,-0.5097502089330476,0.1839244113238259,0.3659460902976248,0.3527600717215394,0.9952631205126738
0.3607757767663431,0.1782045556051806,-0.5097502089330476,0.1612832327031006,0.350896073564404,0.3527600717215394,0.9940559541645712
0.3607757767663431,0.1782045556051806,-0.5097502089330476,0.12887542103248,0.2970960131839002,0.3458711082827364,0.9836799268483626
0.3607757767663431,0.1782045556051806,-0.5097502089330476,0.1639305437941037,0.2910460957575327,0.3251528300689411,0.9880889325470265
0.3607757767663431,0.1782045556051806,-0.5097502089330476,0.1554479259656195,0.3109862735693088,0.3251528300689411,0.9806529261662996
0.3607757767663431,0.1782045556051806,-0.5097502089330476,0.1343663003705588,0.390381018199915,0.3957049802126978,0.984922377433286
0.3607757767663431,0.1782045556051806,-0.5097502089330476,0.1596916320237789,0.3650025985131535,0.3957049802126978,0.9865536579635052
0.3607757767663431,0.1782045556051806,-0.5097502089330476,0.081922120734499,0.376583584958485,0.3957049802126978,0.9927771643324238
0.3607757767663431,0.1782045556051806,-0.5097502089330476,0.0934761795165934,0.4387086651237725,0.3990129535009515,0.9896590224738558
0.3607757767663431,0.1782045556051806,-0.5097502089330476,0.1680757509000593,0.3557580409682638,0.3803675052791487,0.9883965853029592
0.3607757767663431,0.1782045556051806,-0.5097502089330476,0.0636915943279192,0.3943516627166159,0.4171774451196664,0.9920665562141292
0.3607757767663431,0.1782045556051806,-0.5097502089330476,0.0558233449378933,0.4834214165901318,0.4417174050133449,0.9849853849990372
0.3607757767663431,0.1782045556051806,-0.5097502089330476,0.1246397088834351,0.4292274926939571,0.4662573649070234,0.9834846913120676
0.3607757767663431,0.1782045556051806,-0.5097502089330476,0.090109663521396,0.5536502491894725,0.5498718707879788,0.9921082877367476
0.3607757767663431,0.1782045556051806,-0.5097502089330476,0.1304589969381733,0.5497984420715255,0.6042946393089648,0.9964827125388596
0.3607757767663431,0.1782045556051806,-0.5097502089330476,0.1531514415165789,0.5317296459154772,0.5368097496013491,0.9877197961292584
0.3607757767663431,0.1782045556051806,-0.5097502089330476,0.2193536017064207,0.5919606198992672,0.5889571643754158,0.9915775002805222
0.3607757767663431,0.1782045556051806,-0.5097502089330476,0.1546733501233888,0.5696389881005433,0.5889571643754158,0.97637485898102
0.3607757767663431,0.1782045556051806,-0.5097502089330476,0.2402301737589315,0.6135469691412337,0.6042946393089648,0.9828273612191384
0.3607757767663431,0.1782045556051806,-0.5097502089330476,0.2521426827179354,0.5855121541436142,0.6042946393089648,0.9922115615328904
0.3607757767663431,0.1782045556051806,-0.5097502089330476,0.2475345079026452,0.5665530314182343,0.5920246593621256,0.99538069556095
0.3607757767663431,0.1782045556051806,-0.5097502089330476,0.288324843782992,0.5258958022681852,0.5490797295481883,0.9896082647511204
0.3607757767663431,0.1782045556051806,-0.5097502089330476,0.3141355610708498,0.5311991384696654,0.5490797295481883,0.9969566466566864
0.3607757767663431,0.1782045556051806,-0.5097502089330476,0.3789840448312826,0.5702764619241845,0.56075612597327,0.9842114762565458
0.3607757767663431,0.1782045556051806,-0.5097502089330476,0.379958046586352,0.5417924559740858,0.5460122345614786,0.9938540955074112
0.3607757767663431,0.1782045556051806,-0.5097502089330476,0.3561137692116359,0.5788738792426802,0.5460122345614786,0.993588232885786
0.3607757767663431,0.1782045556051806,-0.5097502089330476,0.4164934417254595,0.5372076981070626,0.5595142446788453,0.9941133936198604
0.3607757767663431,0.1782045556051806,-0.5097502089330476,0.4708143278444206,0.5255663390410299,0.5429447395747686,0.9886002609224804
0.3607757767663431,0.1782045556051806,-0.5097502089330476,0.486921941540275,0.545266891816146,0.5368097496013491,0.9974580110449982
0.3607757767663431,0.1782045556051806,-0.5097502089330476,0.4380703295996238,0.5775873573499964,0.5705521944551569,0.9912109427770732
0.3607757767663431,0.1782045556051806,-0.5097502089330476,0.4564865677866748,0.5791803635650468,0.5705521944551569,0.9861456033841942
0.3607757767663431,0.1782045556051806,-0.5097502089330476,0.4650608120689221,0.5826690870287197,0.5950921543488356,0.9960201490887126
0.3607757767663431,0.1782045556051806,-0.5097502089330476,0.4252780585348284,0.5917357064492531,0.5950921543488356,0.9961446403162992
0.3607757767663431,0.1782045556051806,-0.5097502089330476,0.3971000741792583,0.6222312992914975,0.5950921543488356,0.9950804864895292
0.3607757767663431,0.1782045556051806,-0.5097502089330476,0.3917963161011212,0.5986204322238784,0.6134971242690943,0.9964597367567438
0.3607757767663431,0.1782045556051806,-0.5097502089330476,0.4019567494845767,0.6043242033990409,0.6134971242690943,0.987042479450356
0.3607757767663431,0.1782045556051806,-0.5097502089330476,0.4022826787519482,0.6560035058913978,0.6322256460378748,0.9914428106190374
0.3607757767663431,0.1782045556051806,-0.5097502089330476,0.3853843985139209,0.7319612507923589,0.7425450135642163,0.9933513244385616
0.3607757767663431,0.1782045556051806,-0.5097502089330476,0.4547709946429645,0.8101671126773846,0.8079859016770455,0.9924746107934402
0.3607757767663431,0.1782045556051806,-0.5097502089330476,0.5431984444161507,0.7853327673174911,0.7843213697979253,0.9764194038647138
0.3607757767663431,0.1782045556051806,-0.5097502089330476,0.4674946230287226,0.7670780200979624,0.794479285839415,0.978698578005922
0.3607757767663431,0.1782045556051806,-0.5097502089330476,0.4245741007005282,0.7311600416729672,0.7515343560254777,0.9906358448839102
0.3607757767663431,0.1782045556051806,-0.5097502089330476,0.353908808334645,0.7018623620315061,0.7055219312248306,0.9869819921872348
0.3607757767663431,0.1782045556051806,-0.5097502089330476,0.3715339272999851,0.670671000173581,0.6932519512779913,0.9753145149140398
0.3607757767663431,0.1782045556051806,-0.5097502089330476,0.3920489524360195,0.6741985164377747,0.669800945707761,0.9825632569481852
0.3607757767663431,0.1782045556051806,-0.5097502089330476,0.4476828561313387,0.6771932358449785,0.6705524883763385,0.9993929001246044
0.3607757767663431,0.1782045556051806,-0.5097502089330476,0.4995618242115001,0.6859566354738998,0.7055219312248306,0.9883774192806332
0.3607757767663431,0.1782045556051806,-0.5097502089330476,0.4613777701949381,0.6831183167673749,0.6779144763444421,0.9872371874814492
0.3607757767663431,0.1782045556051806,-0.5097502089330476,0.4459553075562137,0.6808219101660498,0.6779144763444421,0.9772030421475908
0.3607757767663431,0.1782045556051806,-0.5097502089330476,0.4528103984111318,0.6889873919089099,0.6932519512779913,0.9896877422015006
0.3607757767663431,0.1782045556051806,-0.5097502089330476,0.3747719851880991,0.6811685439770426,0.6932519512779913,0.99611052831326
0.3607757767663431,0.1782045556051806,-0.5097502089330476,0.425316412837504,0.7132164847876714,0.7024544362381205,0.9810674280314088
0.3607757767663431,0.1782045556051806,-0.5097502089330476,0.398731202012786,0.7170084280429566,0.7177919111716698,0.9437827742627836
0.3607757767663431,0.1782045556051806,-0.5097502089330476,0.4613151358079508,0.7418749947453592,0.7453993660520581,0.9439615985261388
0.3607757767663431,0.1782045556051806,-0.5097502089330476,0.3293370337896519,0.6939003835044932,0.7024544362381205,0.9706462697146157
0.3607757767663431,0.1782045556051806,-0.5097502089330476,0.4049245576884951,0.6955881883009255,0.7055219312248306,0.9678239996624772
0.3607757767663431,0.1782045556051806,-0.5097502089330476,0.4264122676936702,0.6887719328791317,0.7055219312248306,0.959163770932128
0.3607757767663431,0.1782045556051806,-0.5097502089330476,0.4369951333914651,0.6851045081540431,0.7055219312248306,0.9879282779072832
0.3607757767663431,0.1782045556051806,-0.5097502089330476,0.445137356783704,0.6836118120658043,0.6963194462647011,0.9696838071683836
0.3607757767663431,0.1782045556051806,-0.5097502089330476,0.3921853735877033,0.7103264423471186,0.7085894262115404,0.8871574939462561
0.3607757767663431,0.1782045556051806,-0.5097502089330476,0.4194170930980788,0.7155281965266884,0.7085894262115404,0.9836122889591749
0.3607757767663431,0.1782045556051806,-0.5097502089330476,0.4332656712884921,0.71946250724006,0.7284979079245344,0.9926906534793551
0.3607757767663431,0.1782045556051806,-0.5097502089330476,0.491741785192273,0.677681134804972,0.6717794863710226,0.9929649561842068
0.3607757767663431,0.1782045556051806,-0.5097502089330476,0.4246004795717889,0.6891319639851681,0.7177919111716698,0.9746994438489306
0.3607757767663431,0.1782045556051806,-0.5097502089330476,0.4155986177368577,0.6881634582637488,0.6900377555717724,0.9849877294666
0.3607757767663431,0.1782045556051806,-0.5097502089330476,0.4493201980203428,0.6840294176233238,0.6901844562912813,0.9914123325407204
0.3607757767663431,0.1782045556051806,-0.5097502089330476,0.4796654062405073,0.6930051389407786,0.6901844562912813,0.9830023171110148
0.3607757767663431,0.1782045556051806,-0.5097502089330476,0.4818913961396734,0.6772865929452485,0.6901844562912813,0.989612953686246
0.3607757767663431,0.1782045556051806,-0.5097502089330476,0.4377921374471702,0.7096004870210872,0.7127333377276475,0.9980395562239588
0.3607757767663431,0.1782045556051806,-0.5097502089330476,0.4957936374316842,0.6907853428209196,0.680981971331152,0.993814239558843
0.3607757767663431,0.1782045556051806,-0.5097502089330476,0.4130155048348823,0.6891050846020749,0.7116569211982502,0.9917683399401368
0.3607757767663431,0.1782045556051806,-0.5097502089330476,0.4171334482868438,0.6744685397673019,0.680981971331152,0.9848227375618656
0.3607757767663431,0.1782045556051806,-0.5097502089330476,0.4410369855283546,0.6981064982005306,0.680981971331152,0.9918713792895232
0.3607757767663431,0.1782045556051806,-0.5097502089330476,0.398130413960468,0.6917021248083107,0.680981971331152,0.9933061934379772
0.3607757767663431,0.1782045556051806,-0.5097502089330476,0.4331647237515145,0.7009755119754457,0.7260910779223111,0.9947805118648648
0.3607757767663431,0.1782045556051806,-0.5097502089330476,0.4428793089427094,0.686919544856883,0.6963194462647011,0.9893890570339956
0.3607757767663431,0.1782045556051806,-0.5097502089330476,0.4311149496506926,0.7204178700454554,0.7113696607195836,0.9940626358971252
0.3607757767663431,0.1782045556051806,-0.5097502089330476,0.5011891659979826,0.7120679635132341,0.7269943961317991,0.9945253165706502
0.3607757767663431,0.1782045556051806,-0.5097502089330476,0.5118521559740064,0.7456052934848438,0.7400333607804368,0.9961425302954924
0.3607757767663431,0.1782045556051806,-0.5097502089330476,0.4248262843558883,0.7347484817124053,0.7423318710653484,0.997586839537576
0.3607757767663431,0.1782045556051806,-0.5097502089330476,0.3897407394716757,0.7220419105009226,0.7239269011450895,0.9945555602022108
0.3607757767663431,0.1782045556051806,-0.5097502089330476,0.408484223812027,0.7356560212620769,0.7515343560254777,0.9944641259672604
0.3607757767663431,0.1782045556051806,-0.5097502089330476,0.5442279199909698,0.7474342786372701,0.7361968810919285,0.9928938015936748
0.3607757767663431,0.1782045556051806,-0.5097502089330476,0.5355268019800222,0.7410817561685883,0.7361968810919285,0.9886194855564956
0.3607757767663431,0.1782045556051806,-0.5097502089330476,0.5083482105863357,0.7260986623158289,0.7361968810919285,0.996896745510456
0.3607757767663431,0.1782045556051806,-0.5097502089330476,0.4732726246519594,0.725770174208249,0.7177919111716698,0.9932943538767848
0.3607757767663431,0.1782045556051806,-0.5097502089330476,0.469187850264329,0.7348353945441733,0.7177919111716698,0.9887716415013236
0.3607757767663431,0.1782045556051806,-0.5097502089330476,0.4794362269362154,0.7273652154554576,0.7243566830785813,0.9912418897489026
0.3607757767663431,0.1782045556051806,-0.5097502089330476,0.4095116829052676,0.7064963846353655,0.6923320865920003,0.985198790158944
0.3607757767663431,0.1782045556051806,-0.5097502089330476,0.4250992089646268,0.6901091609897642,0.6932519512779913,0.98872580716047
0.3607757767663431,0.1782045556051806,-0.5097502089330476,0.4622582318963794,0.6865393754117788,0.6932519512779913,0.9939538526022096
0.3607757767663431,0.1782045556051806,-0.5097502089330476,0.4472530163336499,0.6722691363655301,0.6932519512779913,0.995922033121208
0.3607757767663431,0.1782045556051806,-0.5097502089330476,0.4356154073122775,0.6687939373864106,0.6932519512779913,0.9952767184245382
0.3607757767663431,0.1782045556051806,-0.5097502089330476,0.3438878825542691,0.637981515474994,0.6199375843744449,0.9937029945729866
0.3607757767663431,0.1782045556051806,-0.5097502089330476,0.3602017535087177,0.5329115756345162,0.5466047945898437,0.9959399682980636
0.3607757767663431,0.1782045556051806,-0.5097502089330476,0.4461330048512276,0.5453382451312022,0.5337422119690812,0.9824013714629716
0.3607757767663431,0.1782045556051806,-0.5097502089330476,0.492649695734792,0.5854993503996171,0.5825117573853374,0.9865516651660768
0.3607757767663431,0.1782045556051806,-0.5097502089330476,0.6516237535295306,0.6513365836009762,0.6524624985474441,0.9918450040294414
0.3607757767663431,0.1782045556051806,-0.5097502089330476,0.7617992040422511,0.6914834860407852,0.6993869412514109,0.9900843088897536
0.3607757767663431,0.1782045556051806,-0.5097502089330476,0.9026887965986192,0.734057418708591,0.708176958374595,0.9953002803235448
0.3607757767663431,0.1782045556051806,-0.5097502089330476,0.8851254066611908,0.7341020198300642,0.7211174117842601,0.9935756899843248
0.3607757767663431,0.1782045556051806,-0.5097502089330476,1.0000000000000002,0.8207859952732952,0.7423318710653484,0.9943660099997558
0.3607757767663431,0.1782045556051806,-0.5097502089330476,0.6830772447168142,0.8039323676948742,0.8220867407198034,0.9867985962121324
0.3607757767663431,0.1782045556051806,-0.5097502089330476,0.4988067547420894,0.8115688258695384,0.8128842557596739,0.9925030960743286
0.3607757767663431,0.1782045556051806,-0.5097502089330476,,,,0.9897960566029034
0.3607757767663431,0.1782045556051806,-0.5097502089330476,,,,0.9941302737863128
0.3607757767663431,0.1782045556051806,-0.5097502089330476,0.366503793426236,0.7229508067386999,0.7177919111716698,0.9945155870302644
0.3607757767663431,0.1782045556051806,-0.5097502089330476,0.348458711307673,0.7334485201281749,0.7177919111716698,0.9946221430809952
0.3607757767663431,0.1782045556051806,-0.5097502089330476,0.3197878000878887,0.7175848509018437,0.7177919111716698,0.9838241116034768
0.3607757767663431,0.1782045556051806,-0.5097502089330476,0.3427388584287286,0.7359203210636585,0.7392643760786385,0.9591614264645651
0.3607757767663431,0.1782045556051806,-0.5097502089330476,0.3243784232829094,0.6980360352120436,0.6996345413611404,0.9702386840288172
0.3607757767663431,0.1782045556051806,-0.5097502089330476,0.3537758851612094,0.7292867097780876,0.7321976659541048,0.9131660793013012
0.3607757767663431,0.1782045556051806,-0.5097502089330476,0.2859757456258283,0.765539111821125,0.7823784381755912,0.917922710927844
0.3607757767663431,0.1782045556051806,-0.5097502089330476,0.315666358657679,0.7241430812045444,0.7269943961317991,0.9632515259629948
0.3607757767663431,0.1782045556051806,-0.5097502089330476,0.2693658839825451,0.8226036181628367,0.8282217306932228,0.9725030294126904
0.3607757767663431,0.1782045556051806,-0.5097502089330476,0.2965199072231229,0.7536132298214359,0.7501941767198702,0.9483778134625582
0.3607757767663431,0.1782045556051806,-0.5097502089330476,0.3600451263885642,0.756640594536182,0.7423318710653484,0.9841540954129456
0.3607757767663431,0.1782045556051806,-0.5097502089330476,0.4002362791713188,0.7378138336941096,0.7699393259457366,0.9244144829976398
0.3607757767663431,0.1782045556051806,-0.5097502089330476,0.3108570295167686,0.7357473433301884,0.730061891118509,0.787339267156008
0.3607757767663431,0.1782045556051806,-0.5097502089330476,0.2669628552313295,0.7155946742438651,0.730061891118509,0.8813086334938783
0.3607757767663431,0.1782045556051806,-0.5097502089330476,0.3062256651633264,0.7064375382887831,0.730061891118509,0.9491683093130564
0.3607757767663431,0.1782045556051806,-0.5097502089330476,0.3305128894659912,0.6897972075184717,0.6901844562912813,0.7369023848066457
0.3607757767663431,0.1782045556051806,-0.5097502089330476,0.3361736059361966,0.6909578117963501,0.6901844562912813,0.6630731670672928
0.3607757767663431,0.1782045556051806,-0.5097502089330476,0.2469481850192012,0.6879220101774469,0.6901844562912813,0.6063684679120744
0.3607757767663431,0.1782045556051806,-0.5097502089330476,0.2014327389683577,0.6852157989752095,0.6901844562912813,0.3843852821687667
0.3607757767663431,0.1782045556051806,-0.5097502089330476,0.2963404815153274,0.6849518383456545,0.6901844562912813,0.5289837478903071
0.3607757767663431,0.1782045556051806,-0.5097502089330476,0.3947453998332399,0.7063745794813803,0.6901844562912813,0.4108901326951744
0.3607757767663431,0.1782045556051806,-0.5097502089330476,0.3487317182217819,0.6854056081204902,0.6901844562912813,0.4311753159182976
0.3607757767663431,0.1782045556051806,-0.5097502089330476,0.3579152280095134,0.686712098766229,0.6901844562912813,0.5717925533538576
0.3607757767663431,0.1782045556051806,-0.5097502089330476,0.3088401364114808,0.6762644132506497,0.6901844562912813,0.6097187120593629
0.3607757767663431,0.1782045556051806,-0.5097502089330476,0.340724105263075,0.6909596772424952,0.6901844562912813,0.6828833904680307
0.3607757767663431,0.1782045556051806,-0.5097502089330476,0.3229674623155987,0.6922680333343794,0.6901844562912813,0.6516787616534787
0.3607757767663431,0.1782045556051806,-0.5097502089330476,0.3094577147593904,0.6907792801209475,0.6840494663178618,0.6981006846898004
0.3607757767663431,0.1782045556051806,-0.5097502089330476,0.3723557464249105,0.7089105263263591,0.6932519512779913,0.6131685960780717
0.3607757767663431,0.1782045556051806,-0.5097502089330476,0.2739203956962377,0.691808031273558,0.6748469813577324,0.5822588426712352
0.3607757767663431,0.1782045556051806,-0.5097502089330476,0.3085245570444556,0.6912907091402732,0.6961179886487241,0.3594438691424788
0.3607757767663431,0.1782045556051806,-0.5097502089330476,0.3591431829854098,0.7079437588615751,0.6901844562912813,0.3450901595474787
0.3607757767663431,0.1782045556051806,-0.5097502089330476,0.2863848033174537,0.6975886249127029,0.6806659251008378,0.368366941992466
0.3607757767663431,0.1782045556051806,-0.5097502089330476,0.3109459810459887,0.6919080022283429,0.6855664541069239,0.2730441731422612
0.3607757767663431,0.1782045556051806,-0.5097502089330476,0.4062059700025627,0.703421281457902,0.7116569211982502,0.1162819942820075
0.3607757767663431,0.1782045556051806,-0.5097502089330476,0.4324022056460691,0.6902349514150595,0.7116569211982502,0.1602910059555836
0.3607757767663431,0.1782045556051806,-0.5097502089330476,0.3448604851180392,0.6604372474136607,0.6717794863710226,0.1139979920029121
0.3607757767663431,0.1782045556051806,-0.5097502089330476,0.3519581710526486,0.6669053003538393,0.6717794863710226,0.0639949973348188
0.3607757767663431,0.1782045556051806,-0.5097502089330476,0.2770795433103385,0.6543862064799558,0.6717794863710226,0.1123889253028507
0.3607757767663431,0.1782045556051806,-0.5097502089330476,0.2261341033192793,0.5913954745102585,0.5920246167165677,0.1457436286869712
0.3607757767663431,0.1782045556051806,-0.5097502089330476,0.2539008900435898,0.620885167915172,0.6286577054280724,0.1901317554183797
0.3607757767663431,0.1782045556051806,-0.5097502089330476,0.254633819368323,0.5970210665333332,0.5828221317564383,0.2220124114546745
0.3607757767663431,0.1782045556051806,-0.5097502089330476,0.2727317003820929,0.5297719873755308,0.55214718188934,0.2919542089164048
0.3607757767663431,0.1782045556051806,-0.5097502089330476,0.2859434407678881,0.5613475039498711,0.5552146768760499,0.2675354070157169
0.3607757767663431,0.1782045556051806,-0.5097502089330476,0.2567284498960938,0.5653340047588068,0.566966854457692,0.300966664592225
0.3607757767663431,0.1782045556051806,-0.5097502089330476,0.2663653182411484,0.5702374147446438,0.5858896267431478,0.3553989006446338
0.3607757767663431,0.1782045556051806,-0.5097502089330476,0.1759239795086993,0.5883759531486231,0.5858896267431478,0.2372611948063975
0.3607757767663431,0.1782045556051806,-0.5097502089330476,0.1205569921300685,0.5481065248142732,0.5858896267431478,0.1444734987318841
0.3607757767663431,0.1782045556051806,-0.5097502089330476,0.0960418231036699,0.5419600493516363,0.5658818661711372,0.0846345028712975
0.3607757767663431,0.1782045556051806,-0.5097502089330476,0.0620841190002529,0.416431549653515,0.4447848573544967,0.1370352064952836
0.3607757767663431,0.1782045556051806,-0.5097502089330476,0.0937771599685175,0.3335418068767472,0.3753611726436724,0.1758951226722985
0.3607757767663431,0.1782045556051806,-0.5097502089330476,0.0641092837952808,0.2946423155553265,0.2331285775054588,0.1313568767522574
0.3607757767663431,0.1782045556051806,-0.5097502089330476,0.0909776971118844,0.1578569824769909,0.1687115985787433,0.1124624756461735
0.3607757767663431,0.1782045556051806,-0.5097502089330476,0.0776980239308728,0.1242842408259984,0.1441717239761808,0.0948402339249107
0.3607757767663431,0.1782045556051806,-0.5097502089330476,0.1100814732118112,0.1430802218066739,0.1042944277470167,0.0841577553923954
0.3607757767663431,0.1782045556051806,-0.5097502089330476,0.1132982963143238,0.1331514800906307,0.1042944277470167,0.0454249130205167
0.3607757767663431,0.1782045556051806,-0.5097502089330476,0.1148394232251568,0.0533515520779722,0.1042944277470167,0.0149666857501289
0.3607757767663431,0.1782045556051806,-0.5097502089330476,0.1607553672090886,0.0044082357196324,0.0,0.0506465441455336
0.3607757767663431,0.1782045556051806,-0.5097502089330476,0.1317574258876018,0.9335938481208378,0.941717595252514,0.0643910694869455
0.3607757767663431,0.1782045556051806,-0.5097502089330476,0.1338136095191552,0.8415375573652554,0.8865026854917375,0.1291747635681505
0.3607757767663431,0.1782045556051806,-0.5097502089330476,0.1389528494497373,0.8315330848951898,0.8865026854917375,0.2348137172000224
0.3607757767663431,0.1782045556051806,-0.5097502089330476,0.1507299969387031,0.8407901070120501,0.8865026854917375,0.2123835659507409
0.3607757767663431,0.1782045556051806,-0.5097502089330476,0.2276824731027205,0.8249748545924891,0.8865026854917375,0.2744623708768635
0.3607757767663431,0.1782045556051806,-0.5097502089330476,0.2411304916310175,0.788443483557728,0.8190177957841215,0.2750902485960347
0.3607757767663431,0.1782045556051806,-0.5097502089330476,0.1772191985486764,0.7989517960730285,0.8190177957841215,0.2881579591211318
0.3607757767663431,0.1782045556051806,-0.5097502089330476,0.1950872006625046,0.7910673183540505,0.8190177957841215,0.4009228926043904
0.3607757767663431,0.1782045556051806,-0.5097502089330476,0.0986205841091776,0.739339259882897,0.7863854148049705,0.3795254060519255
0.3607757767663431,0.1782045556051806,-0.5097502089330476,0.139002510452692,0.6510666450644559,0.6779130263954701,0.4396039698651279
0.3607757767663431,0.1782045556051806,-0.5097502089330476,0.1005022597788257,0.6348692729606386,0.6774439252575056,0.5607604267901903
0.3607757767663431,0.1782045556051806,-0.5097502089330476,0.1287432591837219,0.6676957407613924,0.6932505013290192,0.4991224989892586
0.3607757767663431,0.1782045556051806,-0.5097502089330476,0.1031412374510608,0.6313970841332529,0.6213629268593719,0.4759661342594672
0.3607757767663431,0.1782045556051806,-0.5097502089330476,0.1373981010000786,0.4868643518302391,0.4999983171663014,0.4239076423085823
0.3607757767663431,0.1782045556051806,-0.5097502089330476,0.1895971238017887,0.4591398368402832,0.4999983171663014,0.2864956437015496
0.3607757767663431,0.1782045556051806,-0.5097502089330476,0.2511991133736262,0.4278591031533983,0.4294459324719758,0.3743780982118809
0.3607757767663431,0.1782045556051806,-0.5097502089330476,0.2784684875910276,0.4109795713114599,0.3957034876181678,0.3437759975609771
0.3607757767663431,0.1782045556051806,-0.5097502089330476,0.3081104375725415,0.3887254347459918,0.3957034876181678,0.2350155758571824
0.3607757767663431,0.1782045556051806,-0.5097502089330476,0.366404286233243,0.4128822415866242,0.4024000769448473,0.3821224899946538
0.3607757767663431,0.1782045556051806,-0.5097502089330476,0.3934285550571513,0.4433426453311285,0.4233109424985561,0.4037687245555353
0.3607757767663431,0.1782045556051806,-0.5097502089330476,0.3698437865157742,0.4502559039524759,0.438664238934122,0.4382055242697425
0.3607757767663431,0.1782045556051806,-0.5097502089330476,0.3119688721911639,0.4559356787067698,0.4723908622859131,0.4873356590112708
0.3607757767663431,0.1782045556051806,-0.5097502089330476,0.2657028834662898,0.4780013628150628,0.4723908622859131,0.5248852083086514
0.3607757767663431,0.1782045556051806,-0.5097502089330476,0.2864849278007258,0.523625342326881,0.5061333071397209,0.5222737645021007
0.3607757767663431,0.1782045556051806,-0.5097502089330476,0.3294972411934243,0.6154373444304404,0.6137283911301108,0.7718779138609474
0.3607757767663431,0.1782045556051806,-0.5097502089330476,0.3663130507299902,0.6456378576097067,0.6595080564752116,0.9480140107084956
0.3607757767663431,0.1782045556051806,-0.5097502089330476,0.4095070326518316,0.6824247947663692,0.6932505013290192,0.9601075363495464
0.3607757767663431,0.1782045556051806,-0.5097502089330476,0.4008707301201908,0.7111237933847099,0.705354504764135,0.9819817703809136
0.3607757767663431,0.1782045556051806,-0.5097502089330476,0.3715869731113035,0.7045811225987207,0.7239254511961176,0.989021913413656
0.3607757767663431,0.1782045556051806,-0.5097502089330476,0.357198924369631,0.7324382962475071,0.7239254511961176,0.9967307572070072
0.3607757767663431,0.1782045556051806,-0.5097502089330476,0.2714022423079676,0.7193539721916082,0.7239254511961176,0.9869359233996252
0.3607757767663431,0.1782045556051806,-0.5097502089330476,0.2546341280134626,0.7124614878568785,0.7239254511961176,0.9904815789182758
0.3607757767663431,0.1782045556051806,-0.5097502089330476,0.242120254864547,0.7081439975466681,0.6892341000313229,0.9965437859188714
0.3607757767663431,0.1782045556051806,-0.5097502089330476,0.2534839516127343,0.6945972548292597,0.717790461222698,0.9970327246291004
0.3607757767663431,0.1782045556051806,-0.5097502089330476,0.2567261453457184,0.7294004171999423,0.717790461222698,0.9878770512910354
0.3607757767663431,0.1782045556051806,-0.5097502089330476,0.2723145973404963,0.7341263554229592,0.717790461222698,0.9836217840528044
0.3607757767663431,0.1782045556051806,-0.5097502089330476,0.240726145921856,0.7506107094576244,0.748465411089796,0.9928002573379175
0.3607757767663431,0.1782045556051806,-0.5097502089330476,0.2265815358899229,0.7527761532602513,0.7638028860233451,0.985517461912422
0.3607757767663431,0.1782045556051806,-0.5097502089330476,0.3169583883645473,0.7595474683885453,0.7638028860233451,0.9925465859476192
0.3607757767663431,0.1782045556051806,-0.5097502089330476,0.2537528226819732,0.7747305889438811,0.7638028860233451,0.992673890536281
0.3607757767663431,0.1782045556051806,-0.5097502089330476,0.3086846204138296,0.7429321939516851,0.7546004010632157,0.9890060882576068
0.3607757767663431,0.1782045556051806,-0.5097502089330476,0.2273621611768889,0.7911317610390688,0.7914103409037334,0.9955323826122652
0.3607757767663431,0.1782045556051806,-0.5097502089330476,0.3218999616595863,0.792602580531604,0.7944778358904431,0.9952026332495528
0.3607757767663431,0.1782045556051806,-0.5097502089330476,0.4211443947570922,0.7982793027376602,0.7883428459170235,0.9921718228077004
0.3607757767663431,0.1782045556051806,-0.5097502089330476,0.4080079637853488,0.8098888220297136,0.8047403188401411,0.9892012651822126
0.3607757767663431,0.1782045556051806,-0.5097502089330476,0.2622655848524208,0.7685023730228793,0.7883428459170235,0.992994144805364
0.3607757767663431,0.1782045556051806,-0.5097502089330476,0.355754917796045,0.7404583579840432,0.7443570233235004,0.9959555590073566
0.3607757767663431,0.1782045556051806,-0.5097502089330476,0.3877938059313539,0.7177330690773853,0.7239254511961176,0.9904367995878256
0.3607757767663431,0.1782045556051806,-0.5097502089330476,0.4381576967504609,0.7170622716021495,0.7239254511961176,0.987405696087528
0.3607757767663431,0.1782045556051806,-0.5097502089330476,0.3337593425019012,0.7349653822232954,0.7239254511961176,0.9757471864027606
0.3607757767663431,0.1782045556051806,-0.5097502089330476,0.3876736400903533,0.7373106719929274,0.7638028860233451,0.992894036040431
0.3607757767663431,0.1782045556051806,-0.5097502089330476,0.3341204161624969,0.7068024025961959,0.702716279964221,0.9853232813865304
0.3607757767663431,0.1782045556051806,-0.5097502089330476,0.199753709409171,0.6331785428054783,0.6625755514619213,0.9916174734524684
0.3607757767663431,0.1782045556051806,-0.5097502089330476,0.19340249203275,0.5642647649455431,0.6104281366878543,0.9848186347436306
0.3607757767663431,0.1782045556051806,-0.5097502089330476,0.2266934300411834,0.5588230041607838,0.5368082570068192,0.988987332517104
0.3607757767663431,0.1782045556051806,-0.5097502089330476,0.2688391913400634,0.5572451758939156,0.5674832068739173,0.984091556740707
0.3607757767663431,0.1782045556051806,-0.5097502089330476,0.3274447510153743,0.5728336070208138,0.5674832068739173,0.9932147592030266
0.3607757767663431,0.1782045556051806,-0.5097502089330476,0.3858211931154211,0.5508859971742153,0.569444945187328,0.9971744476932736
0.3607757767663431,0.1782045556051806,-0.5097502089330476,0.4097289690835152,0.5466566491943686,0.5736181968473366,0.994139534433186
0.3607757767663431,0.1782045556051806,-0.5097502089330476,0.3670405890529525,0.5248155393640637,0.552145731940368,0.9836978620252184
0.3607757767663431,0.1782045556051806,-0.5097502089330476,0.3989463070987141,0.5371945127945359,0.5368082570068192,0.984957954728552
0.3607757767663431,0.1782045556051806,-0.5097502089330476,0.3738720994192085,0.5628463051345852,0.5582807219137876,0.9939489292203276
0.3607757767663431,0.1782045556051806,-0.5097502089330476,0.422249632425501,0.5743354607537654,0.5828206818074664,0.9939666299504272
0.3607757767663431,0.1782045556051806,-0.5097502089330476,0.4026922714284823,0.5638921420780264,0.5552132269270779,0.9962790955310276
0.3607757767663431,0.1782045556051806,-0.5097502089330476,0.4944439116600613,0.5902204130247545,0.5736181968473366,0.9884765316468518
0.3607757767663431,0.1782045556051806,-0.5097502089330476,0.4251669462845881,0.5963129177386883,0.5942788182667204,0.9944499419385052
0.3607757767663431,0.1782045556051806,-0.5097502089330476,0.5482215411807179,0.6368882368443585,0.6380355915682429,0.9932362110812264
0.3607757767663431,0.1782045556051806,-0.5097502089330476,0.5366889949648505,0.6269724578591996,0.6380355915682429,0.9978471926604284
0.3607757767663431,0.1782045556051806,-0.5097502089330476,0.4438266849104064,0.6373072414864874,0.6380355915682429,0.9951708657140764
0.3607757767663431,0.1782045556051806,-0.5097502089330476,0.4046299867673025,0.613668943881232,0.6380355915682429,0.992056592226987
0.3607757767663431,0.1782045556051806,-0.5097502089330476,0.4383949008283813,0.629275054350007,0.6319006015948232,0.992697804105422
0.3607757767663431,0.1782045556051806,-0.5097502089330476,0.5102432505905268,0.6663940409205267,0.6595080564752116,0.9893618612102668
0.3607757767663431,0.1782045556051806,-0.5097502089330476,0.4187757696507659,0.6637147938943891,0.6595080564752116,0.998111765824894
0.3607757767663431,0.1782045556051806,-0.5097502089330476,0.4027776632504261,0.618243738569979,0.6349680965815331,0.992605080413312
0.3607757767663431,0.1782045556051806,-0.5097502089330476,0.3037243432233335,0.5902073125052342,0.6104281366878543,0.989216386997993
0.3607757767663431,0.1782045556051806,-0.5097502089330476,0.3554975900550255,0.5975061249276055,0.5889556717808858,0.9970419852759734
0.3607757767663431,0.1782045556051806,-0.5097502089330476,0.4098822216834763,0.5914943007594542,0.5889556717808858,0.9942394087513629
0.3607757767663431,0.1782045556051806,-0.5097502089330476,0.4392919882146734,0.5685528320824623,0.5711579319609436,0.9898299341591864
0.3607757767663431,0.1782045556051806,-0.5097502089330476,0.46120167785465,0.5525311510883262,0.552145731940368,0.991402016883444
0.3607757767663431,0.1782045556051806,-0.5097502089330476,0.559565855014141,0.5320276933336866,0.5552132269270779,0.9901644896804026
0.3607757767663431,0.1782045556051806,-0.5097502089330476,0.496204423536091,0.5634551189219947,0.5490782369536583,0.9811109765163882
0.3607757767663431,0.1782045556051806,-0.5097502089330476,0.5208076387326336,0.5706715125419475,0.5674832068739173,0.9855179308059346
0.3607757767663431,0.1782045556051806,-0.5097502089330476,0.5783504508870813,0.5663036127893117,0.5828206818074664,0.978453463922228
0.3607757767663431,0.1782045556051806,-0.5097502089330476,0.5822042764049529,0.5932564690226773,0.5828206818074664,0.9703762456630664
0.3607757767663431,0.1782045556051806,-0.5097502089330476,0.6242848724267013,0.5746552575781689,0.5828206818074664,0.8819292140577603
0.3607757767663431,0.1782045556051806,-0.5097502089330476,0.6667979831706812,0.5793090369525666,0.5828206818074664,0.7873080857374223
0.3607757767663431,0.1782045556051806,-0.5097502089330476,0.6586039897003675,0.5874866016988678,0.5828206818074664,0.7349408860202014
0.3607757767663431,0.1782045556051806,-0.5097502089330476,0.5050019622886358,0.744847752763853,0.7485772277428636,0.5012156982410451
0.3607757767663431,0.1782045556051806,-0.5097502089330476,0.5184496721717933,0.7017747284591819,0.6932505013290192,0.3363541165973164
0.3607757767663431,0.1782045556051806,-0.5097502089330476,0.4592420692872637,0.6660742440961235,0.6595080564752116,0.5296385576806064
0.3607757767663431,0.1782045556051806,-0.5097502089330476,0.4384037486557154,0.6476839976520431,0.6595080564752116,0.4530193063181041
0.3607757767663431,0.1782045556051806,-0.5097502089330476,0.4257804916693409,0.6228387563908013,0.6042931467144348,0.5447638315505349
0.3607757767663431,0.1782045556051806,-0.5097502089330476,0.4070770077390762,0.5880285138040675,0.6081413965769501,0.4876056830628201
0.3607757767663431,0.1782045556051806,-0.5097502089330476,0.3575334545482247,0.587637236475098,0.6073606417011446,0.5044204681760597
0.3607757767663431,0.1782045556051806,-0.5097502089330476,0.3923716306412544,0.5859309891997293,0.5981308209383395,0.4530193063181041
0.3607757767663431,0.1782045556051806,-0.5097502089330476,0.3383227637719557,0.6230420476241318,0.6386011143128385,0.5203032981272286
0.3607757767663431,0.1782045556051806,-0.5097502089330476,0.3661906626439847,0.5826010830374239,0.6073606417011446,0.7073908718542827
0.3607757767663431,0.1782045556051806,-0.5097502089330476,0.4159914612704851,0.5874683288059451,0.5736181968473366,0.3987151661121595
0.3607757767663431,0.1782045556051806,-0.5097502089330476,0.3987098437691286,0.6060339271876801,0.5828206818074664,0.3406770510305798
0.3607757767663431,0.1782045556051806,-0.5097502089330476,0.3446517175456433,0.5848045141070091,0.5981581567410154,0.3364368469964399
0.3607757767663431,0.1782045556051806,-0.5097502089330476,0.3711089435191586,0.5938690137023772,0.5981581567410154,0.4405151764892675
0.3607757767663431,0.1782045556051806,-0.5097502089330476,0.3732067016510101,0.604699370056756,0.5981581567410154,0.3708795078795542
0.3607757767663431,0.1782045556051806,-0.5097502089330476,0.407122316845563,0.5863794594116526,0.5766856918340465,0.3238494592632782
0.3607757767663431,0.1782045556051806,-0.5097502089330476,0.364543896790053,0.6088725002732246,0.5889556717808858,0.2990151297929227
0.3607757767663431,0.1782045556051806,-0.5097502089330476,0.4056423839777328,0.5953943550981581,0.6073606417011446,0.2074004734105506
0.3607757767663431,0.1782045556051806,-0.5097502089330476,0.4001104754124356,0.5943979524775667,0.6073606417011446,0.2418421232420284
0.3607757767663431,0.1782045556051806,-0.5097502089330476,0.3336453495636917,0.5941861395470724,0.6073606417011446,0.4026345004544812
0.3607757767663431,0.1782045556051806,-0.5097502089330476,0.4455321344935392,0.6481898727294364,0.6472380765283722,0.3453155801036451
0.3607757767663431,0.1782045556051806,-0.5097502089330476,0.2433902678847936,0.5909180474865801,0.5674832068739173,0.3401752177487554
0.3607757767663431,0.1782045556051806,-0.5097502089330476,0.2834386414259894,0.6119321287269831,0.604477503461655,0.3365521361888423
0.3607757767663431,0.1782045556051806,-0.5097502089330476,0.2681678058561577,0.566428936853071,0.5889556717808858,0.3031549026978398
0.3607757767663431,0.1782045556051806,-0.5097502089330476,0.3141200465085014,0.5843978468473412,0.6104281366878543,0.2751407132603247
0.3607757767663431,0.1782045556051806,-0.5097502089330476,0.2992276510324511,0.5991567479906422,0.5803628050723207,0.289342765109854
0.3607757767663431,0.1782045556051806,-0.5097502089330476,0.3824966322828607,0.6037123370633939,0.5958635698474395,0.1755882172154014
0.3607757767663431,0.1782045556051806,-0.5097502089330476,0.3518318323088569,0.575054420656752,0.582278571474211,0.1517529532911027
0.3607757767663431,0.1782045556051806,-0.5097502089330476,0.3147304231364882,0.600160061241272,0.611855184995101,0.118151824386745
0.3607757767663431,0.1782045556051806,-0.5097502089330476,0.3173212727432951,0.5743360967013151,0.5797531868207565,0.1858326466367236
0.3607757767663431,0.1782045556051806,-0.5097502089330476,0.3789604643426205,0.5592852108397768,0.5582807219137876,0.2715796135616039
0.3607757767663431,0.1782045556051806,-0.5097502089330476,0.3377518525691469,0.5877715909940605,0.6134956316745646,0.2401672502680627
0.3607757767663431,0.1782045556051806,-0.5097502089330476,0.2490863962406775,0.5481084326569217,0.5705507018606271,0.3221669228109665
0.3607757767663431,0.1782045556051806,-0.5097502089330476,0.2557201473778483,0.5871216102019453,0.5799908931610307,0.2628371526314885
0.3607757767663431,0.1782045556051806,-0.5097502089330476,0.2525628310582422,0.6112086323981435,0.5889556717808858,0.2824916447743651
0.3607757767663431,0.1782045556051806,-0.5097502089330476,0.2219991020792718,0.6415559646683425,0.6380355915682429,0.1440321380602585
0.3607757767663431,0.1782045556051806,-0.5097502089330476,0.2726640453675021,0.6553539066678122,0.6533730665017918,0.0531045425500969
0.3607757767663431,0.1782045556051806,-0.5097502089330476,0.2671560876650345,0.6369755312446562,0.6533730665017918,0.0638753745406559
0.3607757767663431,0.1782045556051806,-0.5097502089330476,0.0872154980477757,0.5844329935485779,0.6165631266612741,0.0870906843134996
0.3607757767663431,0.1782045556051806,-0.5097502089330476,0.1398243192894461,0.6282211196744353,0.6165631266612741,0.0843308869954495
0.3607757767663431,0.1782045556051806,-0.5097502089330476,0.1405855307971341,0.6476322739180155,0.6717780364220508,0.0888203738696688
0.3607757767663431,0.1782045556051806,-0.5097502089330476,0.2368424847071605,0.7212039012166652,0.7300604411695372,0.0783077227062362
0.3607757767663431,0.1782045556051806,-0.5097502089330476,0.2741108503236866,0.7879803441556625,0.7834287129779364,0.0509397930788772
0.3607757767663431,0.1782045556051806,-0.5097502089330476,0.2410602851499398,0.8296222744913917,0.861962725598059,0.0397670204408233
0.3607757767663431,0.1782045556051806,-0.5097502089330476,0.1711096503165281,0.935307599577291,0.9263801203189648,0.08060231172167
0.3607757767663431,0.1782045556051806,-0.5097502089330476,0.2339944925464178,0.9466638421586212,0.9693250501329024,0.1461880957781175
0.3607757767663431,0.1782045556051806,-0.5097502089330476,0.1958839783784408,0.959084321765825,0.9693250501329024,0.1556568141475096
0.3607757767663431,0.1782045556051806,-0.5097502089330476,0.1316837831573036,0.9320302650790788,0.9693250501329024,0.1283911252852735
0.3607757767663431,0.1782045556051806,-0.5097502089330476,0.1731895481829707,0.933133422094984,0.9693250501329024,0.1392201330404659
0.3607757767663431,0.1782045556051806,-0.5097502089330476,0.1882903820099348,0.936123393093818,0.9693250501329024,0.1198615346834022
0.3607757767663431,0.1782045556051806,-0.5097502089330476,0.1926417229164288,0.9991539353801152,0.9693250501329024,0.0976027859923471
0.3607757767663431,0.1782045556051806,-0.5097502089330476,0.187912703240831,0.9993693096168872,0.0245399045877204,0.1218366460346331
0.3607757767663431,0.1782045556051806,-0.5097502089330476,0.0847565633736152,0.9576211336438846,0.941717595252514,0.1054850324678146
0.3607757767663431,0.1782045556051806,-0.5097502089330476,0.0557392905782207,0.9045269750433504,0.938650100265804,0.044595671180312
0.3607757767663431,0.1782045556051806,-0.5097502089330476,0.0,0.886991442105828,0.9509200802126436,0.1626383308382589
0.3607757767663431,0.1782045556051806,-0.5097502089330476,0.1422122552933374,0.8336345099778313,0.8527602406379295,0.2272319728544211
0.3607757767663431,0.1782045556051806,-0.5097502089330476,0.1681037347260457,0.840052238268591,0.8343552707176707,0.2799490990083172
0.3607757767663431,0.1782045556051806,-0.5097502089330476,0.2051323859508497,0.8113005407966465,0.8343552707176707,0.2670560806224957
0.3607757767663431,0.1782045556051806,-0.5097502089330476,0.1923233451668051,0.8151364068293522,0.8343552707176707,0.2329861607760273
0.3607757767663431,0.1782045556051806,-0.5097502089330476,0.1489861724765521,0.790711611691351,0.8343552707176707,0.2877974972333462
0.3607757767663431,0.1782045556051806,-0.5097502089330476,0.1025132577619481,0.6460023403485894,0.6349680965815331,0.2083808418277938
0.3607757767663431,0.1782045556051806,-0.5097502089330476,0.1775156830697343,0.5806436788764976,0.5705507018606271,0.1456829216300161
0.3607757767663431,0.1782045556051806,-0.5097502089330476,0.282463734311844,0.5550349613838023,0.5607393236234193,0.1402691797043778
0.3607757767663431,0.1782045556051806,-0.5097502089330476,0.2853558009985153,0.5940273222457046,0.5950906617543054,0.1517396337847613
0.3607757767663431,0.1782045556051806,-0.5097502089330476,0.3212521772406853,0.590514983929693,0.5950906617543054,0.1508527803174306
0.3607757767663431,0.1782045556051806,-0.5097502089330476,0.2604290845430323,0.5842161778306943,0.5771841331159132,0.15772516204313
0.3607757767663431,0.1782045556051806,-0.5097502089330476,0.2592508008582618,0.5657690352791833,0.5828206818074664,0.1278536854023386
0.3607757767663431,0.1782045556051806,-0.5097502089330476,0.3353309223998371,0.5519584167252263,0.5674832068739173,0.0874124551600373
0.3607757767663431,0.1782045556051806,-0.5097502089330476,0.2959215471792362,0.5639424667274453,0.5674832068739173,0.1574628454286935
0.3607757767663431,0.1782045556051806,-0.5097502089330476,0.3182839986625994,0.5510668182607964,0.5674832068739173,0.1627964065636829
0.3607757767663431,0.1782045556051806,-0.5097502089330476,0.3743237912927779,0.5456972587211596,0.5582807219137876,0.1733820585858532
0.3607757767663431,0.1782045556051806,-0.5097502089330476,0.3904784425079008,0.56164631450514,0.5582807219137876,0.2441845833545108
0.3607757767663431,0.1782045556051806,-0.5097502089330476,0.3975313131682466,0.5399796662859206,0.552145731940368,0.2815481431095475
0.3607757767663431,0.1782045556051806,-0.5097502089330476,0.4619619737150905,0.5775167247754962,0.5889556717808858,0.3896166098650943
0.3607757767663431,0.1782045556051806,-0.5097502089330476,0.4073866405430791,0.5758570712572559,0.5889556717808858,0.4232623276119125
0.3607757767663431,0.1782045556051806,-0.5097502089330476,0.4574592938085007,0.589183818519033,0.5889556717808858,0.4141125447485994
0.3607757767663431,0.1782045556051806,-0.5097502089330476,0.3943952316342419,0.5858488671728347,0.5889556717808858,0.6576310131253775
0.3607757767663431,0.1782045556051806,-0.5097502089330476,0.3639283349237217,0.5989937334354482,0.6134956316745646,0.6411090227048912
0.3607757767663431,0.1782045556051806,-0.5097502089330476,0.2896837260270883,0.6248927397862485,0.6012256517277249,0.5094688687907972
0.3607757767663431,0.1782045556051806,-0.5097502089330476,0.4063514035923216,0.6545027544675316,0.6441705815416623,0.636161023913532
0.3607757767663431,0.1782045556051806,-0.5097502089330476,0.4697843995900635,0.6692105678243542,0.6717780364220508,0.7192020649890795
0.3607757767663431,0.1782045556051806,-0.5097502089330476,0.3879610915969935,0.6622856501645988,0.6717780364220508,0.4997163526229242
0.3607757767663431,0.1782045556051806,-0.5097502089330476,0.3780781507703419,0.667776845272208,0.6595080564752116,0.6983980804001457
0.3607757767663431,0.1782045556051806,-0.5097502089330476,0.440141297333362,0.67841192333238,0.6595080564752116,0.7231691385521493
0.3607757767663431,0.1782045556051806,-0.5097502089330476,0.528582985935653,0.7017771874563736,0.7024529862891488,0.6063878683811569
0.3607757767663431,0.1782045556051806,-0.5097502089330476,0.4591059362043767,0.723876407198778,0.7024529862891488,0.6417225698660846
0.3607757767663431,0.1782045556051806,-0.5097502089330476,0.4622421411964372,0.7387264608241774,0.7546004010632157,0.5845300456227297
0.3607757767663431,0.1782045556051806,-0.5097502089330476,0.4423860940096983,0.7317762324519508,0.7392629261296666,0.916606995731582
0.3607757767663431,0.1782045556051806,-0.5097502089330476,0.5020981465103188,0.7575552566984083,0.7392629261296666,0.98898065078455
0.3607757767663431,0.1782045556051806,-0.5097502089330476,0.3693641931215889,0.7188806576287504,0.7300604411695372,0.9907057100172828
0.3607757767663431,0.1782045556051806,-0.5097502089330476,0.408489203286945,0.706583339863637,0.717790461222698,0.9643889444011032
0.3607757767663431,0.1782045556051806,-0.5097502089330476,0.4538605737866437,0.6975513583863008,0.6809805213821801,0.9946936493416616
0.3607757767663431,0.1782045556051806,-0.5097502089330476,0.4240634781816462,0.663319361708096,0.6809805213821801,0.9878480971166343
0.3607757767663431,0.1782045556051806,-0.5097502089330476,0.4036869729842445,0.6491463378439182,0.650305571515082,0.9920166190550408
0.3607757767663431,0.1782045556051806,-0.5097502089330476,0.4605127407504747,0.6774791154667407,0.650305571515082,0.9815549600610998
0.3607757767663431,0.1782045556051806,-0.5097502089330476,0.4420225923406715,0.6732179277129144,0.68404801636889,0.9766658660172568
0.3607757767663431,0.1782045556051806,-0.5097502089330476,0.4750947009451593,0.6723398961295406,0.68404801636889,0.9821754234016036
0.3607757767663431,0.1782045556051806,-0.5097502089330476,0.5477504663923842,0.6929256031005852,0.68404801636889,0.9735440902339664
0.3607757767663431,0.1782045556051806,-0.5097502089330476,0.5192377049421085,0.7057008566474164,0.6998303271179036,0.979631089979039
0.3607757767663431,0.1782045556051806,-0.5097502089330476,0.4157641749897157,0.7051528394457414,0.7085879762625685,0.8617157422362152
0.3607757767663431,0.1782045556051806,-0.5097502089330476,0.5050644732175673,0.686325527449126,0.6748455314087606,0.5542310260160112
0.3607757767663431,0.1782045556051806,-0.5097502089330476,0.4391005047700925,0.718685124955524,0.7055204812758584,0.6868015818824155
0.3607757767663431,0.1782045556051806,-0.5097502089330476,0.4665040367414877,0.6812384134144835,0.7055204812758584,0.7541690953484659
0.3607757767663431,0.1782045556051806,-0.5097502089330476,0.4198062740427168,0.716749046235758,0.7055204812758584,0.5699493915676473
0.3607757767663431,0.1782045556051806,-0.5097502089330476,0.3825895138935245,0.6927294768763127,0.6809805213821801,0.6188997056471063
0.3607757767663431,0.1782045556051806,-0.5097502089330476,0.3532343981283717,0.6500957651388519,0.662219290470416,0.6086691525431716
0.3607757767663431,0.1782045556051806,-0.5097502089330476,0.3989231792895901,0.6540258785983966,0.6441705815416623,0.4900631539621817
0.3607757767663431,0.1782045556051806,-0.5097502089330476,0.4251507321265901,0.6648868028316554,0.6441705815416623,0.4676309952625495
0.3607757767663431,0.1782045556051806,-0.5097502089330476,0.405525345740813,0.6599181446272374,0.6779130263954701,0.3978116376192882
0.3607757767663431,0.1782045556051806,-0.5097502089330476,0.4615490476710493,0.6712373750611854,0.6779130263954701,0.2821119875584088
0.3607757767663431,0.1782045556051806,-0.5097502089330476,0.5266804149900568,0.6699326226720823,0.6779130263954701,0.2759586686871526
0.3607757767663431,0.1782045556051806,-0.5097502089330476,0.4778619309610514,0.6540763728338287,0.6762365868650583,0.3347760554807735
0.3607757767663431,0.1782045556051806,-0.5097502089330476,0.4311859380327905,0.6327291822669858,0.6441705815416623,0.336209375031156
0.3607757767663431,0.1782045556051806,-0.5097502089330476,0.4779887223843811,0.6735876252217032,0.6748455314087606,0.3301372626551074
0.3607757767663431,0.1782045556051806,-0.5097502089330476,0.4583465045503268,0.6957248322310661,0.6748455314087606,0.2218817659997356
0.3607757767663431,0.1782045556051806,-0.5097502089330476,0.6640256913745004,0.686010648619106,0.6993854913024389,0.2556747749211889
0.3607757767663431,0.1782045556051806,-0.5097502089330476,0.5367768147952257,0.668534937147742,0.6993854913024389,0.2716060181275303
0.3607757767663431,0.1782045556051806,-0.5097502089330476,0.4572149291633426,0.6585821036186974,0.6687105414353408,0.3047511334379946
0.3607757767663431,0.1782045556051806,-0.5097502089330476,0.5073943736470506,0.6711470705091532,0.6524097459922018,0.3426667713453117
0.3607757767663431,0.1782045556051806,-0.5097502089330476,0.520557183490055,0.6769527204817494,0.6748455314087606,0.3301649273723489
0.3607757767663431,0.1782045556051806,-0.5097502089330476,0.55260899356854,0.6531250376962462,0.6748455314087606,0.2715913945111072
0.3607757767663431,0.1782045556051806,-0.5097502089330476,0.4904208663003421,0.6776098238864191,0.6809805213821801,0.3501754855263308
0.3607757767663431,0.1782045556051806,-0.5097502089330476,0.4132313095164601,0.7416656408120564,0.7128508262399287,0.3409181209077281
0.3607757767663431,0.1782045556051806,-0.5097502089330476,0.3074954518438041,0.8633370762258216,0.8803676955183177,0.2957998976714089
0.3607757767663431,0.1782045556051806,-0.5097502089330476,0.4087461195011118,0.8485709676769593,0.8343552707176707,0.2222353117082109
0.3607757767663431,0.1782045556051806,-0.5097502089330476,0.3183200895675849,0.8434712618808363,0.8466162098062147,0.2249320355223596
0.3607757767663431,0.1782045556051806,-0.5097502089330476,0.4182626368180821,0.8179684084568848,0.808085180536062,0.1865535118006057
0.3607757767663431,0.1782045556051806,-0.5097502089330476,0.3614257166741426,0.8183369188635815,0.8343552707176707,0.2060414588289876
0.3607757767663431,0.1782045556051806,-0.5097502089330476,0.3533558808553011,0.841601491292234,0.8343552707176707,0.2427402741124275
0.3607757767663431,0.1782045556051806,-0.5097502089330476,0.2791224860654049,0.8205256807430242,0.8408314251550647,0.241460927469234
0.3607757767663431,0.1782045556051806,-0.5097502089330476,0.1883995806603099,0.7861207487278526,0.8190177957841215,0.2008378105028237
0.3607757767663431,0.1782045556051806,-0.5097502089330476,0.2650282880729327,0.7927145920933266,0.797382680718953,0.1497514520268675
0.3607757767663431,0.1782045556051806,-0.5097502089330476,0.2731019305151621,0.7960157534263936,0.8190177957841215,0.1320459597277408
0.3607757767663431,0.1782045556051806,-0.5097502089330476,0.340063110832201,0.803289127946784,0.8261595620907296,0.1290113248731765
0.3607757767663431,0.1782045556051806,-0.5097502089330476,0.3648270684174246,0.7761744442603166,0.77914172561475,0.141205486784362
0.3607757767663431,0.1782045556051806,-0.5097502089330476,0.3771911869446274,0.8062937681357606,0.8159503007974118,0.1833111424670521
0.3607757767663431,0.1782045556051806,-0.5097502089330476,0.3365705235856661,0.8005876227564129,0.8033199658854994,0.142355741182377
0.3607757767663431,0.1782045556051806,-0.5097502089330476,0.2563182605056233,0.7544690456370794,0.7721133112012973,0.0834271240558219
0.3607757767663431,0.1782045556051806,-0.5097502089330476,0.234909090400294,0.7123962820348009,0.7423304211163764,0.084282964613173
0.3607757767663431,0.1782045556051806,-0.5097502089330476,0.2663020459875393,0.7360977928264785,0.748465411089796,0.0983073058214396
0.3607757767663431,0.1782045556051806,-0.5097502089330476,0.1929332896915964,0.7174887804253625,0.7055204812758584,0.1178931416970309
0.3607757767663431,0.1782045556051806,-0.5097502089330476,0.2511566643787659,0.7103018523752039,0.7055204812758584,0.1171171742189611
0.3607757767663431,0.1782045556051806,-0.5097502089330476,0.2496868139188278,0.6782507318268278,0.7055204812758584,0.155983164032256
0.3607757767663431,0.1782045556051806,-0.5097502089330476,0.1896427621297578,0.657631277239155,0.665643046448631,0.1457051647660185
0.3607757767663431,0.1782045556051806,-0.5097502089330476,0.1755338932049853,0.6470896834687629,0.665643046448631,0.1411419663663315
0.3607757767663431,0.1782045556051806,-0.5097502089330476,0.1204248302813104,0.660219880541234,0.665643046448631,0.1271592028249995
0.3607757767663431,0.1782045556051806,-0.5097502089330476,0.1605589248659323,0.5981337627624805,0.5889556717808858,0.1389672822138143
0.3607757767663431,0.1782045556051806,-0.5097502089330476,0.2450961701474644,0.6672077570083921,0.6564405614885015,0.1395890057056331
0.3607757767663431,0.1782045556051806,-0.5097502089330476,0.2186062895181841,0.6219056517496387,0.6226981166346938,0.1035301641286964
0.3607757767663431,0.1782045556051806,-0.5097502089330476,0.180042643132653,0.6040146665284367,0.5828206818074664,0.0821539536193643
0.3607757767663431,0.1782045556051806,-0.5097502089330476,0.1691437248119523,0.5723825082256858,0.5828206818074664,0.0765406535453621
0.3607757767663431,0.1782045556051806,-0.5097502089330476,0.2526691901733334,0.5671300478281678,0.5828206818074664,0.1114257594163498
0.3607757767663431,0.1782045556051806,-0.5097502089330476,0.2037634418752039,0.6061562834962082,0.5828206818074664,0.0992971180470843
0.3607757767663431,0.1782045556051806,-0.5097502089330476,0.2544188583167933,0.576988506740863,0.5828206818074664,0.0578388724289484
0.3607757767663431,0.1782045556051806,-0.5097502089330476,0.2364741887502992,0.5663795873232282,0.5368082570068192,0.0435177106375354
0.3607757767663431,0.1782045556051806,-0.5097502089330476,0.2403893317692294,0.5155502499290596,0.5368082570068192,0.037096946629049
0.3607757767663431,0.1782045556051806,-0.5097502089330476,0.283924634062735,0.5324673874694262,0.5371875465996425,0.0294750752558175
0.3607757767663431,0.1782045556051806,-0.5097502089330476,0.3695681458298077,0.6065477728076942,0.5920231667675958,0.02692426157838
0.3607757767663431,0.1782045556051806,-0.5097502089330476,0.4067506669448519,0.6300619334512826,0.6411030865549525,0.0221097325927268
0.3607757767663431,0.1782045556051806,-0.5097502089330476,0.4644661969193952,0.6368756450828781,0.6354325919992342,0.0279474330131825
0.3607757767663431,0.1782045556051806,-0.5097502089330476,0.4601583338248936,0.7218520589591385,0.7116554712492783,0.0510953631545935
0.3607757767663431,0.1782045556051806,-0.5097502089330476,0.5119405519419752,0.6875532877882339,0.7024529862891488,0.0901060652282042
0.3607757767663431,0.1782045556051806,-0.5097502089330476,0.4078243405036554,0.6298736081836174,0.6441886206126949,0.0721121814394656
0.3607757767663431,0.1782045556051806,-0.5097502089330476,0.3703134621128086,0.620542773754509,0.619630621647984,0.0542793076238351
0.3607757767663431,0.1782045556051806,-0.5097502089330476,0.3614282269879443,0.6152213766426228,0.6165631266612741,0.0141075354639606
0.3607757767663431,0.1782045556051806,-0.5097502089330476,0.4728039367193716,0.6638428313343597,0.6809805213821801,0.0072491424710367
0.3607757767663431,0.1782045556051806,-0.5097502089330476,0.4827522691629239,0.7642494949837002,0.7687074663574409,0.0045405074909857
0.3607757767663431,0.1782045556051806,-0.5097502089330476,0.3074531674596849,0.7444055572344184,0.747412236389507,0.0128621414732767
0.3607757767663431,0.1782045556051806,-0.5097502089330476,0.3235131880750196,0.7049673547437973,0.7208579562094077,0.0149505180820218
0.3607757767663431,0.1782045556051806,-0.5097502089330476,0.3476031058281373,0.7061829048899542,0.7073471184615356,0.0073595636879194
0.3607757767663431,0.1782045556051806,-0.5097502089330476,0.3453841118854679,0.6965331639630122,0.6932505013290192,0.0118146159658577
0.3607757767663431,0.1782045556051806,-0.5097502089330476,0.4778238647271727,0.7385183787859737,0.758417604959509,0.0031731278651852
0.3607757767663431,0.1782045556051806,-0.5097502089330476,0.3923363627899744,0.7505463515656128,0.7469013426047054,0.0
0.3607757767663431,0.1782045556051806,-0.5097502089330476,0.4865821849706513,0.7448469896267936,0.7730053709834745,0.0047679948532856
0.3607757767663431,0.1782045556051806,-0.5097502089330476,0.2799047780361245,0.7384769997987515,0.7638028860233451,0.006601680319923
0.3607757767663431,0.1782045556051806,-0.5097502089330476,0.4189481582493794,0.6847124676880141,0.6809805213821801,0.0175469975917065
0.3607757767663431,0.1782045556051806,-0.5097502089330476,0.5619706533308233,0.704016952329288,0.7043102429854675,0.0186772892147471
0.3607757767663431,0.1782045556051806,-0.5097502089330476,0.4181010713756957,0.7000170966218122,0.7147229662359882,0.0444898477756947
0.3607757767663431,0.1782045556051806,-0.5097502089330476,0.5049851308403588,0.7095465586688879,0.6871155113555998,0.0175071535486377
0.3607757767663431,0.1782045556051806,-0.5097502089330476,0.4583643236630506,0.6866480376497405,0.6871155113555998,0.0066554401745839
0.3607757767663431,0.1782045556051806,-0.5097502089330476,0.3461148601178817,0.6628087806188363,0.6720114355609672,0.0043663144668748
0.3607757767663431,0.1782045556051806,-0.5097502089330476,0.3418695491049967,0.6599336193509425,0.6748455314087606,0.0048727636481655
0.3607757767663431,0.1782045556051806,-0.5097502089330476,0.3627565122105392,0.6686982908749627,0.6748455314087606,0.0062207405153645
0.3607757767663431,0.1782045556051806,-0.5097502089330476,0.4153824426811123,0.68425178728314,0.6871155113555998,0.0169860040520339
0.3607757767663431,0.1782045556051806,-0.5097502089330476,0.2806087564467674,0.7995428881220579,0.7852753509303138,0.0262940925084892
0.3607757767663431,0.1782045556051806,-0.5097502089330476,0.3639820391780045,0.8758504889682628,0.8527602406379295,0.0116855356261785
0.3607757767663431,0.1782045556051806,-0.5097502089330476,0.326997297868388,0.8674546246264622,0.857947134565964,0.0030550152378234
0.3607757767663431,0.1782045556051806,-0.5097502089330476,0.3478394045469817,0.8129331453457803,0.8174714678511577,0.0048545763952564
0.3607757767663431,0.1782045556051806,-0.5097502089330476,0.3759210093136396,0.8072957670947878,0.7914103409037334,0.0345243623723522
0.3607757767663431,0.1782045556051806,-0.5097502089330476,0.3858990951486452,0.785883837067404,0.7914103409037334,0.0331641425879327
0.3607757767663431,0.1782045556051806,-0.5097502089330476,0.3682369799192436,0.8239769256977786,0.8220852907708315,0.0821518875573245
0.3607757767663431,0.1782045556051806,-0.5097502089330476,0.3651931627056237,0.8097912252791136,0.8006128258638626,0.1231211065476981
0.3607757767663431,0.1782045556051806,-0.5097502089330476,0.4275809216500866,0.8345389969792654,0.8527580230689137,0.0558584384037036
0.3607757767663431,0.1782045556051806,-0.5097502089330476,0.4596286987654147,0.8138787569554168,0.8098153108239923,0.08810308401882
0.3607757767663431,0.1782045556051806,-0.5097502089330476,0.4475589042432929,0.8254285819708215,0.8159503007974118,0.1139703053062873
0.3607757767663431,0.1782045556051806,-0.5097502089330476,0.4736696657594848,0.8215019026280443,0.8220852907708315,0.0192404092597638
0.3607757767663431,0.1782045556051806,-0.5097502089330476,0.4568656663234206,0.8532252558093967,0.8558277356246392,0.0418302764459557
0.3607757767663431,0.1782045556051806,-0.5097502089330476,0.3893148091790878,0.8451215033753435,0.870331234026003,0.0167181330642503
0.3607757767663431,0.1782045556051806,-0.5097502089330476,0.349628970218815,0.8589785461004152,0.8742327055448982,0.0009686034943736
0.3607757767663431,0.1782045556051806,-0.5097502089330476,0.2462410172754497,0.8773215628398179,0.907975150398706,0.0018502709719811
0.3607757767663431,0.1782045556051806,-0.5097502089330476,0.3730978116457746,0.843719705390183,0.8343552707176707,0.0085301016225354
0.3607757767663431,0.1782045556051806,-0.5097502089330476,0.4081580064758585,0.8336635091860897,0.8343552707176707,0.0623616397528681
0.3607757767663431,0.1782045556051806,-0.5097502089330476,0.3837144225454944,0.8360820601134265,0.8343552707176707,0.0880372704184546
0.3607757767663431,0.1782045556051806,-0.5097502089330476,0.3540344886354724,0.8333936130460724,0.8343552707176707,0.0751916249303246
0.3607757767663431,0.1782045556051806,-0.5097502089330476,0.4363655384594554,0.8418132194297216,0.8343552707176707,0.0031992544834923
0.3607757767663431,0.1782045556051806,-0.5097502089330476,0.4164976392993575,0.8358171667607986,0.8343552707176707,0.0031764451494154
0.3607757767663431,0.1782045556051806,-0.5097502089330476,0.4716960652791054,0.8192296196370977,0.8343552707176707,0.0119645968675364
0.3607757767663431,0.1782045556051806,-0.5097502089330476,0.4100597955204345,0.8133454089438839,0.8343552707176707,0.0791502803895516
0.3607757767663431,0.1782045556051806,-0.5097502089330476,0.3738158848511239,0.8301920834957637,0.8343552707176707,0.0882654970092353
0.3607757767663431,0.1782045556051806,-0.5097502089330476,0.4024061779604561,0.8277906607557608,0.8343552707176707,0.0357597264377439
0.3607757767663431,0.1782045556051806,-0.5097502089330476,0.2900029474067601,0.858866280159673,0.8374092897080535,0.0841533961480208
0.3607757767663431,0.1782045556051806,-0.5097502089330476,0.3748885295927956,0.849607477389674,0.83588104349168,0.1292331701163096
0.3607757767663431,0.1782045556051806,-0.5097502089330476,0.3621341189984524,0.8643553554421165,0.8558277356246392,0.1880382777610701
0.3607757767663431,0.1782045556051806,-0.5097502089330476,0.3260048597103158,0.8432966730802408,0.8558277356246392,0.1363322911611794
0.3607757767663431,0.1782045556051806,-0.5097502089330476,0.3519934389039286,0.8449762529550325,0.8558277356246392,0.0539545109488492
0.3607757767663431,0.1782045556051806,-0.5097502089330476,0.2752051825304978,0.8911524045258494,0.8865026854917375,0.0226828230355391
0.3607757767663431,0.1782045556051806,-0.5097502089330476,0.2483987348697458,0.9158222514529328,0.9157916547239396,0.0346279475430932
0.3607757767663431,0.1782045556051806,-0.5097502089330476,0.3093879815341933,0.9300779061020454,0.9343034944125382,0.0091927772846695
0.3607757767663431,0.1782045556051806,-0.5097502089330476,0.2097701906995373,0.9301205569843668,0.9575794399671914,0.0137113653204162
0.3607757767663431,0.1782045556051806,-0.5097502089330476,0.1167726529212822,0.9168847078256684,0.9509200802126436,0.0457374525260257
0.3607757767663431,0.1782045556051806,-0.5097502089330476,0.23537714046626,0.9500486941892056,0.9441582005366708,0.0519578854444986
0.3607757767663431,0.1782045556051806,-0.5097502089330476,0.1564406316161461,0.9454700414186578,0.941717595252514,0.1718893067827528
0.3607757767663431,0.1782045556051806,-0.5097502089330476,0.0851262379454332,0.9281275821571704,0.941717595252514,0.2499869354316109
0.3607757767663431,0.1782045556051806,-0.5097502089330476,0.0311789359033912,0.9188786153759372,0.941717595252514,0.2333091991003412
0.3607757767663431,0.1782045556051806,-0.5097502089330476,0.0968172940168054,0.9006381981745246,0.8692719183653622,0.4263525703064828
0.3607757767663431,0.1782045556051806,-0.5097502089330476,0.2193734784534081,0.8329193657601419,0.8404902606910903,0.6125135518410162
0.3607757767663431,0.1782045556051806,-0.5097502089330476,0.2202768416242044,0.7957351733675445,0.8404902606910903,0.3493121646521621
0.3607757767663431,0.1782045556051806,-0.5097502089330476,0.2120792061412439,0.7849104981446083,0.7724316176461856,0.6479944894901757
0.3607757767663431,0.1782045556051806,-0.5097502089330476,0.2627447049907255,0.8093603920125637,0.8036803208505726,0.5385352259646672
0.3607757767663431,0.1782045556051806,-0.5097502089330476,0.2181435893013038,0.8196473947806305,0.8036803208505726,0.4807517200604111
0.3607757767663431,0.1782045556051806,-0.5097502089330476,0.2228243574534176,0.7721656852871476,0.7607719809253966,0.4684866086996054
0.3607757767663431,0.1782045556051806,-0.5097502089330476,0.2217614247454707,0.7204362701278886,0.7147229662359882,0.8151770061035754
0.3607757767663431,0.1782045556051806,-0.5097502089330476,0.1645313112700789,0.7037805494268786,0.7147229662359882,0.8880340903679994
0.3607757767663431,0.1782045556051806,-0.5097502089330476,0.2816460716081312,0.7092318918213841,0.7147229662359882,0.640880495729204
0.3607757767663431,0.1782045556051806,-0.5097502089330476,0.2556262575263953,0.711712172057528,0.7147229662359882,0.5200824492828097
0.3607757767663431,0.1782045556051806,-0.5097502089330476,0.2743216961066889,0.7226452127429026,0.7147229662359882,0.3087651256581657
0.3607757767663431,0.1782045556051806,-0.5097502089330476,0.2124481605410696,0.7083837073763345,0.7147229662359882,0.1823983386743853
0.3607757767663431,0.1782045556051806,-0.5097502089330476,0.138986491769949,0.7077953711000199,0.7147229662359882,0.53614433794409
0.3607757767663431,0.1782045556051806,-0.5097502089330476,0.0758470172999253,0.6531763374652413,0.7147229662359882,0.3858631759086876
0.3607757767663431,0.1782045556051806,-0.5097502089330476,0.0777080960505937,0.558082930799153,0.5858881767941762,0.3532844253497147
0.3607757767663431,0.1782045556051806,-0.5097502089330476,0.0659030470410121,0.6080849004313927,0.5858881767941762,0.6030466504339853
0.3607757767663431,0.1782045556051806,-0.5097502089330476,0.0769552796907017,0.5464415717331204,0.5858881767941762,0.3487918979941249
0.3607757767663431,0.1782045556051806,-0.5097502089330476,0.0310577566775157,0.4858130881343754,0.5490782369536583,0.2243500214498863
0.3607757767663431,0.1782045556051806,-0.5097502089330476,0.015008559218408,0.4952768779978371,0.5490782369536583,0.1896583341528323
0.3607757767663431,0.1782045556051806,-0.5097502089330476,0.0184973809942403,0.3466185419585552,0.5490782369536583,0.2896186503303105
0.3607757767663431,0.1782045556051806,-0.5097502089330476,0.0399424259529574,0.2161904691581454,0.5490782369536583,0.6387844831163422
0.3607757767663431,0.1782045556051806,-0.5097502089330476,0.0518029539263743,0.2045918457674406,0.5490782369536583,0.2769254684983759
0.3607757767663431,0.1782045556051806,-0.5097502089330476,0.0713166930770025,0.1921524573197638,0.1687101486297714,0.2526047825651926
0.3607757767663431,0.1782045556051806,-0.5097502089330476,0.1043186363530979,0.143194628770833,0.148199500976473,0.3387585732239135
0.3607757767663431,0.1782045556051806,-0.5097502089330476,0.1104451292034079,0.1230013968299761,0.1165629150993261,0.4047091491066767
0.3607757767663431,0.1782045556051806,-0.5097502089330476,0.1195140904916787,0.1160482113016445,0.0552132285929199,0.3170085666675321
0.3607757767663431,0.1782045556051806,-0.5097502089330476,0.1315788026571691,0.0692087982340534,0.0981580091474042,0.1592017516729691
0.3607757767663431,0.1782045556051806,-0.5097502089330476,0.1290980982124986,0.0931980328953866,0.0981580091474042,0.6787661537575613
0.3607757767663431,0.1782045556051806,-0.5097502089330476,0.2046535744576846,0.0538123437736673,0.0981580091474042,0.8469805877687421
0.3607757767663431,0.1782045556051806,-0.5097502089330476,0.1502846425786659,0.0890700867523113,0.0521457442675996,0.8158310539419167
0.3607757767663431,0.1782045556051806,-0.5097502089330476,0.2063629335459184,0.1331264661536828,0.1587418240777459,0.5053801173612162
0.3607757767663431,0.1782045556051806,-0.5097502089330476,0.2690334525909002,0.1181111827557917,0.1073604621233651,0.5160026068299676
0.3607757767663431,0.1782045556051806,-0.5097502089330476,0.2232040321277573,0.1026787707610431,0.1073604621233651,0.786243638852207
0.3607757767663431,0.1782045556051806,-0.5097502089330476,0.3843347581233175,0.1154090628161229,0.1073604621233651,0.7015070202235296
0.3607757767663431,0.1782045556051806,-0.5097502089330476,0.2969820724550946,0.1327583267163901,0.1073604621233651,0.6432693323406637
0.3607757767663431,0.1782045556051806,-0.5097502089330476,0.1673564431141518,0.0553414478591163,0.1073604621233651,0.4272450798018088
0.3607757767663431,0.1782045556051806,-0.5097502089330476,0.2976076755766328,0.0455151148967977,0.0337408489770672,0.1970896955572002
0.3607757767663431,0.1782045556051806,-0.5097502089330476,0.2393314402652286,0.0532520580838494,0.073605122318958,0.1530156688675223
0.3607757767663431,0.1782045556051806,-0.5097502089330476,0.1390794042451268,0.0623202302763161,0.0521457442675996,0.2966808899698325
0.3607757767663431,0.1782045556051806,-0.5097502089330476,0.1852925117694236,0.0533375824301343,0.0521457442675996,0.2849380966761814
0.3607757767663431,0.1782045556051806,-0.5097502089330476,0.2162096600095287,0.073168170580439,0.0687167419662061,0.1154819740320352
0.3607757767663431,0.1782045556051806,-0.5097502089330476,0.3174981881372888,0.105354901644188,0.1063443997199229,0.101907572781382
0.3607757767663431,0.1782045556051806,-0.5097502089330476,0.246164000024959,0.1179517295068748,0.1073604621233651,0.1309346967558802
0.3607757767663431,0.1782045556051806,-0.5097502089330476,0.1310781802408087,0.0856885840454878,0.1165629150993261,0.1401889989137289
0.3607757767663431,0.1782045556051806,-0.5097502089330476,0.22492297979166,0.0962564636479269,0.0920230404967636,0.1554969507655689
0.3607757767663431,0.1782045556051806,-0.5097502089330476,0.2735847749714841,0.0457543212679877,0.0460358458743663,0.1434695537627122
0.3607757767663431,0.1782045556051806,-0.5097502089330476,0.2287718052582709,0.0553328307698203,0.0736181345448417,0.2273559658826504
0.3607757767663431,0.1782045556051806,-0.5097502089330476,0.2038373520979564,0.1055236291282021,0.0981580091474042,0.2746150250210484
0.3607757767663431,0.1782045556051806,-0.5097502089330476,0.2106651175698524,0.0671786098760841,0.0276058856571213,0.3353142866215109
0.3607757767663431,0.1782045556051806,-0.5097502089330476,0.1422762065662535,0.0725302780913278,0.0276058856571213,0.3380622663577521
0.3607757767663431,0.1782045556051806,-0.5097502089330476,0.2279635870958285,0.0495881681672235,0.0276058856571213,0.2274322929547429
0.3607757767663431,0.1782045556051806,-0.5097502089330476,0.1939185261297457,0.0566547855401382,0.0276058856571213,0.2256623811269489
0.3607757767663431,0.1782045556051806,-0.5097502089330476,0.1405380303101564,0.0543926830095468,0.1165629150993261,0.2726306969817111
0.3607757767663431,0.1782045556051806,-0.5097502089330476,0.1364793467249898,0.0761248285268041,0.0398758043009709,0.2495785877938544
0.3607757767663431,0.1782045556051806,-0.5097502089330476,0.0944704901218457,0.0736286231041078,0.0398758043009709,0.2294960398327713
0.3607757767663431,0.1782045556051806,-0.5097502089330476,0.0813823106735862,0.0950731454434049,0.0398758043009709,0.1961605684091272
0.3607757767663431,0.1782045556051806,-0.5097502089330476,0.1250121818378518,0.0752029430603278,0.0398758043009709,0.2469258960111202
0.3607757767663431,0.1782045556051806,-0.5097502089330476,0.08453383475274,0.0911519882451826,0.1380353053765683,0.2194998455675863
0.3607757767663431,0.1782045556051806,-0.5097502089330476,0.0950241995022099,0.0798292759984009,0.0398758043009709,0.214520093893673
0.3607757767663431,0.1782045556051806,-0.5097502089330476,0.0955640712921506,0.1033794789693584,0.1104279464486855,0.1941547152269786
0.3607757767663431,0.1782045556051806,-0.5097502089330476,0.1123483071511118,0.1175963726153275,0.0849301140154514,0.2015745740873663
0.3607757767663431,0.1782045556051806,-0.5097502089330476,0.1617758509221753,0.0230180834643525,0.0554854085361397,0.3562480961017365
0.3607757767663431,0.1782045556051806,-0.5097502089330476,0.1469348551500324,0.0898620216366056,0.1165629150993261,0.3665322202894819
0.3607757767663431,0.1782045556051806,-0.5097502089330476,0.1803182838186195,0.1309833865065475,0.1165629150993261,0.4179651496829139
0.3607757767663431,0.1782045556051806,-0.5097502089330476,0.1384001483101624,0.1214969675094486,0.1165629150993261,0.312922101093825
0.3607757767663431,0.1782045556051806,-0.5097502089330476,0.2270905740304219,0.1470456197560914,0.1165629150993261,0.2228204028943604
0.3607757767663431,0.1782045556051806,-0.5097502089330476,0.2409358394296706,0.1355087998680742,0.1503052426778495,0.3628868662877219
0.3607757767663431,0.1782045556051806,-0.5097502089330476,0.1763108764793046,0.133844726514365,0.1503052426778495,0.4969442541766304
0.3607757767663431,0.1782045556051806,-0.5097502089330476,0.1469492585898784,0.1058788588302395,0.1165629150993261,0.3373744581865059
0.3607757767663431,0.1782045556051806,-0.5097502089330476,0.157244734510061,0.126938420919559,0.1165629150993261,0.3320752288483898
0.3607757767663431,0.1782045556051806,-0.5097502089330476,0.0860569573637655,0.1030622789307825,0.1165629150993261,0.1947943885485753
0.3607757767663431,0.1782045556051806,-0.5097502089330476,0.1188909050904004,0.1123456186770673,0.1165629150993261,0.2317045282769601
0.3607757767663431,0.1782045556051806,-0.5097502089330476,0.1072795617704043,0.1103573498617373,0.1165629150993261,0.1907317046677086
0.3607757767663431,0.1782045556051806,-0.5097502089330476,0.138322462328536,0.1148882005748125,0.1165629150993261,0.2114375439832933
0.3607757767663431,0.1782045556051806,-0.5097502089330476,0.1064521253039389,0.1109618286066841,0.1165629150993261,0.2491600124163551
0.3607757767663431,0.1782045556051806,-0.5097502089330476,0.0952316604768483,0.1623028811965757,0.1165629150993261,0.16601521399823
0.3607757767663431,0.1782045556051806,-0.5097502089330476,0.0902990790435418,0.1534175280259079,0.1165629150993261,0.1766884904955612
0.3607757767663431,0.1782045556051806,-0.5097502089330476,0.067852151385482,0.1842720920616062,0.1533727270031698,0.2798115373740679
0.3607757767663431,0.1782045556051806,-0.5097502089330476,0.080470778694763,0.1544131463111884,0.1533727270031698,0.1792422750529885
0.3607757767663431,0.1782045556051806,-0.5097502089330476,0.0813343986597558,0.0942935797389487,0.1165629150993261,0.2144340079753502
0.3607757767663431,0.1782045556051806,-0.5097502089330476,0.131632476046938,0.0094792708803976,0.0306733673170943,0.4526647642109146
0.3607757767663431,0.1782045556051806,-0.5097502089330476,0.060972420360256,0.1262386242360646,0.0574603723032242,0.6270363561589857
0.3607757767663431,0.1782045556051806,-0.5097502089330476,0.0820960525588104,0.0617802525115797,0.061891688226756,0.4712125797466005
0.3607757767663431,0.1782045556051806,-0.5097502089330476,0.0736711719477659,0.0246976341915482,0.0521457442675996,0.3701391836349006
0.3607757767663431,0.1782045556051806,-0.5097502089330476,0.1773697968004373,0.9434685024977943,0.9669465367811888,0.3019339919086499
0.3607757767663431,0.1782045556051806,-0.5097502089330476,0.2039134434130283,0.9375792890171912,0.9693236001839304,0.2221376792871411
0.3607757767663431,0.1782045556051806,-0.5097502089330476,0.1232323487760859,0.9601287172281544,0.9693236001839304,0.2853784756020151
0.3607757767663431,0.1782045556051806,-0.5097502089330476,0.0707001641225673,0.049662001677723,0.0122685240008357,0.3265175219614714
0.3607757767663431,0.1782045556051806,-0.5097502089330476,0.1009364103202971,0.9453824502428368,0.944783640290252,0.4603955873876676
0.3607757767663431,0.1782045556051806,-0.5097502089330476,0.1121889125128736,0.9417878203139168,0.944783640290252,0.4366902362721944
0.3607757767663431,0.1782045556051806,-0.5097502089330476,0.1199882825959218,0.0061213353298469,0.9708575609050754,0.3372356070950971
0.3607757767663431,0.1782045556051806,-0.5097502089330476,0.0892569695943436,0.9911323473694604,0.9877285701041892,0.3541541348979921
0.3607757767663431,0.1782045556051806,-0.5097502089330476,0.0938937969667559,0.943420509656057,0.9566027713979488,0.2913731912426456
0.3607757767663431,0.1782045556051806,-0.5097502089330476,0.1193058270396773,0.9932589559750632,0.9539861252503812,0.1896852369181158
0.3607757767663431,0.1782045556051806,-0.5097502089330476,0.1797656032553872,0.8439153228564161,0.8714225338551411,0.3404034809718417
0.3607757767663431,0.1782045556051806,-0.5097502089330476,0.0878736426551944,0.9236271933317172,0.8987712154896048,0.2995328761483299
0.3607757767663431,0.1782045556051806,-0.5097502089330476,0.1078042173549649,0.894619844944865,0.8987712154896048,0.268176853340908
0.3607757767663431,0.1782045556051806,-0.5097502089330476,0.1393389336548084,0.9575352383281956,0.8987712154896048,0.245541531874034
0.3607757767663431,0.1782045556051806,-0.5097502089330476,0.2202795577014325,0.9401968491310252,0.9386486503168324,0.2421326174259857
0.3607757767663431,0.1782045556051806,-0.5097502089330476,0.3035981073612549,0.9485419224618702,0.9386486503168324,0.2508187085641373
0.3607757767663431,0.1782045556051806,-0.5097502089330476,0.2235989332956483,0.9492315439845724,0.9386486503168324,0.2944339815634578
0.3607757767663431,0.1782045556051806,-0.5097502089330476,0.1200996211859311,0.9215378088560134,0.9386486503168324,0.3244035741717538
0.3607757767663431,0.1782045556051806,-0.5097502089330476,0.1596708087650301,0.9285314512476204,0.9386486503168324,0.4136916542093817
0.3607757767663431,0.1782045556051806,-0.5097502089330476,0.1207300083071324,0.918917365779955,0.9386486503168324,0.3778822859605139
0.3607757767663431,0.1782045556051806,-0.5097502089330476,0.1567703880832481,0.9411899448243592,0.9386486503168324,0.3730949125030533
0.3607757767663431,0.1782045556051806,-0.5097502089330476,0.2332494231795287,0.9447285265759144,0.9386486503168324,0.3795802079812067
0.3607757767663431,0.1782045556051806,-0.5097502089330476,0.1331119356588876,0.9212063529932024,0.9386486503168324,0.3813780629317653
0.3607757767663431,0.1782045556051806,-0.5097502089330476,0.164116389320802,0.9279336605510696,0.9386486503168324,0.4590150769691379
0.3607757767663431,0.1782045556051806,-0.5097502089330476,0.1657248008720583,0.93992864885114,0.9386486503168324,0.4050690834892607
0.3607757767663431,0.1782045556051806,-0.5097502089330476,0.1890388258970164,0.9723050777693484,0.9386486503168324,0.293734861336221
0.3607757767663431,0.1782045556051806,-0.5097502089330476,0.2441126209694114,0.909778375528286,0.9386486503168324,0.4670617585382936
0.3607757767663431,0.1782045556051806,-0.5097502089330476,0.1840189184655581,0.927554635811554,0.9386486503168324,0.52947432772783
0.3607757767663431,0.1782045556051806,-0.5097502089330476,0.1770549993344324,0.909306587239547,0.9386486503168324,0.7361848605090406
0.3607757767663431,0.1782045556051806,-0.5097502089330476,0.1509807196737361,0.9126877083778407,0.9386486503168324,0.8531070331805592
0.3607757767663431,0.1782045556051806,-0.5097502089330476,0.1907802017743936,0.8979917236454389,0.9386486503168324,0.6688360441718038
0.3607757767663431,0.1782045556051806,-0.5097502089330476,0.1043759208909996,0.8929345839386308,0.9386486503168324,0.5397733392845994
0.3607757767663431,0.1782045556051806,-0.5097502089330476,0.1039585915096341,0.851939709036289,0.8650287706357968,0.6698339081782346
0.3607757767663431,0.1782045556051806,-0.5097502089330476,0.1256890303407276,0.8075437866391016,0.800611375914891,0.7271588362272005
0.3607757767663431,0.1782045556051806,-0.5097502089330476,0.1676712405801567,0.825353964125011,0.8466238007155381,0.7290238015617451
0.3607757767663431,0.1782045556051806,-0.5097502089330476,0.226204597869154,0.8239429237021308,0.8466238007155381,0.6546334941229173
0.3607757767663431,0.1782045556051806,-0.5097502089330476,0.1723210619129444,0.7778785293140166,0.7760714160212124,0.5068684439817918
0.3607757767663431,0.1782045556051806,-0.5097502089330476,0.1917365901801657,0.7435741618046763,0.7760714160212124,0.5620468947536059
0.3607757767663431,0.1782045556051806,-0.5097502089330476,0.2015264642090697,0.6663298526145283,0.702451536340177,0.524864987275922
0.3607757767663431,0.1782045556051806,-0.5097502089330476,0.2269270949881703,0.6617453491265249,0.702451536340177,0.605937789220782
0.3607757767663431,0.1782045556051806,-0.5097502089330476,0.2331621177577195,0.6531298285011196,0.702451536340177,0.7803867485984265
0.3607757767663431,0.1782045556051806,-0.5097502089330476,0.2068090903833185,0.6765761971359289,0.702451536340177,0.8610711894915033
0.3607757767663431,0.1782045556051806,-0.5097502089330476,0.2119867772101181,0.668488258597607,0.702451536340177,0.7500234319687973
0.3607757767663431,0.1782045556051806,-0.5097502089330476,0.2314590138776473,0.6660752616122028,0.6778573739422845,0.6899430511932336
0.3607757767663431,0.1782045556051806,-0.5097502089330476,0.2205366796790256,0.6328535312111693,0.6503041215661103,0.5495084477808183
0.3607757767663431,0.1782045556051806,-0.5097502089330476,0.247435185896736,0.5994161297978406,0.6379188706760057,0.4924195490037407
0.3607757767663431,0.1782045556051806,-0.5097502089330476,0.2732275079342762,0.6113168706710722,0.6257641616724318,0.4523450667528779
0.3607757767663431,0.1782045556051806,-0.5097502089330476,0.2557015463641044,0.5922370027042898,0.619629171699012,0.400530692486973
0.3607757767663431,0.1782045556051806,-0.5097502089330476,0.2819183995029331,0.5613773934846986,0.5552117769781061,0.4671217182962131
0.3607757767663431,0.1782045556051806,-0.5097502089330476,0.2736960929851508,0.5687752017422787,0.5858867268452042,0.5405973610212461
0.3607757767663431,0.1782045556051806,-0.5097502089330476,0.2772349358499338,0.5818983185986984,0.5582792719648157,0.6526105116746377
0.3607757767663431,0.1782045556051806,-0.5097502089330476,0.3212148517551416,0.5815477843094018,0.5950892118053337,0.7056595997825086
0.3607757767663431,0.1782045556051806,-0.5097502089330476,0.3502864666714406,0.5725274618704737,0.5828192318584945,0.5670413140027092
0.3607757767663431,0.1782045556051806,-0.5097502089330476,0.2956900633245689,0.57099232688243,0.5828192318584945,0.5059283124890958
0.3607757767663431,0.1782045556051806,-0.5097502089330476,0.3446666559703978,0.5774103519487127,0.5705492519116551,0.610600935203257
0.3607757767663431,0.1782045556051806,-0.5097502089330476,0.3279276777770669,0.5733479613988673,0.583478105729545,0.5982536209485294
0.3607757767663431,0.1782045556051806,-0.5097502089330476,0.3166161214811219,0.5575946502706298,0.5828192318584945,0.528938909948168
0.3607757767663431,0.1782045556051806,-0.5097502089330476,0.3494961705034352,0.5567163643082361,0.5582792719648157,0.7195796414900737
0.3607757767663431,0.1782045556051806,-0.5097502089330476,0.3853016816165199,0.544669525084628,0.5337393120711375,0.7738650845672047
0.3607757767663431,0.1782045556051806,-0.5097502089330476,0.4256168685926907,0.5386049172698665,0.5337393120711375,0.6584328210318664
0.3607757767663431,0.1782045556051806,-0.5097502089330476,0.4520946709088431,0.5482800960987892,0.5674817569249452,0.8218924403788653
0.3607757767663431,0.1782045556051806,-0.5097502089330476,0.4194876699533241,0.5715725230301109,0.5705492519116551,0.6353901629788725
0.3607757767663431,0.1782045556051806,-0.5097502089330476,0.4386046972179092,0.5484582462056623,0.5521442819913963,0.7375198003393177
0.3607757767663431,0.1782045556051806,-0.5097502089330476,0.4393167209785231,0.5447051381474013,0.5650311725802172,0.8693530797689002
0.3607757767663431,0.1782045556051806,-0.5097502089330476,0.3980833764411997,0.5518760403193117,0.5539782115674906,0.9070084524708982
0.3607757767663431,0.1782045556051806,-0.5097502089330476,0.4128126632491657,0.5444223958668837,0.5582792719648157,0.9754977350540752
0.3607757767663431,0.1782045556051806,-0.5097502089330476,0.3845257888883603,0.5240013145181586,0.539874302044557,0.8054880250066551
0.3607757767663431,0.1782045556051806,-0.5097502089330476,0.4102636247705975,0.5336789523442731,0.5582792719648157,0.7831055104076659
0.3607757767663431,0.1782045556051806,-0.5097502089330476,0.3422970020469396,0.5783706751449946,0.5818793664058028,0.6972448368059881
0.3607757767663431,0.1782045556051806,-0.5097502089330476,0.2998878224096196,0.588419239978494,0.5923853981372205,0.794183002418674
0.3607757767663431,0.1782045556051806,-0.5097502089330476,0.2664309156214754,0.6795392887516698,0.6738836182025846,0.7894248468882152
0.3607757767663431,0.1782045556051806,-0.5097502089330476,0.2804315735603194,0.6727987110882695,0.6717765864730787,0.938335521103919
0.3607757767663431,0.1782045556051806,-0.5097502089330476,0.3419246113978935,0.7983412016324805,0.8098138608750204,0.9011264178025064
0.3607757767663431,0.1782045556051806,-0.5097502089330476,0.2639214454497982,0.7848716629475841,0.7822064059946321,0.972495351281422
0.3607757767663431,0.1782045556051806,-0.5097502089330476,0.3653754279487031,0.7950301195176408,0.786191633389433,0.9106217458787366
0.3607757767663431,0.1782045556051806,-0.5097502089330476,0.3079345715720223,0.8102998137327183,0.7638014360743732,0.9256835432894012
0.3607757767663431,0.1782045556051806,-0.5097502089330476,0.4591578708931928,0.8471121887913616,0.7638014360743732,0.8640589789535777
0.3607757767663431,0.1782045556051806,-0.5097502089330476,0.4254015988960215,0.8859815573971866,0.7638014360743732,0.8338263077788873
0.3607757767663431,0.1782045556051806,-0.5097502089330476,0.5157338007071234,0.8587500289476203,0.8817604141513773,0.8825030224937637
0.3607757767663431,0.1782045556051806,-0.5097502089330476,0.4889314271622135,0.8596262798778556,0.8803662455693458,0.8442900181819457
0.3607757767663431,0.1782045556051806,-0.5097502089330476,0.4114690280749636,0.8667964613092098,0.8766435442295734,0.7615348849256858
0.3607757767663431,0.1782045556051806,-0.5097502089330476,0.3781117725142109,0.8653178408600671,0.8650287706357968,0.8207342147911367
0.3607757767663431,0.1782045556051806,-0.5097502089330476,0.4292213911431715,0.8515207467906637,0.8374213157554087,0.8121872238440725
0.3607757767663431,0.1782045556051806,-0.5097502089330476,0.4087498232427866,0.8414008710386114,0.8619612756490871,0.8109161121431935
0.3607757767663431,0.1782045556051806,-0.5097502089330476,0.3582292229981554,0.8424524739065016,0.8190163458351496,0.7491923768294619
0.3607757767663431,0.1782045556051806,-0.5097502089330476,0.3326195365778621,0.8244571084941713,0.8342037936956661,0.7685476562996321
0.3607757767663431,0.1782045556051806,-0.5097502089330476,0.2114877391721407,0.7970637949880066,0.8374213157554087,0.6703078422960613
0.3607757767663431,0.1782045556051806,-0.5097502089330476,0.2915632926216162,0.7964539636845179,0.7852739009813418,0.6424093816386166
0.3607757767663431,0.1782045556051806,-0.5097502089330476,0.3108058149999448,0.7799646916554698,0.778302802197837,0.584469089466096
0.3607757767663431,0.1782045556051806,-0.5097502089330476,0.2469353659577383,0.7291304362669184,0.7239240012471457,0.5683521644287782
0.3607757767663431,0.1782045556051806,-0.5097502089330476,0.2706442715742451,0.7387965846406379,0.7515314561275339,0.57521887547356
0.3607757767663431,0.1782045556051806,-0.5097502089330476,0.2674843214827814,0.7366979577272144,0.7392614761806947,0.4612686378022221
0.3607757767663431,0.1782045556051806,-0.5097502089330476,0.1816223301095879,0.6096597185465266,0.6411016366059809,0.4106626314240459
0.3607757767663431,0.1782045556051806,-0.5097502089330476,0.2270088036447821,0.6149713220661505,0.6073591917521728,0.3957391869054328
0.3607757767663431,0.1782045556051806,-0.5097502089330476,0.30853496867383,0.5855195311351886,0.6016137689510539,0.4324861663443667
0.3607757767663431,0.1782045556051806,-0.5097502089330476,0.3286161210490187,0.5814024914925875,0.5613467669515257,0.5281931934281198
0.3607757767663431,0.1782045556051806,-0.5097502089330476,0.3081456848474788,0.5378424585544925,0.5276043220977178,0.5210100964857337
0.3607757767663431,0.1782045556051806,-0.5097502089330476,0.3591568045242357,0.5487337386841153,0.5578613028508892,0.5612450868471169
0.3607757767663431,0.1782045556051806,-0.5097502089330476,0.392895092797942,0.5546913377245439,0.5705492519116551,0.6881014133109392
0.3607757767663431,0.1782045556051806,-0.5097502089330476,0.3660531303697984,0.5876923519293897,0.5523210904748511,0.6998682960087984
0.3607757767663431,0.1782045556051806,-0.5097502089330476,0.3798908442512992,0.5345187846781723,0.5306718170844278,0.7033110294014406
0.3607757767663431,0.1782045556051806,-0.5097502089330476,0.4327631970012943,0.5495480907195301,0.0649642740269516,0.6399278213350468
0.3607757767663431,0.1782045556051806,-0.5097502089330476,0.3974371146716539,0.5786123776103165,0.5766857344796049,0.7610619472065733
0.3607757767663431,0.1782045556051806,-0.5097502089330476,0.4202764023192891,0.5734811288157373,0.5766857344796049,0.7588485939921916
0.3607757767663431,0.1782045556051806,-0.5097502089330476,0.3810265760594962,0.5643595635269253,0.5766857344796049,0.8473515411488713
0.3607757767663431,0.1782045556051806,-0.5097502089330476,0.3991904659804459,0.5864355499855202,0.5766857344796049,0.7862533683925927
0.3607757767663431,0.1782045556051806,-0.5097502089330476,0.3525035675905874,0.5911434696946345,0.5981581993865734,0.8377854687639326
0.3607757767663431,0.1782045556051806,-0.5097502089330476,0.3274908831755667,0.5851012896301193,0.5981581993865734,0.870587617775799
0.3607757767663431,0.1782045556051806,-0.5097502089330476,0.3241862813953642,0.5591521282159134,0.5797532294663145,0.8810927666430305
0.3607757767663431,0.1782045556051806,-0.5097502089330476,0.4126616740468949,0.5851386409495282,0.5797532294663145,0.9646141305105134
0.3607757767663431,0.1782045556051806,-0.5097502089330476,0.4461360501499379,0.592615645875275,0.5797532294663145,0.876402717895272
0.3607757767663431,0.1782045556051806,-0.5097502089330476,0.4108270461846864,0.5783994199742332,0.5582807645593457,0.9081609341130978
0.3607757767663431,0.1782045556051806,-0.5097502089330476,0.4988450678920796,0.5944674827429811,0.604293189359993,0.8856506460319342
0.3607757767663431,0.1782045556051806,-0.5097502089330476,0.7309823448961591,0.7387879357539646,0.7239254511961176,0.9143241290539624
0.3607757767663431,0.1782045556051806,-0.5097502089330476,0.5981187193961303,0.7601171925999107,0.7361954311429568,0.8332961650512417
0.3607757767663431,0.1782045556051806,-0.5097502089330476,0.5665737869421674,0.7252997426076156,0.745397916103086,0.8198666445695103
0.3607757767663431,0.1782045556051806,-0.5097502089330476,0.4267991852406181,0.7588082429569806,0.7423304211163764,0.7765976201233757
0.3607757767663431,0.1782045556051806,-0.5097502089330476,0.4910615313046907,0.7803374417124965,0.7699378759967644,0.8334799126964787
0.3607757767663431,0.1782045556051806,-0.5097502089330476,0.3883702315939895,0.7575947702394853,0.7699378759967644,0.8769078334316843
0.3607757767663431,0.1782045556051806,-0.5097502089330476,0.4166449659126391,0.7133496946010447,0.7255946836272283,0.7980761080301365
0.3607757767663431,0.1782045556051806,-0.5097502089330476,0.4430643314157022,0.7259595169919933,0.7147229662359882,0.836989756473107
0.3607757767663431,0.1782045556051806,-0.5097502089330476,0.4453801164741364,0.7198085475000068,0.7392629261296666,0.8189307331184273
0.3607757767663431,0.1782045556051806,-0.5097502089330476,0.4991466347697689,0.7280961311723753,0.717790461222698,0.8705237896464009
0.3607757767663431,0.1782045556051806,-0.5097502089330476,0.5211838565814101,0.7256726622506555,0.717790461222698,0.6228847729987209
0.3607757767663431,0.1782045556051806,-0.5097502089330476,0.4250930360618357,0.7614020610289657,0.7423304211163764,0.557603073711634
0.3607757767663431,0.1782045556051806,-0.5097502089330476,0.427108365365083,0.76725854440902,0.7499261920334184,0.6614569497411648
0.3607757767663431,0.1782045556051806,-0.5097502089330476,0.4743627592848726,0.7684774438789379,0.797545330877153,0.7016796902595323
0.3607757767663431,0.1782045556051806,-0.5097502089330476,0.3239662791398884,0.8911679216460577,0.8689200072207729,0.7120990902256532
0.3607757767663431,0.1782045556051806,-0.5097502089330476,0.4556529378410757,0.8385540306349231,0.8527602406379295,0.6705288669755474
0.3607757767663431,0.1782045556051806,-0.5097502089330476,0.311074953561638,0.8059025332032944,0.8036803208505726,0.6805673495743969
0.3607757767663431,0.1782045556051806,-0.5097502089330476,0.4073820314423284,0.8011018075484536,0.7900500328947515,0.6462881273862566
0.3607757767663431,0.1782045556051806,-0.5097502089330476,0.4035844616452265,0.7993425222474551,0.797545330877153,0.5055473951218244
0.3607757767663431,0.1782045556051806,-0.5097502089330476,0.3922302300146523,0.7808356854192956,0.7938682602844368,0.5698825156304175
0.3607757767663431,0.1782045556051806,-0.5097502089330476,0.3380231310704743,0.7597373199303293,0.7638028860233451,0.7356179682523476
0.3607757767663431,0.1782045556051806,-0.5097502089330476,0.3928301950132646,0.782685953616379,0.7754383000671919,0.6579461095658222
0.3607757767663431,0.1782045556051806,-0.5097502089330476,0.3738952683810178,0.7675322562343345,0.7576678960499255,0.5130079011885827
0.3607757767663431,0.1782045556051806,-0.5097502089330476,0.3454572402072002,0.7941627718530989,0.8159503007974118,0.4925844236850969
0.3607757767663431,0.1782045556051806,-0.5097502089330476,0.2839846141015221,0.7655689589594492,0.7791403609568941,0.4841721810112065
0.3607757767663431,0.1782045556051806,-0.5097502089330476,0.2420732790743065,0.7154407749368807,0.7214618173106424,0.4798641046411225
0.3607757767663431,0.1782045556051806,-0.5097502089330476,0.3166635293745578,0.7395476810931273,0.7546004010632157,0.5074287131176198
0.3607757767663431,0.1782045556051806,-0.5097502089330476,0.3392582466136085,0.7630624776842652,0.7546004010632157,0.629597804194759
0.3607757767663431,0.1782045556051806,-0.5097502089330476,0.3820158454608024,0.7352886979574729,0.7546004010632157,0.631932366382139
0.3607757767663431,0.1782045556051806,-0.5097502089330476,0.3291872380152539,0.7409301462727822,0.7546004010632157,0.6666299001951779
0.3607757767663431,0.1782045556051806,-0.5097502089330476,0.4277667671767848,0.7359776411361221,0.7546004010632157,0.6294177490859334
0.3607757767663431,0.1782045556051806,-0.5097502089330476,0.3163463656291496,0.7171749615079248,0.7423304211163764,0.6801874286058398
0.3607757767663431,0.1782045556051806,-0.5097502089330476,0.2430761288617531,0.7151796124765436,0.7208579562094077,0.6744406697158234
0.3607757767663431,0.1782045556051806,-0.5097502089330476,0.2179621059592446,0.6712277086584327,0.7208579562094077,0.657844945790486
0.3607757767663431,0.1782045556051806,-0.5097502089330476,0.2179214059535085,0.6215734751462715,0.6319006015948232,0.6450218218438815
0.3607757767663431,0.1782045556051806,-0.5097502089330476,0.1556593890389009,0.6791673018317026,0.7116554712492783,0.5444034282744383
0.3607757767663431,0.1782045556051806,-0.5097502089330476,0.306232887459592,0.7119535777473267,0.7208579562094077,0.4661567061415064
0.3607757767663431,0.1782045556051806,-0.5097502089330476,0.3183152335507225,0.7149527911838804,0.7081087254818006,0.4261501841441212
0.3607757767663431,0.1782045556051806,-0.5097502089330476,0.2709054059386524,0.6804854939123522,0.7024529862891488,0.5149223347887032
0.3607757767663431,0.1782045556051806,-0.5097502089330476,0.3128587784338755,0.7220789650448081,0.7226650190839642,0.5519011527637567
0.3607757767663431,0.1782045556051806,-0.5097502089330476,0.2163786740879498,0.5866240448391989,0.619630621647984,0.6995057827118953
0.3607757767663431,0.1782045556051806,-0.5097502089330476,0.2475008655824336,0.5616683606868565,0.5889556717808858,0.5481115553951933
0.3607757767663431,0.1782045556051806,-0.5097502089330476,0.2362708121796742,0.552623363483007,0.5889556717808858,0.3991112052952111
0.3607757767663431,0.1782045556051806,-0.5097502089330476,0.2586941079082153,0.516079485479772,0.5368082570068192,0.3719129198754065
0.3607757767663431,0.1782045556051806,-0.5097502089330476,0.3342359729027468,0.5318845203420373,0.5490782369536583,0.3289734689569171
0.3607757767663431,0.1782045556051806,-0.5097502089330476,0.2691820755137679,0.5254531403772149,0.5184032870865601,0.39299352233091
0.3607757767663431,0.1782045556051806,-0.5097502089330476,0.2849795419970534,0.5281114859272245,0.5153357920998504,0.3627298455727011
0.3607757767663431,0.1782045556051806,-0.5097502089330476,0.2938197149315424,0.4971363462361371,0.5153357920998504,0.3957453704386298
0.3607757767663431,0.1782045556051806,-0.5097502089330476,0.2959079256404104,0.4869555467088406,0.4999983171663014,0.3516108271799863
0.3607757767663431,0.1782045556051806,-0.5097502089330476,0.3336912759604577,0.5198428958883354,0.5245382770599799,0.5287275561973785
0.3607757767663431,0.1782045556051806,-0.5097502089330476,0.3698525931904228,0.4850034421108268,0.5030658121530112,0.6125156032501337
0.3607757767663431,0.1782045556051806,-0.5097502089330476,0.3587122320652186,0.4613007442170568,0.4815933472460426,0.5464753514830921
0.3607757767663431,0.1782045556051806,-0.5097502089330476,0.4327434025596773,0.4723408360732678,0.4509183973789444,0.4685001773056253
0.3607757767663431,0.1782045556051806,-0.5097502089330476,0.4006495755895274,0.4643292112408887,0.4785258522593327,0.5277379564391067
0.3607757767663431,0.1782045556051806,-0.5097502089330476,0.4130155048348823,0.4588769785198139,0.4687067551761276,0.5768619955649715
0.3607757767663431,0.1782045556051806,-0.5097502089330476,0.3972140671174679,0.4449197104609373,0.4478509023922346,0.5902020159974918
0.3607757767663431,0.1782045556051806,-0.5097502089330476,0.4222678630650775,0.460369293039523,0.4723908622859131,0.4752995728255093
0.3607757767663431,0.1782045556051806,-0.5097502089330476,0.403749483913176,0.458275117758946,0.4539858923656543,0.5609017981842291
0.3607757767663431,0.1782045556051806,-0.5097502089330476,0.4341235401657177,0.4586127211147358,0.464249782618766,0.619223007724021
0.3607757767663431,0.1782045556051806,-0.5097502089330476,0.376021915697932,0.467671454785655,0.490795832206172,0.6347733335630911
0.3607757767663431,0.1782045556051806,-0.5097502089330476,0.4213146845687568,0.4571275716040846,0.4550295571065099,0.5544913205271746
0.3607757767663431,0.1782045556051806,-0.5097502089330476,0.3788390639210616,0.472282498484725,0.4595159550988892,0.5351293593244505
0.3607757767663431,0.1782045556051806,-0.5097502089330476,0.2498029673730142,0.444074239392099,0.4539858923656543,0.5065172427408794
0.3607757767663431,0.1782045556051806,-0.5097502089330476,0.1992580253150434,0.4769285192990187,0.4539858923656543,0.4317030262608468
0.3607757767663431,0.1782045556051806,-0.5097502089330476,0.1279294339679109,0.5168219330455878,0.4842428731188257,0.2615086307811646
0.3607757767663431,0.1782045556051806,-0.5097502089330476,0.1020806504461745,0.9016095020651615,0.8804709830597861,0.2109046904650281
0.3607757767663431,0.1782045556051806,-0.5097502089330476,0.2559883188514376,0.9476259036115384,0.944785090239224,0.2206544372305925
0.3607757767663431,0.1782045556051806,-0.5097502089330476,0.1269506070604931,0.9310401371409762,0.944785090239224,0.2156859390009808
0.3607757767663431,0.1782045556051806,-0.5097502089330476,0.1572669981127944,0.9502231134037876,0.944785090239224,0.2603138608053003
0.3607757767663431,0.1782045556051806,-0.5097502089330476,0.1353219068753106,0.9461228627764942,0.944785090239224,0.2524515716099614
0.3607757767663431,0.1782045556051806,-0.5097502089330476,0.1106694010499809,0.930163292659695,0.944785090239224,0.3826017870820305
0.3607757767663431,0.1782045556051806,-0.5097502089330476,0.2289007777739202,0.8203602495871418,0.8527602406379295,0.3587611894940263
0.3607757767663431,0.1782045556051806,-0.5097502089330476,0.2281734657907269,0.8546841194880009,0.8159503007974118,0.2823917118444993
0.3607757767663431,0.1782045556051806,-0.5097502089330476,0.2363132611745345,0.8560004461225056,0.8527602406379295,0.2337777409427733
0.3607757767663431,0.1782045556051806,-0.5097502089330476,0.1437909134531404,0.8451875571274872,0.8527602406379295,0.2538904885766502
0.3607757767663431,0.1782045556051806,-0.5097502089330476,0.0233470963516616,0.7548042323921813,0.8527602406379295,0.2552415759272664
0.3607757767663431,0.1782045556051806,-0.5097502089330476,0.0699121107759093,0.5122351825429096,0.4723908622859131,0.2552233769978099
0.3607757767663431,0.1782045556051806,-0.5097502089330476,0.1873454957796969,0.4632289795837118,0.441715912418815,0.3499820962582416
0.3607757767663431,0.1782045556051806,-0.5097502089330476,0.2906405465360557,0.4577539375438608,0.4815933472460426,0.3266309648856679
0.3607757767663431,0.1782045556051806,-0.5097502089330476,0.283470761096846,0.462904731126462,0.441715912418815,0.2620863075886466
0.3607757767663431,0.1782045556051806,-0.5097502089330476,0.3074119530453827,0.4552085786751493,0.4723908622859131,0.4126564545570128
0.3607757767663431,0.1782045556051806,-0.5097502089330476,0.3211884317311956,0.4606686123528316,0.4447834074055248,0.3163781393398863
0.3607757767663431,0.1782045556051806,-0.5097502089330476,0.4094093773296759,0.4652543029429272,0.4601208823390739,0.320568142462337
0.3607757767663431,0.1782045556051806,-0.5097502089330476,0.401385714823712,0.4855227144832635,0.4601208823390739,0.3952985735328429
0.3607757767663431,0.1782045556051806,-0.5097502089330476,0.4580599584027627,0.4791804095718772,0.4785258522593327,0.5318349721168466
0.3607757767663431,0.1782045556051806,-0.5097502089330476,0.4038303900924251,0.4987241376812812,0.4913244665431003,0.3733795308651813
0.3607757767663431,0.1782045556051806,-0.5097502089330476,0.5302416037629437,0.4856680073000777,0.4938633271928818,0.2691280331369939
0.3607757767663431,0.1782045556051806,-0.5097502089330476,0.4481779640878724,0.472356607572496,0.4842713177060096,0.1389726744892089
0.3607757767663431,0.1782045556051806,-0.5097502089330476,0.4602515035043543,0.4748230665485634,0.4785258522593327,0.1010601430014125
0.3607757767663431,0.1782045556051806,-0.5097502089330476,0.4306407884109634,0.4962418648094823,0.4999983171663014,0.1043489034868657
0.3607757767663431,0.1782045556051806,-0.5097502089330476,0.398500500059139,0.4844787853824709,0.4723908622859131,0.096463089024826
0.3607757767663431,0.1782045556051806,-0.5097502089330476,0.3834984944058608,0.4934164770364644,0.4723908622859131,0.1337556920037814
0.3607757767663431,0.1782045556051806,-0.5097502089330476,0.3685253367849599,0.4914828149173869,0.5030658121530112,0.149236313891624
0.3607757767663431,0.1782045556051806,-0.5097502089330476,0.2895631898119202,0.5268467134407347,0.5030658121530112,0.1397747608012209
0.3607757767663431,0.1782045556051806,-0.5097502089330476,0.336505214274136,0.5349577580733559,0.5276057720466898,0.0771713519520699
0.3607757767663431,0.1782045556051806,-0.5097502089330476,0.2807849928214541,0.5512911381597644,0.5555482504307009,0.067024042099538
0.3607757767663431,0.1782045556051806,-0.5097502089330476,0.256124822308492,0.6014259784333512,0.5730036317110448,0.089757450228072
0.3607757767663431,0.1782045556051806,-0.5097502089330476,0.2861038333587442,0.617498832006972,0.6030669589853529,0.0742612156515531
0.3607757767663431,0.1782045556051806,-0.5097502089330476,0.3209775653718507,0.6436369970328963,0.6472380765283722,0.0757462526910795
0.3607757767663431,0.1782045556051806,-0.5097502089330476,0.3284730331623204,0.615062262565732,0.6104281366878543,0.0647912078250015
0.3607757767663431,0.1782045556051806,-0.5097502089330476,0.3212623831066333,0.6076468597592819,0.6104281366878543,0.0640980037151303
0.3607757767663431,0.1782045556051806,-0.5097502089330476,0.3831700548246875,0.5902851948817991,0.6104281366878543,0.0534982409288162
0.3607757767663431,0.1782045556051806,-0.5097502089330476,0.4231127688464418,0.6534089670788564,0.650305571515082,0.0616661241445092
0.3607757767663431,0.1782045556051806,-0.5097502089330476,0.4001805584354576,0.694168541387875,0.6809805213821801,0.0818954467647174
0.3607757767663431,0.1782045556051806,-0.5097502089330476,0.330120375153846,0.6899836673399917,0.6901830063423097,0.0623483312362185
0.3607757767663431,0.1782045556051806,-0.5097502089330476,0.2411313764137509,0.690880607763838,0.6901830063423097,0.0680741071415476
0.3607757767663431,0.1782045556051806,-0.5097502089330476,0.3398369768266193,0.6740321101623161,0.7012737513194214,0.0663740860897399
0.3607757767663431,0.1782045556051806,-0.5097502089330476,0.4938310658709581,0.6995532364791905,0.7126181094299401,0.0615946691690707
0.3607757767663431,0.1782045556051806,-0.5097502089330476,0.4942770786739598,0.7081671460374707,0.7239254511961176,0.1086167575853248
0.3607757767663431,0.1782045556051806,-0.5097502089330476,0.3832616195494225,0.72844022119317,0.7267223174717795,0.1443144266077459
0.3607757767663431,0.1782045556051806,-0.5097502089330476,0.4587285249277272,0.6972001881494545,0.6850147911686774,0.1218814839767723
0.3607757767663431,0.1782045556051806,-0.5097502089330476,0.3504743698324026,0.6996489253871421,0.7024529862891488,0.1533753541504277
0.3607757767663431,0.1782045556051806,-0.5097502089330476,0.4946248188645266,0.7094983962411373,0.7116554712492783,0.1234902869242329
0.3607757767663431,0.1782045556051806,-0.5097502089330476,0.415869443558647,0.6892352418672105,0.6871155113555998,0.0799336915521334
0.3607757767663431,0.1782045556051806,-0.5097502089330476,0.4249516765879189,0.6708149786987928,0.6963179963157292,0.1238248131396047
0.3607757767663431,0.1782045556051806,-0.5097502089330476,0.3424886912549468,0.6759784488358811,0.6963179963157292,0.0868667803347879
0.3607757767663431,0.1782045556051806,-0.5097502089330476,0.3527892495317608,0.6818211533523626,0.6595080564752116,0.0685959123564229
0.3607757767663431,0.1782045556051806,-0.5097502089330476,0.2824385694447988,0.6721293126976422,0.6595080564752116,0.0923371411520686
0.3607757767663431,0.1782045556051806,-0.5097502089330476,0.3205812650126602,0.6692869239268003,0.6595080564752116,0.1048146392946836
0.3607757767663431,0.1782045556051806,-0.5097502089330476,0.2989877926063305,0.6849002418011367,0.6901830063423097,0.0958697775492843
0.3607757767663431,0.1782045556051806,-0.5097502089330476,0.3225325195849358,0.6760390334390988,0.6869070172225535,0.0874221847004231
0.3607757767663431,0.1782045556051806,-0.5097502089330476,0.3023648231126155,0.6813725559509295,0.6963179963157292,0.1034381877356221
0.3607757767663431,0.1782045556051806,-0.5097502089330476,0.3263349453989,0.7017136350979246,0.6963179963157292,0.0948955706858547
0.3607757767663431,0.1782045556051806,-0.5097502089330476,0.3132040083106407,0.7011915645562701,0.6963179963157292,0.1312369718893407
0.3607757767663431,0.1782045556051806,-0.5097502089330476,0.2839577619743807,0.6979686671682973,0.6963179963157292,0.1183257765534461
0.3607757767663431,0.1782045556051806,-0.5097502089330476,0.2645478304723566,0.6920689393548755,0.6963179963157292,0.1591241204907948
0.3607757767663431,0.1782045556051806,-0.5097502089330476,0.2580228253060228,0.6702277447315638,0.6824296600884695,0.147515826370639
0.3607757767663431,0.1782045556051806,-0.5097502089330476,0.2833185578903594,0.6724449122682186,0.6748455314087606,0.0766341538423523
0.3607757767663431,0.1782045556051806,-0.5097502089330476,0.2288903661445458,0.6790394339777455,0.6748455314087606,0.0832839356994219
0.3607757767663431,0.1782045556051806,-0.5097502089330476,0.2193878407405688,0.6390889545377325,0.6748455314087606,0.1528194076266686
0.3607757767663431,0.1782045556051806,-0.5097502089330476,0.1857971465725983,0.6456683406955804,0.6257656116214035,0.200229391864424
0.3607757767663431,0.1782045556051806,-0.5097502089330476,0.1945919486715725,0.6350723098149491,0.6257656116214035,0.1693980022858751
0.3607757767663431,0.1782045556051806,-0.5097502089330476,0.2428596245845256,0.6308039146555617,0.6435539694185867,0.2153759710833297
0.3607757767663431,0.1782045556051806,-0.5097502089330476,0.1877451089300519,0.6549830220569308,0.6617428116509179,0.1893281305495296
0.3607757767663431,0.1782045556051806,-0.5097502089330476,0.2310275897015754,0.6531704443512822,0.6400825357065313,0.1689966001332735
0.3607757767663431,0.1782045556051806,-0.5097502089330476,0.1706949135543349,0.6308697564251892,0.650305571515082,0.1896350213535044
0.3607757767663431,0.1782045556051806,-0.5097502089330476,0.1645600975734282,0.591647140153856,0.650305571515082,0.1751839870488022
0.3607757767663431,0.1782045556051806,-0.5097502089330476,0.1555270625794018,0.5287608731682936,0.52147078207327,0.2037958545326947
0.3607757767663431,0.1782045556051806,-0.5097502089330476,0.2230038654665836,0.5071764741654787,0.52147078207327,0.1541433284594004
0.3607757767663431,0.1782045556051806,-0.5097502089330476,0.2440728880517792,0.4708013766418875,0.4509183973789444,0.1623332276908007
0.3607757767663431,0.1782045556051806,-0.5097502089330476,0.2150369730899555,0.4860776423149767,0.4509183973789444,0.188433071445729
0.3607757767663431,0.1782045556051806,-0.5097502089330476,0.2438431943389213,0.4900428176827517,0.4999983171663014,0.2187034006306474
0.3607757767663431,0.1782045556051806,-0.5097502089330476,0.2534263172770079,0.5260474969569983,0.5398757519935289,0.1359926217700917
0.3607757767663431,0.1782045556051806,-0.5097502089330476,0.2671076098017815,0.5662114427911343,0.5697462787001333,0.1040407378786536
0.3607757767663431,0.1782045556051806,-0.5097502089330476,0.1974726983697934,0.5569189771975139,0.5797531868207565,0.0939003222260487
0.3607757767663431,0.1782045556051806,-0.5097502089330476,0.2000754411026445,0.5364443490651193,0.4999983171663014,0.0941600745790883
0.3607757767663431,0.1782045556051806,-0.5097502089330476,0.1507844830940061,0.537618520224054,0.5490782369536583,0.078164798102437
0.3607757767663431,0.1782045556051806,-0.5097502089330476,0.1509799171963732,0.4707797120287004,0.4723908622859131,0.117480661935195
0.3607757767663431,0.1782045556051806,-0.5097502089330476,0.2446004449006516,0.518484469526052,0.5276057720466898,0.2057465980741945
0.3607757767663431,0.1782045556051806,-0.5097502089330476,0.1536368580157305,0.4639757515928642,0.4539858923656543,0.2603824950932022
0.3607757767663431,0.1782045556051806,-0.5097502089330476,0.1924615153076131,0.4833303489010402,0.5153357920998504,0.3033713849714228
0.3607757767663431,0.1782045556051806,-0.5097502089330476,0.2593180854986851,0.5200742960033548,0.5153357920998504,0.2143668829384418
0.3607757767663431,0.1782045556051806,-0.5097502089330476,0.2471388248337339,0.5411984385663284,0.5153357920998504,0.2323564954003394
0.3607757767663431,0.1782045556051806,-0.5097502089330476,0.2579707877354936,0.5215380352798387,0.5340831205597076,0.1705966552861403
0.3607757767663431,0.1782045556051806,-0.5097502089330476,0.2385696834844607,0.5522296271568461,0.5398757519935289,0.1970120936808704
0.3607757767663431,0.1782045556051806,-0.5097502089330476,0.2000074157138863,0.5417392907589456,0.5398757519935289,0.2001207550987312
0.3607757767663431,0.1782045556051806,-0.5097502089330476,0.2301366957944172,0.5550919846807425,0.5398757519935289,0.1256346688335005
0.3607757767663431,0.1782045556051806,-0.5097502089330476,0.204208178944962,0.610542032176734,0.5736181968473366,0.1809435525928805
0.3607757767663431,0.1782045556051806,-0.5097502089330476,0.2061721496969873,0.6405623178204657,0.6319006015948232,0.1923673810746082
0.3607757767663431,0.1782045556051806,-0.5097502089330476,0.2121155851150263,0.5489227422958334,0.5582807219137876,0.1601762735742275
0.3607757767663431,0.1782045556051806,-0.5097502089330476,0.1261062671285513,0.5738689296314361,0.5582807219137876,0.1635241879068754
0.3607757767663431,0.1782045556051806,-0.5097502089330476,0.126777199932919,0.5365302443808081,0.5582807219137876,0.2320608580406661
0.3607757767663431,0.1782045556051806,-0.5097502089330476,0.1800950510773497,0.6022485977869099,0.6165631266612741,0.1549781493997585
0.3607757767663431,0.1782045556051806,-0.5097502089330476,0.2598975976127162,0.5986404433734367,0.6165631266612741,0.2106241749211351
0.3607757767663431,0.1782045556051806,-0.5097502089330476,0.1804808986544805,0.5791433090211613,0.6165631266612741,0.0978610364208543
0.3607757767663431,0.1782045556051806,-0.5097502089330476,0.1559319226971292,0.5812824669917409,0.6165631266612741,0.1122731379110913
0.3607757767663431,0.1782045556051806,-0.5097502089330476,0.2276903744182932,0.5566131288226969,0.5736181968473366,0.09488222920013
0.3607757767663431,0.1782045556051806,-0.5097502089330476,0.2547815986611426,0.5493458170022787,0.5644157118872075,0.1303903553465572
0.3607757767663431,0.1782045556051806,-0.5097502089330476,0.2099559744972076,0.5463145942057324,0.5644157118872075,0.1403514119041442
0.3607757767663431,0.1782045556051806,-0.5097502089330476,0.3011484114649385,0.583908464009732,0.5708461502864287,0.1489150632238268
0.3607757767663431,0.1782045556051806,-0.5097502089330476,0.2192518928447655,0.541225953896971,0.5644157118872075,0.0913524354698342
0.3607757767663431,0.1782045556051806,-0.5097502089330476,0.2402878492473432,0.5805783034684068,0.5644157118872075,0.1201077404098053
0.3607757767663431,0.1782045556051806,-0.5097502089330476,0.2261509141912138,0.5247756442544568,0.5644157118872075,0.113197429594816
0.3607757767663431,0.1782045556051806,-0.5097502089330476,0.2638364240020218,0.5240639765500382,0.52147078207327,0.0760011476003874
0.3607757767663431,0.1782045556051806,-0.5097502089330476,0.2693482500569051,0.5403101470291555,0.52147078207327,0.0897761473568856
0.3607757767663431,0.1782045556051806,-0.5097502089330476,0.1942301136862992,0.5272065325642545,0.5552132269270779,0.0912786067209883
0.3607757767663431,0.1782045556051806,-0.5097502089330476,0.2120409958729669,0.5017866914937673,0.4999983171663014,0.0861568828832232
0.3607757767663431,0.1782045556051806,-0.5097502089330476,0.1994374510228388,0.5033099554608867,0.4999983171663014,0.0710915394653696
0.3607757767663431,0.1782045556051806,-0.5097502089330476,0.1966363317706235,0.5018011910978966,0.4999983171663014,0.0308083922749535
0.3607757767663431,0.1782045556051806,-0.5097502089330476,0.187796467481274,0.5285288371057246,0.4999983171663014,0.0914592186408601
0.3607757767663431,0.1782045556051806,-0.5097502089330476,0.1831545474640591,0.5183557537420291,0.4999983171663014,0.0429897402056159
0.3607757767663431,0.1782045556051806,-0.5097502089330476,0.1993751458573337,0.5129630881080928,0.5181271997440889,0.0731229986291811
0.3607757767663431,0.1782045556051806,-0.5097502089330476,0.1372224613393284,0.5057808236732972,0.4999983171663014,0.0984105136794322
0.3607757767663431,0.1782045556051806,-0.5097502089330476,0.1519702359911539,0.4903541776029979,0.4999983171663014,0.0413379345945302
0.3607757767663431,0.1782045556051806,-0.5097502089330476,0.1688149354329542,0.4793041649650143,0.4999983171663014,0.1330967940481694
0.3607757767663431,0.1782045556051806,-0.5097502089330476,0.1998910976489588,0.4761184917069404,0.4999983171663014,0.1638887233070514
0.3607757767663431,0.1782045556051806,-0.5097502089330476,0.1964816388266778,0.4959116808417703,0.4999983171663014,0.1169516621354862
0.3607757767663431,0.1782045556051806,-0.5097502089330476,0.1984922561474613,0.5404458158397202,0.4999983171663014,0.1040384373698575
0.3607757767663431,0.1782045556051806,-0.5097502089330476,0.2416695095027388,0.5439010884622884,0.5582807219137876,0.1131566798179895
0.3607757767663431,0.1782045556051806,-0.5097502089330476,0.2176721235624601,0.5596769545302825,0.5582807219137876,0.0726593435363252
0.3607757767663431,0.1782045556051806,-0.5097502089330476,0.2063170071491524,0.5620593412403029,0.5582807219137876,0.0636332716324877
0.3607757767663431,0.1782045556051806,-0.5097502089330476,0.1783566381933123,0.5862151305648562,0.5582807219137876,0.033896839986546
0.3607757767663431,0.1782045556051806,-0.5097502089330476,0.2194887265485185,0.5884507405804468,0.5582807219137876,0.1369922001684279
0.3607757767663431,0.1782045556051806,-0.5097502089330476,0.2117416100875972,0.5865693957464433,0.5582807219137876,0.1439209516860911
0.3607757767663431,0.1782045556051806,-0.5097502089330476,0.2179400481199377,0.5975796404643301,0.619630621647984,0.0926181622217798
0.3607757767663431,0.1782045556051806,-0.5097502089330476,0.1875586461130746,0.5952137459940938,0.619630621647984,0.027884423615816
0.3607757767663431,0.1782045556051806,-0.5097502089330476,0.1736119804973103,0.611059099930999,0.619630621647984,0.0672284430387114
0.3607757767663431,0.1782045556051806,-0.5097502089330476,0.1586577531116355,0.6839804496620104,0.6871155113555998,0.1064810209001951
0.3607757767663431,0.1782045556051806,-0.5097502089330476,0.1659245354300365,0.7162234143878262,0.6871155113555998,0.1200921203946679
0.3607757767663431,0.1782045556051806,-0.5097502089330476,0.1751176337934369,0.734563124199971,0.6871155113555998,0.0914833153715293
0.3607757767663431,0.1782045556051806,-0.5097502089330476,0.2227538629035429,0.7622120886210438,0.7515329060765057,0.0861902402607656
0.3607757767663431,0.1782045556051806,-0.5097502089330476,0.2839023704600016,0.7748487903950857,0.7914103409037334,0.105364636732002
0.3607757767663431,0.1782045556051806,-0.5097502089330476,0.3033919941370592,0.8025842436828935,0.7914103409037334,0.1075449256272866
0.3607757767663431,0.1782045556051806,-0.5097502089330476,0.2523070465429205,0.8193183131220044,0.8159503007974118,0.0949703372217257
0.3607757767663431,0.1782045556051806,-0.5097502089330476,0.3044487950949003,0.8257293427652423,0.8466252506645097,0.1389942142849424
0.3607757767663431,0.1782045556051806,-0.5097502089330476,0.332429205408469,0.8456842745601675,0.8220852907708315,0.1402420131864935
0.3607757767663431,0.1782045556051806,-0.5097502089330476,0.1720398861908084,0.8718380838958099,0.8466252506645097,0.13981959874336
0.3607757767663431,0.1782045556051806,-0.5097502089330476,0.2565988395138228,0.8574778794695559,0.8834351905050276,0.1082778354932727
0.3607757767663431,0.1782045556051806,-0.5097502089330476,0.2915949596129347,0.8354452646338381,0.859508729608691,0.121110139495678
0.3607757767663431,0.1782045556051806,-0.5097502089330476,0.1525863328423937,0.901044780641186,0.8834351905050276,0.1736236120094363
0.3607757767663431,0.1782045556051806,-0.5097502089330476,0.2122984470720422,0.8470382492896038,0.8834351905050276,0.1318989469586289
0.3607757767663431,0.1782045556051806,-0.5097502089330476,0.248539106679216,0.8441751286286476,0.86413372566456,0.1181003486708186
0.3607757767663431,0.1782045556051806,-0.5097502089330476,0.2260011595695011,0.8623517814890951,0.8439764497662127,0.0967520153461007
0.3607757767663431,0.1782045556051806,-0.5097502089330476,0.1831930252247904,0.9000489715716404,0.8866818821264401,0.1195776929261544
0.3607757767663431,0.1782045556051806,-0.5097502089330476,0.2095890983079882,0.865731800318303,0.8527602406379295,0.1001087214321092
0.3607757767663431,0.1782045556051806,-0.5097502089330476,0.1205058393422726,0.9143183626878226,0.8803676955183177,0.0514424579140403
0.3607757767663431,0.1782045556051806,-0.5097502089330476,0.1347789177694604,0.9152929735057171,0.8527602406379295,0.0741677080281018
0.3607757767663431,0.1782045556051806,-0.5097502089330476,0.0892756426252867,0.9225264105199976,0.9263801203189648,0.0693090993890367
0.3607757767663431,0.1782045556051806,-0.5097502089330476,0.2091529209967671,0.850362050355434,0.8755235012943454,0.092415490327434
0.3607757767663431,0.1782045556051806,-0.5097502089330476,0.123848486780011,0.8900281340513005,0.8588952306113492,0.0451959098248558
0.3607757767663431,0.1782045556051806,-0.5097502089330476,0.2302245156247923,0.846686019140175,0.8588952306113492,0.0448139154677978
0.3607757767663431,0.1782045556051806,-0.5097502089330476,0.2283365950351537,0.8475799070157835,0.8588952306113492,0.0393446059976899
0.3607757767663431,0.1782045556051806,-0.5097502089330476,0.3223370031771981,0.8397229870239517,0.8680977155714786,0.0464813740630961
0.3607757767663431,0.1782045556051806,-0.5097502089330476,0.215545702585315,0.9135032475153484,0.8561026288914867,0.0529602808671407
0.3607757767663431,0.1782045556051806,-0.5097502089330476,0.2227694803476045,0.924965142182906,0.8834351905050276,0.0325585592899918
0.3607757767663431,0.1782045556051806,-0.5097502089330476,0.2285280990560772,0.9336157247165416,0.9458763047772458,0.0475590928326553
0.3607757767663431,0.1782045556051806,-0.5097502089330476,0.3993228541689729,0.9493355850036742,0.9478525852259332,0.0512682493211996
0.3607757767663431,0.1782045556051806,-0.5097502089330476,0.4519944641202005,0.0019961431377614,0.9940149518084974,0.0509936792005167
0.3607757767663431,0.1782045556051806,-0.5097502089330476,0.3728600725829457,0.9665983388389549,0.9760689333834004,0.0386998188062217
0.3607757767663431,0.1782045556051806,-0.5097502089330476,0.3258481914374769,0.9696924356498974,0.975460040106322,0.0459838707198017
0.3607757767663431,0.1782045556051806,-0.5097502089330476,0.378103830045953,0.9601434712113032,0.9762691969237528,0.0585167349292053
0.3607757767663431,0.1782045556051806,-0.5097502089330476,0.4113167219867639,0.9751153723871911,0.987132214621162,0.0396571821355046
0.3607757767663431,0.1782045556051806,-0.5097502089330476,0.4995850754786802,0.9858616140790196,0.9969325050132904,0.0677889319683735
0.3607757767663431,0.1782045556051806,-0.5097502089330476,0.4661125100937891,0.0065110115283713,0.9938650100265808,0.0677202244158602
0.3607757767663431,0.1782045556051806,-0.5097502089330476,0.4985094677436687,0.0129923054264872,0.0153374556097805,0.0631437541318293
0.3607757767663431,0.1782045556051806,-0.5097502089330476,0.4926475146424725,0.0,0.0153374556097805,0.0668900118195553
0.3607757767663431,0.1782045556051806,-0.5097502089330476,0.4492571109538175,0.0239843713186927,0.0153374556097805,0.0519092304161087
0.3607757767663431,0.1782045556051806,-0.5097502089330476,0.335081454821705,0.0132766362509879,0.0153374556097805,0.0169838326721154
0.3607757767663431,0.1782045556051806,-0.5097502089330476,0.262876558194344,0.0067845584047901,0.0153374556097805,0.0275366328425614
0.3607757767663431,0.1782045556051806,-0.5097502089330476,0.2435723685171319,0.0414705096800873,0.0201705833114528,0.0648188395731678
0.3607757767663431,0.1782045556051806,-0.5097502089330476,0.1354083480907291,0.164576881245906,0.1296930239667923,0.0685715518731528
0.3607757767663431,0.1782045556051806,-0.5097502089330476,0.1175356339944369,0.2060342172062605,0.1840490415281238,0.0388125217578438
0.3607757767663431,0.1782045556051806,-0.5097502089330476,0.1091283873090324,0.1914682837477361,0.1840490415281238,0.0344060913102684
0.3607757767663431,0.1782045556051806,-0.5097502089330476,0.180333510312171,0.1574093813933854,0.1840490415281238,0.0499515487159151
0.3607757767663431,0.1782045556051806,-0.5097502089330476,0.1005212208785658,0.1784117717980029,0.1840490415281238,0.0776818817432602
0.3607757767663431,0.1782045556051806,-0.5097502089330476,0.0290754729805434,0.1104006790881114,0.1840490415281238,0.0831325270536297
0.3607757767663431,0.1782045556051806,-0.5097502089330476,0.0803073510933679,0.085236573725539,0.107361954717895,0.0721493119444919
0.3607757767663431,0.1782045556051806,-0.5097502089330476,0.0732261570973821,0.0782807066183736,0.107361954717895,0.0047162449102084
0.3607757767663431,0.1782045556051806,-0.5097502089330476,0.076524832890905,0.0020105369162436,0.0061350072981775,0.0056087281046837
0.3607757767663431,0.1782045556051806,-0.5097502089330476,0.0533175733638051,0.954767848971694,0.923312625332255,0.0086330242064476
0.3607757767663431,0.1782045556051806,-0.5097502089330476,0.1020707635135374,0.9600438394285448,0.0030675279703835,0.0066036723160197
0.3607757767663431,0.1782045556051806,-0.5097502089330476,0.1239340329245247,1.0,0.0030675279703835,0.0060439573010529
0.3607757767663431,0.1782045556051806,-0.5097502089330476,0.1198261410159415,0.0864370784125869,0.1257668606698169,0.0098112418749952
0.3607757767663431,0.1782045556051806,-0.5097502089330476,0.1901659156413059,0.1115206781149527,0.1257668606698169,0.0187108178483185
0.3607757767663431,0.1782045556051806,-0.5097502089330476,0.2220192051660282,0.1206865477497148,0.1257668606698169,0.0278672632122253
0.3607757767663431,0.1782045556051806,-0.5097502089330476,0.0901423078889898,0.128191661557151,0.1257668606698169,0.0407256585743435
0.3607757767663431,0.1782045556051806,-0.5097502089330476,0.1550309463820788,0.1377760058777505,0.1656441462375914,0.0496635784978185
0.3607757767663431,0.1782045556051806,-0.5097502089330476,0.0809280776217011,0.0632152469588252,0.0844296310774957,0.0315679393220071
0.3607757767663431,0.1782045556051806,-0.5097502089330476,0.0755982184529288,0.1254191740211276,0.1472392509470591,0.0382289727917629
0.3607757767663431,0.1782045556051806,-0.5097502089330476,0.1491904338299105,0.1281928274609918,0.1226993763444966,0.0217664585827612
0.3607757767663431,0.1782045556051806,-0.5097502089330476,0.2222942285617155,0.1418915192462326,0.1226993763444966,0.0345682405480829
0.3607757767663431,0.1782045556051806,-0.5097502089330476,0.115991441208551,0.2098254821174929,0.1739628233310162,0.0533312232575783
0.3607757767663431,0.1782045556051806,-0.5097502089330476,0.1563083668856748,0.1665512652064047,0.1503067352723794,0.0876109949303036
0.3607757767663431,0.1782045556051806,-0.5097502089330476,0.1286266736263401,0.1724640405437178,0.1503067352723794,0.0682646830485614
0.3607757767663431,0.1782045556051806,-0.5097502089330476,0.1628660061314311,0.1266352965200792,0.1503067352723794,0.0414967612822204
0.3607757767663431,0.1782045556051806,-0.5097502089330476,0.152326412482202,0.137626907974765,0.1503067352723794,0.0667343098675387
0.3607757767663431,0.1782045556051806,-0.5097502089330476,0.1566090078279454,0.1418736703183427,0.1503067352723794,0.0648247373743806
0.3607757767663431,0.1782045556051806,-0.5097502089330476,0.20200867079877,0.2235228596111314,0.1840490415281238,0.06149832254193
0.3607757767663431,0.1782045556051806,-0.5097502089330476,0.1670328389734982,0.224888048215691,0.2055213571756395,0.0457082345990239
0.3607757767663431,0.1782045556051806,-0.5097502089330476,0.1493386658022682,0.2157769548631944,0.2055213571756395,0.0753896371953892
0.3607757767663431,0.1782045556051806,-0.5097502089330476,0.1698916131377828,0.2320959201384804,0.2055213571756395,0.0861994276430275
0.3607757767663431,0.1782045556051806,-0.5097502089330476,0.1410314407184225,0.2234952594874821,0.2055213571756395,0.0838065321720996
0.3607757767663431,0.1782045556051806,-0.5097502089330476,0.1564724014891777,0.2355078211381711,0.2055213571756395,0.0611038585480222
0.3607757767663431,0.1782045556051806,-0.5097502089330476,0.1658401312725392,0.2451091876548461,0.2576684094624633,0.0352084157322673
0.3607757767663431,0.1782045556051806,-0.5097502089330476,0.1592975539095932,0.2612716674364464,0.2576684094624633,0.0686028285357332
0.3607757767663431,0.1782045556051806,-0.5097502089330476,0.2139412211155024,0.2618839789353782,0.2576684094624633,0.0687834038232993
0.3607757767663431,0.1782045556051806,-0.5097502089330476,0.205265556040397,0.2926534743872021,0.3128829354132179,0.0675681563885659
0.3607757767663431,0.1782045556051806,-0.5097502089330476,0.1601730361361163,0.2636614735345448,0.2996659468827227,0.0655046073249882
0.3607757767663431,0.1782045556051806,-0.5097502089330476,0.199004092670559,0.2721106938757501,0.2822081987739098,0.0778796742144908
0.3607757767663431,0.1782045556051806,-0.5097502089330476,0.1810632297274528,0.291371404127365,0.2822081987739098,0.0788554269612197
0.3607757767663431,0.1782045556051806,-0.5097502089330476,0.1037839703778444,0.2903631728823523,0.2822081987739098,0.1032383731611185
0.3607757767663431,0.1782045556051806,-0.5097502089330476,0.2181152556774925,0.2674820980243134,0.2822081987739098,0.0774318662570674
0.3607757767663431,0.1782045556051806,-0.5097502089330476,0.224481637818437,0.2794869435114014,0.2822081987739098,0.0971952076330097
0.3607757767663431,0.1782045556051806,-0.5097502089330476,0.1957728455518579,0.2680811394177118,0.2822081987739098,0.0936438741069804
0.3607757767663431,0.1782045556051806,-0.5097502089330476,0.3085077255961785,0.2733829069485696,0.2822081987739098,0.0754731808316985
0.3607757767663431,0.1782045556051806,-0.5097502089330476,0.2975676134375183,0.2683878145243431,0.2822081987739098,0.0898399242010558
0.3607757767663431,0.1782045556051806,-0.5097502089330476,0.2266130999995282,0.2671826939179982,0.2822081987739098,0.099195184993329
0.3607757767663431,0.1782045556051806,-0.5097502089330476,0.2103799706135875,0.2540068782079747,0.2822081987739098,0.118750022611863
0.3607757767663431,0.1782045556051806,-0.5097502089330476,0.291097917480193,0.2604406111787306,0.2822081987739098,0.1142902518640026
0.3607757767663431,0.1782045556051806,-0.5097502089330476,0.2454198565934885,0.2645885578722384,0.2822081987739098,0.1074309405449661
0.3607757767663431,0.1782045556051806,-0.5097502089330476,0.2039022498826337,0.2503880610739211,0.2822081987739098,0.1346343544875644
0.3607757767663431,0.1782045556051806,-0.5097502089330476,0.2664326028815716,0.2545887702157876,0.2822081987739098,0.2143563767931759
0.3607757767663431,0.1782045556051806,-0.5097502089330476,0.3496745262414135,0.2731016061491642,0.2822081987739098,0.1612864961886071
0.3607757767663431,0.1782045556051806,-0.5097502089330476,0.2819111977830101,0.2622307611341327,0.2822081987739098,0.1484068119620492
0.3607757767663431,0.1782045556051806,-0.5097502089330476,0.2588222573701591,0.2614560286310529,0.2822081987739098,0.189727774351459
0.3607757767663431,0.1782045556051806,-0.5097502089330476,0.2444250315796704,0.2253390410195606,0.2249289241644031,0.1646810947315999
0.3607757767663431,0.1782045556051806,-0.5097502089330476,0.1928475892245129,0.2436635940817752,0.2085888308395703,0.1241143182513089
0.3607757767663431,0.1782045556051806,-0.5097502089330476,0.1712837673279232,0.2436439221042433,0.2546009357985325,0.1475732218671616
0.3607757767663431,0.1782045556051806,-0.5097502089330476,0.2412354721311519,0.2669947714171144,0.2546009357985325,0.1828922740311074
0.3607757767663431,0.1782045556051806,-0.5097502089330476,0.2765957317659125,0.2698396827799026,0.2822081987739098,0.2133414274793809
0.3607757767663431,0.1782045556051806,-0.5097502089330476,0.3247360812706273,0.2622517050067636,0.2760732514460481,0.2672366925423674
0.3607757767663431,0.1782045556051806,-0.5097502089330476,0.3094184550976389,0.2776538882946582,0.2757850314423268,0.2845023480737844
0.3607757767663431,0.1782045556051806,-0.5097502089330476,0.2812127132558514,0.2597915207131848,0.2629813423371576,0.2683556482984185
0.3607757767663431,0.1782045556051806,-0.5097502089330476,0.2681763861910374,0.2734467772807933,0.2607358831263941,0.266835788589123
0.3607757767663431,0.1782045556051806,-0.5097502089330476,0.2522139797451729,0.229115127982611,0.2515334621346017,0.3265715619387946
0.3607757767663431,0.1782045556051806,-0.5097502089330476,0.2848452813613464,0.2324064533269122,0.2515334621346017,0.300742797245819
0.3607757767663431,0.1782045556051806,-0.5097502089330476,0.2807962069281913,0.2733603096123099,0.2730550334016036,0.426632822097775
0.3607757767663431,0.1782045556051806,-0.5097502089330476,0.2221034447127844,0.2725238901969264,0.2699383041181865,0.3453299399674674
0.3607757767663431,0.1782045556051806,-0.5097502089330476,0.1975903333206496,0.2532696242138135,0.2699383041181865,0.3287634046632873
0.3607757767663431,0.1782045556051806,-0.5097502089330476,0.2796900227480212,0.2627715285337432,0.2699383041181865,0.3323173244300968
0.3607757767663431,0.1782045556051806,-0.5097502089330476,0.2326672567172974,0.2775965258256913,0.2699383041181865,0.2822098397733126
0.3607757767663431,0.1782045556051806,-0.5097502089330476,0.2287758176450851,0.2619948669897632,0.2699383041181865,0.3223470072256367
0.3607757767663431,0.1782045556051806,-0.5097502089330476,0.1718356659901353,0.2441284293439727,0.2699383041181865,0.2524213572842454
0.3607757767663431,0.1782045556051806,-0.5097502089330476,0.1884532849145927,0.2479270500485279,0.2699383041181865,0.2462137346830651
0.3607757767663431,0.1782045556051806,-0.5097502089330476,0.1629565214626917,0.2562004520905421,0.2699383041181865,0.2649741641208553
0.3607757767663431,0.1782045556051806,-0.5097502089330476,0.2030820151360913,0.2629129208722536,0.2699383041181865,0.2452735738845245
0.3607757767663431,0.1782045556051806,-0.5097502089330476,0.2152284359581937,0.2407149384754083,0.2699383041181865,0.2452584667216665
0.3607757767663431,0.1782045556051806,-0.5097502089330476,0.2306499315088142,0.236509120554894,0.2085888308395703,0.2137251582077276
0.3607757767663431,0.1782045556051806,-0.5097502089330476,0.2605740654532533,0.2190679410354692,0.2085888308395703,0.2116565465595064
0.3607757767663431,0.1782045556051806,-0.5097502089330476,0.2550607373253574,0.2182251197480872,0.2085888308395703,0.172510282975536
0.3607757767663431,0.1782045556051806,-0.5097502089330476,0.2052319137201853,0.2191241587988469,0.2085888308395703,0.1145564515028401
0.3607757767663431,0.1782045556051806,-0.5097502089330476,0.2282631786446246,0.2321930293292925,0.2331286201510168,0.1114803049194913
0.3607757767663431,0.1782045556051806,-0.5097502089330476,0.2782986710352437,0.2462459438996173,0.2361960938149476,0.1113914276194766
0.3607757767663431,0.1782045556051806,-0.5097502089330476,0.2922729706791695,0.2398750425467541,0.2555336367974805,0.1253175722691662
0.3607757767663431,0.1782045556051806,-0.5097502089330476,0.3080423504547553,0.2703522989013209,0.2676255715396831,0.1457387785697006
0.3607757767663431,0.1782045556051806,-0.5097502089330476,0.3279312580606857,0.2658877139229059,0.2632329937748967,0.1616102964648788
0.3607757767663431,0.1782045556051806,-0.5097502089330476,0.3077099190631105,0.2588763709911705,0.2546009357985325,0.1792340840694408
0.3607757767663431,0.1782045556051806,-0.5097502089330476,0.3101808085923432,0.2469267893461359,0.2464143106754448,0.1812762471929689
0.3607757767663431,0.1782045556051806,-0.5097502089330476,0.3486641866652469,0.2316713615544193,0.2515334621346017,0.162745399741269
0.3607757767663431,0.1782045556051806,-0.5097502089330476,0.3103549256037383,0.223685301813531,0.2331286201510168,0.1136203788696122
0.3607757767663431,0.1782045556051806,-0.5097502089330476,0.3522737709960163,0.2226606631217406,0.1993864098477779,0.123345516052228
0.3607757767663431,0.1782045556051806,-0.5097502089330476,0.3169046429575792,0.214521064444146,0.2208587254952935,0.1453201738863567
0.3607757767663431,0.1782045556051806,-0.5097502089330476,0.3785555219195225,0.2183246879360907,0.2208587254952935,0.1338558593804034
0.3607757767663431,0.1782045556051806,-0.5097502089330476,0.3196657000706802,0.2056629086303461,0.2208587254952935,0.1460879137485732
0.3607757767663431,0.1782045556051806,-0.5097502089330476,0.3009822986508292,0.2034979523875072,0.2208587254952935,0.1964636201474679
0.3607757767663431,0.1782045556051806,-0.5097502089330476,0.2367586155345717,0.231620273767941,0.2208587254952935,0.192365344318413
0.3607757767663431,0.1782045556051806,-0.5097502089330476,0.214986540474152,0.2195483358143783,0.2208587254952935,0.1402217628479195
0.3607757767663431,0.1782045556051806,-0.5097502089330476,0.2560163438301093,0.2185352289714859,0.2208587254952935,0.1284982527999727
0.3607757767663431,0.1782045556051806,-0.5097502089330476,0.2638085019050632,0.2185504281179195,0.2208587254952935,0.1025738558098168
0.3607757767663431,0.1782045556051806,-0.5097502089330476,0.2439428455663127,0.2213438913239513,0.2208587254952935,0.0893281196056282
0.3607757767663431,0.1782045556051806,-0.5097502089330476,0.235108557465818,0.2154331404196709,0.2208587254952935,0.095597724068001
0.3607757767663431,0.1782045556051806,-0.5097502089330476,0.2457538929398591,0.2100491236724082,0.2208587254952935,0.0833659261259708
0.3607757767663431,0.1782045556051806,-0.5097502089330476,0.2596857435889247,0.2189280537728259,0.2208587254952935,0.0508306984093636
0.3607757767663431,0.1782045556051806,-0.5097502089330476,0.2707027495400196,0.2078557405741057,0.2208587254952935,0.0671541600492753
0.3607757767663431,0.1782045556051806,-0.5097502089330476,0.2399866527438215,0.2100469190542365,0.2208587254952935,0.0653514696343684
0.3607757767663431,0.1782045556051806,-0.5097502089330476,0.2458475976042284,0.2204121221726429,0.2208587254952935,0.0445908430424248
0.3607757767663431,0.1782045556051806,-0.5097502089330476,0.3035463167068373,0.2243710652544326,0.2364522230362764,0.0328911421615478
0.3607757767663431,0.1782045556051806,-0.5097502089330476,0.3230723605103626,0.2164346306206587,0.226396592365642,0.0149296532365202
0.3607757767663431,0.1782045556051806,-0.5097502089330476,0.2896873474633924,0.2432676531374426,0.2467784184496215,0.0100611557065397
0.3607757767663431,0.1782045556051806,-0.5097502089330476,0.2910338221728785,0.2311131267954486,0.2281348679551495,0.0161838719496398
0.3607757767663431,0.1782045556051806,-0.5097502089330476,0.2117905200540455,0.2416295370428797,0.2663637321241158,0.0061828340350757
0.3607757767663431,0.1782045556051806,-0.5097502089330476,0.1918711594610123,0.2254831255360307,0.2208587254952935,0.0197519693345511
0.3607757767663431,0.1782045556051806,-0.5097502089330476,0.2087643367660656,0.2202192604791244,0.2208587254952935,0.0677451270572541
0.3607757767663431,0.1782045556051806,-0.5097502089330476,0.2907558769365366,0.2203662703543223,0.2208587254952935,0.0865875615745156
0.3607757767663431,0.1782045556051806,-0.5097502089330476,0.214314661158023,0.2219522599480761,0.2208587254952935,0.1346961019020005
0.3607757767663431,0.1782045556051806,-0.5097502089330476,0.2826833661931523,0.2192411943462107,0.2208587254952935,0.2016865077605693
0.3607757767663431,0.1782045556051806,-0.5097502089330476,0.2989076889044443,0.2144874228187763,0.2208587254952935,0.2317096567997537
0.3607757767663431,0.1782045556051806,-0.5097502089330476,0.2292099578983852,0.2171339821408684,0.2208587254952935,0.194506194873414
0.3607757767663431,0.1782045556051806,-0.5097502089330476,0.1849609034314842,0.2063778196672674,0.2208587254952935,0.2292816382741502
0.3607757767663431,0.1782045556051806,-0.5097502089330476,0.1942020887076275,0.1914476366506282,0.2208587254952935,0.2538188064809166
0.3607757767663431,0.1782045556051806,-0.5097502089330476,0.2328969710064979,0.2066252880570382,0.2208587254952935,0.1702846213064495
0.3607757767663431,0.1782045556051806,-0.5097502089330476,0.157973486837239,0.2115229745149295,0.2208587254952935,0.1656765556587788
0.3607757767663431,0.1782045556051806,-0.5097502089330476,0.1562084893185144,0.1810592002484127,0.2208587254952935,0.2248498033225932
0.3607757767663431,0.1782045556051806,-0.5097502089330476,0.1792137045931751,0.1885073119571601,0.2208587254952935,0.1629880228281777
0.3607757767663431,0.1782045556051806,-0.5097502089330476,0.1833645084643279,0.1918147903692192,0.1472392509470591,0.1542266010166478
0.3607757767663431,0.1782045556051806,-0.5097502089330476,0.1523928946452624,0.186104808106323,0.1840490415281238,0.2400194462411483
0.3607757767663431,0.1782045556051806,-0.5097502089330476,0.1913633353247288,0.2154906936729027,0.1840490415281238,0.1578078924422535
0.3607757767663431,0.1782045556051806,-0.5097502089330476,0.1960403791588253,0.1444375776572486,0.1840490415281238,0.1165182140418852
0.3607757767663431,0.1782045556051806,-0.5097502089330476,0.2010931264331325,0.1977483293940241,0.1840490415281238,0.132044216029991
0.3607757767663431,0.1782045556051806,-0.5097502089330476,0.2693041961073191,0.189386127875845,0.2085888308395703,0.1783894896299302
0.3607757767663431,0.1782045556051806,-0.5097502089330476,0.2708861876346293,0.2459098244214431,0.2316986293002681,0.1665759813334152
0.3607757767663431,0.1782045556051806,-0.5097502089330476,0.2707508158764199,0.2029934975929744,0.2147237781674319,0.1720035556176742
0.3607757767663431,0.1782045556051806,-0.5097502089330476,0.3092398524435489,0.2156774926664491,0.2116427858616161,0.1386931993027969
0.3607757767663431,0.1782045556051806,-0.5097502089330476,0.2877553111951399,0.1206668757721829,0.1196318813577868,0.1243812432097986
0.3607757767663431,0.1782045556051806,-0.5097502089330476,0.2471868911701342,0.1632229171155955,0.1658361258783035,0.1653104963546869
0.3607757767663431,0.1782045556051806,-0.5097502089330476,0.2245537167466948,0.2084884447911255,0.1871165151920546,0.1412172970397098
0.3607757767663431,0.1782045556051806,-0.5097502089330476,0.2926118013133745,0.1421645209301167,0.1472392509470591,0.0872746224467261
0.3607757767663431,0.1782045556051806,-0.5097502089330476,0.2461992472998963,0.170642612568005,0.1472392509470591,0.1203380403890868
0.3607757767663431,0.1782045556051806,-0.5097502089330476,0.2457261560299843,0.1180847485359832,0.116564407693856,0.1084107961099298
0.3607757767663431,0.1782045556051806,-0.5097502089330476,0.2550375272108627,0.1134259663741958,0.116564407693856,0.1139728842206064
0.3607757767663431,0.1782045556051806,-0.5097502089330476,0.2676281295414721,0.1330572750602948,0.116564407693856,0.0883290101008046
0.3607757767663431,0.1782045556051806,-0.5097502089330476,0.2410688243321342,0.1403731096787414,0.116564407693856,0.0645181103230065
0.3607757767663431,0.1782045556051806,-0.5097502089330476,0.2376221017533373,0.1152832617917016,0.1595091882483403,0.0652910116770918
0.3607757767663431,0.1782045556051806,-0.5097502089330476,0.1418292472514905,0.1144817982932902,0.1411042822964185,0.0805210759206178
0.3607757767663431,0.1782045556051806,-0.5097502089330476,0.170165566563653,0.0478328469392835,0.0521472368621295,0.0591505251025116
0.3607757767663431,0.1782045556051806,-0.5097502089330476,0.1408888775284614,0.0476799015536234,0.0521472368621295,0.065914533815119
0.3607757767663431,0.1782045556051806,-0.5097502089330476,0.2021232192982307,0.0408006846746457,0.0521472368621295,0.06018055227332
0.3607757767663431,0.1782045556051806,-0.5097502089330476,0.1557603159995359,0.0462734611513515,0.0521472368621295,0.0492519156363989
0.3607757767663431,0.1782045556051806,-0.5097502089330476,0.1991402669061313,0.9519233827721908,0.975460040106322,0.0453506190413888
0.3607757767663431,0.1782045556051806,-0.5097502089330476,0.194721929428011,0.9904317027559002,0.0245399045877204,0.0442790508359514
0.3607757767663431,0.1782045556051806,-0.5097502089330476,0.1942645584838737,0.9885732944301828,0.960122565172773,0.030551193193619
0.3607757767663431,0.1782045556051806,-0.5097502089330476,0.1792609684522125,0.975513729932212,0.960122565172773,0.0460102459798836
0.3607757767663431,0.1782045556051806,-0.5097502089330476,0.1425573617120467,0.0353659935068118,0.0030675279703835,0.0158840292012757
0.3607757767663431,0.1782045556051806,-0.5097502089330476,0.0957066962111396,0.1014880649658207,0.0030675279703835,0.0123684332368497
0.3607757767663431,0.1782045556051806,-0.5097502089330476,0.1178872528255909,0.1012039447989458,0.0920245330912935,0.045619130178714
0.3607757767663431,0.1782045556051806,-0.5097502089330476,0.1323854158648858,0.2077346561606766,0.1288343449951372,0.0530660932820664
0.3607757767663431,0.1782045556051806,-0.5097502089330476,0.108677312725742,0.1958029022452803,0.1871165151920546,0.0675978358826192
0.3607757767663431,0.1782045556051806,-0.5097502089330476,0.1330150107968956,0.1539189832678321,0.1871165151920546,0.0790801002183504
0.3607757767663431,0.1782045556051806,-0.5097502089330476,0.1712327997272111,0.0997920882433771,0.0981595017419341,0.0911805127328672
0.3607757767663431,0.1782045556051806,-0.5097502089330476,0.2174311951665224,0.1077102499842281,0.1196318813577868,0.0579236981959561
0.3607757767663431,0.1782045556051806,-0.5097502089330476,0.2171276118072547,0.1301764008635811,0.1196318813577868,0.0833228978197317
0.3607757767663431,0.1782045556051806,-0.5097502089330476,0.2354665858277033,0.1279749518305254,0.1196318813577868,0.0755020763944105
0.3607757767663431,0.1782045556051806,-0.5097502089330476,0.1124247894166939,0.0982237673923742,0.1196318813577868,0.0761694583920154
0.3607757767663431,0.1782045556051806,-0.5097502089330476,0.1553437890955332,0.1184624483847704,0.1196318813577868,0.1814397444996319
0.3607757767663431,0.1782045556051806,-0.5097502089330476,0.1570571399942386,0.0593203119978948,0.0652572383490001,0.21265281339741
0.3607757767663431,0.1782045556051806,-0.5097502089330476,0.0931850962854778,0.0744049984716905,0.0337423442369445,0.1707731497348548
0.3607757767663431,0.1782045556051806,-0.5097502089330476,0.1891605555400575,0.1138005924764936,0.0488586033344272,0.1379300751110947
0.3607757767663431,0.1782045556051806,-0.5097502089330476,0.248944275442083,0.0372588224936472,0.0372279949118971,0.121486441192435
0.3607757767663431,0.1782045556051806,-0.5097502089330476,0.1658369419394304,0.0893622834530652,0.0981595017419341,0.1345602986184234
0.3607757767663431,0.1782045556051806,-0.5097502089330476,0.1437949258399546,0.1002007163413227,0.0981595017419341,0.1300244865304548
0.3607757767663431,0.1782045556051806,-0.5097502089330476,0.2099434023518563,0.1151841387669827,0.0981595017419341,0.0964000521532304
0.3607757767663431,0.1782045556051806,-0.5097502089330476,0.1162451886659516,0.0865723126589928,0.0981595017419341,0.0827536537690147
0.3607757767663431,0.1782045556051806,-0.5097502089330476,0.2288150567304941,0.050741347757461,0.0981595017419341,0.1024270848139224
0.3607757767663431,0.1782045556051806,-0.5097502089330476,0.1541839418137655,0.1283495249371941,0.0920245330912935,0.0658271840822506
0.3607757767663431,0.1782045556051806,-0.5097502089330476,0.1623101156587474,0.1373598629995947,0.1503067352723794,0.0424517801439405
0.3607757767663431,0.1782045556051806,-0.5097502089330476,0.1861479937909033,0.214764271985335,0.2208587254952935,0.0797630729252482
0.3607757767663431,0.1782045556051806,-0.5097502089330476,0.1251731814308157,0.1859113528617582,0.2208587254952935,0.0960344690691122
0.3607757767663431,0.1782045556051806,-0.5097502089330476,0.1776149021939303,0.2004371580299078,0.2208587254952935,0.0764922402901896
0.3607757767663431,0.1782045556051806,-0.5097502089330476,0.1573687275507921,0.2575010920188252,0.2208587254952935,0.0446597557358499
0.3607757767663431,0.1782045556051806,-0.5097502089330476,0.1828839068293534,0.247923340354489,0.2484659884706708,0.0050930720659093
0.3607757767663431,0.1782045556051806,-0.5097502089330476,0.27402130208053,0.2364958504493606,0.2452508972077341,0.0041360520929446
0.3607757767663431,0.1782045556051806,-0.5097502089330476,0.3190465167680448,0.2060330513024197,0.2161167526738394,0.0039728792111386
0.3607757767663431,0.1782045556051806,-0.5097502089330476,0.3579088493432959,0.2265173034410639,0.2177912518313627,0.032808875161091
0.3607757767663431,0.1782045556051806,-0.5097502089330476,0.3708162244688032,0.2182390681976734,0.209072751308939,0.0393151426342401
0.3607757767663431,0.1782045556051806,-0.5097502089330476,0.4136789272741875,0.1915780694930353,0.1966237453096292,0.0404543816979403
0.3607757767663431,0.1782045556051806,-0.5097502089330476,0.3047496418005972,0.1981728455815819,0.1871165151920546,0.0462764566084127
0.3607757767663431,0.1782045556051806,-0.5097502089330476,0.3064152555843846,0.1974961761906385,0.196318936183847,0.0398513260290906
0.3607757767663431,0.1782045556051806,-0.5097502089330476,0.3096267288378115,0.1711738513534985,0.1779140942002622,0.0361793440043395
0.3607757767663431,0.1782045556051806,-0.5097502089330476,0.2757538712832585,0.1844616468278671,0.1803669174367851,0.0298546610387777
0.3607757767663431,0.1782045556051806,-0.5097502089330476,0.300808469708231,0.1922294069732561,0.1901839888559854,0.0233726533100582
0.3607757767663431,0.1782045556051806,-0.5097502089330476,0.3186796817315107,0.177650457788218,0.1748465992135524,0.025032426447627
0.3607757767663431,0.1782045556051806,-0.5097502089330476,0.3065436725387827,0.1773646205629594,0.1748465992135524,0.040308852537208
