data_time,latitude4,longitude4,elevation4,wind_speed4,wind_direction4,nacelle_position4,title_of_turbine4,production4
2018-01-01 00:00:00,52.398781,-0.94115,146.313,12.22093677520752,254.59432983398438,261.8779296874999,Kelmarsh 4,2051.2841796875
2018-01-01 01:00:00,52.398781,-0.94115,146.313,10.421655654907227,244.92205810546872,249.8047180175781,Kelmarsh 4,2037.37890625
2018-01-01 02:00:00,52.398781,-0.94115,146.313,10.775662422180176,224.52481079101562,229.4972534179687,Kelmarsh 4,2057.7822265625
2018-01-01 03:00:00,52.398781,-0.94115,146.313,10.574488639831543,220.2558135986328,221.26803588867185,Kelmarsh 4,2051.981689453125
2018-01-01 04:00:00,52.398781,-0.94115,146.313,10.792991638183594,227.01968383789065,230.0485534667968,Kelmarsh 4,2048.05859375
2018-01-01 05:00:00,52.398781,-0.94115,146.313,9.177976608276367,222.85491943359375,221.26803588867185,Kelmarsh 4,1980.3515625
2018-01-01 06:00:00,52.398781,-0.94115,146.313,10.399065971374512,226.89407348632812,228.95098876953125,Kelmarsh 4,1848.98291015625
2018-01-01 07:00:00,52.398781,-0.94115,146.313,10.906585693359375,217.08146667480463,208.09725952148432,Kelmarsh 4,2034.5281982421875
2018-01-01 08:00:00,52.398781,-0.94115,146.313,8.023517608642578,204.15095520019528,208.09725952148432,Kelmarsh 4,2051.458740234375
2018-01-01 09:00:00,52.398781,-0.94115,146.313,7.277398109436035,211.22666931152338,208.09725952148432,Kelmarsh 4,2041.3179931640625
2018-01-01 10:00:00,52.398781,-0.94115,146.313,7.196019649505615,208.4632720947265,208.09725952148432,Kelmarsh 4,1962.9425048828125
2018-01-01 11:00:00,52.398781,-0.94115,146.313,6.778567790985107,227.58796691894526,218.88951110839844,Kelmarsh 4,1951.4613037109375
2018-01-01 12:00:00,52.398781,-0.94115,146.313,7.284058094024658,244.91195678710926,241.024200439453,Kelmarsh 4,2007.75341796875
2018-01-01 13:00:00,52.398781,-0.94115,146.313,7.101571559906006,252.10926818847656,253.097412109375,Kelmarsh 4,1984.939453125
2018-01-01 14:00:00,52.398781,-0.94115,146.313,5.64748477935791,258.4473876953125,253.097412109375,Kelmarsh 4,2052.314208984375
2018-01-01 15:00:00,52.398781,-0.94115,146.313,8.278169631958008,249.9748077392578,249.8047180175781,Kelmarsh 4,1629.1585693359375
2018-01-01 16:00:00,52.398781,-0.94115,146.313,9.231374740600586,244.60987854003906,249.8047180175781,Kelmarsh 4,1901.6175537109375
2018-01-01 17:00:00,52.398781,-0.94115,146.313,10.135772705078125,257.39306640625,249.8047180175781,Kelmarsh 4,2015.361572265625
2018-01-01 18:00:00,52.398781,-0.94115,146.313,11.172916412353516,272.55505371093744,275.0487060546875,Kelmarsh 4,2033.9107666015625
2018-01-01 19:00:00,52.398781,-0.94115,146.313,12.980501174926758,278.5697937011719,279.6595764160156,Kelmarsh 4,2005.1588134765625
2018-01-01 20:00:00,52.398781,-0.94115,146.313,10.161040306091309,290.2095642089844,302.4878234863281,Kelmarsh 4,2038.4027099609375
2018-01-01 21:00:00,52.398781,-0.94115,146.313,10.556867599487305,293.4842834472656,298.5398864746094,Kelmarsh 4,2039.995361328125
2018-01-01 22:00:00,52.398781,-0.94115,146.313,8.35024356842041,279.0227355957031,286.02435302734375,Kelmarsh 4,2035.7105712890625
2018-01-01 23:00:00,52.398781,-0.94115,146.313,10.880509376525879,275.7039489746094,272.85357666015625,Kelmarsh 4,1981.0809326171875
2018-01-02 00:00:00,52.398781,-0.94115,146.313,9.200113296508789,270.46041870117176,264.7568359375,Kelmarsh 4,1868.3092041015625
2018-01-02 01:00:00,52.398781,-0.94115,146.313,8.688470840454102,265.42376708984375,266.2681884765625,Kelmarsh 4,1820.37158203125
2018-01-02 02:00:00,52.398781,-0.94115,146.313,10.3438081741333,266.5576782226562,266.2681884765625,Kelmarsh 4,1296.0126953125
2018-01-02 03:00:00,52.398781,-0.94115,146.313,9.382989883422852,259.90167236328125,266.2681884765625,Kelmarsh 4,1022.5042724609375
2018-01-02 04:00:00,52.398781,-0.94115,146.313,9.517571449279785,258.7862548828125,262.82379150390625,Kelmarsh 4,1177.0587158203125
2018-01-02 05:00:00,52.398781,-0.94115,146.313,6.257852554321289,242.9958953857421,251.99984741210938,Kelmarsh 4,1692.881103515625
2018-01-02 06:00:00,52.398781,-0.94115,146.313,7.9012837409973145,235.28204345703125,232.94137573242188,Kelmarsh 4,1960.434326171875
2018-01-02 07:00:00,52.398781,-0.94115,146.313,7.26763391494751,234.14036560058594,241.024200439453,Kelmarsh 4,1643.1339111328125
2018-01-02 08:00:00,52.398781,-0.94115,146.313,7.153047561645508,208.85105895996088,212.2341766357422,Kelmarsh 4,1721.244873046875
2018-01-02 09:00:00,52.398781,-0.94115,146.313,8.448673248291016,211.98133850097656,219.0729064941406,Kelmarsh 4,1460.622802734375
2018-01-02 10:00:00,52.398781,-0.94115,146.313,5.829541206359863,191.12266540527344,185.0484008789062,Kelmarsh 4,1677.2091064453125
2018-01-02 11:00:00,52.398781,-0.94115,146.313,7.016668796539307,177.65660095214844,185.0484008789062,Kelmarsh 4,1923.248046875
2018-01-02 12:00:00,52.398781,-0.94115,146.313,7.5697760581970215,162.48838806152344,169.6824951171875,Kelmarsh 4,1038.2733154296875
2018-01-02 13:00:00,52.398781,-0.94115,146.313,8.335142135620117,181.186767578125,181.82377624511713,Kelmarsh 4,1409.467041015625
2018-01-02 14:00:00,52.398781,-0.94115,146.313,9.605353355407715,217.422378540039,210.52340698242185,Kelmarsh 4,1684.791748046875
2018-01-02 15:00:00,52.398781,-0.94115,146.313,11.511338233947754,245.6834716796875,238.8290710449218,Kelmarsh 4,1791.307861328125
2018-01-02 16:00:00,52.398781,-0.94115,146.313,9.608579635620117,248.0129852294922,247.60958862304685,Kelmarsh 4,1827.0989990234375
2018-01-02 17:00:00,52.398781,-0.94115,146.313,10.356453895568848,236.63902282714835,234.43881225585938,Kelmarsh 4,2004.135009765625
2018-01-02 18:00:00,52.398781,-0.94115,146.313,9.460835456848145,221.58116149902338,218.89880371093747,Kelmarsh 4,1814.56787109375
2018-01-02 19:00:00,52.398781,-0.94115,146.313,9.855042457580566,209.32276916503906,205.90213012695307,Kelmarsh 4,1731.505126953125
2018-01-02 20:00:00,52.398781,-0.94115,146.313,11.773369789123535,196.0212249755859,205.90213012695307,Kelmarsh 4,1679.3907470703125
2018-01-02 21:00:00,52.398781,-0.94115,146.313,13.606093406677246,196.24304199218744,198.21917724609372,Kelmarsh 4,1786.4500732421875
2018-01-02 22:00:00,52.398781,-0.94115,146.313,8.284076690673828,210.6109008789062,209.41545104980463,Kelmarsh 4,1541.74169921875
2018-01-02 23:00:00,52.398781,-0.94115,146.313,13.359247207641602,250.73110961914062,249.8047180175781,Kelmarsh 4,1118.2506103515625
2018-01-03 00:00:00,52.398781,-0.94115,146.313,14.77951717376709,265.40008544921875,261.8779296874999,Kelmarsh 4,765.1175537109375
2018-01-03 01:00:00,52.398781,-0.94115,146.313,12.638172149658203,268.6774291992187,269.2458801269531,Kelmarsh 4,470.7841491699219
2018-01-03 02:00:00,52.398781,-0.94115,146.313,18.99033546447754,255.67750549316403,262.9205627441406,Kelmarsh 4,555.8309936523438
2018-01-03 03:00:00,52.398781,-0.94115,146.313,16.479982376098633,251.34906005859375,254.19497680664062,Kelmarsh 4,791.5199584960938
2018-01-03 04:00:00,52.398781,-0.94115,146.313,13.691603660583496,245.94554138183594,254.19497680664062,Kelmarsh 4,940.247802734375
2018-01-03 05:00:00,52.398781,-0.94115,146.313,14.097929000854492,262.5040283203125,254.19497680664062,Kelmarsh 4,864.762939453125
2018-01-03 06:00:00,52.398781,-0.94115,146.313,14.296794891357422,258.5876770019531,253.097412109375,Kelmarsh 4,1230.173095703125
2018-01-03 07:00:00,52.398781,-0.94115,146.313,16.869991302490234,263.12353515625,265.1706237792969,Kelmarsh 4,1218.8184814453125
2018-01-03 08:00:00,52.398781,-0.94115,146.313,15.360612869262695,262.7649230957031,265.1706237792969,Kelmarsh 4,837.9907836914062
2018-01-03 09:00:00,52.398781,-0.94115,146.313,14.271618843078613,256.56445312499994,265.1706237792969,Kelmarsh 4,782.0775146484375
2018-01-03 10:00:00,52.398781,-0.94115,146.313,13.461210250854492,264.0776672363281,265.1706237792969,Kelmarsh 4,908.5238647460938
2018-01-03 11:00:00,52.398781,-0.94115,146.313,13.495824813842773,261.03173828125,265.1706237792969,Kelmarsh 4,790.8967895507812
2018-01-03 12:00:00,52.398781,-0.94115,146.313,10.942066192626953,257.5763549804687,258.58523559570307,Kelmarsh 4,1021.0311889648438
2018-01-03 13:00:00,52.398781,-0.94115,146.313,11.933952331542969,265.5388488769531,270.65844726562494,Kelmarsh 4,1166.20458984375
2018-01-03 14:00:00,52.398781,-0.94115,146.313,11.004097938537598,260.2793884277344,261.13641357421875,Kelmarsh 4,1178.0228271484375
2018-01-03 15:00:00,52.398781,-0.94115,146.313,15.6132230758667,262.32861328125,265.1706237792969,Kelmarsh 4,808.2062377929688
2018-01-03 16:00:00,52.398781,-0.94115,146.313,15.0264892578125,255.44183349609375,260.7803649902344,Kelmarsh 4,835.5231323242188
2018-01-03 17:00:00,52.398781,-0.94115,146.313,13.73816967010498,252.38163757324216,260.7803649902344,Kelmarsh 4,729.9811401367188
2018-01-03 18:00:00,52.398781,-0.94115,146.313,13.329672813415527,247.11849975585935,249.8047180175781,Kelmarsh 4,761.1085205078125
2018-01-03 19:00:00,52.398781,-0.94115,146.313,12.320341110229492,248.98634338378906,249.8047180175781,Kelmarsh 4,661.1607055664062
2018-01-03 20:00:00,52.398781,-0.94115,146.313,12.610377311706543,248.47088623046875,249.47544860839838,Kelmarsh 4,669.188720703125
2018-01-03 21:00:00,52.398781,-0.94115,146.313,11.962787628173828,247.14862060546875,249.4666748046875,Kelmarsh 4,656.7435302734375
2018-01-03 22:00:00,52.398781,-0.94115,146.313,11.473221778869629,242.05278015136713,249.186782836914,Kelmarsh 4,817.0303344726562
2018-01-03 23:00:00,52.398781,-0.94115,146.313,10.101560592651367,251.12509155273438,248.7071533203125,Kelmarsh 4,874.4486694335938
2018-01-04 00:00:00,52.398781,-0.94115,146.313,9.64123249053955,241.89013671874991,248.7071533203125,Kelmarsh 4,964.8575439453125
2018-01-04 01:00:00,52.398781,-0.94115,146.313,8.23448657989502,239.5153350830078,243.21932983398438,Kelmarsh 4,1320.1279296875
2018-01-04 02:00:00,52.398781,-0.94115,146.313,8.386517524719238,236.6853790283203,235.53637695312497,Kelmarsh 4,818.9857788085938
2018-01-04 03:00:00,52.398781,-0.94115,146.313,7.351720809936523,225.50318908691403,232.52464294433582,Kelmarsh 4,585.6859130859375
2018-01-04 04:00:00,52.398781,-0.94115,146.313,6.268207550048828,207.47702026367185,216.87777709960935,Kelmarsh 4,937.1356811523438
2018-01-04 05:00:00,52.398781,-0.94115,146.313,6.864197254180908,222.7409362792968,216.87777709960935,Kelmarsh 4,706.6331787109375
2018-01-04 06:00:00,52.398781,-0.94115,146.313,5.947563648223877,201.21817016601562,220.17047119140625,Kelmarsh 4,478.0615539550781
2018-01-04 07:00:00,52.398781,-0.94115,146.313,3.487349271774292,171.49600219726562,168.58493041992188,Kelmarsh 4,596.0172729492188
2018-01-04 08:00:00,52.398781,-0.94115,146.313,6.80178689956665,149.84181213378906,152.1214599609375,Kelmarsh 4,508.5801696777344
2018-01-04 09:00:00,52.398781,-0.94115,146.313,8.358646392822266,157.82044982910156,162.6746063232422,Kelmarsh 4,713.839111328125
2018-01-04 10:00:00,52.398781,-0.94115,146.313,7.038733005523682,202.27346801757812,198.21910095214844,Kelmarsh 4,703.42236328125
2018-01-04 11:00:00,52.398781,-0.94115,146.313,7.994985103607178,220.31234741210938,212.48751831054688,Kelmarsh 4,432.8232421875
2018-01-04 12:00:00,52.398781,-0.94115,146.313,12.220549583435059,235.1524200439453,239.9266357421875,Kelmarsh 4,561.61669921875
2018-01-04 13:00:00,52.398781,-0.94115,146.313,14.605055809020996,239.8417205810547,239.9266357421875,Kelmarsh 4,818.3444213867188
2018-01-04 14:00:00,52.398781,-0.94115,146.313,13.588713645935059,244.32200622558582,239.9266357421875,Kelmarsh 4,1167.8472900390625
2018-01-04 15:00:00,52.398781,-0.94115,146.313,19.431276321411133,261.5526428222656,256.6095886230469,Kelmarsh 4,1190.5198974609375
2018-01-04 16:00:00,52.398781,-0.94115,146.313,15.687063217163086,268.9909973144531,275.0487060546875,Kelmarsh 4,883.68896484375
2018-01-04 17:00:00,52.398781,-0.94115,146.313,13.979336738586426,266.6891174316406,270.65844726562494,Kelmarsh 4,1228.9085693359375
2018-01-04 18:00:00,52.398781,-0.94115,146.313,13.63952922821045,261.91961669921875,258.58523559570307,Kelmarsh 4,1647.6124267578125
2018-01-04 19:00:00,52.398781,-0.94115,146.313,13.163302421569824,255.60180664062491,250.72850036621094,Kelmarsh 4,1560.460205078125
2018-01-04 20:00:00,52.398781,-0.94115,146.313,13.004416465759277,250.39239501953122,256.3901062011719,Kelmarsh 4,1465.42724609375
2018-01-04 21:00:00,52.398781,-0.94115,146.313,11.519290924072266,234.01351928710932,243.21932983398438,Kelmarsh 4,1287.322021484375
2018-01-04 22:00:00,52.398781,-0.94115,146.313,6.939242362976074,247.87667846679688,249.8047180175781,Kelmarsh 4,1457.1739501953125
2018-01-04 23:00:00,52.398781,-0.94115,146.313,7.984462738037109,235.58700561523438,232.24368286132804,Kelmarsh 4,1696.9029541015625
2018-01-05 00:00:00,52.398781,-0.94115,146.313,7.92023229598999,250.16935729980463,244.31689453125,Kelmarsh 4,1930.1658935546875
2018-01-05 01:00:00,52.398781,-0.94115,146.313,7.774962902069092,242.46470642089844,244.31689453125,Kelmarsh 4,1915.3358154296875
2018-01-05 02:00:00,52.398781,-0.94115,146.313,7.3249125480651855,238.68724060058594,244.31689453125,Kelmarsh 4,1555.663818359375
2018-01-05 03:00:00,52.398781,-0.94115,146.313,6.456094741821289,222.90357971191406,224.56072998046866,Kelmarsh 4,1890.7313232421875
2018-01-05 04:00:00,52.398781,-0.94115,146.313,5.100551605224609,233.7706298828125,243.21932983398438,Kelmarsh 4,1965.953125
2018-01-05 05:00:00,52.398781,-0.94115,146.313,4.288690567016602,205.01380920410148,216.87777709960935,Kelmarsh 4,1944.476806640625
2018-01-05 06:00:00,52.398781,-0.94115,146.313,5.480673313140869,196.2839355468749,188.34109497070312,Kelmarsh 4,2014.81787109375
2018-01-05 07:00:00,52.398781,-0.94115,146.313,6.363306522369385,187.22918701171875,188.34109497070312,Kelmarsh 4,2024.5245361328125
2018-01-05 08:00:00,52.398781,-0.94115,146.313,5.129024505615234,203.25671386718744,211.38995361328128,Kelmarsh 4,1963.2567138671875
2018-01-05 09:00:00,52.398781,-0.94115,146.313,4.390941143035889,185.6538848876953,194.04052734374997,Kelmarsh 4,2005.04248046875
2018-01-05 10:00:00,52.398781,-0.94115,146.313,6.325642108917236,196.92260742187497,191.02854919433588,Kelmarsh 4,1966.3426513671875
2018-01-05 11:00:00,52.398781,-0.94115,146.313,9.981893539428711,199.72941589355466,196.02404785156244,Kelmarsh 4,2043.6185302734375
2018-01-05 12:00:00,52.398781,-0.94115,146.313,9.163538932800293,208.50013732910148,199.04489135742182,Kelmarsh 4,2034.9561767578125
2018-01-05 13:00:00,52.398781,-0.94115,146.313,12.5321626663208,244.105484008789,240.4515838623046,Kelmarsh 4,2041.7667236328125
2018-01-05 14:00:00,52.398781,-0.94115,146.313,12.938143730163574,271.7021179199219,276.1462707519531,Kelmarsh 4,2058.82763671875
2018-01-05 15:00:00,52.398781,-0.94115,146.313,8.593255996704102,272.71124267578125,270.65844726562494,Kelmarsh 4,2068.941162109375
2018-01-05 16:00:00,52.398781,-0.94115,146.313,6.987544536590576,279.222900390625,270.65844726562494,Kelmarsh 4,2060.63232421875
2018-01-05 17:00:00,52.398781,-0.94115,146.313,6.681355953216553,274.2456970214844,270.65844726562494,Kelmarsh 4,2042.109130859375
2018-01-05 18:00:00,52.398781,-0.94115,146.313,6.947375297546387,275.2630615234375,270.65844726562494,Kelmarsh 4,1986.2109375
2018-01-05 19:00:00,52.398781,-0.94115,146.313,5.788091659545898,271.41864013671875,265.1706237792969,Kelmarsh 4,1891.167236328125
2018-01-05 20:00:00,52.398781,-0.94115,146.313,5.858870029449463,275.6326599121094,284.9267883300781,Kelmarsh 4,1731.2891845703125
2018-01-05 21:00:00,52.398781,-0.94115,146.313,4.8357977867126465,279.0613708496094,284.9267883300781,Kelmarsh 4,1464.986083984375
2018-01-05 22:00:00,52.398781,-0.94115,146.313,4.439061641693115,296.36279296875,284.9267883300781,Kelmarsh 4,1696.093017578125
2018-01-05 23:00:00,52.398781,-0.94115,146.313,3.0113847255706787,305.76782226562494,311.26885986328125,Kelmarsh 4,1672.4344482421875
2018-01-06 00:00:00,52.398781,-0.94115,146.313,4.201283931732178,331.912353515625,312.29669189453125,Kelmarsh 4,1670.1339111328125
2018-01-06 01:00:00,52.398781,-0.94115,146.313,2.3685262203216553,350.08404541015625,329.9274597167969,Kelmarsh 4,1712.3070068359375
2018-01-06 02:00:00,52.398781,-0.94115,146.313,2.085782051086426,336.47760009765625,329.9274597167969,Kelmarsh 4,2033.473388671875
2018-01-06 03:00:00,52.398781,-0.94115,146.313,2.8537583351135254,2.6521551609039307,12.732431411743164,Kelmarsh 4,1973.9188232421875
2018-01-06 04:00:00,52.398781,-0.94115,146.313,2.7374062538146973,38.624305725097656,12.732431411743164,Kelmarsh 4,1927.764404296875
2018-01-06 05:00:00,52.398781,-0.94115,146.313,4.06638240814209,27.919662475585938,44.56169509887695,Kelmarsh 4,1827.772216796875
2018-01-06 06:00:00,52.398781,-0.94115,146.313,5.51505708694458,27.847379684448242,21.722671508789062,Kelmarsh 4,1910.1915283203125
2018-01-06 07:00:00,52.398781,-0.94115,146.313,4.465141773223877,24.241750717163086,40.171451568603516,Kelmarsh 4,1763.29736328125
2018-01-06 08:00:00,52.398781,-0.94115,146.313,3.9540605545043945,30.5336971282959,17.12267303466797,Kelmarsh 4,1935.5164794921875
2018-01-06 09:00:00,52.398781,-0.94115,146.313,6.290040016174316,21.294057846069336,17.12267303466797,Kelmarsh 4,1412.109130859375
2018-01-06 10:00:00,52.398781,-0.94115,146.313,5.010563850402832,25.227920532226562,17.12267303466797,Kelmarsh 4,1154.806640625
2018-01-06 11:00:00,52.398781,-0.94115,146.313,7.30047082901001,35.16788864135742,29.195844650268555,Kelmarsh 4,1077.8134765625
2018-01-06 12:00:00,52.398781,-0.94115,146.313,8.42769718170166,37.963932037353516,40.171451568603516,Kelmarsh 4,1256.66943359375
2018-01-06 13:00:00,52.398781,-0.94115,146.313,8.332601547241211,34.44643783569336,39.073890686035156,Kelmarsh 4,1328.9407958984375
2018-01-06 14:00:00,52.398781,-0.94115,146.313,8.936792373657227,37.24089050292969,30.29340362548828,Kelmarsh 4,1967.136474609375
2018-01-06 15:00:00,52.398781,-0.94115,146.313,9.574362754821777,30.191946029663086,30.29340362548828,Kelmarsh 4,1920.0682373046875
2018-01-06 16:00:00,52.398781,-0.94115,146.313,8.772772789001465,40.286170959472656,45.49469757080078,Kelmarsh 4,2040.4888916015625
2018-01-06 17:00:00,52.398781,-0.94115,146.313,8.878446578979492,35.65736770629883,42.366573333740234,Kelmarsh 4,2038.14453125
2018-01-06 18:00:00,52.398781,-0.94115,146.313,6.574743747711182,28.763702392578125,36.87876892089844,Kelmarsh 4,1944.3541259765625
2018-01-06 19:00:00,52.398781,-0.94115,146.313,7.677438259124756,21.002222061157227,22.610477447509766,Kelmarsh 4,1768.6177978515625
2018-01-06 20:00:00,52.398781,-0.94115,146.313,9.00393295288086,24.243268966674805,22.610477447509766,Kelmarsh 4,1855.8643798828125
2018-01-06 21:00:00,52.398781,-0.94115,146.313,7.983442306518555,28.077425003051758,34.68364715576172,Kelmarsh 4,1872.6605224609375
2018-01-06 22:00:00,52.398781,-0.94115,146.313,7.2758941650390625,34.77073669433594,32.488529205322266,Kelmarsh 4,1497.763427734375
2018-01-06 23:00:00,52.398781,-0.94115,146.313,7.936329364776611,30.32770538330078,32.488529205322266,Kelmarsh 4,1484.359619140625
2018-01-07 00:00:00,52.398781,-0.94115,146.313,7.873866558074951,25.235506057739258,32.488529205322266,Kelmarsh 4,1386.8922119140625
2018-01-07 01:00:00,52.398781,-0.94115,146.313,7.922760486602783,31.021997451782227,31.39096450805664,Kelmarsh 4,1513.2451171875
2018-01-07 02:00:00,52.398781,-0.94115,146.313,8.756940841674805,31.63897705078125,29.195844650268555,Kelmarsh 4,1520.2808837890625
2018-01-07 03:00:00,52.398781,-0.94115,146.313,7.72670316696167,31.648168563842773,29.195844650268555,Kelmarsh 4,1506.7286376953125
2018-01-07 04:00:00,52.398781,-0.94115,146.313,8.529364585876465,21.881813049316406,29.195844650268555,Kelmarsh 4,1522.2730712890625
2018-01-07 05:00:00,52.398781,-0.94115,146.313,9.135689735412598,27.017318725585938,29.195844650268555,Kelmarsh 4,1370.6182861328125
2018-01-07 06:00:00,52.398781,-0.94115,146.313,8.822874069213867,36.68254852294922,29.195844650268555,Kelmarsh 4,1408.4815673828125
2018-01-07 07:00:00,52.398781,-0.94115,146.313,8.926044464111328,39.22584533691406,42.366573333740234,Kelmarsh 4,1388.4495849609375
2018-01-07 08:00:00,52.398781,-0.94115,146.313,8.264848709106445,38.78404235839844,42.366573333740234,Kelmarsh 4,1610.58837890625
2018-01-07 09:00:00,52.398781,-0.94115,146.313,6.612600803375244,42.78631591796875,42.366573333740234,Kelmarsh 4,1815.5948486328125
2018-01-07 10:00:00,52.398781,-0.94115,146.313,7.242908954620361,64.4981918334961,55.53730392456055,Kelmarsh 4,1967.9656982421875
2018-01-07 11:00:00,52.398781,-0.94115,146.313,7.357996463775635,65.92347717285156,59.92754364013672,Kelmarsh 4,2041.7880859375
2018-01-07 12:00:00,52.398781,-0.94115,146.313,7.430724143981934,56.5613899230957,57.69804382324219,Kelmarsh 4,2057.93603515625
2018-01-07 13:00:00,52.398781,-0.94115,146.313,6.363547325134277,57.02951431274414,59.92754364013672,Kelmarsh 4,2054.71875
2018-01-07 14:00:00,52.398781,-0.94115,146.313,6.9466142654418945,56.157875061035156,53.39705276489258,Kelmarsh 4,2030.6595458984375
2018-01-07 15:00:00,52.398781,-0.94115,146.313,8.400132179260254,47.941139221191406,54.250526428222656,Kelmarsh 4,1876.8642578125
2018-01-07 16:00:00,52.398781,-0.94115,146.313,6.91511344909668,54.840145111083984,58.00738525390625,Kelmarsh 4,1701.818359375
2018-01-07 17:00:00,52.398781,-0.94115,146.313,5.2823004722595215,50.73088836669922,48.951934814453125,Kelmarsh 4,1637.6844482421875
2018-01-07 18:00:00,52.398781,-0.94115,146.313,6.241758823394775,62.56108856201172,58.740535736083984,Kelmarsh 4,1891.5257568359375
2018-01-07 19:00:00,52.398781,-0.94115,146.313,6.810662269592285,60.606082916259766,63.22023010253906,Kelmarsh 4,1964.0234375
2018-01-07 20:00:00,52.398781,-0.94115,146.313,6.574955940246582,58.336341857910156,60.8604736328125,Kelmarsh 4,2048.88671875
2018-01-07 21:00:00,52.398781,-0.94115,146.313,6.745749473571777,61.01607894897461,65.91477966308594,Kelmarsh 4,1980.123779296875
2018-01-07 22:00:00,52.398781,-0.94115,146.313,6.5582122802734375,62.788116455078125,58.82998275756836,Kelmarsh 4,1842.013916015625
2018-01-07 23:00:00,52.398781,-0.94115,146.313,6.066194534301758,52.98233413696289,58.82998275756836,Kelmarsh 4,1631.592529296875
2018-01-08 00:00:00,52.398781,-0.94115,146.313,5.9926629066467285,59.242103576660156,58.82998275756836,Kelmarsh 4,1439.3006591796875
2018-01-08 01:00:00,52.398781,-0.94115,146.313,5.899949073791504,54.900245666503906,61.34737777709961,Kelmarsh 4,1386.4237060546875
2018-01-08 02:00:00,52.398781,-0.94115,146.313,6.036903381347656,62.03205490112305,58.82998275756836,Kelmarsh 4,1165.56591796875
2018-01-08 03:00:00,52.398781,-0.94115,146.313,6.444999694824219,61.78797912597656,58.82998275756836,Kelmarsh 4,770.91064453125
2018-01-08 04:00:00,52.398781,-0.94115,146.313,7.898499011993408,69.70954895019531,67.61045837402344,Kelmarsh 4,566.5549926757812
2018-01-08 05:00:00,52.398781,-0.94115,146.313,5.724032402038574,64.24462890625,56.63486099243164,Kelmarsh 4,435.59014892578125
2018-01-08 06:00:00,52.398781,-0.94115,146.313,5.6668596267700195,62.22283935546875,56.63486099243164,Kelmarsh 4,354.2305603027344
2018-01-08 07:00:00,52.398781,-0.94115,146.313,5.539000988006592,69.84957122802734,56.63486099243164,Kelmarsh 4,454.1384582519531
2018-01-08 08:00:00,52.398781,-0.94115,146.313,7.481789588928223,71.25450897216797,67.61045837402344,Kelmarsh 4,866.4824829101562
2018-01-08 09:00:00,52.398781,-0.94115,146.313,6.549989223480225,74.36914825439453,67.61045837402344,Kelmarsh 4,954.44189453125
2018-01-08 10:00:00,52.398781,-0.94115,146.313,7.13183069229126,80.21185302734375,83.96707153320312,Kelmarsh 4,702.4166870117188
2018-01-08 11:00:00,52.398781,-0.94115,146.313,5.3720502853393555,70.7457275390625,77.48847198486328,Kelmarsh 4,1068.627197265625
2018-01-08 12:00:00,52.398781,-0.94115,146.313,4.54382848739624,66.80945587158203,77.48847198486328,Kelmarsh 4,1608.2327880859375
2018-01-08 13:00:00,52.398781,-0.94115,146.313,4.173803329467773,68.56918334960938,77.48847198486328,Kelmarsh 4,1844.2242431640625
2018-01-08 14:00:00,52.398781,-0.94115,146.313,4.126283645629883,67.98295593261719,77.48847198486328,Kelmarsh 4,1634.6976318359375
2018-01-08 15:00:00,52.398781,-0.94115,146.313,5.222473621368408,72.39918518066406,77.48847198486328,Kelmarsh 4,1463.11865234375
2018-01-08 16:00:00,52.398781,-0.94115,146.313,6.041153907775879,68.7032241821289,77.48847198486328,Kelmarsh 4,1075.0130615234375
2018-01-08 17:00:00,52.398781,-0.94115,146.313,6.044328212738037,75.78764343261719,77.48847198486328,Kelmarsh 4,805.22802734375
2018-01-08 18:00:00,52.398781,-0.94115,146.313,6.804425239562988,74.72718811035156,77.48847198486328,Kelmarsh 4,1068.462890625
2018-01-08 19:00:00,52.398781,-0.94115,146.313,5.6607794761657715,80.12476348876953,77.48847198486328,Kelmarsh 4,1121.1220703125
2018-01-08 20:00:00,52.398781,-0.94115,146.313,5.0157670974731445,86.83036041259766,77.48847198486328,Kelmarsh 4,843.1505126953125
2018-01-08 21:00:00,52.398781,-0.94115,146.313,5.960147380828857,98.54364776611328,87.90721893310547,Kelmarsh 4,416.12255859375
2018-01-08 22:00:00,52.398781,-0.94115,146.313,5.547243118286133,102.48545837402344,101.63472747802734,Kelmarsh 4,404.5592956542969
2018-01-08 23:00:00,52.398781,-0.94115,146.313,5.804853439331055,100.35061645507812,101.63472747802734,Kelmarsh 4,762.0128784179688
2018-01-09 00:00:00,52.398781,-0.94115,146.313,6.052844524383545,114.76205444335938,101.63472747802734,Kelmarsh 4,997.4281616210938
2018-01-09 01:00:00,52.398781,-0.94115,146.313,5.858796119689941,114.66499328613281,115.90296936035156,Kelmarsh 4,1002.8958129882812
2018-01-09 02:00:00,52.398781,-0.94115,146.313,4.608407497406006,108.66778564453125,115.90296936035156,Kelmarsh 4,1253.4805908203125
2018-01-09 03:00:00,52.398781,-0.94115,146.313,6.121344089508057,109.34693908691406,115.90296936035156,Kelmarsh 4,1287.44580078125
2018-01-09 04:00:00,52.398781,-0.94115,146.313,4.219708442687988,110.19501495361328,115.90296936035156,Kelmarsh 4,1390.8824462890625
2018-01-09 05:00:00,52.398781,-0.94115,146.313,6.051084995269775,108.25013732910156,120.2931900024414,Kelmarsh 4,1073.8712158203125
2018-01-09 06:00:00,52.398781,-0.94115,146.313,6.300601959228516,116.45179748535156,115.90296936035156,Kelmarsh 4,1016.2064208984375
2018-01-09 07:00:00,52.398781,-0.94115,146.313,5.563243865966797,133.13717651367188,142.2444305419922,Kelmarsh 4,881.832275390625
2018-01-09 08:00:00,52.398781,-0.94115,146.313,5.015371799468994,125.8641357421875,130.15341186523438,Kelmarsh 4,629.3924560546875
2018-01-09 09:00:00,52.398781,-0.94115,146.313,3.859447717666626,133.9307403564453,130.1712188720703,Kelmarsh 4,571.8487548828125
2018-01-09 10:00:00,52.398781,-0.94115,146.313,3.8991899490356445,136.16201782226562,130.1712188720703,Kelmarsh 4,564.0287475585938
2018-01-09 11:00:00,52.398781,-0.94115,146.313,3.8412833213806152,154.29576110839844,139.19671630859375,Kelmarsh 4,453.8374938964844
2018-01-09 12:00:00,52.398781,-0.94115,146.313,3.7817821502685547,157.4305877685547,147.7322540283203,Kelmarsh 4,567.3756103515625
2018-01-09 13:00:00,52.398781,-0.94115,146.313,4.355957508087158,216.4396514892578,215.781265258789,Kelmarsh 4,832.9248046875
2018-01-09 14:00:00,52.398781,-0.94115,146.313,2.712285041809082,146.69143676757812,160.9030303955078,Kelmarsh 4,982.3798217773438
2018-01-09 15:00:00,52.398781,-0.94115,146.313,3.358649969100952,143.0868682861328,145.53712463378906,Kelmarsh 4,933.2339477539062
2018-01-09 16:00:00,52.398781,-0.94115,146.313,4.5411553382873535,144.64474487304688,145.53712463378906,Kelmarsh 4,890.1083984375
2018-01-09 17:00:00,52.398781,-0.94115,146.313,4.452964782714844,140.21336364746094,145.53712463378906,Kelmarsh 4,742.865966796875
2018-01-09 18:00:00,52.398781,-0.94115,146.313,4.231644153594971,140.98291015625,145.53712463378906,Kelmarsh 4,667.5844116210938
2018-01-09 19:00:00,52.398781,-0.94115,146.313,4.721545696258545,134.3567352294922,145.53712463378906,Kelmarsh 4,986.683349609375
2018-01-09 20:00:00,52.398781,-0.94115,146.313,4.847139835357666,145.4281005859375,145.53712463378906,Kelmarsh 4,926.4121704101562
2018-01-09 21:00:00,52.398781,-0.94115,146.313,4.876450061798096,158.94998168945312,145.53712463378906,Kelmarsh 4,904.1531372070312
2018-01-09 22:00:00,52.398781,-0.94115,146.313,5.767895221710205,143.83523559570312,145.53712463378906,Kelmarsh 4,806.8563842773438
2018-01-09 23:00:00,52.398781,-0.94115,146.313,7.064006328582764,141.67868041992188,145.53712463378906,Kelmarsh 4,818.1945190429688
2018-01-10 00:00:00,52.398781,-0.94115,146.313,7.17279577255249,142.66571044921875,147.7322540283203,Kelmarsh 4,1176.6297607421875
2018-01-10 01:00:00,52.398781,-0.94115,146.313,6.457021713256836,139.35499572753906,147.7322540283203,Kelmarsh 4,1221.6942138671875
2018-01-10 02:00:00,52.398781,-0.94115,146.313,5.424736976623535,144.65245056152344,147.7322540283203,Kelmarsh 4,1131.1524658203125
2018-01-10 03:00:00,52.398781,-0.94115,146.313,5.224359035491943,139.29269409179688,147.7322540283203,Kelmarsh 4,1292.7464599609375
2018-01-10 04:00:00,52.398781,-0.94115,146.313,6.474029064178467,137.06228637695312,147.7322540283203,Kelmarsh 4,1473.5167236328125
2018-01-10 05:00:00,52.398781,-0.94115,146.313,4.739251136779785,155.1863555908203,147.7322540283203,Kelmarsh 4,1282.5506591796875
2018-01-10 06:00:00,52.398781,-0.94115,146.313,4.227589130401611,246.62109374999997,235.377456665039,Kelmarsh 4,767.0963745117188
2018-01-10 07:00:00,52.398781,-0.94115,146.313,4.803153038024902,276.15673828125,271.7570495605469,Kelmarsh 4,799.6344604492188
2018-01-10 08:00:00,52.398781,-0.94115,146.313,7.0172014236450195,276.29949951171864,271.7570495605469,Kelmarsh 4,1318.8890380859375
2018-01-10 09:00:00,52.398781,-0.94115,146.313,6.560401439666748,269.60815429687494,271.7570495605469,Kelmarsh 4,1149.48095703125
2018-01-10 10:00:00,52.398781,-0.94115,146.313,5.418754577636719,272.44146728515625,271.7570495605469,Kelmarsh 4,1289.50146484375
2018-01-10 11:00:00,52.398781,-0.94115,146.313,5.377044200897217,280.4931640625,271.7570495605469,Kelmarsh 4,1561.870849609375
2018-01-10 12:00:00,52.398781,-0.94115,146.313,4.849641799926758,281.9894104003906,271.7570495605469,Kelmarsh 4,1708.949462890625
2018-01-10 13:00:00,52.398781,-0.94115,146.313,3.147491216659546,289.9200744628906,291.51321411132807,Kelmarsh 4,1740.7139892578125
2018-01-10 14:00:00,52.398781,-0.94115,146.313,3.8661153316497803,282.153564453125,291.51321411132807,Kelmarsh 4,1883.5863037109375
2018-01-10 15:00:00,52.398781,-0.94115,146.313,4.924508571624756,269.08670043945307,291.51321411132807,Kelmarsh 4,1950.2550048828125
2018-01-10 16:00:00,52.398781,-0.94115,146.313,5.3441548347473145,270.8265075683594,272.8546142578125,Kelmarsh 4,1989.2803955078125
2018-01-10 17:00:00,52.398781,-0.94115,146.313,3.712473154067993,279.54547119140625,272.8546142578125,Kelmarsh 4,2046.5103759765625
2018-01-10 18:00:00,52.398781,-0.94115,146.313,1.3489784002304077,331.7218322753906,304.68399047851557,Kelmarsh 4,2058.05712890625
2018-01-10 19:00:00,52.398781,-0.94115,146.313,2.4575259685516357,311.4542236328125,312.366943359375,Kelmarsh 4,1995.42236328125
2018-01-10 20:00:00,52.398781,-0.94115,146.313,3.2826614379882812,314.3862609863281,312.366943359375,Kelmarsh 4,1936.9827880859375
2018-01-10 21:00:00,52.398781,-0.94115,146.313,3.7155308723449707,297.0060119628906,301.39129638671875,Kelmarsh 4,1939.25146484375
2018-01-10 22:00:00,52.398781,-0.94115,146.313,4.100391387939453,332.049560546875,336.51336669921875,Kelmarsh 4,1977.8558349609375
2018-01-10 23:00:00,52.398781,-0.94115,146.313,3.312466621398926,7.136559009552002,355.1719665527344,Kelmarsh 4,1741.659423828125
2018-01-11 00:00:00,52.398781,-0.94115,146.313,5.402781963348389,348.06207275390625,355.1719665527344,Kelmarsh 4,1766.137451171875
2018-01-11 01:00:00,52.398781,-0.94115,146.313,5.032835006713867,346.95501708984364,355.1719665527344,Kelmarsh 4,1870.2271728515625
2018-01-11 02:00:00,52.398781,-0.94115,146.313,4.263436317443848,337.2159729003906,355.1719665527344,Kelmarsh 4,1462.1678466796875
2018-01-11 03:00:00,52.398781,-0.94115,146.313,5.162327289581299,332.07586669921875,320.0498962402344,Kelmarsh 4,1826.5638427734375
2018-01-11 04:00:00,52.398781,-0.94115,146.313,3.355830430984497,336.7180480957031,351.8792724609375,Kelmarsh 4,1904.4559326171875
2018-01-11 05:00:00,52.398781,-0.94115,146.313,4.47825288772583,338.6355285644531,321.1474609375,Kelmarsh 4,1907.1846923828125
2018-01-11 06:00:00,52.398781,-0.94115,146.313,5.877292633056641,346.6724853515625,352.9768371582031,Kelmarsh 4,1911.4287109375
2018-01-11 07:00:00,52.398781,-0.94115,146.313,5.0547590255737305,345.8196411132812,352.9768371582031,Kelmarsh 4,1498.6695556640625
2018-01-11 08:00:00,52.398781,-0.94115,146.313,3.3913183212280273,346.1247253417969,352.9768371582031,Kelmarsh 4,1670.0218505859375
2018-01-11 09:00:00,52.398781,-0.94115,146.313,4.810489177703857,332.9531860351563,352.9768371582031,Kelmarsh 4,1608.19921875
2018-01-11 10:00:00,52.398781,-0.94115,146.313,4.380053520202637,333.2130432128905,327.73284912109375,Kelmarsh 4,1545.2828369140625
2018-01-11 11:00:00,52.398781,-0.94115,146.313,4.972141742706299,322.33038330078125,327.73284912109375,Kelmarsh 4,1604.0220947265625
2018-01-11 12:00:00,52.398781,-0.94115,146.313,4.286291599273682,343.94586181640625,327.73284912109375,Kelmarsh 4,1494.89111328125
2018-01-11 13:00:00,52.398781,-0.94115,146.313,5.234307289123535,338.4088134765625,349.68414306640625,Kelmarsh 4,1481.86962890625
2018-01-11 14:00:00,52.398781,-0.94115,146.313,3.309246063232422,335.9223327636719,349.68414306640625,Kelmarsh 4,1382.921142578125
2018-01-11 15:00:00,52.398781,-0.94115,146.313,2.329028367996216,305.0207824707031,313.46450805664057,Kelmarsh 4,1048.755126953125
2018-01-11 16:00:00,52.398781,-0.94115,146.313,4.466159343719482,321.1558837890625,313.46450805664057,Kelmarsh 4,1121.75
2018-01-11 17:00:00,52.398781,-0.94115,146.313,5.107535362243652,322.2059326171875,313.46450805664057,Kelmarsh 4,1784.8436279296875
2018-01-11 18:00:00,52.398781,-0.94115,146.313,3.9579877853393555,341.675537109375,331.0255432128906,Kelmarsh 4,1933.4532470703125
2018-01-11 19:00:00,52.398781,-0.94115,146.313,3.1475753784179688,353.1450500488281,350.7817077636718,Kelmarsh 4,2053.286376953125
2018-01-11 20:00:00,52.398781,-0.94115,146.313,3.9083359241485596,322.2541809082031,307.97668457031244,Kelmarsh 4,2048.3681640625
2018-01-11 21:00:00,52.398781,-0.94115,146.313,3.5728371143341064,338.67077636718744,326.6352844238281,Kelmarsh 4,2004.52392578125
2018-01-11 22:00:00,52.398781,-0.94115,146.313,3.794325351715088,341.8464660644531,326.6352844238281,Kelmarsh 4,2050.7412109375
2018-01-11 23:00:00,52.398781,-0.94115,146.313,4.573196887969971,348.2681579589843,337.2743835449219,Kelmarsh 4,1971.6448974609375
2018-01-12 00:00:00,52.398781,-0.94115,146.313,2.896559476852417,21.079137802124023,13.830510139465332,Kelmarsh 4,2022.498779296875
2018-01-12 01:00:00,52.398781,-0.94115,146.313,3.164590358734131,34.91850280761719,32.3333854675293,Kelmarsh 4,1905.0572509765625
2018-01-12 02:00:00,52.398781,-0.94115,146.313,2.2695391178131104,31.135793685913086,37.97684860229492,Kelmarsh 4,1968.2734375
2018-01-12 03:00:00,52.398781,-0.94115,146.313,1.79978609085083,9.682581901550293,37.97684860229492,Kelmarsh 4,2052.57177734375
2018-01-12 04:00:00,52.398781,-0.94115,146.313,1.7647854089736938,5.245333671569824,37.97684860229492,Kelmarsh 4,2049.9814453125
2018-01-12 05:00:00,52.398781,-0.94115,146.313,0.8485553860664368,46.29820251464844,37.97684860229492,Kelmarsh 4,2051.502197265625
2018-01-12 06:00:00,52.398781,-0.94115,146.313,1.7725964784622192,96.8519058227539,91.75723266601562,Kelmarsh 4,2007.336669921875
2018-01-12 07:00:00,52.398781,-0.94115,146.313,2.117727518081665,103.50270080566406,91.75723266601562,Kelmarsh 4,1959.6756591796875
2018-01-12 08:00:00,52.398781,-0.94115,146.313,3.4384958744049072,121.20152282714844,119.19615173339844,Kelmarsh 4,2017.808349609375
2018-01-12 09:00:00,52.398781,-0.94115,146.313,2.89929461479187,115.20512390136719,124.6839370727539,Kelmarsh 4,1860.218017578125
2018-01-12 10:00:00,52.398781,-0.94115,146.313,3.0510313510894775,162.9630889892578,155.4157257080078,Kelmarsh 4,1897.8924560546875
2018-01-12 11:00:00,52.398781,-0.94115,146.313,2.8460261821746826,162.23963928222656,151.0067596435547,Kelmarsh 4,1222.4251708984375
2018-01-12 12:00:00,52.398781,-0.94115,146.313,2.7386231422424316,162.71595764160156,170.0137176513672,Kelmarsh 4,1725.6602783203125
2018-01-12 13:00:00,52.398781,-0.94115,146.313,2.5571978092193604,154.2998046875,153.22059631347656,Kelmarsh 4,1486.6197509765625
2018-01-12 14:00:00,52.398781,-0.94115,146.313,3.924744129180908,149.09461975097656,141.1473846435547,Kelmarsh 4,1789.8150634765625
2018-01-12 15:00:00,52.398781,-0.94115,146.313,3.6412930488586426,155.7225799560547,141.1473846435547,Kelmarsh 4,2041.1077880859375
2018-01-12 16:00:00,52.398781,-0.94115,146.313,4.247233867645264,135.7709503173828,141.1473846435547,Kelmarsh 4,2051.537109375
2018-01-12 17:00:00,52.398781,-0.94115,146.313,5.146125793457031,144.78311157226562,141.1473846435547,Kelmarsh 4,2035.78369140625
2018-01-12 18:00:00,52.398781,-0.94115,146.313,5.862203121185303,131.5455780029297,141.1473846435547,Kelmarsh 4,2043.5694580078125
2018-01-12 19:00:00,52.398781,-0.94115,146.313,5.78585147857666,129.01229858398438,141.1473846435547,Kelmarsh 4,2039.850830078125
2018-01-12 20:00:00,52.398781,-0.94115,146.313,5.1607279777526855,134.78465270996094,141.1473846435547,Kelmarsh 4,2035.8433837890625
2018-01-12 21:00:00,52.398781,-0.94115,146.313,5.081264019012451,151.043701171875,141.1473846435547,Kelmarsh 4,2061.97216796875
2018-01-12 22:00:00,52.398781,-0.94115,146.313,4.7936015129089355,142.0448760986328,141.1473846435547,Kelmarsh 4,2056.5048828125
2018-01-12 23:00:00,52.398781,-0.94115,146.313,5.815390110015869,164.2299346923828,159.8059844970703,Kelmarsh 4,2057.86083984375
2018-01-13 00:00:00,52.398781,-0.94115,146.313,5.950423717498779,165.69500732421875,171.8791961669922,Kelmarsh 4,2047.824951171875
2018-01-13 01:00:00,52.398781,-0.94115,146.313,7.0690507888793945,168.85765075683594,171.8791961669922,Kelmarsh 4,2036.766357421875
2018-01-13 02:00:00,52.398781,-0.94115,146.313,7.711458683013916,155.1334686279297,157.61085510253906,Kelmarsh 4,2044.8526611328125
2018-01-13 03:00:00,52.398781,-0.94115,146.313,6.975522041320801,139.1428680419922,142.2449493408203,Kelmarsh 4,2045.9671630859375
2018-01-13 04:00:00,52.398781,-0.94115,146.313,8.296517372131348,131.46421813964844,132.0847930908203,Kelmarsh 4,2015.356689453125
2018-01-13 05:00:00,52.398781,-0.94115,146.313,8.635160446166992,131.96408081054688,130.17173767089844,Kelmarsh 4,2054.209228515625
2018-01-13 06:00:00,52.398781,-0.94115,146.313,8.517558097839355,123.34785461425781,130.17173767089844,Kelmarsh 4,1485.4202880859375
2018-01-13 07:00:00,52.398781,-0.94115,146.313,7.490763187408447,131.62783813476562,130.17173767089844,Kelmarsh 4,1977.1114501953125
2018-01-13 08:00:00,52.398781,-0.94115,146.313,7.222585678100586,139.29673767089844,130.93836975097656,Kelmarsh 4,2052.539794921875
2018-01-13 09:00:00,52.398781,-0.94115,146.313,7.355268955230713,141.376220703125,137.8546905517578,Kelmarsh 4,1991.4635009765625
2018-01-13 10:00:00,52.398781,-0.94115,146.313,8.235416412353516,129.09347534179688,137.8546905517578,Kelmarsh 4,1914.5643310546875
2018-01-13 11:00:00,52.398781,-0.94115,146.313,8.39023208618164,133.9887237548828,137.8546905517578,Kelmarsh 4,2043.598876953125
2018-01-13 12:00:00,52.398781,-0.94115,146.313,8.789201736450195,131.03216552734375,133.51707458496094,Kelmarsh 4,2052.7158203125
2018-01-13 13:00:00,52.398781,-0.94115,146.313,7.507201671600342,129.5298614501953,136.7571258544922,Kelmarsh 4,2031.8316650390625
2018-01-13 14:00:00,52.398781,-0.94115,146.313,6.319137096405029,141.08697509765625,136.7571258544922,Kelmarsh 4,507.0441589355469
2018-01-13 15:00:00,52.398781,-0.94115,146.313,7.5981011390686035,133.40234375,136.7571258544922,Kelmarsh 4,-2.4567675590515137
2018-01-13 16:00:00,52.398781,-0.94115,146.313,8.704909324645996,129.44036865234375,136.7571258544922,Kelmarsh 4,1515.289306640625
2018-01-13 17:00:00,52.398781,-0.94115,146.313,9.012946128845215,125.45513916015625,125.781494140625,Kelmarsh 4,2051.301025390625
2018-01-13 18:00:00,52.398781,-0.94115,146.313,8.693318367004395,127.54022979736328,125.781494140625,Kelmarsh 4,2076.015869140625
2018-01-13 19:00:00,52.398781,-0.94115,146.313,5.591001987457275,131.5633087158203,131.26930236816406,Kelmarsh 4,2048.9228515625
2018-01-13 20:00:00,52.398781,-0.94115,146.313,6.341281890869141,127.97105407714844,118.70104217529297,Kelmarsh 4,2049.603271484375
2018-01-13 21:00:00,52.398781,-0.94115,146.313,6.421236991882324,128.0354461669922,140.04981994628906,Kelmarsh 4,2067.318115234375
2018-01-13 22:00:00,52.398781,-0.94115,146.313,4.874575138092041,124.23793029785156,119.19615173339844,Kelmarsh 4,2058.274169921875
2018-01-13 23:00:00,52.398781,-0.94115,146.313,5.692104816436768,121.289306640625,119.19615173339844,Kelmarsh 4,2060.726806640625
2018-01-14 00:00:00,52.398781,-0.94115,146.313,5.357515811920166,125.42806243896484,129.0741729736328,Kelmarsh 4,2064.06787109375
2018-01-14 01:00:00,52.398781,-0.94115,146.313,4.961429119110107,125.51886749267578,129.0741729736328,Kelmarsh 4,2043.07763671875
2018-01-14 02:00:00,52.398781,-0.94115,146.313,4.19084358215332,108.94873046875,117.4229965209961,Kelmarsh 4,2052.666259765625
2018-01-14 03:00:00,52.398781,-0.94115,146.313,4.720506191253662,103.7391128540039,109.31814575195312,Kelmarsh 4,2055.6337890625
2018-01-14 04:00:00,52.398781,-0.94115,146.313,6.0117878913879395,108.69966125488281,109.31814575195312,Kelmarsh 4,2051.542724609375
2018-01-14 05:00:00,52.398781,-0.94115,146.313,3.723625898361206,144.30259704589844,135.65956115722656,Kelmarsh 4,2023.9259033203125
2018-01-14 06:00:00,52.398781,-0.94115,146.313,4.228859901428223,132.13148498535156,135.65956115722656,Kelmarsh 4,2046.972900390625
2018-01-14 07:00:00,52.398781,-0.94115,146.313,2.8255906105041504,130.4794158935547,135.65956115722656,Kelmarsh 4,2059.4384765625
2018-01-14 08:00:00,52.398781,-0.94115,146.313,3.115309238433838,159.3816375732422,143.22508239746094,Kelmarsh 4,2050.576416015625
2018-01-14 09:00:00,52.398781,-0.94115,146.313,4.8261823654174805,127.8691635131836,130.17173767089844,Kelmarsh 4,2043.50439453125
2018-01-14 10:00:00,52.398781,-0.94115,146.313,2.4682304859161377,142.25880432128906,153.22059631347656,Kelmarsh 4,2060.611572265625
2018-01-14 11:00:00,52.398781,-0.94115,146.313,2.3163187503814697,177.30067443847656,161.18408203125,Kelmarsh 4,2039.02587890625
2018-01-14 12:00:00,52.398781,-0.94115,146.313,3.5831077098846436,159.3258514404297,170.78163146972656,Kelmarsh 4,2031.297119140625
2018-01-14 13:00:00,52.398781,-0.94115,146.313,2.981497049331665,195.38468933105466,208.05856323242188,Kelmarsh 4,2055.31884765625
2018-01-14 14:00:00,52.398781,-0.94115,146.313,3.6342287063598633,199.2997741699219,204.80613708496088,Kelmarsh 4,2036.630859375
2018-01-14 15:00:00,52.398781,-0.94115,146.313,4.704319953918457,191.6071014404297,201.513442993164,Kelmarsh 4,2048.865478515625
2018-01-14 16:00:00,52.398781,-0.94115,146.313,4.622162342071533,208.32635498046872,201.513442993164,Kelmarsh 4,2054.9091796875
2018-01-14 17:00:00,52.398781,-0.94115,146.313,5.792304992675781,200.9471740722656,201.513442993164,Kelmarsh 4,2063.80859375
2018-01-14 18:00:00,52.398781,-0.94115,146.313,5.223123073577881,219.5304718017578,211.3915252685547,Kelmarsh 4,2038.31103515625
2018-01-14 19:00:00,52.398781,-0.94115,146.313,6.860372543334961,215.85408020019526,214.6271209716797,Kelmarsh 4,2063.777099609375
2018-01-14 20:00:00,52.398781,-0.94115,146.313,6.948822975158691,203.4072875976562,204.80613708496088,Kelmarsh 4,2072.147705078125
2018-01-14 21:00:00,52.398781,-0.94115,146.313,7.044716835021973,193.80775451660156,187.24510192871088,Kelmarsh 4,2062.013671875
2018-01-14 22:00:00,52.398781,-0.94115,146.313,7.764106750488281,194.49372863769523,187.24510192871088,Kelmarsh 4,2050.28125
2018-01-14 23:00:00,52.398781,-0.94115,146.313,9.569755554199219,199.79788208007807,196.0256195068359,Kelmarsh 4,2051.935791015625
2018-01-15 00:00:00,52.398781,-0.94115,146.313,9.519342422485352,190.71524047851562,196.0256195068359,Kelmarsh 4,2067.9423828125
2018-01-15 01:00:00,52.398781,-0.94115,146.313,10.073318481445312,202.67051696777344,196.0256195068359,Kelmarsh 4,2048.400634765625
2018-01-15 02:00:00,52.398781,-0.94115,146.313,9.597283363342285,195.76881408691403,196.0256195068359,Kelmarsh 4,2051.56494140625
2018-01-15 03:00:00,52.398781,-0.94115,146.313,11.540721893310547,190.9799041748046,190.53779602050773,Kelmarsh 4,2041.877197265625
2018-01-15 04:00:00,52.398781,-0.94115,146.313,11.145426750183105,197.1691284179687,200.41587829589838,Kelmarsh 4,2064.20556640625
2018-01-15 05:00:00,52.398781,-0.94115,146.313,11.949103355407715,205.31979370117188,201.513442993164,Kelmarsh 4,2051.934326171875
2018-01-15 06:00:00,52.398781,-0.94115,146.313,11.293004035949707,204.365234375,209.1963958740234,Kelmarsh 4,2057.023681640625
2018-01-15 07:00:00,52.398781,-0.94115,146.313,11.360882759094238,211.09164428710938,209.1963958740234,Kelmarsh 4,2049.20849609375
2018-01-15 08:00:00,52.398781,-0.94115,146.313,11.15402603149414,213.38215637207034,209.1963958740234,Kelmarsh 4,2057.921142578125
2018-01-15 09:00:00,52.398781,-0.94115,146.313,9.879101753234863,217.4757232666015,220.1720428466796,Kelmarsh 4,2050.270263671875
2018-01-15 10:00:00,52.398781,-0.94115,146.313,9.648459434509277,217.29396057128906,220.1720428466796,Kelmarsh 4,2048.366455078125
2018-01-15 11:00:00,52.398781,-0.94115,146.313,10.396885871887207,218.14854431152338,220.1720428466796,Kelmarsh 4,2036.6378173828125
2018-01-15 12:00:00,52.398781,-0.94115,146.313,10.25494384765625,234.8905334472656,229.60375976562491,Kelmarsh 4,2053.759521484375
2018-01-15 13:00:00,52.398781,-0.94115,146.313,9.21061897277832,263.3039245605469,257.2170104980469,Kelmarsh 4,2051.099853515625
2018-01-15 14:00:00,52.398781,-0.94115,146.313,9.437030792236328,295.6011962890625,289.2290344238281,Kelmarsh 4,2055.458740234375
2018-01-15 15:00:00,52.398781,-0.94115,146.313,13.004369735717773,284.46136474609375,281.0202941894531,Kelmarsh 4,2063.016845703125
2018-01-15 16:00:00,52.398781,-0.94115,146.313,11.81511116027832,283.4054870605469,276.1478271484375,Kelmarsh 4,2044.975341796875
2018-01-15 17:00:00,52.398781,-0.94115,146.313,10.301274299621582,269.81259155273426,269.56243896484375,Kelmarsh 4,2055.0810546875
2018-01-15 18:00:00,52.398781,-0.94115,146.313,8.790631294250488,255.18304443359375,253.09896850585935,Kelmarsh 4,2059.010009765625
2018-01-15 19:00:00,52.398781,-0.94115,146.313,8.94796371459961,243.46255493164062,239.92819213867182,Kelmarsh 4,2048.283935546875
2018-01-15 20:00:00,52.398781,-0.94115,146.313,10.428217887878418,244.16931152343744,233.34280395507812,Kelmarsh 4,2049.516845703125
2018-01-15 21:00:00,52.398781,-0.94115,146.313,11.765738487243652,242.2240447998047,241.02575683593741,Kelmarsh 4,2051.899658203125
2018-01-15 22:00:00,52.398781,-0.94115,146.313,12.541186332702637,246.95924377441406,250.90383911132812,Kelmarsh 4,2020.5560302734375
2018-01-15 23:00:00,52.398781,-0.94115,146.313,11.817983627319336,243.7860565185547,246.51358032226562,Kelmarsh 4,2009.1075439453125
2018-01-16 00:00:00,52.398781,-0.94115,146.313,11.096012115478516,242.50234985351557,246.51358032226562,Kelmarsh 4,2025.7825927734375
2018-01-16 01:00:00,52.398781,-0.94115,146.313,10.206002235412598,247.12384033203125,246.51358032226562,Kelmarsh 4,2042.1556396484375
2018-01-16 02:00:00,52.398781,-0.94115,146.313,8.901182174682617,249.52178955078125,249.22445678710938,Kelmarsh 4,2041.9400634765625
2018-01-16 03:00:00,52.398781,-0.94115,146.313,10.307374000549316,252.60928344726562,259.6843566894531,Kelmarsh 4,2058.42529296875
2018-01-16 04:00:00,52.398781,-0.94115,146.313,9.690682411193848,256.1332397460937,249.8062744140624,Kelmarsh 4,2064.052978515625
2018-01-16 05:00:00,52.398781,-0.94115,146.313,11.589967727661133,272.6231689453125,264.0746154785156,Kelmarsh 4,2034.0731201171875
2018-01-16 06:00:00,52.398781,-0.94115,146.313,9.100476264953613,248.01918029785156,253.09896850585935,Kelmarsh 4,2038.0020751953125
2018-01-16 07:00:00,52.398781,-0.94115,146.313,10.451696395874023,253.8431396484375,245.416015625,Kelmarsh 4,2059.03515625
2018-01-16 08:00:00,52.398781,-0.94115,146.313,10.654863357543945,248.76556396484375,252.00140380859375,Kelmarsh 4,2049.17529296875
2018-01-16 09:00:00,52.398781,-0.94115,146.313,10.201603889465332,245.71691894531244,252.00140380859375,Kelmarsh 4,2033.52734375
2018-01-16 10:00:00,52.398781,-0.94115,146.313,11.484310150146484,242.25205993652344,252.00140380859375,Kelmarsh 4,1952.9857177734375
2018-01-16 11:00:00,52.398781,-0.94115,146.313,9.266016960144043,254.99360656738276,252.00140380859375,Kelmarsh 4,1780.052001953125
2018-01-16 12:00:00,52.398781,-0.94115,146.313,12.541927337646484,252.94158935546875,252.60476684570312,Kelmarsh 4,2007.3441162109375
2018-01-16 13:00:00,52.398781,-0.94115,146.313,10.78149700164795,257.4697570800781,260.78192138671875,Kelmarsh 4,2057.294189453125
2018-01-16 14:00:00,52.398781,-0.94115,146.313,11.703347206115723,246.57167053222656,246.51358032226562,Kelmarsh 4,2065.0986328125
2018-01-16 15:00:00,52.398781,-0.94115,146.313,9.589134216308594,255.59507751464838,246.51358032226562,Kelmarsh 4,2063.4970703125
2018-01-16 16:00:00,52.398781,-0.94115,146.313,9.351386070251465,249.11024475097656,245.416015625,Kelmarsh 4,2033.97705078125
2018-01-16 17:00:00,52.398781,-0.94115,146.313,11.164180755615234,248.74571228027335,250.47399902343744,Kelmarsh 4,2072.29541015625
2018-01-16 18:00:00,52.398781,-0.94115,146.313,11.455853462219238,245.56613159179688,245.416015625,Kelmarsh 4,2042.27783203125
2018-01-16 19:00:00,52.398781,-0.94115,146.313,11.675764083862305,242.48776245117188,245.416015625,Kelmarsh 4,2044.440185546875
2018-01-16 20:00:00,52.398781,-0.94115,146.313,11.16316032409668,257.2218322753906,260.2601013183594,Kelmarsh 4,2064.07275390625
2018-01-16 21:00:00,52.398781,-0.94115,146.313,11.983678817749023,249.3492889404297,238.83062744140625,Kelmarsh 4,2056.244140625
2018-01-16 22:00:00,52.398781,-0.94115,146.313,10.668282508850098,247.49096679687497,253.09896850585935,Kelmarsh 4,2063.306640625
2018-01-16 23:00:00,52.398781,-0.94115,146.313,10.931655883789062,243.33026123046875,246.51358032226562,Kelmarsh 4,2039.4361572265625
2018-01-17 00:00:00,52.398781,-0.94115,146.313,10.78095817565918,250.71658325195312,246.51358032226562,Kelmarsh 4,2058.502685546875
2018-01-17 01:00:00,52.398781,-0.94115,146.313,10.187738418579102,249.08944702148438,246.51358032226562,Kelmarsh 4,2055.22412109375
2018-01-17 02:00:00,52.398781,-0.94115,146.313,10.4365873336792,257.6763610839844,255.29409790039062,Kelmarsh 4,2066.6005859375
2018-01-17 03:00:00,52.398781,-0.94115,146.313,10.927024841308594,249.29901123046866,242.12332153320307,Kelmarsh 4,2049.21533203125
2018-01-17 04:00:00,52.398781,-0.94115,146.313,11.21814250946045,258.1798400878906,248.50036621093747,Kelmarsh 4,2052.356201171875
2018-01-17 05:00:00,52.398781,-0.94115,146.313,12.837646484375,252.45823669433588,259.6843566894531,Kelmarsh 4,2044.370849609375
2018-01-17 06:00:00,52.398781,-0.94115,146.313,12.925558090209961,269.82672119140625,269.0196533203125,Kelmarsh 4,2054.697509765625
2018-01-17 07:00:00,52.398781,-0.94115,146.313,10.492218971252441,261.4517822265625,268.96878051757807,Kelmarsh 4,2053.432861328125
2018-01-17 08:00:00,52.398781,-0.94115,146.313,10.063573837280273,261.5950927734375,259.6843566894531,Kelmarsh 4,2065.5302734375
2018-01-17 09:00:00,52.398781,-0.94115,146.313,9.54100227355957,267.251708984375,268.4648742675781,Kelmarsh 4,2056.3349609375
2018-01-17 10:00:00,52.398781,-0.94115,146.313,14.132547378540039,267.38824462890625,270.6600036621093,Kelmarsh 4,2061.738525390625
2018-01-17 11:00:00,52.398781,-0.94115,146.313,14.222122192382812,262.90737915039057,265.17218017578125,Kelmarsh 4,2055.482666015625
2018-01-17 12:00:00,52.398781,-0.94115,146.313,13.864227294921875,260.4910888671875,265.17218017578125,Kelmarsh 4,2060.081787109375
2018-01-17 13:00:00,52.398781,-0.94115,146.313,12.49966049194336,254.4757690429687,260.78192138671875,Kelmarsh 4,2045.8460693359375
2018-01-17 14:00:00,52.398781,-0.94115,146.313,10.723882675170898,257.678955078125,260.78192138671875,Kelmarsh 4,2045.49560546875
2018-01-17 15:00:00,52.398781,-0.94115,146.313,11.723980903625488,260.9206848144531,258.6640319824219,Kelmarsh 4,2054.383056640625
2018-01-17 16:00:00,52.398781,-0.94115,146.313,9.941652297973633,251.09747314453125,249.8062744140624,Kelmarsh 4,2056.792724609375
2018-01-17 17:00:00,52.398781,-0.94115,146.313,10.816202163696289,249.1197052001953,249.8062744140624,Kelmarsh 4,2034.901123046875
2018-01-17 18:00:00,52.398781,-0.94115,146.313,12.04536247253418,247.55250549316406,249.8062744140624,Kelmarsh 4,2056.779296875
2018-01-17 19:00:00,52.398781,-0.94115,146.313,12.050699234008789,245.40455627441406,242.335708618164,Kelmarsh 4,2064.526123046875
2018-01-17 20:00:00,52.398781,-0.94115,146.313,11.082801818847656,242.31813049316398,246.3560638427734,Kelmarsh 4,2054.36279296875
2018-01-17 21:00:00,52.398781,-0.94115,146.313,8.37212085723877,229.3547515869141,235.53793334960935,Kelmarsh 4,2058.330322265625
2018-01-17 22:00:00,52.398781,-0.94115,146.313,8.03547191619873,194.86778259277344,191.63534545898438,Kelmarsh 4,2073.023681640625
2018-01-17 23:00:00,52.398781,-0.94115,146.313,10.416854858398438,195.0810852050781,191.63534545898438,Kelmarsh 4,2043.0263671875
2018-01-18 00:00:00,52.398781,-0.94115,146.313,11.692543983459473,208.3107452392578,210.29394531249994,Kelmarsh 4,2044.64453125
2018-01-18 01:00:00,52.398781,-0.94115,146.313,15.275494575500488,231.7194366455078,232.24523925781241,Kelmarsh 4,2049.587890625
2018-01-18 02:00:00,52.398781,-0.94115,146.313,17.267009735107422,251.425308227539,246.51358032226562,Kelmarsh 4,2047.761962890625
2018-01-18 03:00:00,52.398781,-0.94115,146.313,17.37628746032715,258.0113220214844,253.20872497558594,Kelmarsh 4,2062.74462890625
2018-01-18 04:00:00,52.398781,-0.94115,146.313,20.784637451171875,259.67333984375,262.97705078125,Kelmarsh 4,2060.5556640625
2018-01-18 05:00:00,52.398781,-0.94115,146.313,22.65958595275879,292.33770751953125,273.95269775390625,Kelmarsh 4,2062.82421875
2018-01-18 06:00:00,52.398781,-0.94115,146.313,17.612234115600586,294.9667663574219,274.6870422363281,Kelmarsh 4,2069.338134765625
2018-01-18 07:00:00,52.398781,-0.94115,146.313,10.934371948242188,292.8410339355469,292.6112976074219,Kelmarsh 4,2046.9190673828125
2018-01-18 08:00:00,52.398781,-0.94115,146.313,NaN,NaN,NaN,Kelmarsh 4,2052.083740234375
2018-01-18 09:00:00,52.398781,-0.94115,146.313,NaN,NaN,NaN,Kelmarsh 4,2056.64794921875
2018-01-18 10:00:00,52.398781,-0.94115,146.313,9.728287696838379,259.3328247070312,262.97705078125,Kelmarsh 4,2053.771240234375
2018-01-18 11:00:00,52.398781,-0.94115,146.313,8.903875350952148,261.627685546875,262.97705078125,Kelmarsh 4,2028.2672119140625
2018-01-18 12:00:00,52.398781,-0.94115,146.313,10.60905647277832,254.712646484375,254.74244689941406,Kelmarsh 4,2056.9931640625
2018-01-18 13:00:00,52.398781,-0.94115,146.313,8.334084510803223,261.8460388183594,266.2697448730469,Kelmarsh 4,1992.034912109375
2018-01-18 14:00:00,52.398781,-0.94115,146.313,7.846862316131592,250.949462890625,255.29409790039062,Kelmarsh 4,2008.6700439453125
2018-01-18 15:00:00,52.398781,-0.94115,146.313,8.879853248596191,262.1687927246094,264.0746154785156,Kelmarsh 4,1923.978515625
2018-01-18 16:00:00,52.398781,-0.94115,146.313,7.3047404289245605,275.7582092285156,281.6662292480469,Kelmarsh 4,1908.2744140625
2018-01-18 17:00:00,52.398781,-0.94115,146.313,8.057988166809082,262.7853088378906,261.8794860839844,Kelmarsh 4,1943.5164794921875
2018-01-18 18:00:00,52.398781,-0.94115,146.313,5.305039405822754,301.4520263671875,312.3674621582031,Kelmarsh 4,1970.935302734375
2018-01-18 19:00:00,52.398781,-0.94115,146.313,7.738935947418213,272.90228271484375,265.17218017578125,Kelmarsh 4,2041.0416259765625
2018-01-18 20:00:00,52.398781,-0.94115,146.313,9.859700202941895,273.93194580078125,269.3294982910156,Kelmarsh 4,2036.927490234375
2018-01-18 21:00:00,52.398781,-0.94115,146.313,10.50645637512207,269.64288330078125,275.0502624511719,Kelmarsh 4,1989.5343017578125
2018-01-18 22:00:00,52.398781,-0.94115,146.313,8.035842895507812,260.3583984375,265.17218017578125,Kelmarsh 4,1650.871337890625
2018-01-18 23:00:00,52.398781,-0.94115,146.313,7.063854694366455,254.11755371093744,257.3184814453125,Kelmarsh 4,1723.225341796875
2018-01-19 00:00:00,52.398781,-0.94115,146.313,7.981417655944824,252.68319702148438,253.09896850585935,Kelmarsh 4,1958.500732421875
2018-01-19 01:00:00,52.398781,-0.94115,146.313,8.997770309448242,248.69682312011716,253.09896850585935,Kelmarsh 4,1623.515869140625
2018-01-19 02:00:00,52.398781,-0.94115,146.313,8.532111167907715,247.72126770019528,253.09896850585935,Kelmarsh 4,1425.78515625
2018-01-19 03:00:00,52.398781,-0.94115,146.313,6.984388828277588,245.57258605957028,253.09896850585935,Kelmarsh 4,1238.135009765625
2018-01-19 04:00:00,52.398781,-0.94115,146.313,5.748998641967773,244.25515747070307,253.09896850585935,Kelmarsh 4,1046.865966796875
2018-01-19 05:00:00,52.398781,-0.94115,146.313,8.258556365966797,247.1789093017578,248.70870971679682,Kelmarsh 4,1083.8873291015625
2018-01-19 06:00:00,52.398781,-0.94115,146.313,10.012545585632324,252.595947265625,248.70870971679682,Kelmarsh 4,941.5736083984375
2018-01-19 07:00:00,52.398781,-0.94115,146.313,8.998141288757324,244.69920349121094,248.70870971679682,Kelmarsh 4,973.6117553710938
2018-01-19 08:00:00,52.398781,-0.94115,146.313,8.985611915588379,243.820068359375,248.70870971679682,Kelmarsh 4,960.1228637695312
2018-01-19 09:00:00,52.398781,-0.94115,146.313,8.301769256591797,242.68328857421875,248.70870971679682,Kelmarsh 4,1440.6190185546875
2018-01-19 10:00:00,52.398781,-0.94115,146.313,8.649110794067383,245.05380249023426,248.70870971679682,Kelmarsh 4,1478.490234375
2018-01-19 11:00:00,52.398781,-0.94115,146.313,8.200789451599121,248.8251495361328,248.70870971679682,Kelmarsh 4,1176.8570556640625
2018-01-19 12:00:00,52.398781,-0.94115,146.313,7.891538143157959,246.62544250488278,248.70870971679682,Kelmarsh 4,1285.7572021484375
2018-01-19 13:00:00,52.398781,-0.94115,146.313,9.161881446838379,251.02301025390622,251.45126342773432,Kelmarsh 4,1081.7264404296875
2018-01-19 14:00:00,52.398781,-0.94115,146.313,8.03222370147705,242.4229888916016,244.31845092773426,Kelmarsh 4,1050.09326171875
2018-01-19 15:00:00,52.398781,-0.94115,146.313,7.3119611740112305,249.4022979736328,244.31845092773426,Kelmarsh 4,736.2186889648438
2018-01-19 16:00:00,52.398781,-0.94115,146.313,8.99673080444336,251.4629211425781,255.88421630859375,Kelmarsh 4,741.3464965820312
2018-01-19 17:00:00,52.398781,-0.94115,146.313,7.814336776733398,251.0662078857422,247.15130615234375,Kelmarsh 4,826.9295043945312
2018-01-19 18:00:00,52.398781,-0.94115,146.313,8.05288314819336,247.14173889160156,247.61114501953122,Kelmarsh 4,471.62451171875
2018-01-19 19:00:00,52.398781,-0.94115,146.313,10.052789688110352,252.6627807617187,250.90383911132812,Kelmarsh 4,322.0205993652344
2018-01-19 20:00:00,52.398781,-0.94115,146.313,10.85030746459961,250.95918273925778,250.90383911132812,Kelmarsh 4,404.847412109375
2018-01-19 21:00:00,52.398781,-0.94115,146.313,9.881661415100098,238.98281860351562,246.51358032226562,Kelmarsh 4,314.47320556640625
2018-01-19 22:00:00,52.398781,-0.94115,146.313,9.536361694335938,238.2338104248047,246.51358032226562,Kelmarsh 4,205.24244689941406
2018-01-19 23:00:00,52.398781,-0.94115,146.313,7.887862682342529,236.65368652343747,237.7330627441405,Kelmarsh 4,386.5877685546875
2018-01-20 00:00:00,52.398781,-0.94115,146.313,6.589731693267822,215.4477844238281,214.6842041015625,Kelmarsh 4,453.97088623046875
2018-01-20 01:00:00,52.398781,-0.94115,146.313,7.4601640701293945,225.63584899902344,226.75741577148435,Kelmarsh 4,532.5614624023438
2018-01-20 02:00:00,52.398781,-0.94115,146.313,7.100089073181152,209.96453857421875,210.29394531249994,Kelmarsh 4,687.8015747070312
2018-01-20 03:00:00,52.398781,-0.94115,146.313,7.714303493499756,194.19384765624994,192.73291015625,Kelmarsh 4,844.550537109375
2018-01-20 04:00:00,52.398781,-0.94115,146.313,7.631626129150391,201.675064086914,204.8061218261718,Kelmarsh 4,657.0050048828125
2018-01-20 05:00:00,52.398781,-0.94115,146.313,7.666208267211914,200.95780944824213,204.8061218261718,Kelmarsh 4,591.4347534179688
2018-01-20 06:00:00,52.398781,-0.94115,146.313,8.070165634155273,206.70388793945304,204.8061218261718,Kelmarsh 4,729.8600463867188
2018-01-20 07:00:00,52.398781,-0.94115,146.313,5.180020809173584,212.6084289550781,204.8061218261718,Kelmarsh 4,532.1644897460938
2018-01-20 08:00:00,52.398781,-0.94115,146.313,3.800140380859375,204.4998779296875,214.11900329589844,Kelmarsh 4,379.8865661621094
2018-01-20 09:00:00,52.398781,-0.94115,146.313,3.269362449645996,197.8940887451172,198.22073364257812,Kelmarsh 4,192.77955627441406
2018-01-20 10:00:00,52.398781,-0.94115,146.313,2.4275436401367188,149.66712951660156,153.2205810546875,Kelmarsh 4,291.695556640625
2018-01-20 11:00:00,52.398781,-0.94115,146.313,2.937835216522217,121.77926635742188,124.57637786865234,Kelmarsh 4,359.98260498046875
2018-01-20 12:00:00,52.398781,-0.94115,146.313,2.811243772506714,98.0724868774414,113.70835876464844,Kelmarsh 4,236.163330078125
2018-01-20 13:00:00,52.398781,-0.94115,146.313,2.431931257247925,59.71845245361328,58.83048629760742,Kelmarsh 4,190.98316955566406
2018-01-20 14:00:00,52.398781,-0.94115,146.313,2.0757174491882324,33.37678146362305,44.56219482421875,Kelmarsh 4,197.31088256835938
2018-01-20 15:00:00,52.398781,-0.94115,146.313,3.0860040187835693,42.115943908691406,44.56219482421875,Kelmarsh 4,171.85812377929688
2018-01-20 16:00:00,52.398781,-0.94115,146.313,2.828078031539917,39.656341552734375,44.56219482421875,Kelmarsh 4,81.60879516601562
2018-01-20 17:00:00,52.398781,-0.94115,146.313,4.204041957855225,27.922443389892578,32.933982849121094,Kelmarsh 4,50.24930191040039
2018-01-20 18:00:00,52.398781,-0.94115,146.313,3.6019856929779053,357.37139892578125,14.92805290222168,Kelmarsh 4,110.73330688476562
2018-01-20 19:00:00,52.398781,-0.94115,146.313,5.2145843505859375,331.63638305664057,342.0011901855469,Kelmarsh 4,155.83026123046875
2018-01-20 20:00:00,52.398781,-0.94115,146.313,3.113532066345215,314.0751647949218,313.46450805664057,Kelmarsh 4,262.2061462402344
2018-01-20 21:00:00,52.398781,-0.94115,146.313,3.6986405849456787,311.7644958496094,313.46450805664057,Kelmarsh 4,424.7679443359375
2018-01-20 22:00:00,52.398781,-0.94115,146.313,5.352077007293701,316.1177978515625,313.46450805664057,Kelmarsh 4,373.0754699707031
2018-01-20 23:00:00,52.398781,-0.94115,146.313,4.08485221862793,309.88668823242176,313.46450805664057,Kelmarsh 4,565.3572387695312
2018-01-21 00:00:00,52.398781,-0.94115,146.313,5.553962707519531,287.75552368164057,300.3968811035155,Kelmarsh 4,538.7061767578125
2018-01-21 01:00:00,52.398781,-0.94115,146.313,4.435163497924805,288.9721374511719,300.2937316894531,Kelmarsh 4,647.9220581054688
2018-01-21 02:00:00,52.398781,-0.94115,146.313,5.1558709144592285,286.2012023925781,300.2937316894531,Kelmarsh 4,756.2155151367188
2018-01-21 03:00:00,52.398781,-0.94115,146.313,3.324049472808838,267.6713562011719,275.40850830078125,Kelmarsh 4,810.763427734375
2018-01-21 04:00:00,52.398781,-0.94115,146.313,4.310070991516113,232.53062438964844,238.83010864257812,Kelmarsh 4,868.3199462890625
2018-01-21 05:00:00,52.398781,-0.94115,146.313,3.2998809814453125,227.32722473144526,238.83010864257812,Kelmarsh 4,1059.5010986328125
2018-01-21 06:00:00,52.398781,-0.94115,146.313,4.524412155151367,243.13853454589844,238.83010864257812,Kelmarsh 4,1061.2216796875
2018-01-21 07:00:00,52.398781,-0.94115,146.313,3.5281996726989746,218.86041259765622,214.6836853027343,Kelmarsh 4,1203.3245849609375
2018-01-21 08:00:00,52.398781,-0.94115,146.313,4.198788642883301,177.73989868164062,188.34213256835935,Kelmarsh 4,1088.7440185546875
2018-01-21 09:00:00,52.398781,-0.94115,146.313,5.201274871826172,164.89154052734375,166.39083862304688,Kelmarsh 4,681.7950439453125
2018-01-21 10:00:00,52.398781,-0.94115,146.313,6.543789386749268,152.9435272216797,147.73223876953125,Kelmarsh 4,741.5465698242188
2018-01-21 11:00:00,52.398781,-0.94115,146.313,7.209886074066162,146.04534912109375,147.73223876953125,Kelmarsh 4,722.8989868164062
2018-01-21 12:00:00,52.398781,-0.94115,146.313,8.077181816101074,139.65225219726562,147.73223876953125,Kelmarsh 4,570.4898071289062
2018-01-21 13:00:00,52.398781,-0.94115,146.313,9.30980110168457,146.88771057128906,147.73223876953125,Kelmarsh 4,866.7294921875
2018-01-21 14:00:00,52.398781,-0.94115,146.313,9.580391883850098,156.0057373046875,157.1852264404297,Kelmarsh 4,834.015380859375
2018-01-21 15:00:00,52.398781,-0.94115,146.313,8.847376823425293,159.4512176513672,151.50787353515625,Kelmarsh 4,918.3590087890625
2018-01-21 16:00:00,52.398781,-0.94115,146.313,8.105786323547363,164.37130737304688,162.00057983398438,Kelmarsh 4,1040.2554931640625
2018-01-21 17:00:00,52.398781,-0.94115,146.313,7.682134628295898,169.49407958984375,176.2689208984375,Kelmarsh 4,1084.212158203125
2018-01-21 18:00:00,52.398781,-0.94115,146.313,8.794065475463867,186.10693359374997,190.5372619628906,Kelmarsh 4,1313.942626953125
2018-01-21 19:00:00,52.398781,-0.94115,146.313,9.38571834564209,222.78160095214838,222.31117248535153,Kelmarsh 4,1521.6510009765625
2018-01-21 20:00:00,52.398781,-0.94115,146.313,10.068095207214355,234.35150146484375,239.92767333984375,Kelmarsh 4,2004.751708984375
2018-01-21 21:00:00,52.398781,-0.94115,146.313,9.628384590148926,247.95913696289062,241.02523803710938,Kelmarsh 4,2058.780029296875
2018-01-21 22:00:00,52.398781,-0.94115,146.313,10.13314151763916,255.47622680664062,255.2935791015625,Kelmarsh 4,2052.332763671875
2018-01-21 23:00:00,52.398781,-0.94115,146.313,9.259501457214355,254.41452026367185,255.2935791015625,Kelmarsh 4,2047.6473388671875
2018-01-22 00:00:00,52.398781,-0.94115,146.313,9.372551918029785,265.5091857910156,264.0740966796875,Kelmarsh 4,2067.353271484375
2018-01-22 01:00:00,52.398781,-0.94115,146.313,7.127623558044434,258.30474853515625,264.0740966796875,Kelmarsh 4,2034.05712890625
2018-01-22 02:00:00,52.398781,-0.94115,146.313,6.68198823928833,260.9410400390625,254.1236572265625,Kelmarsh 4,2054.725341796875
2018-01-22 03:00:00,52.398781,-0.94115,146.313,7.166760444641113,256.8332214355469,249.80575561523432,Kelmarsh 4,2059.391357421875
2018-01-22 04:00:00,52.398781,-0.94115,146.313,6.770907878875732,254.24462890624997,252.44384765625,Kelmarsh 4,2064.79931640625
2018-01-22 05:00:00,52.398781,-0.94115,146.313,7.356072902679443,260.5346984863281,262.9765319824219,Kelmarsh 4,2050.1298828125
2018-01-22 06:00:00,52.398781,-0.94115,146.313,7.329909324645996,263.1145935058594,262.9765319824219,Kelmarsh 4,2056.303466796875
2018-01-22 07:00:00,52.398781,-0.94115,146.313,6.142387390136719,266.4997863769531,262.9765319824219,Kelmarsh 4,2060.5166015625
2018-01-22 08:00:00,52.398781,-0.94115,146.313,5.664518356323242,272.7725830078125,272.8546142578125,Kelmarsh 4,2061.560302734375
2018-01-22 09:00:00,52.398781,-0.94115,146.313,8.164376258850098,270.5380859375,272.8546142578125,Kelmarsh 4,2050.0146484375
2018-01-22 10:00:00,52.398781,-0.94115,146.313,7.568629264831543,276.3342590332031,272.8546142578125,Kelmarsh 4,2060.168212890625
2018-01-22 11:00:00,52.398781,-0.94115,146.313,7.695908546447754,270.8883972167969,266.26922607421875,Kelmarsh 4,2058.055908203125
2018-01-22 12:00:00,52.398781,-0.94115,146.313,7.257651329040527,281.810546875,279.44000244140625,Kelmarsh 4,2066.19921875
2018-01-22 13:00:00,52.398781,-0.94115,146.313,7.49609899520874,290.3532409667969,286.0883178710937,Kelmarsh 4,2064.27490234375
2018-01-22 14:00:00,52.398781,-0.94115,146.313,9.40263557434082,286.8944396972656,287.7624816894531,Kelmarsh 4,2052.383544921875
2018-01-22 15:00:00,52.398781,-0.94115,146.313,8.6248197555542,292.2312927246093,291.2919616699219,Kelmarsh 4,2071.06884765625
2018-01-22 16:00:00,52.398781,-0.94115,146.313,7.425134181976318,273.9391784667969,279.3871765136719,Kelmarsh 4,2043.7130126953125
2018-01-22 17:00:00,52.398781,-0.94115,146.313,9.078006744384766,268.6485595703125,267.7521667480469,Kelmarsh 4,2037.301513671875
2018-01-22 18:00:00,52.398781,-0.94115,146.313,9.616241455078125,261.82257080078125,256.3911437988281,Kelmarsh 4,2038.8856201171875
2018-01-22 19:00:00,52.398781,-0.94115,146.313,10.362770080566406,256.9837341308594,256.3911437988281,Kelmarsh 4,2059.84375
2018-01-22 20:00:00,52.398781,-0.94115,146.313,7.984189033508301,264.53225708007807,256.3911437988281,Kelmarsh 4,2036.4761962890625
2018-01-22 21:00:00,52.398781,-0.94115,146.313,8.838252067565918,267.0620422363281,268.46435546875,Kelmarsh 4,2075.412841796875
2018-01-22 22:00:00,52.398781,-0.94115,146.313,7.513145923614502,251.58432006835938,256.3911437988281,Kelmarsh 4,2069.720703125
2018-01-22 23:00:00,52.398781,-0.94115,146.313,5.4875264167785645,229.73323059082028,243.22036743164062,Kelmarsh 4,2045.6065673828125
2018-01-23 00:00:00,52.398781,-0.94115,146.313,4.6362199783325195,198.01750183105463,207.59263610839847,Kelmarsh 4,2025.2681884765625
2018-01-23 01:00:00,52.398781,-0.94115,146.313,6.078068256378174,195.61753845214838,194.92752075195304,Kelmarsh 4,2018.45556640625
2018-01-23 02:00:00,52.398781,-0.94115,146.313,7.141231060028076,202.56404113769526,194.92752075195304,Kelmarsh 4,2056.015869140625
2018-01-23 03:00:00,52.398781,-0.94115,146.313,9.648744583129883,202.64355468749994,207.00073242187494,Kelmarsh 4,2020.7257080078125
2018-01-23 04:00:00,52.398781,-0.94115,146.313,9.66967487335205,203.24046325683594,198.22021484374994,Kelmarsh 4,2039.4324951171875
2018-01-23 05:00:00,52.398781,-0.94115,146.313,10.671884536743164,202.5884246826172,201.51290893554685,Kelmarsh 4,2066.5361328125
2018-01-23 06:00:00,52.398781,-0.94115,146.313,8.70047664642334,193.7077941894531,201.51290893554685,Kelmarsh 4,2029.3251953125
2018-01-23 07:00:00,52.398781,-0.94115,146.313,8.140535354614258,193.1822662353515,187.24456787109375,Kelmarsh 4,2061.56298828125
2018-01-23 08:00:00,52.398781,-0.94115,146.313,10.025862693786621,198.22692871093744,201.51290893554685,Kelmarsh 4,2046.2772216796875
2018-01-23 09:00:00,52.398781,-0.94115,146.313,10.504805564880371,204.2566833496093,201.51290893554685,Kelmarsh 4,2057.5634765625
2018-01-23 10:00:00,52.398781,-0.94115,146.313,10.304647445678711,200.16041564941403,201.51290893554685,Kelmarsh 4,2051.6455078125
2018-01-23 11:00:00,52.398781,-0.94115,146.313,10.480719566345215,210.25730895996094,201.51290893554685,Kelmarsh 4,2052.58837890625
2018-01-23 12:00:00,52.398781,-0.94115,146.313,10.074411392211914,212.2525329589843,208.09829711914062,Kelmarsh 4,2051.85107421875
2018-01-23 13:00:00,52.398781,-0.94115,146.313,13.926779747009277,225.12393188476557,226.75689697265622,Kelmarsh 4,2043.74560546875
2018-01-23 14:00:00,52.398781,-0.94115,146.313,12.4624605178833,226.54190063476562,229.80831909179682,Kelmarsh 4,2052.28955078125
2018-01-23 15:00:00,52.398781,-0.94115,146.313,11.612397193908691,225.33985900878903,227.6735382080078,Kelmarsh 4,2054.87255859375
2018-01-23 16:00:00,52.398781,-0.94115,146.313,9.57997989654541,219.67044067382812,225.65933227539057,Kelmarsh 4,2064.29345703125
2018-01-23 17:00:00,52.398781,-0.94115,146.313,10.491630554199219,227.21597290039065,225.65933227539057,Kelmarsh 4,2047.830322265625
2018-01-23 18:00:00,52.398781,-0.94115,146.313,12.9093656539917,237.556396484375,242.12280273437491,Kelmarsh 4,2062.55322265625
2018-01-23 19:00:00,52.398781,-0.94115,146.313,9.988923072814941,235.20834350585938,242.12280273437491,Kelmarsh 4,2056.667236328125
2018-01-23 20:00:00,52.398781,-0.94115,146.313,9.872671127319336,220.8037109375,227.64353942871094,Kelmarsh 4,2044.514404296875
2018-01-23 21:00:00,52.398781,-0.94115,146.313,6.588766574859619,213.90129089355463,217.97637939453125,Kelmarsh 4,2055.22998046875
2018-01-23 22:00:00,52.398781,-0.94115,146.313,8.902669906616211,212.44506835937497,205.90316772460935,Kelmarsh 4,2062.597900390625
2018-01-23 23:00:00,52.398781,-0.94115,146.313,9.584028244018555,211.06613159179682,205.90316772460935,Kelmarsh 4,2062.567626953125
2018-01-24 00:00:00,52.398781,-0.94115,146.313,10.904465675354004,203.20504760742182,205.90316772460935,Kelmarsh 4,2047.1090087890625
2018-01-24 01:00:00,52.398781,-0.94115,146.313,11.982468605041504,198.74156188964844,190.5372619628906,Kelmarsh 4,2057.64892578125
2018-01-24 02:00:00,52.398781,-0.94115,146.313,12.450636863708496,193.9818878173828,198.22021484374994,Kelmarsh 4,2055.65625
2018-01-24 03:00:00,52.398781,-0.94115,146.313,12.91637134552002,199.49588012695312,196.02508544921866,Kelmarsh 4,2052.867431640625
2018-01-24 04:00:00,52.398781,-0.94115,146.313,13.866484642028809,207.50219726562497,207.00073242187494,Kelmarsh 4,2066.596435546875
2018-01-24 05:00:00,52.398781,-0.94115,146.313,15.132993698120117,207.30570983886716,207.00073242187494,Kelmarsh 4,2024.14306640625
2018-01-24 06:00:00,52.398781,-0.94115,146.313,15.517132759094238,205.7992706298828,212.48855590820315,Kelmarsh 4,1997.566162109375
2018-01-24 07:00:00,52.398781,-0.94115,146.313,17.08755111694336,205.71165466308588,212.48855590820315,Kelmarsh 4,1698.9874267578125
2018-01-24 08:00:00,52.398781,-0.94115,146.313,16.861581802368164,205.04080200195304,212.48855590820315,Kelmarsh 4,1632.21142578125
2018-01-24 09:00:00,52.398781,-0.94115,146.313,14.624606132507324,212.6002197265625,212.48855590820315,Kelmarsh 4,1524.2642822265625
2018-01-24 10:00:00,52.398781,-0.94115,146.313,12.668771743774414,274.28314208984375,279.44000244140625,Kelmarsh 4,1063.45556640625
2018-01-24 11:00:00,52.398781,-0.94115,146.313,12.809427261352539,251.761962890625,258.5862731933593,Kelmarsh 4,657.7044677734375
2018-01-24 12:00:00,52.398781,-0.94115,146.313,11.671248435974121,236.48999023437497,236.63497924804682,Kelmarsh 4,651.4071655273438
2018-01-24 13:00:00,52.398781,-0.94115,146.313,10.740423202514648,229.47526550292966,236.63497924804682,Kelmarsh 4,899.8187255859375
2018-01-24 14:00:00,52.398781,-0.94115,146.313,9.809370994567871,222.445327758789,223.46420288085938,Kelmarsh 4,1236.26708984375
2018-01-24 15:00:00,52.398781,-0.94115,146.313,9.280203819274902,216.11468505859375,212.48855590820315,Kelmarsh 4,1186.719970703125
2018-01-24 16:00:00,52.398781,-0.94115,146.313,8.59524917602539,213.45138549804688,215.44786071777338,Kelmarsh 4,1206.661376953125
2018-01-24 17:00:00,52.398781,-0.94115,146.313,8.794719696044922,210.32313537597653,207.00073242187494,Kelmarsh 4,1056.92138671875
2018-01-24 18:00:00,52.398781,-0.94115,146.313,8.50173282623291,225.18641662597656,216.87881469726557,Kelmarsh 4,992.7155151367188
2018-01-24 19:00:00,52.398781,-0.94115,146.313,8.599956512451172,211.73902893066406,214.6836853027343,Kelmarsh 4,1686.030517578125
2018-01-24 20:00:00,52.398781,-0.94115,146.313,9.76688003540039,209.89006042480463,204.91436767578125,Kelmarsh 4,897.1873779296875
2018-01-24 21:00:00,52.398781,-0.94115,146.313,9.141227722167969,210.85847473144523,209.19586181640625,Kelmarsh 4,795.9253540039062
2018-01-24 22:00:00,52.398781,-0.94115,146.313,8.435331344604492,210.9339141845703,209.19586181640625,Kelmarsh 4,716.9554443359375
2018-01-24 23:00:00,52.398781,-0.94115,146.313,9.295748710632324,207.44599914550773,209.19586181640625,Kelmarsh 4,997.486328125
2018-01-25 00:00:00,52.398781,-0.94115,146.313,8.481081008911133,217.58184814453122,215.04550170898435,Kelmarsh 4,770.6790771484375
2018-01-25 01:00:00,52.398781,-0.94115,146.313,9.267755508422852,207.70994567871088,205.90316772460935,Kelmarsh 4,631.9080810546875
2018-01-25 02:00:00,52.398781,-0.94115,146.313,8.75771427154541,216.3180389404297,212.48855590820315,Kelmarsh 4,632.40478515625
2018-01-25 03:00:00,52.398781,-0.94115,146.313,9.077987670898438,214.31990051269528,212.48855590820315,Kelmarsh 4,440.4463806152344
2018-01-25 04:00:00,52.398781,-0.94115,146.313,9.134944915771484,211.83335876464835,217.97637939453125,Kelmarsh 4,545.1203002929688
2018-01-25 05:00:00,52.398781,-0.94115,146.313,8.862963676452637,213.49095153808594,217.97637939453125,Kelmarsh 4,869.829833984375
2018-01-25 06:00:00,52.398781,-0.94115,146.313,10.230414390563965,230.53227233886716,230.04959106445307,Kelmarsh 4,868.7793579101562
2018-01-25 07:00:00,52.398781,-0.94115,146.313,6.3959221839904785,207.06053161621094,209.19586181640625,Kelmarsh 4,774.4644775390625
2018-01-25 08:00:00,52.398781,-0.94115,146.313,7.246360778808594,219.8262176513672,214.0260009765625,Kelmarsh 4,778.7562255859375
2018-01-25 09:00:00,52.398781,-0.94115,146.313,7.41218376159668,200.82234191894526,203.70803833007804,Kelmarsh 4,774.2665405273438
2018-01-25 10:00:00,52.398781,-0.94115,146.313,6.618106365203857,213.00993347167966,203.70803833007804,Kelmarsh 4,734.0856323242188
2018-01-25 11:00:00,52.398781,-0.94115,146.313,7.751554012298584,209.01577758789057,210.29342651367185,Kelmarsh 4,760.7025756835938
2018-01-25 12:00:00,52.398781,-0.94115,146.313,8.011116981506348,214.75547790527338,210.29342651367185,Kelmarsh 4,372.15087890625
2018-01-25 13:00:00,52.398781,-0.94115,146.313,8.525559425354004,203.5130615234375,205.90316772460935,Kelmarsh 4,312.0419006347656
2018-01-25 14:00:00,52.398781,-0.94115,146.313,7.575819492340088,213.73353576660148,205.90316772460935,Kelmarsh 4,297.8638000488281
2018-01-25 15:00:00,52.398781,-0.94115,146.313,8.620612144470215,202.8240509033203,211.39099121093744,Kelmarsh 4,479.5852966308594
2018-01-25 16:00:00,52.398781,-0.94115,146.313,9.94548511505127,201.19668579101562,198.22021484374994,Kelmarsh 4,626.2713012695312
2018-01-25 17:00:00,52.398781,-0.94115,146.313,7.498379230499268,210.706069946289,215.78124999999997,Kelmarsh 4,563.50537109375
2018-01-25 18:00:00,52.398781,-0.94115,146.313,7.605406284332275,199.9759979248046,198.22021484374994,Kelmarsh 4,756.5132446289062
2018-01-25 19:00:00,52.398781,-0.94115,146.313,6.574963092803955,208.8090057373046,217.29425048828125,Kelmarsh 4,707.420654296875
2018-01-25 20:00:00,52.398781,-0.94115,146.313,6.16756010055542,216.380386352539,210.29342651367185,Kelmarsh 4,729.227294921875
2018-01-25 21:00:00,52.398781,-0.94115,146.313,6.073869705200195,230.89791870117176,232.24472045898438,Kelmarsh 4,319.04296875
2018-01-25 22:00:00,52.398781,-0.94115,146.313,7.311800479888916,237.59617614746094,232.24472045898438,Kelmarsh 4,115.59965515136719
2018-01-25 23:00:00,52.398781,-0.94115,146.313,7.460735321044922,231.19679260253903,226.75689697265622,Kelmarsh 4,185.15328979492188
2018-01-26 00:00:00,52.398781,-0.94115,146.313,3.844141960144043,216.7672576904296,201.51290893554685,Kelmarsh 4,185.07583618164062
2018-01-26 01:00:00,52.398781,-0.94115,146.313,4.687386512756348,231.16069030761716,225.65933227539057,Kelmarsh 4,190.74415588378906
2018-01-26 02:00:00,52.398781,-0.94115,146.313,3.9631707668304443,228.93330383300778,239.65827941894523,Kelmarsh 4,245.9579315185547
2018-01-26 03:00:00,52.398781,-0.94115,146.313,5.4027018547058105,260.8583984375,250.4763946533203,Kelmarsh 4,192.78118896484375
2018-01-26 04:00:00,52.398781,-0.94115,146.313,7.185748100280762,284.31365966796875,281.6351318359375,Kelmarsh 4,115.56178283691406
2018-01-26 05:00:00,52.398781,-0.94115,146.313,3.478372097015381,310.1520690917969,291.51321411132807,Kelmarsh 4,121.11539459228516
2018-01-26 06:00:00,52.398781,-0.94115,146.313,4.8786187171936035,340.66107177734375,321.1474609375,Kelmarsh 4,236.58273315429688
2018-01-26 07:00:00,52.398781,-0.94115,146.313,4.04440975189209,351.6894836425781,351.8792724609375,Kelmarsh 4,296.9194030761719
2018-01-26 08:00:00,52.398781,-0.94115,146.313,4.062289237976074,344.9963073730468,351.8792724609375,Kelmarsh 4,361.8050842285156
2018-01-26 09:00:00,52.398781,-0.94115,146.313,5.3490986824035645,333.3658447265625,351.8792724609375,Kelmarsh 4,331.1034240722656
2018-01-26 10:00:00,52.398781,-0.94115,146.313,5.70273494720459,332.6485900878907,332.2069091796875,Kelmarsh 4,403.4820861816406
2018-01-26 11:00:00,52.398781,-0.94115,146.313,5.777248382568359,332.0725402832032,322.2450256347656,Kelmarsh 4,325.7889709472656
2018-01-26 12:00:00,52.398781,-0.94115,146.313,4.311135292053223,357.9933166503906,350.7817077636718,Kelmarsh 4,199.9407196044922
2018-01-26 13:00:00,52.398781,-0.94115,146.313,4.03132438659668,8.48184871673584,16.0256290435791,Kelmarsh 4,269.30853271484375
2018-01-26 14:00:00,52.398781,-0.94115,146.313,3.4808409214019775,333.34860229492176,346.39144897460926,Kelmarsh 4,268.40203857421875
2018-01-26 15:00:00,52.398781,-0.94115,146.313,3.922006845474243,330.8160095214844,346.39144897460926,Kelmarsh 4,377.4712829589844
2018-01-26 16:00:00,52.398781,-0.94115,146.313,1.838923454284668,337.23468017578125,329.153594970703,Kelmarsh 4,513.3974609375
2018-01-26 17:00:00,52.398781,-0.94115,146.313,3.0453171730041504,304.431396484375,311.2693786621094,Kelmarsh 4,499.9236145019531
2018-01-26 18:00:00,52.398781,-0.94115,146.313,2.970337390899658,310.20599365234375,316.75720214843744,Kelmarsh 4,752.5223999023438
2018-01-26 19:00:00,52.398781,-0.94115,146.313,3.8308069705963135,292.4189453125,301.84332275390625,Kelmarsh 4,568.6741943359375
2018-01-26 20:00:00,52.398781,-0.94115,146.313,3.107809543609619,296.94961547851557,284.9278259277344,Kelmarsh 4,672.6476440429688
2018-01-26 21:00:00,52.398781,-0.94115,146.313,3.945580244064331,280.08465576171875,284.9278259277344,Kelmarsh 4,713.42822265625
2018-01-26 22:00:00,52.398781,-0.94115,146.313,2.9778740406036377,233.868408203125,236.63497924804682,Kelmarsh 4,477.9415283203125
2018-01-26 23:00:00,52.398781,-0.94115,146.313,5.0598673820495605,207.67993164062497,209.19586181640625,Kelmarsh 4,275.6607666015625
2018-01-27 00:00:00,52.398781,-0.94115,146.313,7.424497604370117,200.69885253906244,203.43838500976557,Kelmarsh 4,278.53759765625
2018-01-27 01:00:00,52.398781,-0.94115,146.313,7.955063819885254,213.0862426757812,209.19586181640625,Kelmarsh 4,245.6986846923828
2018-01-27 02:00:00,52.398781,-0.94115,146.313,8.300628662109375,211.3289337158203,209.19586181640625,Kelmarsh 4,350.1361999511719
2018-01-27 03:00:00,52.398781,-0.94115,146.313,7.185012340545654,212.09077453613276,209.19586181640625,Kelmarsh 4,294.7165222167969
2018-01-27 04:00:00,52.398781,-0.94115,146.313,7.825492858886719,201.48800659179682,205.90316772460935,Kelmarsh 4,225.35818481445312
2018-01-27 05:00:00,52.398781,-0.94115,146.313,7.861114025115967,198.92686462402335,205.90316772460935,Kelmarsh 4,185.86660766601562
2018-01-27 06:00:00,52.398781,-0.94115,146.313,8.807430267333984,202.7098693847656,205.90316772460935,Kelmarsh 4,334.23797607421875
2018-01-27 07:00:00,52.398781,-0.94115,146.313,8.590861320495605,195.87968444824213,205.90316772460935,Kelmarsh 4,364.4898376464844
2018-01-27 08:00:00,52.398781,-0.94115,146.313,9.792486190795898,199.27645874023438,197.12265014648432,Kelmarsh 4,439.1968078613281
2018-01-27 09:00:00,52.398781,-0.94115,146.313,8.895843505859375,201.17440795898432,197.12265014648432,Kelmarsh 4,575.2996215820312
2018-01-27 10:00:00,52.398781,-0.94115,146.313,9.026542663574219,196.46420288085932,194.92752075195304,Kelmarsh 4,681.3250122070312
2018-01-27 11:00:00,52.398781,-0.94115,146.313,11.345487594604492,203.58139038085932,205.90316772460935,Kelmarsh 4,632.488525390625
2018-01-27 12:00:00,52.398781,-0.94115,146.313,10.909160614013672,201.63279724121094,205.90316772460935,Kelmarsh 4,1026.5147705078125
2018-01-27 13:00:00,52.398781,-0.94115,146.313,10.701815605163574,212.12112426757807,205.90316772460935,Kelmarsh 4,1204.2364501953125
2018-01-27 14:00:00,52.398781,-0.94115,146.313,9.81007194519043,212.08836364746088,212.48855590820315,Kelmarsh 4,1473.190673828125
2018-01-27 15:00:00,52.398781,-0.94115,146.313,8.741820335388184,218.4685821533203,224.561767578125,Kelmarsh 4,1689.9547119140625
2018-01-27 16:00:00,52.398781,-0.94115,146.313,7.298374652862549,221.65953063964844,224.35169982910148,Kelmarsh 4,1339.693603515625
2018-01-27 17:00:00,52.398781,-0.94115,146.313,10.341217041015625,233.78176879882807,230.04959106445307,Kelmarsh 4,1686.577392578125
2018-01-27 18:00:00,52.398781,-0.94115,146.313,11.288966178894043,241.05017089843744,235.53741455078122,Kelmarsh 4,1589.22119140625
2018-01-27 19:00:00,52.398781,-0.94115,146.313,10.098833084106445,237.41079711914062,235.53741455078122,Kelmarsh 4,1425.8240966796875
2018-01-27 20:00:00,52.398781,-0.94115,146.313,10.052093505859375,238.86293029785148,245.41549682617188,Kelmarsh 4,1609.64501953125
2018-01-27 21:00:00,52.398781,-0.94115,146.313,10.604642868041992,240.2062072753905,245.41549682617188,Kelmarsh 4,1595.606201171875
2018-01-27 22:00:00,52.398781,-0.94115,146.313,12.657526969909668,252.96578979492188,245.41549682617188,Kelmarsh 4,1738.6102294921875
2018-01-27 23:00:00,52.398781,-0.94115,146.313,11.70025634765625,254.35914611816406,257.48870849609375,Kelmarsh 4,1418.1636962890625
2018-01-28 00:00:00,52.398781,-0.94115,146.313,11.054710388183594,270.5970153808594,264.0740966796875,Kelmarsh 4,1347.47998046875
2018-01-28 01:00:00,52.398781,-0.94115,146.313,10.646827697753906,265.7005310058593,264.0740966796875,Kelmarsh 4,1748.8397216796875
2018-01-28 02:00:00,52.398781,-0.94115,146.313,12.42403793334961,268.6465759277344,273.952178955078,Kelmarsh 4,2052.280029296875
2018-01-28 03:00:00,52.398781,-0.94115,146.313,9.315033912658691,258.2813720703125,260.7814025878906,Kelmarsh 4,2028.9266357421875
2018-01-28 04:00:00,52.398781,-0.94115,146.313,9.949886322021484,254.95454406738284,260.7814025878906,Kelmarsh 4,2025.203125
2018-01-28 05:00:00,52.398781,-0.94115,146.313,10.943418502807617,250.5284881591797,245.41549682617188,Kelmarsh 4,2064.266357421875
2018-01-28 06:00:00,52.398781,-0.94115,146.313,10.805695533752441,237.5888366699218,245.41549682617188,Kelmarsh 4,2050.23486328125
2018-01-28 07:00:00,52.398781,-0.94115,146.313,10.057382583618164,230.92794799804682,233.34228515625,Kelmarsh 4,2060.179931640625
2018-01-28 08:00:00,52.398781,-0.94115,146.313,10.381248474121094,241.1691436767578,233.34228515625,Kelmarsh 4,2043.0802001953125
2018-01-28 09:00:00,52.398781,-0.94115,146.313,10.477767944335938,241.00253295898432,232.68228149414062,Kelmarsh 4,2061.192138671875
2018-01-28 10:00:00,52.398781,-0.94115,146.313,11.605127334594727,241.86457824707034,237.7325439453124,Kelmarsh 4,2051.64990234375
2018-01-28 11:00:00,52.398781,-0.94115,146.313,13.11446475982666,247.1483612060547,243.22036743164062,Kelmarsh 4,2060.9765625
2018-01-28 12:00:00,52.398781,-0.94115,146.313,13.878132820129395,253.79750061035156,253.09844970703122,Kelmarsh 4,1979.2301025390625
2018-01-28 13:00:00,52.398781,-0.94115,146.313,9.508170127868652,255.18499755859375,256.3911437988281,Kelmarsh 4,1925.3470458984375
2018-01-28 14:00:00,52.398781,-0.94115,146.313,11.726964950561523,246.94834899902344,247.6106262207031,Kelmarsh 4,1364.5413818359375
2018-01-28 15:00:00,52.398781,-0.94115,146.313,11.29037857055664,258.9976501464844,259.810791015625,Kelmarsh 4,1480.5257568359375
2018-01-28 16:00:00,52.398781,-0.94115,146.313,11.252825736999512,253.3350372314453,243.22036743164062,Kelmarsh 4,1704.9149169921875
2018-01-28 17:00:00,52.398781,-0.94115,146.313,10.6268892288208,257.21746826171875,256.2823791503906,Kelmarsh 4,1326.112060546875
2018-01-28 18:00:00,52.398781,-0.94115,146.313,9.239124298095703,246.0052490234375,247.11953735351562,Kelmarsh 4,1646.6195068359375
2018-01-28 19:00:00,52.398781,-0.94115,146.313,8.765677452087402,232.86558532714844,238.83010864257812,Kelmarsh 4,1477.2764892578125
2018-01-28 20:00:00,52.398781,-0.94115,146.313,10.036666870117188,233.66322326660156,240.17077636718741,Kelmarsh 4,1330.799072265625
2018-01-28 21:00:00,52.398781,-0.94115,146.313,10.427703857421875,235.34925842285156,237.7325439453124,Kelmarsh 4,1213.196044921875
2018-01-28 22:00:00,52.398781,-0.94115,146.313,9.896696090698242,237.6375732421875,237.7325439453124,Kelmarsh 4,966.0515747070312
2018-01-28 23:00:00,52.398781,-0.94115,146.313,11.290804862976074,239.00581359863276,237.7325439453124,Kelmarsh 4,692.2304077148438
2018-01-29 00:00:00,52.398781,-0.94115,146.313,12.414050102233887,243.08056640624991,237.7325439453124,Kelmarsh 4,825.2467651367188
2018-01-29 01:00:00,52.398781,-0.94115,146.313,12.1759033203125,234.68652343750003,237.7325439453124,Kelmarsh 4,728.2037353515625
2018-01-29 02:00:00,52.398781,-0.94115,146.313,9.592750549316406,227.49678039550776,230.04959106445307,Kelmarsh 4,711.945068359375
2018-01-29 03:00:00,52.398781,-0.94115,146.313,10.96068286895752,242.67729187011716,241.52296447753906,Kelmarsh 4,685.5015258789062
2018-01-29 04:00:00,52.398781,-0.94115,146.313,11.616135597229004,245.16874694824213,242.12280273437491,Kelmarsh 4,711.024658203125
2018-01-29 05:00:00,52.398781,-0.94115,146.313,14.376372337341309,253.79789733886716,242.12280273437491,Kelmarsh 4,618.24267578125
2018-01-29 06:00:00,52.398781,-0.94115,146.313,12.16012954711914,242.01576232910148,242.12280273437491,Kelmarsh 4,690.9627685546875
2018-01-29 07:00:00,52.398781,-0.94115,146.313,11.383605003356934,237.85414123535153,230.04959106445307,Kelmarsh 4,594.5943603515625
2018-01-29 08:00:00,52.398781,-0.94115,146.313,11.986784934997559,237.50640869140625,230.04959106445307,Kelmarsh 4,794.6411743164062
2018-01-29 09:00:00,52.398781,-0.94115,146.313,11.406725883483887,237.37319946289062,239.92767333984375,Kelmarsh 4,758.1613159179688
2018-01-29 10:00:00,52.398781,-0.94115,146.313,13.504981994628906,235.3865203857422,239.92767333984375,Kelmarsh 4,644.9214477539062
2018-01-29 11:00:00,52.398781,-0.94115,146.313,12.3513765335083,241.59181213378903,239.92767333984375,Kelmarsh 4,709.343017578125
2018-01-29 12:00:00,52.398781,-0.94115,146.313,10.698512077331543,258.7665100097656,251.46337890625,Kelmarsh 4,777.2969970703125
2018-01-29 13:00:00,52.398781,-0.94115,146.313,9.207931518554688,317.9610290527344,313.46450805664057,Kelmarsh 4,642.5056762695312
2018-01-29 14:00:00,52.398781,-0.94115,146.313,9.596405982971191,312.9757385253906,305.6850891113281,Kelmarsh 4,465.77587890625
2018-01-29 15:00:00,52.398781,-0.94115,146.313,6.357204914093018,309.2423095703124,305.78155517578125,Kelmarsh 4,399.36480712890625
2018-01-29 16:00:00,52.398781,-0.94115,146.313,8.452248573303223,290.6759948730469,291.1133422851562,Kelmarsh 4,336.4515686035156
2018-01-29 17:00:00,52.398781,-0.94115,146.313,6.583464622497559,300.57562255859375,305.78155517578125,Kelmarsh 4,357.9866027832031
2018-01-29 18:00:00,52.398781,-0.94115,146.313,5.476654529571533,309.7508239746094,305.78155517578125,Kelmarsh 4,473.35467529296875
2018-01-29 19:00:00,52.398781,-0.94115,146.313,4.878906726837158,304.62149047851557,305.78155517578125,Kelmarsh 4,384.8895263671875
2018-01-29 20:00:00,52.398781,-0.94115,146.313,4.353342056274414,278.7388916015625,292.2687683105469,Kelmarsh 4,350.4440612792969
2018-01-29 21:00:00,52.398781,-0.94115,146.313,6.38381814956665,283.04290771484375,280.5375671386719,Kelmarsh 4,223.22299194335938
2018-01-29 22:00:00,52.398781,-0.94115,146.313,6.0357279777526855,287.9283142089844,296.6509704589844,Kelmarsh 4,207.24261474609375
2018-01-29 23:00:00,52.398781,-0.94115,146.313,6.099580764770508,288.85418701171875,304.25299072265625,Kelmarsh 4,255.14588928222656
2018-01-30 00:00:00,52.398781,-0.94115,146.313,8.72154426574707,279.25311279296875,282.5028381347656,Kelmarsh 4,266.7491760253906
2018-01-30 01:00:00,52.398781,-0.94115,146.313,5.545760154724121,296.8100280761719,290.4156494140625,Kelmarsh 4,126.57394409179688
2018-01-30 02:00:00,52.398781,-0.94115,146.313,6.748749732971191,285.2548522949219,282.6356201171875,Kelmarsh 4,97.18586730957031
2018-01-30 03:00:00,52.398781,-0.94115,146.313,6.515782833099365,270.9526672363281,276.1473083496094,Kelmarsh 4,141.35543823242188
2018-01-30 04:00:00,52.398781,-0.94115,146.313,5.356810092926025,258.50006103515625,247.6106262207031,Kelmarsh 4,152.31533813476562
2018-01-30 05:00:00,52.398781,-0.94115,146.313,6.5922746658325195,265.0018005371094,265.17166137695307,Kelmarsh 4,155.18252563476562
2018-01-30 06:00:00,52.398781,-0.94115,146.313,5.404571533203125,256.3477783203125,262.9765319824219,Kelmarsh 4,176.43959045410156
2018-01-30 07:00:00,52.398781,-0.94115,146.313,6.258817672729492,254.96986389160153,245.41549682617188,Kelmarsh 4,233.17013549804688
2018-01-30 08:00:00,52.398781,-0.94115,146.313,6.752283096313477,248.5810089111328,245.41549682617188,Kelmarsh 4,274.6759033203125
2018-01-30 09:00:00,52.398781,-0.94115,146.313,6.903141021728516,240.9304656982421,242.12280273437491,Kelmarsh 4,261.4005432128906
2018-01-30 10:00:00,52.398781,-0.94115,146.313,5.728598594665527,235.73439025878903,242.12280273437491,Kelmarsh 4,209.11207580566406
2018-01-30 11:00:00,52.398781,-0.94115,146.313,4.591292858123779,236.3799285888672,242.12280273437491,Kelmarsh 4,140.88809204101562
2018-01-30 12:00:00,52.398781,-0.94115,146.313,4.271801948547363,219.08433532714838,216.87881469726557,Kelmarsh 4,137.4633331298828
2018-01-30 13:00:00,52.398781,-0.94115,146.313,6.535189151763916,232.96812438964844,228.17311096191403,Kelmarsh 4,151.80999755859375
2018-01-30 14:00:00,52.398781,-0.94115,146.313,6.411205768585205,226.84877014160156,221.1229248046875,Kelmarsh 4,72.91276550292969
2018-01-30 15:00:00,52.398781,-0.94115,146.313,5.558228015899658,211.83033752441403,226.8497161865234,Kelmarsh 4,25.76622200012207
2018-01-30 16:00:00,52.398781,-0.94115,146.313,4.368582248687744,208.17797851562497,197.12265014648432,Kelmarsh 4,-2.227895975112915
2018-01-30 17:00:00,52.398781,-0.94115,146.313,5.883604049682617,207.30099487304685,197.12265014648432,Kelmarsh 4,31.99578094482422
2018-01-30 18:00:00,52.398781,-0.94115,146.313,5.566525936126709,217.4517364501953,217.97637939453125,Kelmarsh 4,70.64521026611328
2018-01-30 19:00:00,52.398781,-0.94115,146.313,6.7053375244140625,207.17848205566398,217.97637939453125,Kelmarsh 4,111.51972961425781
2018-01-30 20:00:00,52.398781,-0.94115,146.313,6.2883453369140625,197.4174041748046,204.80560302734372,Kelmarsh 4,128.0106964111328
2018-01-30 21:00:00,52.398781,-0.94115,146.313,6.91867208480835,187.81524658203125,192.75482177734364,Kelmarsh 4,118.92630004882812
2018-01-30 22:00:00,52.398781,-0.94115,146.313,7.009897232055664,191.27946472167963,191.01313781738276,Kelmarsh 4,146.59649658203125
2018-01-30 23:00:00,52.398781,-0.94115,146.313,8.461469650268555,215.51904296874997,206.11433410644528,Kelmarsh 4,102.50086212158203
2018-01-31 00:00:00,52.398781,-0.94115,146.313,10.176172256469727,224.1222381591796,233.34228515625,Kelmarsh 4,108.34358215332031
2018-01-31 01:00:00,52.398781,-0.94115,146.313,10.66317081451416,228.73239135742188,230.04959106445307,Kelmarsh 4,99.80501556396484
2018-01-31 02:00:00,52.398781,-0.94115,146.313,11.59158706665039,260.5707092285156,255.2935791015625,Kelmarsh 4,81.99292755126953
2018-01-31 03:00:00,52.398781,-0.94115,146.313,12.969978332519531,248.3372802734375,251.8466033935547,Kelmarsh 4,74.0357666015625
2018-01-31 04:00:00,52.398781,-0.94115,146.313,10.508684158325195,225.93286132812497,226.97622680664062,Kelmarsh 4,37.53728103637695
2018-01-31 05:00:00,52.398781,-0.94115,146.313,8.955402374267578,222.875503540039,226.75689697265622,Kelmarsh 4,2.491058349609375
2018-01-31 06:00:00,52.398781,-0.94115,146.313,8.691215515136719,222.72662353515625,219.07394409179688,Kelmarsh 4,-5.034667015075684
2018-01-31 07:00:00,52.398781,-0.94115,146.313,11.676751136779785,238.09715270996094,239.92767333984375,Kelmarsh 4,-9.394462585449219
2018-01-31 08:00:00,52.398781,-0.94115,146.313,11.23112678527832,274.70266723632807,273.46173095703125,Kelmarsh 4,2.1105539798736572
2018-01-31 09:00:00,52.398781,-0.94115,146.313,8.290939331054688,268.2485046386719,268.8180847167968,Kelmarsh 4,4.675137996673584
2018-01-31 10:00:00,52.398781,-0.94115,146.313,8.09404468536377,257.1999206542969,257.48870849609375,Kelmarsh 4,12.169133186340332
2018-01-31 11:00:00,52.398781,-0.94115,146.313,7.663103103637695,253.38970947265622,258.5862731933593,Kelmarsh 4,-7.425364971160889
2018-01-31 12:00:00,52.398781,-0.94115,146.313,8.848587989807129,252.1245880126953,251.2357330322265,Kelmarsh 4,3.1973016262054443
2018-01-31 13:00:00,52.398781,-0.94115,146.313,11.113478660583496,264.27276611328114,271.56512451171875,Kelmarsh 4,-3.935718536376953
2018-01-31 14:00:00,52.398781,-0.94115,146.313,10.279764175415039,267.09368896484375,267.1436767578125,Kelmarsh 4,-0.17978951334953308
2018-01-31 15:00:00,52.398781,-0.94115,146.313,12.11755084991455,269.4014282226562,276.1473083496094,Kelmarsh 4,-0.5569739937782288
2018-01-31 16:00:00,52.398781,-0.94115,146.313,6.924209117889404,266.6689758300781,272.85784912109375,Kelmarsh 4,-1.1907720565795898
2018-01-31 17:00:00,52.398781,-0.94115,146.313,10.62647533416748,244.47494506835938,247.6106262207031,Kelmarsh 4,5.007394313812256
2018-01-31 18:00:00,52.398781,-0.94115,146.313,13.577714920043945,256.1365966796875,247.6106262207031,Kelmarsh 4,-8.676011085510254
2018-01-31 19:00:00,52.398781,-0.94115,146.313,9.758646965026855,256.19268798828125,247.6106262207031,Kelmarsh 4,-0.7805105447769165
2018-01-31 20:00:00,52.398781,-0.94115,146.313,12.16505241394043,254.25648498535156,247.6106262207031,Kelmarsh 4,-0.7180910110473633
2018-01-31 21:00:00,52.398781,-0.94115,146.313,11.635891914367676,247.16491699218744,247.6106262207031,Kelmarsh 4,-0.782644510269165
2018-01-31 22:00:00,52.398781,-0.94115,146.313,9.079742431640625,235.2896728515625,239.92767333984375,Kelmarsh 4,-1.6197060346603394
2018-01-31 23:00:00,52.398781,-0.94115,146.313,9.291280746459961,238.71363830566406,234.43984985351562,Kelmarsh 4,-1.3476210832595825
2018-02-01 00:00:00,52.398781,-0.94115,146.313,9.534357070922852,240.38653564453116,234.43984985351562,Kelmarsh 4,8.691750526428223
2018-02-01 01:00:00,52.398781,-0.94115,146.313,9.987689971923828,243.21791076660156,246.5130615234375,Kelmarsh 4,33.571144104003906
2018-02-01 02:00:00,52.398781,-0.94115,146.313,6.899075508117676,288.3869323730469,275.59924316406244,Kelmarsh 4,67.90550994873047
2018-02-01 03:00:00,52.398781,-0.94115,146.313,11.051042556762695,311.57037353515625,313.46450805664057,Kelmarsh 4,31.839784622192383
2018-02-01 04:00:00,52.398781,-0.94115,146.313,10.352777481079102,309.73840332031244,313.46450805664057,Kelmarsh 4,20.2312068939209
2018-02-01 05:00:00,52.398781,-0.94115,146.313,5.649355411529541,303.96728515625,310.17181396484375,Kelmarsh 4,79.21269226074219
2018-02-01 06:00:00,52.398781,-0.94115,146.313,7.107755184173584,291.510986328125,291.7554931640625,Kelmarsh 4,102.42887115478516
2018-02-01 07:00:00,52.398781,-0.94115,146.313,9.519116401672363,281.2030029296875,278.3424377441406,Kelmarsh 4,123.02644348144531
2018-02-01 08:00:00,52.398781,-0.94115,146.313,6.1403889656066895,305.80712890625,305.78155517578125,Kelmarsh 4,147.94992065429688
2018-02-01 09:00:00,52.398781,-0.94115,146.313,8.459217071533203,291.25408935546875,288.3576965332031,Kelmarsh 4,153.53334045410156
2018-02-01 10:00:00,52.398781,-0.94115,146.313,8.776413917541504,307.1742248535156,302.4888610839844,Kelmarsh 4,224.67364501953125
2018-02-01 11:00:00,52.398781,-0.94115,146.313,10.641100883483887,292.02050781249994,295.46514892578125,Kelmarsh 4,56.4900016784668
2018-02-01 12:00:00,52.398781,-0.94115,146.313,8.891324043273926,297.3297424316406,297.8226013183594,Kelmarsh 4,340.6974792480469
2018-02-01 13:00:00,52.398781,-0.94115,146.313,9.852517127990723,295.607421875,302.4888610839844,Kelmarsh 4,219.04171752929688
2018-02-01 14:00:00,52.398781,-0.94115,146.313,11.691031455993652,306.7334899902343,311.2693786621094,Kelmarsh 4,110.78877258300781
2018-02-01 15:00:00,52.398781,-0.94115,146.313,9.844870567321777,314.2182312011719,317.8695983886719,Kelmarsh 4,150.17791748046875
2018-02-01 16:00:00,52.398781,-0.94115,146.313,9.537728309631348,315.08984375,314.56207275390625,Kelmarsh 4,173.95115661621094
2018-02-01 17:00:00,52.398781,-0.94115,146.313,8.715953826904297,316.170166015625,314.697021484375,Kelmarsh 4,117.82402801513672
2018-02-01 18:00:00,52.398781,-0.94115,146.313,6.495626926422119,307.7684326171875,303.58642578125,Kelmarsh 4,156.89723205566406
2018-02-01 19:00:00,52.398781,-0.94115,146.313,7.53542947769165,310.1104736328124,303.58642578125,Kelmarsh 4,71.34037780761719
2018-02-01 20:00:00,52.398781,-0.94115,146.313,7.465131759643555,308.1567687988281,303.58642578125,Kelmarsh 4,68.86542510986328
2018-02-01 21:00:00,52.398781,-0.94115,146.313,5.907606601715088,307.1021728515625,309.0742492675781,Kelmarsh 4,127.8752212524414
2018-02-01 22:00:00,52.398781,-0.94115,146.313,9.981229782104492,305.44396972656244,298.0986022949219,Kelmarsh 4,124.98027801513672
2018-02-01 23:00:00,52.398781,-0.94115,146.313,8.854316711425781,307.8880615234375,298.0986022949219,Kelmarsh 4,130.38658142089844
2018-02-02 00:00:00,52.398781,-0.94115,146.313,10.00652027130127,300.1069641113281,298.0986022949219,Kelmarsh 4,206.34632873535156
2018-02-02 01:00:00,52.398781,-0.94115,146.313,7.98386812210083,300.55480957031244,305.78155517578125,Kelmarsh 4,245.16294860839844
2018-02-02 02:00:00,52.398781,-0.94115,146.313,7.404973983764648,306.2665710449219,305.78155517578125,Kelmarsh 4,293.4099426269531
2018-02-02 03:00:00,52.398781,-0.94115,146.313,9.038496017456055,300.47393798828125,305.78155517578125,Kelmarsh 4,238.25155639648438
2018-02-02 04:00:00,52.398781,-0.94115,146.313,8.650299072265625,310.21185302734375,305.78155517578125,Kelmarsh 4,231.80551147460938
2018-02-02 05:00:00,52.398781,-0.94115,146.313,8.025726318359375,308.2956237792968,305.78155517578125,Kelmarsh 4,493.6593933105469
2018-02-02 06:00:00,52.398781,-0.94115,146.313,11.08258056640625,311.56646728515625,321.1474609375,Kelmarsh 4,465.697998046875
2018-02-02 07:00:00,52.398781,-0.94115,146.313,7.631008625030518,312.8233947753905,307.97668457031244,Kelmarsh 4,345.73675537109375
2018-02-02 08:00:00,52.398781,-0.94115,146.313,9.408186912536621,310.57037353515625,313.46450805664057,Kelmarsh 4,304.6407470703125
2018-02-02 09:00:00,52.398781,-0.94115,146.313,10.352499008178711,320.3586730957031,313.46450805664057,Kelmarsh 4,272.6751403808594
2018-02-02 10:00:00,52.398781,-0.94115,146.313,9.634686470031738,323.061309814453,325.53771972656244,Kelmarsh 4,265.19500732421875
2018-02-02 11:00:00,52.398781,-0.94115,146.313,8.592778205871582,333.3284606933593,332.14926147460926,Kelmarsh 4,245.75140380859375
2018-02-02 12:00:00,52.398781,-0.94115,146.313,7.185025691986084,331.5721130371094,334.8414001464844,Kelmarsh 4,267.55804443359375
2018-02-02 13:00:00,52.398781,-0.94115,146.313,5.79343843460083,330.0942993164062,321.1474609375,Kelmarsh 4,303.8313903808594
2018-02-02 14:00:00,52.398781,-0.94115,146.313,5.021612644195557,340.45361328125,332.12310791015625,Kelmarsh 4,375.29229736328125
2018-02-02 15:00:00,52.398781,-0.94115,146.313,5.19126558303833,331.23785400390625,331.0255432128906,Kelmarsh 4,745.8831176757812
2018-02-02 16:00:00,52.398781,-0.94115,146.313,6.059287071228027,324.449462890625,331.0255432128906,Kelmarsh 4,1089.8255615234375
2018-02-02 17:00:00,52.398781,-0.94115,146.313,3.7996761798858643,324.4031677246094,331.0255432128906,Kelmarsh 4,818.3577880859375
2018-02-02 18:00:00,52.398781,-0.94115,146.313,4.786023139953613,317.6601867675781,304.6241149902344,Kelmarsh 4,875.6069946289062
2018-02-02 19:00:00,52.398781,-0.94115,146.313,3.28128719329834,307.8330383300781,310.17181396484375,Kelmarsh 4,1365.76953125
2018-02-02 20:00:00,52.398781,-0.94115,146.313,5.077076435089111,286.0975341796875,306.8015441894531,Kelmarsh 4,1245.4705810546875
2018-02-02 21:00:00,52.398781,-0.94115,146.313,5.541295528411865,278.9152526855469,284.9278259277344,Kelmarsh 4,1050.3232421875
2018-02-02 22:00:00,52.398781,-0.94115,146.313,4.636944770812988,305.2594299316405,284.9278259277344,Kelmarsh 4,865.78515625
2018-02-02 23:00:00,52.398781,-0.94115,146.313,4.038325309753418,304.4969177246094,284.9278259277344,Kelmarsh 4,1084.48486328125
2018-02-03 00:00:00,52.398781,-0.94115,146.313,6.377821922302246,275.0326843261719,284.9278259277344,Kelmarsh 4,1287.000244140625
2018-02-03 01:00:00,52.398781,-0.94115,146.313,5.513310432434082,259.7415771484375,270.6594848632812,Kelmarsh 4,1661.8726806640625
2018-02-03 02:00:00,52.398781,-0.94115,146.313,4.861080169677734,258.15667724609375,254.19601440429688,Kelmarsh 4,1507.9002685546875
2018-02-03 03:00:00,52.398781,-0.94115,146.313,6.245935440063477,254.05813598632812,254.19601440429688,Kelmarsh 4,1478.417236328125
2018-02-03 04:00:00,52.398781,-0.94115,146.313,6.359742164611816,256.6506042480469,254.19601440429688,Kelmarsh 4,1344.9168701171875
2018-02-03 05:00:00,52.398781,-0.94115,146.313,7.13944149017334,260.2699890136719,254.19601440429688,Kelmarsh 4,1165.862548828125
2018-02-03 06:00:00,52.398781,-0.94115,146.313,5.533265590667725,256.6628723144531,254.19601440429688,Kelmarsh 4,996.418701171875
2018-02-03 07:00:00,52.398781,-0.94115,146.313,3.8738150596618652,256.9817810058594,254.19601440429688,Kelmarsh 4,1479.14111328125
2018-02-03 08:00:00,52.398781,-0.94115,146.313,2.534576416015625,236.36315917968747,254.19601440429688,Kelmarsh 4,1399.8890380859375
2018-02-03 09:00:00,52.398781,-0.94115,146.313,3.281658411026001,199.8428497314453,210.29342651367185,Kelmarsh 4,1348.160888671875
2018-02-03 10:00:00,52.398781,-0.94115,146.313,2.219729423522949,205.17802429199216,210.29342651367185,Kelmarsh 4,1691.752685546875
2018-02-03 11:00:00,52.398781,-0.94115,146.313,2.963287115097046,197.3180389404297,203.70803833007804,Kelmarsh 4,1510.52099609375
2018-02-03 12:00:00,52.398781,-0.94115,146.313,2.191331148147583,179.3143768310547,183.6734924316406,Kelmarsh 4,969.1028442382812
2018-02-03 13:00:00,52.398781,-0.94115,146.313,1.1376562118530273,171.1132049560547,179.56161499023438,Kelmarsh 4,976.0265502929688
2018-02-03 14:00:00,52.398781,-0.94115,146.313,1.0160624980926514,132.05667114257812,179.56161499023438,Kelmarsh 4,1151.9544677734375
2018-02-03 15:00:00,52.398781,-0.94115,146.313,1.5625500679016113,94.21475219726562,179.56161499023438,Kelmarsh 4,1862.6317138671875
2018-02-03 16:00:00,52.398781,-0.94115,146.313,1.9950939416885376,75.71725463867188,179.56161499023438,Kelmarsh 4,1521.1783447265625
2018-02-03 17:00:00,52.398781,-0.94115,146.313,2.6037750244140625,72.97029876708984,64.3177719116211,Kelmarsh 4,1616.8045654296875
2018-02-03 18:00:00,52.398781,-0.94115,146.313,2.919208526611328,45.77304458618164,57.72418212890625,Kelmarsh 4,1218.3612060546875
2018-02-03 19:00:00,52.398781,-0.94115,146.313,3.8879411220550537,39.460262298583984,43.464115142822266,Kelmarsh 4,1188.77783203125
2018-02-03 20:00:00,52.398781,-0.94115,146.313,4.38918399810791,31.918481826782227,43.464115142822266,Kelmarsh 4,1117.550048828125
2018-02-03 21:00:00,52.398781,-0.94115,146.313,5.368523120880127,26.339975357055664,43.464115142822266,Kelmarsh 4,986.4229736328125
2018-02-03 22:00:00,52.398781,-0.94115,146.313,6.448582172393799,29.99667739868164,16.02509307861328,Kelmarsh 4,1372.0631103515625
2018-02-03 23:00:00,52.398781,-0.94115,146.313,6.9916839599609375,19.089181900024414,21.512897491455078,Kelmarsh 4,1585.169189453125
2018-02-04 00:00:00,52.398781,-0.94115,146.313,7.016539096832275,24.824960708618164,21.512897491455078,Kelmarsh 4,1731.474853515625
2018-02-04 01:00:00,52.398781,-0.94115,146.313,4.4373908042907715,51.07244110107422,58.77834701538086,Kelmarsh 4,1450.501708984375
2018-02-04 02:00:00,52.398781,-0.94115,146.313,6.582120895385742,37.934913635253906,41.26899337768555,Kelmarsh 4,1429.4366455078125
2018-02-04 03:00:00,52.398781,-0.94115,146.313,7.677234172821045,30.60674476623535,28.098262786865234,Kelmarsh 4,1673.2801513671875
2018-02-04 04:00:00,52.398781,-0.94115,146.313,10.119706153869629,34.58367919921875,41.26899337768555,Kelmarsh 4,1568.525634765625
2018-02-04 05:00:00,52.398781,-0.94115,146.313,7.817770957946777,39.91207504272461,37.97631072998047,Kelmarsh 4,1315.404052734375
2018-02-04 06:00:00,52.398781,-0.94115,146.313,6.200921535491943,25.573471069335938,25.903141021728516,Kelmarsh 4,1066.89794921875
2018-02-04 07:00:00,52.398781,-0.94115,146.313,8.032186508178711,21.75697898864746,14.927533149719238,Kelmarsh 4,767.7803955078125
2018-02-04 08:00:00,52.398781,-0.94115,146.313,7.317641258239746,21.045087814331055,26.244638442993164,Kelmarsh 4,663.080322265625
2018-02-04 09:00:00,52.398781,-0.94115,146.313,6.570296764373779,24.253782272338867,18.22021484375,Kelmarsh 4,526.8793334960938
2018-02-04 10:00:00,52.398781,-0.94115,146.313,7.2332563400268555,21.93882179260254,25.46842384338379,Kelmarsh 4,385.0021667480469
2018-02-04 11:00:00,52.398781,-0.94115,146.313,7.234630107879639,22.764131546020508,29.195823669433594,Kelmarsh 4,519.6072387695312
2018-02-04 12:00:00,52.398781,-0.94115,146.313,8.88711929321289,35.77248764038086,39.232177734375,Kelmarsh 4,760.4048461914062
2018-02-04 13:00:00,52.398781,-0.94115,146.313,8.342941284179688,39.31486511230469,37.97631072998047,Kelmarsh 4,909.3279418945312
2018-02-04 14:00:00,52.398781,-0.94115,146.313,6.694052696228027,31.893695831298828,34.02495193481445,Kelmarsh 4,883.2589111328125
2018-02-04 15:00:00,52.398781,-0.94115,146.313,8.510059356689453,34.618675231933594,32.48850631713867,Kelmarsh 4,1050.8424072265625
2018-02-04 16:00:00,52.398781,-0.94115,146.313,9.13676643371582,21.348533630371094,21.892597198486328,Kelmarsh 4,831.0756225585938
2018-02-04 17:00:00,52.398781,-0.94115,146.313,7.611703395843506,21.814863204956055,28.098262786865234,Kelmarsh 4,1053.866455078125
2018-02-04 18:00:00,52.398781,-0.94115,146.313,7.394972801208496,33.39739227294922,32.59695053100586,Kelmarsh 4,1407.80126953125
2018-02-04 19:00:00,52.398781,-0.94115,146.313,6.530703067779541,23.83428192138672,18.22021484375,Kelmarsh 4,1698.2677001953125
2018-02-04 20:00:00,52.398781,-0.94115,146.313,5.593277931213379,24.27838897705078,18.22021484375,Kelmarsh 4,1747.796142578125
2018-02-04 21:00:00,52.398781,-0.94115,146.313,5.651582717895508,19.76870346069336,18.22021484375,Kelmarsh 4,1554.904541015625
2018-02-04 22:00:00,52.398781,-0.94115,146.313,5.5819549560546875,21.965675354003906,18.22021484375,Kelmarsh 4,1444.665283203125
2018-02-04 23:00:00,52.398781,-0.94115,146.313,5.644009113311768,23.539268493652344,39.07387161254883,Kelmarsh 4,1486.961181640625
2018-02-05 00:00:00,52.398781,-0.94115,146.313,5.019733905792236,25.972143173217773,39.07387161254883,Kelmarsh 4,1312.40234375
2018-02-05 01:00:00,52.398781,-0.94115,146.313,4.8576340675354,25.44915771484375,39.07387161254883,Kelmarsh 4,1146.0833740234375
2018-02-05 02:00:00,52.398781,-0.94115,146.313,4.042900562286377,27.982006072998047,39.07387161254883,Kelmarsh 4,976.459228515625
2018-02-05 03:00:00,52.398781,-0.94115,146.313,5.328484058380127,25.001150131225586,39.07387161254883,Kelmarsh 4,908.08154296875
2018-02-05 04:00:00,52.398781,-0.94115,146.313,4.612433433532715,29.42237663269043,39.07387161254883,Kelmarsh 4,1031.2669677734375
2018-02-05 05:00:00,52.398781,-0.94115,146.313,5.214677333831787,24.995506286621094,39.07387161254883,Kelmarsh 4,1102.67724609375
2018-02-05 06:00:00,52.398781,-0.94115,146.313,5.282188892364502,28.197328567504883,39.07387161254883,Kelmarsh 4,1080.66796875
2018-02-05 07:00:00,52.398781,-0.94115,146.313,5.075421333312988,27.245126724243164,19.317777633666992,Kelmarsh 4,990.812255859375
2018-02-05 08:00:00,52.398781,-0.94115,146.313,3.8505005836486816,19.192480087280273,41.26899337768555,Kelmarsh 4,892.5858154296875
2018-02-05 09:00:00,52.398781,-0.94115,146.313,4.5235395431518555,27.16485023498535,20.41533660888672,Kelmarsh 4,820.99072265625
2018-02-05 10:00:00,52.398781,-0.94115,146.313,3.9801409244537354,42.04823303222656,44.61655044555664,Kelmarsh 4,844.9090576171875
2018-02-05 11:00:00,52.398781,-0.94115,146.313,3.970228433609009,45.7149658203125,44.561676025390625,Kelmarsh 4,832.8175659179688
2018-02-05 12:00:00,52.398781,-0.94115,146.313,5.307550430297852,51.23533630371094,46.60169982910156,Kelmarsh 4,903.9802856445312
2018-02-05 13:00:00,52.398781,-0.94115,146.313,4.114704608917236,64.98492431640625,72.00067138671875,Kelmarsh 4,967.8741455078125
2018-02-05 14:00:00,52.398781,-0.94115,146.313,5.199437141418457,39.10966873168945,33.58606719970703,Kelmarsh 4,1095.36181640625
2018-02-05 15:00:00,52.398781,-0.94115,146.313,5.821151256561279,34.68751525878906,33.58606719970703,Kelmarsh 4,1179.8907470703125
2018-02-05 16:00:00,52.398781,-0.94115,146.313,4.838545322418213,40.07389450073242,33.58606719970703,Kelmarsh 4,1276.441162109375
2018-02-05 17:00:00,52.398781,-0.94115,146.313,4.137328147888184,32.14789581298828,33.58606719970703,Kelmarsh 4,1008.8260498046875
2018-02-05 18:00:00,52.398781,-0.94115,146.313,4.456900119781494,33.645103454589844,33.58606719970703,Kelmarsh 4,836.9146118164062
2018-02-05 19:00:00,52.398781,-0.94115,146.313,3.754513740539551,34.61203384399414,33.58606719970703,Kelmarsh 4,825.690673828125
2018-02-05 20:00:00,52.398781,-0.94115,146.313,3.5989043712615967,40.75408935546875,33.58606719970703,Kelmarsh 4,807.5430297851562
2018-02-05 21:00:00,52.398781,-0.94115,146.313,3.986823320388794,33.544620513916016,33.58606719970703,Kelmarsh 4,924.923095703125
2018-02-05 22:00:00,52.398781,-0.94115,146.313,2.578078269958496,59.29173278808594,41.281471252441406,Kelmarsh 4,935.4598388671875
2018-02-05 23:00:00,52.398781,-0.94115,146.313,2.2957241535186768,51.30720520019531,55.53728485107422,Kelmarsh 4,968.3271484375
2018-02-06 00:00:00,52.398781,-0.94115,146.313,2.7167773246765137,67.93806457519531,55.53728485107422,Kelmarsh 4,959.090576171875
2018-02-06 01:00:00,52.398781,-0.94115,146.313,2.35898494720459,45.7086067199707,55.53728485107422,Kelmarsh 4,870.2561645507812
2018-02-06 02:00:00,52.398781,-0.94115,146.313,2.59784197807312,33.652374267578125,22.610458374023438,Kelmarsh 4,1114.708984375
2018-02-06 03:00:00,52.398781,-0.94115,146.313,2.134805679321289,3.083632469177246,5.049493789672852,Kelmarsh 4,1160.78125
2018-02-06 04:00:00,52.398781,-0.94115,146.313,3.362715244293213,31.326501846313477,24.805580139160156,Kelmarsh 4,1107.8568115234375
2018-02-06 05:00:00,52.398781,-0.94115,146.313,2.693685531616211,21.683807373046875,24.805580139160156,Kelmarsh 4,1112.340087890625
2018-02-06 06:00:00,52.398781,-0.94115,146.313,2.0722687244415283,6.858549118041992,354.0738830566406,Kelmarsh 4,1003.3434448242188
2018-02-06 07:00:00,52.398781,-0.94115,146.313,4.702147960662842,332.9637145996093,354.0738830566406,Kelmarsh 4,1061.7066650390625
2018-02-06 08:00:00,52.398781,-0.94115,146.313,3.3740010261535645,345.0887145996094,354.0738830566406,Kelmarsh 4,1070.5462646484375
2018-02-06 09:00:00,52.398781,-0.94115,146.313,2.936872720718384,344.2746887207031,354.0738830566406,Kelmarsh 4,1362.341064453125
2018-02-06 10:00:00,52.398781,-0.94115,146.313,1.8446645736694336,6.493424415588379,354.0738830566406,Kelmarsh 4,1369.709716796875
2018-02-06 11:00:00,52.398781,-0.94115,146.313,3.924137830734253,337.81237792968756,333.22015380859375,Kelmarsh 4,1311.661865234375
2018-02-06 12:00:00,52.398781,-0.94115,146.313,3.622701406478882,344.17022705078125,350.7811889648437,Kelmarsh 4,1355.4013671875
2018-02-06 13:00:00,52.398781,-0.94115,146.313,3.2444348335266113,355.63592529296875,350.7811889648437,Kelmarsh 4,1044.9879150390625
2018-02-06 14:00:00,52.398781,-0.94115,146.313,2.616124391555786,0.8948059678077698,350.7811889648437,Kelmarsh 4,1003.60009765625
2018-02-06 15:00:00,52.398781,-0.94115,146.313,4.4068284034729,327.2021484375,333.75152587890625,Kelmarsh 4,879.8731689453125
2018-02-06 16:00:00,52.398781,-0.94115,146.313,3.6687159538269043,355.4449157714844,342.9783325195312,Kelmarsh 4,1064.362060546875
2018-02-06 17:00:00,52.398781,-0.94115,146.313,5.2672648429870605,315.3277893066405,333.22015380859375,Kelmarsh 4,1024.4671630859375
2018-02-06 18:00:00,52.398781,-0.94115,146.313,5.812036991119385,321.59613037109375,333.22015380859375,Kelmarsh 4,854.5884399414062
2018-02-06 19:00:00,52.398781,-0.94115,146.313,6.263514041900635,317.4444274902343,318.9518127441406,Kelmarsh 4,1151.6038818359375
2018-02-06 20:00:00,52.398781,-0.94115,146.313,5.9541144371032715,329.7865600585937,318.9518127441406,Kelmarsh 4,1208.7960205078125
2018-02-06 21:00:00,52.398781,-0.94115,146.313,6.924468994140625,329.70205688476557,338.4990234375,Kelmarsh 4,1286.3707275390625
2018-02-06 22:00:00,52.398781,-0.94115,146.313,6.505847454071045,344.1509704589844,344.7566833496093,Kelmarsh 4,1210.3934326171875
2018-02-06 23:00:00,52.398781,-0.94115,146.313,5.962541580200195,336.7818603515625,340.9031066894531,Kelmarsh 4,1310.5552978515625
2018-02-07 00:00:00,52.398781,-0.94115,146.313,7.125333786010742,323.43328857421875,333.22015380859375,Kelmarsh 4,1407.1248779296875
2018-02-07 01:00:00,52.398781,-0.94115,146.313,6.853764533996582,329.4654235839843,333.9497680664062,Kelmarsh 4,1625.564697265625
2018-02-07 02:00:00,52.398781,-0.94115,146.313,7.950362682342529,321.36422729492176,323.34207153320307,Kelmarsh 4,1492.884521484375
2018-02-07 03:00:00,52.398781,-0.94115,146.313,6.616146087646484,330.05242919921875,323.34207153320307,Kelmarsh 4,1420.3927001953125
2018-02-07 04:00:00,52.398781,-0.94115,146.313,4.9261603355407715,340.59719848632807,343.0982360839844,Kelmarsh 4,1564.4681396484375
2018-02-07 05:00:00,52.398781,-0.94115,146.313,7.940227508544922,324.4532165527344,324.43963623046875,Kelmarsh 4,1596.9378662109375
2018-02-07 06:00:00,52.398781,-0.94115,146.313,6.815692901611328,329.9867858886719,324.43963623046875,Kelmarsh 4,1372.6697998046875
2018-02-07 07:00:00,52.398781,-0.94115,146.313,5.898556709289551,333.837158203125,324.43963623046875,Kelmarsh 4,1298.347412109375
2018-02-07 08:00:00,52.398781,-0.94115,146.313,5.585685729980469,346.5138549804687,354.0738830566406,Kelmarsh 4,1162.194580078125
2018-02-07 09:00:00,52.398781,-0.94115,146.313,5.831546306610107,328.58609008789057,326.634765625,Kelmarsh 4,1301.63037109375
2018-02-07 10:00:00,52.398781,-0.94115,146.313,4.80828857421875,332.58514404296875,326.634765625,Kelmarsh 4,1312.6318359375
2018-02-07 11:00:00,52.398781,-0.94115,146.313,3.600757598876953,337.91522216796875,326.634765625,Kelmarsh 4,1477.830322265625
2018-02-07 12:00:00,52.398781,-0.94115,146.313,4.250485420227051,336.04071044921875,326.634765625,Kelmarsh 4,1250.515625
2018-02-07 13:00:00,52.398781,-0.94115,146.313,5.139536380767822,323.3277893066406,326.634765625,Kelmarsh 4,1446.0802001953125
2018-02-07 14:00:00,52.398781,-0.94115,146.313,3.3429088592529297,331.9289855957031,326.634765625,Kelmarsh 4,1207.438232421875
2018-02-07 15:00:00,52.398781,-0.94115,146.313,3.1049375534057617,310.71173095703114,322.2445068359375,Kelmarsh 4,1342.5128173828125
2018-02-07 16:00:00,52.398781,-0.94115,146.313,2.283435821533203,297.37420654296875,292.6102600097655,Kelmarsh 4,1289.52978515625
2018-02-07 17:00:00,52.398781,-0.94115,146.313,2.3712735176086426,311.1544494628906,292.6102600097655,Kelmarsh 4,1383.900634765625
2018-02-07 18:00:00,52.398781,-0.94115,146.313,2.536238193511963,308.3987426757812,320.04937744140625,Kelmarsh 4,1293.2138671875
2018-02-07 19:00:00,52.398781,-0.94115,146.313,5.229322910308838,280.79931640625,293.70782470703125,Kelmarsh 4,1063.9794921875
2018-02-07 20:00:00,52.398781,-0.94115,146.313,4.9157280921936035,268.7705383300781,267.36627197265625,Kelmarsh 4,1015.9119262695312
2018-02-07 21:00:00,52.398781,-0.94115,146.313,5.201887607574463,240.64292907714844,243.2198486328125,Kelmarsh 4,905.6182250976562
2018-02-07 22:00:00,52.398781,-0.94115,146.313,5.824126243591309,237.95533752441395,243.2198486328125,Kelmarsh 4,963.0072021484375
2018-02-07 23:00:00,52.398781,-0.94115,146.313,6.502042293548584,236.08956909179682,243.2198486328125,Kelmarsh 4,1225.1690673828125
2018-02-08 00:00:00,52.398781,-0.94115,146.313,6.172873497009277,239.4755401611327,243.2198486328125,Kelmarsh 4,1466.2088623046875
2018-02-08 01:00:00,52.398781,-0.94115,146.313,5.931987762451172,240.71392822265625,243.2198486328125,Kelmarsh 4,1155.154541015625
2018-02-08 02:00:00,52.398781,-0.94115,146.313,7.399353504180908,239.44897460937497,243.2198486328125,Kelmarsh 4,974.6068115234375
2018-02-08 03:00:00,52.398781,-0.94115,146.313,6.261100769042969,230.3570861816406,230.049072265625,Kelmarsh 4,918.6223754882812
2018-02-08 04:00:00,52.398781,-0.94115,146.313,7.609889507293701,213.62643432617188,212.488037109375,Kelmarsh 4,767.114013671875
2018-02-08 05:00:00,52.398781,-0.94115,146.313,8.237264633178711,220.7857208251953,226.75637817382812,Kelmarsh 4,655.2667236328125
2018-02-08 06:00:00,52.398781,-0.94115,146.313,7.632387161254883,215.32284545898438,212.488037109375,Kelmarsh 4,458.755126953125
2018-02-08 07:00:00,52.398781,-0.94115,146.313,7.908596992492676,199.16796874999997,201.51239013671875,Kelmarsh 4,512.9904174804688
2018-02-08 08:00:00,52.398781,-0.94115,146.313,8.120674133300781,202.47157287597653,201.51239013671875,Kelmarsh 4,598.00146484375
2018-02-08 09:00:00,52.398781,-0.94115,146.313,8.081729888916016,202.29721069335935,201.51239013671875,Kelmarsh 4,844.6796264648438
2018-02-08 10:00:00,52.398781,-0.94115,146.313,8.764180183410645,209.6057586669922,213.58560180664062,Kelmarsh 4,1094.7569580078125
2018-02-08 11:00:00,52.398781,-0.94115,146.313,9.43764591217041,202.02293395996094,207.0002136230468,Kelmarsh 4,1039.2374267578125
2018-02-08 12:00:00,52.398781,-0.94115,146.313,9.651449203491211,199.1561126708984,207.0002136230468,Kelmarsh 4,1215.6492919921875
2018-02-08 13:00:00,52.398781,-0.94115,146.313,9.08169174194336,204.10485839843741,207.0002136230468,Kelmarsh 4,1780.22802734375
2018-02-08 14:00:00,52.398781,-0.94115,146.313,8.452674865722656,206.10760498046872,207.0002136230468,Kelmarsh 4,1561.0390625
2018-02-08 15:00:00,52.398781,-0.94115,146.313,8.80880355834961,201.2394104003906,207.0002136230468,Kelmarsh 4,922.274658203125
2018-02-08 16:00:00,52.398781,-0.94115,146.313,10.194624900817871,198.64791870117182,199.64590454101562,Kelmarsh 4,1148.1785888671875
2018-02-08 17:00:00,52.398781,-0.94115,146.313,9.34359073638916,193.53041076660153,199.31726074218747,Kelmarsh 4,799.4690551757812
2018-02-08 18:00:00,52.398781,-0.94115,146.313,9.652618408203125,191.72354125976562,199.31726074218747,Kelmarsh 4,736.6406860351562
2018-02-08 19:00:00,52.398781,-0.94115,146.313,10.631484031677246,201.45787048339844,199.31726074218747,Kelmarsh 4,1162.2646484375
2018-02-08 20:00:00,52.398781,-0.94115,146.313,10.564818382263184,205.72303771972648,199.31726074218747,Kelmarsh 4,1208.5479736328125
2018-02-08 21:00:00,52.398781,-0.94115,146.313,11.097787857055664,195.59320068359372,199.31726074218747,Kelmarsh 4,1070.3734130859375
2018-02-08 22:00:00,52.398781,-0.94115,146.313,11.722857475280762,197.04771423339835,199.31726074218747,Kelmarsh 4,1311.1282958984375
2018-02-08 23:00:00,52.398781,-0.94115,146.313,10.656301498413086,197.38467407226554,199.31726074218747,Kelmarsh 4,980.6773681640625
2018-02-09 00:00:00,52.398781,-0.94115,146.313,10.397065162658691,192.86857604980463,199.31726074218747,Kelmarsh 4,1075.4105224609375
2018-02-09 01:00:00,52.398781,-0.94115,146.313,8.8779296875,189.37915039062491,186.13677978515625,Kelmarsh 4,990.4031372070312
2018-02-09 02:00:00,52.398781,-0.94115,146.313,9.894948959350586,190.31875610351557,196.02456665039062,Kelmarsh 4,1322.0704345703125
2018-02-09 03:00:00,52.398781,-0.94115,146.313,9.430349349975586,201.44459533691398,205.90264892578116,Kelmarsh 4,1052.3975830078125
2018-02-09 04:00:00,52.398781,-0.94115,146.313,9.242064476013184,212.1680145263672,209.2425689697265,Kelmarsh 4,1024.8592529296875
2018-02-09 05:00:00,52.398781,-0.94115,146.313,6.763077259063721,243.3255462646484,237.3998565673827,Kelmarsh 4,675.8387451171875
2018-02-09 06:00:00,52.398781,-0.94115,146.313,7.219388961791992,243.6255645751953,244.3174133300781,Kelmarsh 4,993.799072265625
2018-02-09 07:00:00,52.398781,-0.94115,146.313,7.940845012664795,287.9922790527344,295.3191833496094,Kelmarsh 4,965.8648681640625
2018-02-09 08:00:00,52.398781,-0.94115,146.313,7.729682922363281,282.98159790039057,287.7593994140625,Kelmarsh 4,1019.5490112304688
2018-02-09 09:00:00,52.398781,-0.94115,146.313,9.3834810256958,280.65875244140625,286.1479187011719,Kelmarsh 4,1130.7838134765625
2018-02-09 10:00:00,52.398781,-0.94115,146.313,8.103206634521484,280.15509033203125,277.2443542480469,Kelmarsh 4,997.7722778320312
2018-02-09 11:00:00,52.398781,-0.94115,146.313,10.965580940246582,293.1861572265625,295.9029541015625,Kelmarsh 4,808.9366455078125
2018-02-09 12:00:00,52.398781,-0.94115,146.313,10.228074073791504,306.8811950683593,302.388427734375,Kelmarsh 4,799.1681518554688
2018-02-09 13:00:00,52.398781,-0.94115,146.313,11.105932235717773,314.0872802734375,313.46398925781244,Kelmarsh 4,758.17626953125
2018-02-09 14:00:00,52.398781,-0.94115,146.313,13.377629280090332,314.9192810058594,310.1712951660156,Kelmarsh 4,897.0454711914062
2018-02-09 15:00:00,52.398781,-0.94115,146.313,10.840348243713379,317.3598937988281,315.4299011230469,Kelmarsh 4,980.834228515625
2018-02-09 16:00:00,52.398781,-0.94115,146.313,10.615752220153809,311.1611328125,314.5615539550781,Kelmarsh 4,950.2328491210938
2018-02-09 17:00:00,52.398781,-0.94115,146.313,10.23876667022705,309.3327331542969,302.48834228515625,Kelmarsh 4,1269.8194580078125
2018-02-09 18:00:00,52.398781,-0.94115,146.313,8.353299140930176,309.3411560058594,306.87860107421875,Kelmarsh 4,1150.790771484375
2018-02-09 19:00:00,52.398781,-0.94115,146.313,6.574937343597412,305.2210693359375,306.87860107421875,Kelmarsh 4,1055.1143798828125
2018-02-09 20:00:00,52.398781,-0.94115,146.313,5.83260440826416,303.8911437988281,306.87860107421875,Kelmarsh 4,840.2582397460938
2018-02-09 21:00:00,52.398781,-0.94115,146.313,4.827556133270264,286.4960632324219,306.87860107421875,Kelmarsh 4,725.4226684570312
2018-02-09 22:00:00,52.398781,-0.94115,146.313,6.715343952178955,287.0535888671875,287.1224365234375,Kelmarsh 4,664.704345703125
2018-02-09 23:00:00,52.398781,-0.94115,146.313,8.256569862365723,279.7917175292969,278.3419189453125,Kelmarsh 4,648.7415771484375
2018-02-10 00:00:00,52.398781,-0.94115,146.313,6.7270941734313965,261.7278137207031,261.8784484863281,Kelmarsh 4,599.8587646484375
2018-02-10 01:00:00,52.398781,-0.94115,146.313,6.846339702606201,266.9178771972656,273.95166015625,Kelmarsh 4,653.546630859375
2018-02-10 02:00:00,52.398781,-0.94115,146.313,6.721376895904541,269.0366821289062,256.390625,Kelmarsh 4,464.7413635253906
2018-02-10 03:00:00,52.398781,-0.94115,146.313,5.4407501220703125,224.40158081054685,228.8713836669921,Kelmarsh 4,354.90228271484375
2018-02-10 04:00:00,52.398781,-0.94115,146.313,7.489994049072266,221.58493041992182,223.46368408203125,Kelmarsh 4,404.2220764160156
2018-02-10 05:00:00,52.398781,-0.94115,146.313,8.859442710876465,212.39491271972656,215.48275756835932,Kelmarsh 4,429.7367858886719
2018-02-10 06:00:00,52.398781,-0.94115,146.313,9.23570442199707,205.15425109863278,210.29290771484372,Kelmarsh 4,409.6956481933594
2018-02-10 07:00:00,52.398781,-0.94115,146.313,8.708028793334961,192.77159118652344,196.02456665039062,Kelmarsh 4,537.44970703125
2018-02-10 08:00:00,52.398781,-0.94115,146.313,8.096004486083984,199.62678527832023,196.02456665039062,Kelmarsh 4,564.8125
2018-02-10 09:00:00,52.398781,-0.94115,146.313,10.326325416564941,197.86473083496088,196.02456665039062,Kelmarsh 4,706.3659057617188
2018-02-10 10:00:00,52.398781,-0.94115,146.313,10.070023536682129,197.7438659667968,196.02456665039062,Kelmarsh 4,657.6094360351562
2018-02-10 11:00:00,52.398781,-0.94115,146.313,9.031146049499512,188.11056518554685,186.146484375,Kelmarsh 4,735.9193725585938
2018-02-10 12:00:00,52.398781,-0.94115,146.313,10.158225059509277,187.0643920898437,186.146484375,Kelmarsh 4,838.1262817382812
2018-02-10 13:00:00,52.398781,-0.94115,146.313,10.756604194641113,196.68103027343747,193.82943725585932,Kelmarsh 4,769.5576171875
2018-02-10 14:00:00,52.398781,-0.94115,146.313,10.497267723083496,204.3755798339843,207.0002136230468,Kelmarsh 4,773.2421875
2018-02-10 15:00:00,52.398781,-0.94115,146.313,10.036972999572754,201.2606353759765,207.0002136230468,Kelmarsh 4,812.6638793945312
2018-02-10 16:00:00,52.398781,-0.94115,146.313,10.023772239685059,208.56695556640625,207.0002136230468,Kelmarsh 4,801.8912963867188
2018-02-10 17:00:00,52.398781,-0.94115,146.313,8.495893478393555,215.86012268066398,211.50152587890625,Kelmarsh 4,905.896240234375
2018-02-10 18:00:00,52.398781,-0.94115,146.313,7.416529655456543,211.23118591308594,212.488037109375,Kelmarsh 4,860.2764282226562
2018-02-10 19:00:00,52.398781,-0.94115,146.313,7.388350963592529,205.2476806640625,201.51239013671875,Kelmarsh 4,974.8132934570312
2018-02-10 20:00:00,52.398781,-0.94115,146.313,9.561409950256348,209.1788330078125,205.90618896484366,Kelmarsh 4,993.6160888671875
2018-02-10 21:00:00,52.398781,-0.94115,146.313,10.312393188476562,210.34829711914062,215.78073120117185,Kelmarsh 4,1138.091552734375
2018-02-10 22:00:00,52.398781,-0.94115,146.313,9.776509284973145,204.97547912597656,198.2196960449218,Kelmarsh 4,953.5834350585938
2018-02-10 23:00:00,52.398781,-0.94115,146.313,11.875434875488281,213.3459930419922,213.58560180664062,Kelmarsh 4,919.0115356445312
2018-02-11 00:00:00,52.398781,-0.94115,146.313,17.743181228637695,264.29058837890625,257.4881896972656,Kelmarsh 4,948.7330932617188
2018-02-11 01:00:00,52.398781,-0.94115,146.313,14.256926536560059,269.7518005371093,273.95166015625,Kelmarsh 4,1074.2110595703125
2018-02-11 02:00:00,52.398781,-0.94115,146.313,14.356207847595215,268.1559753417969,261.49298095703125,Kelmarsh 4,994.8682861328125
2018-02-11 03:00:00,52.398781,-0.94115,146.313,10.874834060668945,277.0811767578125,268.5467529296875,Kelmarsh 4,934.4514770507812
2018-02-11 04:00:00,52.398781,-0.94115,146.313,12.292409896850586,279.934326171875,282.732177734375,Kelmarsh 4,945.7879638671875
2018-02-11 05:00:00,52.398781,-0.94115,146.313,10.438201904296875,276.72943115234375,282.732177734375,Kelmarsh 4,935.3360595703125
2018-02-11 06:00:00,52.398781,-0.94115,146.313,10.474492073059082,256.33953857421875,262.97601318359375,Kelmarsh 4,991.1026000976562
2018-02-11 07:00:00,52.398781,-0.94115,146.313,11.414237022399902,258.07562255859375,262.97601318359375,Kelmarsh 4,879.8555297851562
2018-02-11 08:00:00,52.398781,-0.94115,146.313,10.959400177001953,261.0379943847656,262.97601318359375,Kelmarsh 4,794.4468994140625
2018-02-11 09:00:00,52.398781,-0.94115,146.313,12.328161239624023,258.1441955566406,262.97601318359375,Kelmarsh 4,780.5798950195312
2018-02-11 10:00:00,52.398781,-0.94115,146.313,12.016404151916504,261.54235839843744,257.9273986816406,Kelmarsh 4,789.2359619140625
2018-02-11 11:00:00,52.398781,-0.94115,146.313,11.178938865661621,269.6173400878906,271.75653076171875,Kelmarsh 4,794.2879638671875
2018-02-11 12:00:00,52.398781,-0.94115,146.313,11.203644752502441,275.4982604980469,271.75653076171875,Kelmarsh 4,657.9616088867188
2018-02-11 13:00:00,52.398781,-0.94115,146.313,13.524681091308594,280.5873107910156,279.3804016113281,Kelmarsh 4,631.336669921875
2018-02-11 14:00:00,52.398781,-0.94115,146.313,10.17520809173584,321.5985107421875,316.19207763671875,Kelmarsh 4,574.80615234375
2018-02-11 15:00:00,52.398781,-0.94115,146.313,10.77383041381836,310.7187194824219,310.1712951660156,Kelmarsh 4,533.6648559570312
2018-02-11 16:00:00,52.398781,-0.94115,146.313,7.693624973297119,289.61871337890625,288.09759521484375,Kelmarsh 4,671.0032958984375
2018-02-11 17:00:00,52.398781,-0.94115,146.313,9.895657539367676,282.3231506347656,289.31756591796875,Kelmarsh 4,674.4659423828125
2018-02-11 18:00:00,52.398781,-0.94115,146.313,8.653083801269531,292.30413818359375,288.83099365234375,Kelmarsh 4,960.230712890625
2018-02-11 19:00:00,52.398781,-0.94115,146.313,9.3016939163208,282.4684143066406,278.3419189453125,Kelmarsh 4,717.84375
2018-02-11 20:00:00,52.398781,-0.94115,146.313,9.387768745422363,278.0577087402344,278.3419189453125,Kelmarsh 4,678.6893920898438
2018-02-11 21:00:00,52.398781,-0.94115,146.313,10.107641220092773,279.71221923828125,277.2443542480469,Kelmarsh 4,595.3284912109375
2018-02-11 22:00:00,52.398781,-0.94115,146.313,9.910191535949707,273.7829895019531,277.2443542480469,Kelmarsh 4,615.0382690429688
2018-02-11 23:00:00,52.398781,-0.94115,146.313,8.45034408569336,285.03265380859375,294.8053894042969,Kelmarsh 4,536.6243286132812
2018-02-12 00:00:00,52.398781,-0.94115,146.313,8.282185554504395,275.8521728515625,272.46142578125,Kelmarsh 4,620.3400268554688
2018-02-12 01:00:00,52.398781,-0.94115,146.313,6.6169257164001465,257.1174621582031,260.7808837890625,Kelmarsh 4,544.6821899414062
2018-02-12 02:00:00,52.398781,-0.94115,146.313,9.013529777526855,265.9669494628906,273.95166015625,Kelmarsh 4,512.997314453125
2018-02-12 03:00:00,52.398781,-0.94115,146.313,8.722896575927734,272.1842346191406,270.65896606445307,Kelmarsh 4,532.3203125
2018-02-12 04:00:00,52.398781,-0.94115,146.313,9.885021209716797,265.2088623046875,270.65896606445307,Kelmarsh 4,599.5717163085938
2018-02-12 05:00:00,52.398781,-0.94115,146.313,8.703393936157227,269.05731201171875,270.65896606445307,Kelmarsh 4,573.5192260742188
2018-02-12 06:00:00,52.398781,-0.94115,146.313,10.518020629882812,265.395751953125,270.65896606445307,Kelmarsh 4,563.876708984375
2018-02-12 07:00:00,52.398781,-0.94115,146.313,8.098788261413574,260.9029846191406,269.57073974609364,Kelmarsh 4,656.220703125
2018-02-12 08:00:00,52.398781,-0.94115,146.313,6.3677239418029785,253.9239501953125,254.19549560546875,Kelmarsh 4,629.8550415039062
2018-02-12 09:00:00,52.398781,-0.94115,146.313,5.237026214599609,234.10848999023426,254.19549560546875,Kelmarsh 4,556.9796752929688
2018-02-12 10:00:00,52.398781,-0.94115,146.313,6.094354152679443,227.31855773925778,225.65881347656247,Kelmarsh 4,590.6718139648438
2018-02-12 11:00:00,52.398781,-0.94115,146.313,4.927218437194824,240.30056762695307,250.90280151367188,Kelmarsh 4,589.2777099609375
2018-02-12 12:00:00,52.398781,-0.94115,146.313,6.266688346862793,250.4652099609375,253.0979309082031,Kelmarsh 4,636.1107177734375
2018-02-12 13:00:00,52.398781,-0.94115,146.313,8.401691436767578,260.2348327636719,254.19549560546875,Kelmarsh 4,785.11328125
2018-02-12 14:00:00,52.398781,-0.94115,146.313,8.247159004211426,244.04585266113276,241.02471923828114,Kelmarsh 4,635.3200073242188
2018-02-12 15:00:00,52.398781,-0.94115,146.313,7.679554462432861,254.77543640136722,253.35751342773435,Kelmarsh 4,617.2833862304688
2018-02-12 16:00:00,52.398781,-0.94115,146.313,5.045387268066406,215.46846008300778,234.4393310546875,Kelmarsh 4,610.9375610351562
2018-02-12 17:00:00,52.398781,-0.94115,146.313,6.611932277679443,202.95205688476562,204.8050842285156,Kelmarsh 4,631.984375
2018-02-12 18:00:00,52.398781,-0.94115,146.313,6.22843074798584,202.01287841796872,204.8050842285156,Kelmarsh 4,864.446533203125
2018-02-12 19:00:00,52.398781,-0.94115,146.313,7.178645610809326,186.04081726074216,188.34161376953125,Kelmarsh 4,814.9863891601562
2018-02-12 20:00:00,52.398781,-0.94115,146.313,8.127374649047852,193.8723907470703,188.34161376953125,Kelmarsh 4,1092.8143310546875
2018-02-12 21:00:00,52.398781,-0.94115,146.313,7.879027366638184,193.0635223388672,188.34161376953125,Kelmarsh 4,1124.987548828125
2018-02-12 22:00:00,52.398781,-0.94115,146.313,8.047942161560059,191.60421752929685,188.34161376953125,Kelmarsh 4,1117.510498046875
2018-02-12 23:00:00,52.398781,-0.94115,146.313,7.485910415649414,180.2450256347656,180.65405273437494,Kelmarsh 4,1040.7510986328125
2018-02-13 00:00:00,52.398781,-0.94115,146.313,8.129583358764648,176.7379150390625,175.17083740234375,Kelmarsh 4,1011.4734497070312
2018-02-13 01:00:00,52.398781,-0.94115,146.313,8.522904396057129,183.9606323242187,186.146484375,Kelmarsh 4,648.6898193359375
2018-02-13 02:00:00,52.398781,-0.94115,146.313,10.011877059936523,173.86109924316406,178.46353149414062,Kelmarsh 4,642.6742553710938
2018-02-13 03:00:00,52.398781,-0.94115,146.313,9.834753036499023,168.89610290527344,167.48788452148438,Kelmarsh 4,558.1097412109375
2018-02-13 04:00:00,52.398781,-0.94115,146.313,10.535395622253418,163.81948852539062,167.48788452148438,Kelmarsh 4,621.785888671875
2018-02-13 05:00:00,52.398781,-0.94115,146.313,9.985871315002441,168.7113037109375,167.48788452148438,Kelmarsh 4,512.208251953125
2018-02-13 06:00:00,52.398781,-0.94115,146.313,11.1813325881958,164.71263122558594,167.48788452148438,Kelmarsh 4,492.1809997558594
2018-02-13 07:00:00,52.398781,-0.94115,146.313,9.85589599609375,163.095947265625,164.1951904296875,Kelmarsh 4,507.5462341308594
2018-02-13 08:00:00,52.398781,-0.94115,146.313,11.208415985107422,170.4912567138672,164.1951904296875,Kelmarsh 4,458.2685241699219
2018-02-13 09:00:00,52.398781,-0.94115,146.313,11.213390350341797,158.7570343017578,164.1951904296875,Kelmarsh 4,423.65447998046875
2018-02-13 10:00:00,52.398781,-0.94115,146.313,12.096687316894531,162.9312286376953,164.1951904296875,Kelmarsh 4,507.4554748535156
2018-02-13 11:00:00,52.398781,-0.94115,146.313,10.66789436340332,174.18673706054688,168.58544921875,Kelmarsh 4,507.5051574707031
2018-02-13 12:00:00,52.398781,-0.94115,146.313,10.722969055175781,163.080810546875,163.96038818359375,Kelmarsh 4,477.3412780761719
2018-02-13 13:00:00,52.398781,-0.94115,146.313,8.586592674255371,162.3817596435547,166.39031982421875,Kelmarsh 4,462.87506103515625
2018-02-13 14:00:00,52.398781,-0.94115,146.313,7.0243353843688965,162.004638671875,160.90249633789062,Kelmarsh 4,498.12457275390625
2018-02-13 15:00:00,52.398781,-0.94115,146.313,5.501876354217529,167.43716430664062,156.51223754882812,Kelmarsh 4,403.8683776855469
2018-02-13 16:00:00,52.398781,-0.94115,146.313,4.419793605804443,184.06341552734364,183.95135498046866,Kelmarsh 4,431.5560607910156
2018-02-13 17:00:00,52.398781,-0.94115,146.313,2.520768642425537,319.2781066894531,287.34991455078125,Kelmarsh 4,411.548583984375
2018-02-13 18:00:00,52.398781,-0.94115,146.313,5.936609745025635,340.93835449218756,335.4152832031249,Kelmarsh 4,278.0398254394531
2018-02-13 19:00:00,52.398781,-0.94115,146.313,6.576347827911377,326.80032348632807,333.14605712890625,Kelmarsh 4,372.73883056640625
2018-02-13 20:00:00,52.398781,-0.94115,146.313,6.587244033813477,327.52511596679676,320.04937744140625,Kelmarsh 4,494.6298828125
2018-02-13 21:00:00,52.398781,-0.94115,146.313,5.503973960876465,331.009521484375,320.04937744140625,Kelmarsh 4,531.1380004882812
2018-02-13 22:00:00,52.398781,-0.94115,146.313,5.436833381652832,329.6383972167969,320.04937744140625,Kelmarsh 4,1133.3057861328125
2018-02-13 23:00:00,52.398781,-0.94115,146.313,3.862807273864746,305.1230163574219,320.04937744140625,Kelmarsh 4,932.56005859375
2018-02-14 00:00:00,52.398781,-0.94115,146.313,4.524449348449707,306.464599609375,320.04937744140625,Kelmarsh 4,899.9691772460938
2018-02-14 01:00:00,52.398781,-0.94115,146.313,3.2119877338409424,305.57418823242176,320.04937744140625,Kelmarsh 4,664.3432006835938
2018-02-14 02:00:00,52.398781,-0.94115,146.313,3.537388324737549,300.5823059082031,288.2200012207031,Kelmarsh 4,643.4158325195312
2018-02-14 03:00:00,52.398781,-0.94115,146.313,0.8200874328613281,292.1075744628906,288.2200012207031,Kelmarsh 4,662.689208984375
2018-02-14 04:00:00,52.398781,-0.94115,146.313,2.356593608856201,176.857666015625,288.2200012207031,Kelmarsh 4,720.1561279296875
2018-02-14 05:00:00,52.398781,-0.94115,146.313,4.679130554199219,165.406005859375,154.80062866210938,Kelmarsh 4,685.1365966796875
2018-02-14 06:00:00,52.398781,-0.94115,146.313,6.651637554168701,169.1442108154297,170.78057861328125,Kelmarsh 4,638.4065551757812
2018-02-14 07:00:00,52.398781,-0.94115,146.313,7.517114162445068,165.72720336914062,170.78057861328125,Kelmarsh 4,589.8309326171875
2018-02-14 08:00:00,52.398781,-0.94115,146.313,8.056299209594727,165.7462615966797,170.78057861328125,Kelmarsh 4,724.915771484375
2018-02-14 09:00:00,52.398781,-0.94115,146.313,8.280645370483398,163.5262908935547,157.60980224609375,Kelmarsh 4,915.6476440429688
2018-02-14 10:00:00,52.398781,-0.94115,146.313,10.106100082397461,166.0344696044922,163.09762573242188,Kelmarsh 4,934.68359375
2018-02-14 11:00:00,52.398781,-0.94115,146.313,10.48418140411377,171.7384033203125,164.4718475341797,Kelmarsh 4,873.5144653320312
2018-02-14 12:00:00,52.398781,-0.94115,146.313,11.605838775634766,175.28662109375,167.48788452148438,Kelmarsh 4,1049.4525146484375
2018-02-14 13:00:00,52.398781,-0.94115,146.313,10.901725769042969,177.510986328125,178.0934295654297,Kelmarsh 4,895.2677001953125
2018-02-14 14:00:00,52.398781,-0.94115,146.313,13.472224235534668,178.31175231933594,172.9757080078125,Kelmarsh 4,628.0068969726562
2018-02-14 15:00:00,52.398781,-0.94115,146.313,12.483120918273926,172.39857482910156,172.9757080078125,Kelmarsh 4,465.56781005859375
2018-02-14 16:00:00,52.398781,-0.94115,146.313,12.368441581726074,175.78810119628906,172.9757080078125,Kelmarsh 4,493.76611328125
2018-02-14 17:00:00,52.398781,-0.94115,146.313,11.958873748779297,176.19235229492188,172.9757080078125,Kelmarsh 4,361.09075927734375
2018-02-14 18:00:00,52.398781,-0.94115,146.313,12.214837074279785,170.20040893554688,175.17083740234375,Kelmarsh 4,353.6116943359375
2018-02-14 19:00:00,52.398781,-0.94115,146.313,10.354615211486816,172.99447631835938,172.9757080078125,Kelmarsh 4,388.26788330078125
2018-02-14 20:00:00,52.398781,-0.94115,146.313,9.282333374023438,175.39352416992188,172.9757080078125,Kelmarsh 4,313.2930908203125
2018-02-14 21:00:00,52.398781,-0.94115,146.313,7.596078872680664,183.82943725585935,181.8695068359375,Kelmarsh 4,429.1461181640625
2018-02-14 22:00:00,52.398781,-0.94115,146.313,7.5632758140563965,189.8756256103515,191.63430786132812,Kelmarsh 4,254.0457305908203
2018-02-14 23:00:00,52.398781,-0.94115,146.313,7.196176052093506,197.51516723632812,191.63430786132812,Kelmarsh 4,175.00914001464844
2018-02-15 00:00:00,52.398781,-0.94115,146.313,6.638388633728027,212.76177978515622,205.90264892578116,Kelmarsh 4,104.09506225585938
2018-02-15 01:00:00,52.398781,-0.94115,146.313,7.079067230224609,220.60020446777344,219.07342529296875,Kelmarsh 4,107.6441879272461
2018-02-15 02:00:00,52.398781,-0.94115,146.313,7.856383323669434,230.60800170898438,236.6344604492187,Kelmarsh 4,134.7951202392578
2018-02-15 03:00:00,52.398781,-0.94115,146.313,8.19621467590332,219.86433410644534,219.07342529296875,Kelmarsh 4,187.19558715820312
2018-02-15 04:00:00,52.398781,-0.94115,146.313,7.712920188903809,217.32226562499997,219.07342529296875,Kelmarsh 4,254.0084228515625
2018-02-15 05:00:00,52.398781,-0.94115,146.313,9.453811645507812,214.37965393066406,219.07342529296875,Kelmarsh 4,158.58436584472656
2018-02-15 06:00:00,52.398781,-0.94115,146.313,10.282903671264648,235.4707641601562,238.82958984375,Kelmarsh 4,113.22547912597656
2018-02-15 07:00:00,52.398781,-0.94115,146.313,9.53233814239502,251.02618408203125,238.82958984375,Kelmarsh 4,79.07562255859375
2018-02-15 08:00:00,52.398781,-0.94115,146.313,8.948503494262695,249.9064331054687,249.80523681640622,Kelmarsh 4,117.71463775634766
2018-02-15 09:00:00,52.398781,-0.94115,146.313,6.707089900970459,248.39527893066406,249.80523681640622,Kelmarsh 4,207.79165649414062
2018-02-15 10:00:00,52.398781,-0.94115,146.313,6.9728169441223145,243.242446899414,237.73202514648438,Kelmarsh 4,167.47677612304688
2018-02-15 11:00:00,52.398781,-0.94115,146.313,10.286778450012207,250.9844970703125,253.3143768310547,Kelmarsh 4,151.16607666015625
2018-02-15 12:00:00,52.398781,-0.94115,146.313,11.561239242553711,258.60122680664057,255.29306030273438,Kelmarsh 4,293.9535217285156
2018-02-15 13:00:00,52.398781,-0.94115,146.313,10.074859619140625,252.30723571777344,255.96177673339844,Kelmarsh 4,342.9356384277344
2018-02-15 14:00:00,52.398781,-0.94115,146.313,11.292987823486328,250.097427368164,244.44259643554688,Kelmarsh 4,337.37249755859375
2018-02-15 15:00:00,52.398781,-0.94115,146.313,8.661824226379395,253.00038146972653,243.2198486328125,Kelmarsh 4,394.9946594238281
2018-02-15 16:00:00,52.398781,-0.94115,146.313,11.030020713806152,259.5976867675781,253.0979309082031,Kelmarsh 4,331.49346923828125
2018-02-15 17:00:00,52.398781,-0.94115,146.313,9.687687873840332,251.714111328125,242.12228393554682,Kelmarsh 4,271.7995910644531
2018-02-15 18:00:00,52.398781,-0.94115,146.313,10.11697769165039,245.6396484375,243.2198486328125,Kelmarsh 4,331.51690673828125
2018-02-15 19:00:00,52.398781,-0.94115,146.313,8.053241729736328,244.3452148437499,250.77362060546875,Kelmarsh 4,287.2683410644531
2018-02-15 20:00:00,52.398781,-0.94115,146.313,9.333539009094238,243.50994873046866,237.73202514648438,Kelmarsh 4,222.10311889648438
2018-02-15 21:00:00,52.398781,-0.94115,146.313,6.938298225402832,239.30030822753912,237.73202514648438,Kelmarsh 4,275.8086242675781
2018-02-15 22:00:00,52.398781,-0.94115,146.313,8.916633605957031,238.35467529296872,237.73202514648438,Kelmarsh 4,329.9665222167969
2018-02-15 23:00:00,52.398781,-0.94115,146.313,7.439002990722656,246.63070678710938,241.019058227539,Kelmarsh 4,391.0726623535156
2018-02-16 00:00:00,52.398781,-0.94115,146.313,9.408076286315918,243.9797210693359,241.02471923828114,Kelmarsh 4,328.62518310546875
2018-02-16 01:00:00,52.398781,-0.94115,146.313,7.2168097496032715,246.4929504394531,241.02471923828114,Kelmarsh 4,330.0294494628906
2018-02-16 02:00:00,52.398781,-0.94115,146.313,9.186439514160156,250.14907836914057,253.0979309082031,Kelmarsh 4,424.43182373046875
2018-02-16 03:00:00,52.398781,-0.94115,146.313,8.157464981079102,255.55172729492188,253.0979309082031,Kelmarsh 4,444.3443908691406
2018-02-16 04:00:00,52.398781,-0.94115,146.313,8.374134063720703,250.9554443359375,253.0979309082031,Kelmarsh 4,356.37908935546875
2018-02-16 05:00:00,52.398781,-0.94115,146.313,7.463301181793213,247.8313446044922,253.0979309082031,Kelmarsh 4,443.764404296875
2018-02-16 06:00:00,52.398781,-0.94115,146.313,7.396984577178955,243.69866943359375,237.73202514648438,Kelmarsh 4,433.82415771484375
2018-02-16 07:00:00,52.398781,-0.94115,146.313,7.5100202560424805,245.01918029785153,237.73202514648438,Kelmarsh 4,360.5950622558594
2018-02-16 08:00:00,52.398781,-0.94115,146.313,6.678126811981201,244.5725555419922,248.70767211914062,Kelmarsh 4,291.1359558105469
2018-02-16 09:00:00,52.398781,-0.94115,146.313,6.575564384460449,229.60238647460932,234.4393310546875,Kelmarsh 4,376.8166198730469
2018-02-16 10:00:00,52.398781,-0.94115,146.313,5.8801798820495605,228.00230407714844,224.56124877929688,Kelmarsh 4,499.0225524902344
2018-02-16 11:00:00,52.398781,-0.94115,146.313,4.340675354003906,231.02656555175778,224.56124877929688,Kelmarsh 4,593.70068359375
2018-02-16 12:00:00,52.398781,-0.94115,146.313,6.586092472076416,233.01344299316403,78.58602905273438,Kelmarsh 4,471.6708984375
2018-02-16 13:00:00,52.398781,-0.94115,146.313,6.346014976501465,232.33052062988278,78.58602905273438,Kelmarsh 4,496.647216796875
2018-02-16 14:00:00,52.398781,-0.94115,146.313,6.628260612487793,237.08497619628906,78.58602905273438,Kelmarsh 4,405.6082458496094
2018-02-16 15:00:00,52.398781,-0.94115,146.313,5.49933385848999,232.54046630859372,78.58602905273438,Kelmarsh 4,405.354248046875
2018-02-16 16:00:00,52.398781,-0.94115,146.313,5.268825531005859,219.71301269531247,78.58602905273438,Kelmarsh 4,378.64715576171875
2018-02-16 17:00:00,52.398781,-0.94115,146.313,4.484827041625977,194.65574645996082,183.9518890380859,Kelmarsh 4,347.3653869628906
2018-02-16 18:00:00,52.398781,-0.94115,146.313,5.932541370391846,183.47485351562497,183.9518890380859,Kelmarsh 4,369.1273498535156
2018-02-16 19:00:00,52.398781,-0.94115,146.313,6.001132011413574,169.97918701171875,157.61033630371094,Kelmarsh 4,387.7684631347656
2018-02-16 20:00:00,52.398781,-0.94115,146.313,5.822331428527832,171.3913116455078,174.01600646972656,Kelmarsh 4,435.0509338378906
2018-02-16 21:00:00,52.398781,-0.94115,146.313,6.202620506286621,178.33087158203125,175.17137145996094,Kelmarsh 4,400.65704345703125
2018-02-16 22:00:00,52.398781,-0.94115,146.313,6.343006134033203,189.54199218749994,196.02510070800778,Kelmarsh 4,349.132080078125
2018-02-16 23:00:00,52.398781,-0.94115,146.313,6.254153251647949,203.75155639648432,196.02510070800778,Kelmarsh 4,252.85789489746094
2018-02-17 00:00:00,52.398781,-0.94115,146.313,4.990750789642334,199.4175872802734,196.02510070800778,Kelmarsh 4,291.2511901855469
2018-02-17 01:00:00,52.398781,-0.94115,146.313,5.547187328338623,191.48960876464838,196.02510070800778,Kelmarsh 4,242.62759399414062
2018-02-17 02:00:00,52.398781,-0.94115,146.313,4.246088027954102,195.22560119628906,196.02510070800778,Kelmarsh 4,264.1663818359375
2018-02-17 03:00:00,52.398781,-0.94115,146.313,4.137290954589844,172.220458984375,170.78111267089844,Kelmarsh 4,272.0263977050781
2018-02-17 04:00:00,52.398781,-0.94115,146.313,5.852632999420166,186.4396209716796,189.43971252441395,Kelmarsh 4,367.335205078125
2018-02-17 05:00:00,52.398781,-0.94115,146.313,4.131059169769287,168.28675842285156,159.8054656982422,Kelmarsh 4,440.4314270019531
2018-02-17 06:00:00,52.398781,-0.94115,146.313,5.006814479827881,175.18272399902344,177.3665008544922,Kelmarsh 4,544.7858276367188
2018-02-17 07:00:00,52.398781,-0.94115,146.313,6.4070024490356445,187.06636047363278,177.3665008544922,Kelmarsh 4,367.4125671386719
2018-02-17 08:00:00,52.398781,-0.94115,146.313,7.130753993988037,193.4411315917968,189.43971252441395,Kelmarsh 4,337.3309020996094
2018-02-17 09:00:00,52.398781,-0.94115,146.313,7.336181163787842,203.62309265136713,189.43971252441395,Kelmarsh 4,502.9098205566406
2018-02-17 10:00:00,52.398781,-0.94115,146.313,6.7068562507629395,213.28591918945307,177.3665008544922,Kelmarsh 4,590.4904174804688
2018-02-17 11:00:00,52.398781,-0.94115,146.313,4.960361957550049,199.3243408203125,122.90071105957031,Kelmarsh 4,432.6968078613281
2018-02-17 12:00:00,52.398781,-0.94115,146.313,6.521973609924316,204.63682556152338,130.17068481445312,Kelmarsh 4,189.92189025878906
2018-02-17 13:00:00,52.398781,-0.94115,146.313,6.37293815612793,215.35409545898432,130.17068481445312,Kelmarsh 4,425.08807373046875
2018-02-17 14:00:00,52.398781,-0.94115,146.313,4.914721488952637,229.4653625488281,130.17068481445312,Kelmarsh 4,337.6280517578125
2018-02-17 15:00:00,52.398781,-0.94115,146.313,5.706093788146973,207.3563995361328,130.17068481445312,Kelmarsh 4,347.4599914550781
2018-02-17 16:00:00,52.398781,-0.94115,146.313,4.513238430023193,202.8310089111328,206.26710510253906,Kelmarsh 4,289.7903747558594
2018-02-17 17:00:00,52.398781,-0.94115,146.313,3.8906781673431396,192.85685729980466,210.29290771484372,Kelmarsh 4,387.15972900390625
2018-02-17 18:00:00,52.398781,-0.94115,146.313,4.582259654998779,221.34667968749997,210.29290771484372,Kelmarsh 4,245.7792205810547
2018-02-17 19:00:00,52.398781,-0.94115,146.313,6.581348419189453,216.90010070800776,221.26855468749997,Kelmarsh 4,405.02880859375
2018-02-17 20:00:00,52.398781,-0.94115,146.313,5.514043807983398,209.06906127929682,221.26855468749997,Kelmarsh 4,177.03717041015625
2018-02-17 21:00:00,52.398781,-0.94115,146.313,5.341892242431641,213.48649597167966,221.26855468749997,Kelmarsh 4,326.3043212890625
2018-02-17 22:00:00,52.398781,-0.94115,146.313,6.05763578414917,199.36209106445312,202.60995483398438,Kelmarsh 4,418.583740234375
2018-02-17 23:00:00,52.398781,-0.94115,146.313,7.429599761962891,199.3600921630859,202.60995483398438,Kelmarsh 4,438.89202880859375
2018-02-18 00:00:00,52.398781,-0.94115,146.313,6.151634693145752,201.25233459472648,202.60995483398438,Kelmarsh 4,463.49822998046875
2018-02-18 01:00:00,52.398781,-0.94115,146.313,7.354310989379883,206.8498840332031,202.60995483398438,Kelmarsh 4,591.9960327148438
2018-02-18 02:00:00,52.398781,-0.94115,146.313,6.247256755828857,197.14996337890622,202.60995483398438,Kelmarsh 4,374.7491760253906
2018-02-18 03:00:00,52.398781,-0.94115,146.313,6.306764602661133,207.17759704589838,202.60995483398438,Kelmarsh 4,537.5238647460938
2018-02-18 04:00:00,52.398781,-0.94115,146.313,5.653535842895508,189.16342163085938,202.60995483398438,Kelmarsh 4,426.0489807128906
2018-02-18 05:00:00,52.398781,-0.94115,146.313,7.173394203186035,186.9841156005859,182.85379028320307,Kelmarsh 4,388.517578125
2018-02-18 06:00:00,52.398781,-0.94115,146.313,7.450252056121826,192.1148529052734,196.02456665039062,Kelmarsh 4,270.9112548828125
2018-02-18 07:00:00,52.398781,-0.94115,146.313,5.59712028503418,190.73432922363276,196.02456665039062,Kelmarsh 4,324.6658630371094
2018-02-18 08:00:00,52.398781,-0.94115,146.313,6.574880599975586,182.47157287597653,196.02456665039062,Kelmarsh 4,248.00030517578125
2018-02-18 09:00:00,52.398781,-0.94115,146.313,5.913685321807861,181.73802185058594,176.26840209960938,Kelmarsh 4,401.4664306640625
2018-02-18 10:00:00,52.398781,-0.94115,146.313,5.517673015594482,177.74647521972656,176.26840209960938,Kelmarsh 4,154.63351440429688
2018-02-18 11:00:00,52.398781,-0.94115,146.313,3.89731502532959,181.23774719238276,176.26840209960938,Kelmarsh 4,174.4212646484375
2018-02-18 12:00:00,52.398781,-0.94115,146.313,4.9790263175964355,188.99653625488276,176.26840209960938,Kelmarsh 4,101.8493881225586
2018-02-18 13:00:00,52.398781,-0.94115,146.313,4.387557506561279,183.2073516845703,199.31726074218747,Kelmarsh 4,274.5057067871094
2018-02-18 14:00:00,52.398781,-0.94115,146.313,4.384311199188232,183.6487579345703,199.31726074218747,Kelmarsh 4,351.82965087890625
2018-02-18 15:00:00,52.398781,-0.94115,146.313,4.212828159332275,178.27767944335938,175.17083740234375,Kelmarsh 4,178.75674438476562
2018-02-18 16:00:00,52.398781,-0.94115,146.313,4.618001937866211,172.89239501953125,175.17083740234375,Kelmarsh 4,345.64117431640625
2018-02-18 17:00:00,52.398781,-0.94115,146.313,5.381364822387695,173.5297393798828,175.17083740234375,Kelmarsh 4,434.3320617675781
2018-02-18 18:00:00,52.398781,-0.94115,146.313,5.451037406921387,179.71322631835938,175.17083740234375,Kelmarsh 4,461.0348815917969
2018-02-18 19:00:00,52.398781,-0.94115,146.313,5.409653663635254,193.27148437499997,178.16651916503906,Kelmarsh 4,246.4145965576172
2018-02-18 20:00:00,52.398781,-0.94115,146.313,4.905162811279297,197.43945312499991,192.73187255859372,Kelmarsh 4,301.4219055175781
2018-02-18 21:00:00,52.398781,-0.94115,146.313,4.554706573486328,204.63261413574216,192.73187255859372,Kelmarsh 4,207.171142578125
2018-02-18 22:00:00,52.398781,-0.94115,146.313,5.062832355499268,204.21754455566406,192.73187255859372,Kelmarsh 4,254.7740478515625
2018-02-18 23:00:00,52.398781,-0.94115,146.313,5.084674835205078,208.99795532226562,192.73187255859372,Kelmarsh 4,119.30030822753906
2018-02-19 00:00:00,52.398781,-0.94115,146.313,5.443758487701416,209.6133575439453,192.73187255859372,Kelmarsh 4,349.2308044433594
2018-02-19 01:00:00,52.398781,-0.94115,146.313,5.5935258865356445,210.64720153808585,192.73187255859372,Kelmarsh 4,379.61663818359375
2018-02-19 02:00:00,52.398781,-0.94115,146.313,5.606849670410156,218.55383300781253,208.09777832031244,Kelmarsh 4,157.1955108642578
2018-02-19 03:00:00,52.398781,-0.94115,146.313,5.203217029571533,215.76002502441406,208.09777832031244,Kelmarsh 4,137.95155334472656
2018-02-19 04:00:00,52.398781,-0.94115,146.313,5.418121814727783,224.77664184570312,226.75637817382812,Kelmarsh 4,213.67276000976562
2018-02-19 05:00:00,52.398781,-0.94115,146.313,4.868912220001221,246.79417419433594,249.80523681640622,Kelmarsh 4,404.2909240722656
2018-02-19 06:00:00,52.398781,-0.94115,146.313,4.153971195220947,257.5486755371094,249.80523681640622,Kelmarsh 4,431.1122131347656
2018-02-19 07:00:00,52.398781,-0.94115,146.313,4.767280578613281,260.88995361328125,249.80523681640622,Kelmarsh 4,334.4066162109375
2018-02-19 08:00:00,52.398781,-0.94115,146.313,5.508411884307861,275.0785217285156,272.8540954589844,Kelmarsh 4,246.3997039794922
2018-02-19 09:00:00,52.398781,-0.94115,146.313,7.641048908233643,289.66986083984375,272.8540954589844,Kelmarsh 4,455.3335876464844
2018-02-19 10:00:00,52.398781,-0.94115,146.313,5.8595805168151855,298.9056701660156,293.15557861328125,Kelmarsh 4,418.62109375
2018-02-19 11:00:00,52.398781,-0.94115,146.313,4.990159034729004,313.4187316894531,290.4151306152344,Kelmarsh 4,521.194580078125
2018-02-19 12:00:00,52.398781,-0.94115,146.313,5.2280120849609375,307.8970947265625,314.5615539550781,Kelmarsh 4,493.2619323730469
2018-02-19 13:00:00,52.398781,-0.94115,146.313,6.292110443115234,302.9316101074219,314.5615539550781,Kelmarsh 4,341.4283447265625
2018-02-19 14:00:00,52.398781,-0.94115,146.313,7.614859104156494,315.11517333984375,314.5615539550781,Kelmarsh 4,315.560546875
2018-02-19 15:00:00,52.398781,-0.94115,146.313,7.544871807098389,316.2319030761719,314.5615539550781,Kelmarsh 4,150.64576721191406
2018-02-19 16:00:00,52.398781,-0.94115,146.313,6.733979225158691,313.65338134765625,314.5615539550781,Kelmarsh 4,151.3507080078125
2018-02-19 17:00:00,52.398781,-0.94115,146.313,7.6976494789123535,316.09881591796875,314.5615539550781,Kelmarsh 4,318.9159851074219
2018-02-19 18:00:00,52.398781,-0.94115,146.313,7.2203049659729,316.44635009765625,314.5615539550781,Kelmarsh 4,349.6170959472656
2018-02-19 19:00:00,52.398781,-0.94115,146.313,5.948935031890869,312.0633544921875,314.5615539550781,Kelmarsh 4,250.53721618652344
2018-02-19 20:00:00,52.398781,-0.94115,146.313,7.6094841957092285,315.8332214355469,314.5615539550781,Kelmarsh 4,306.77752685546875
2018-02-19 21:00:00,52.398781,-0.94115,146.313,8.362364768981934,313.2974548339844,314.5615539550781,Kelmarsh 4,288.7734375
2018-02-19 22:00:00,52.398781,-0.94115,146.313,8.323799133300781,313.7334289550781,314.5615539550781,Kelmarsh 4,237.418701171875
2018-02-19 23:00:00,52.398781,-0.94115,146.313,7.144129276275635,322.0401916503906,316.7566833496093,Kelmarsh 4,206.84939575195312
2018-02-20 00:00:00,52.398781,-0.94115,146.313,7.15366268157959,317.8535461425781,316.7566833496093,Kelmarsh 4,162.8622283935547
2018-02-20 01:00:00,52.398781,-0.94115,146.313,6.63635778427124,318.59490966796875,326.76727294921875,Kelmarsh 4,186.76820373535156
2018-02-20 02:00:00,52.398781,-0.94115,146.313,5.331142902374268,316.8117370605469,325.5372009277343,Kelmarsh 4,152.00689697265625
2018-02-20 03:00:00,52.398781,-0.94115,146.313,7.558787822723389,320.68728637695307,323.13177490234375,Kelmarsh 4,129.15676879882812
2018-02-20 04:00:00,52.398781,-0.94115,146.313,6.256386756896973,312.3465881347655,312.3664245605469,Kelmarsh 4,103.90727233886719
2018-02-20 05:00:00,52.398781,-0.94115,146.313,6.013057708740234,315.71588134765625,312.3664245605469,Kelmarsh 4,79.67259216308594
2018-02-20 06:00:00,52.398781,-0.94115,146.313,6.979883670806885,309.1785888671875,312.3664245605469,Kelmarsh 4,77.25141143798828
2018-02-20 07:00:00,52.398781,-0.94115,146.313,9.532596588134766,317.79486083984375,312.3664245605469,Kelmarsh 4,99.29696655273438
2018-02-20 08:00:00,52.398781,-0.94115,146.313,9.181839942932129,324.27899169921875,312.3664245605469,Kelmarsh 4,125.56124877929688
2018-02-20 09:00:00,52.398781,-0.94115,146.313,9.003217697143555,327.5898132324219,323.997314453125,Kelmarsh 4,134.93174743652344
2018-02-20 10:00:00,52.398781,-0.94115,146.313,8.83092212677002,345.32421875,343.32333374023426,Kelmarsh 4,116.12144470214844
2018-02-20 11:00:00,52.398781,-0.94115,146.313,9.807527542114258,355.743896484375,1.7568312883377075,Kelmarsh 4,112.30455017089844
2018-02-20 12:00:00,52.398781,-0.94115,146.313,8.063399314880371,352.5120239257813,348.6731872558594,Kelmarsh 4,37.7437744140625
2018-02-20 13:00:00,52.398781,-0.94115,146.313,9.666101455688477,350.6154479980469,350.7811889648437,Kelmarsh 4,75.55481719970703
2018-02-20 14:00:00,52.398781,-0.94115,146.313,10.148172378540039,345.4099426269531,351.8787536621093,Kelmarsh 4,137.27503967285156
2018-02-20 15:00:00,52.398781,-0.94115,146.313,8.587202072143555,352.9477539062499,344.19580078125,Kelmarsh 4,81.05551147460938
2018-02-20 16:00:00,52.398781,-0.94115,146.313,11.553313255310059,356.6333923339844,352.97631835937494,Kelmarsh 4,101.02669525146484
2018-02-20 17:00:00,52.398781,-0.94115,146.313,9.674918174743652,359.9292297363281,2.3056066036224365,Kelmarsh 4,96.14576721191406
2018-02-20 18:00:00,52.398781,-0.94115,146.313,11.022525787353516,3.7089180946350098,6.695851802825928,Kelmarsh 4,92.39696502685547
2018-02-20 19:00:00,52.398781,-0.94115,146.313,11.869986534118652,0.7663207054138184,7.051084041595459,Kelmarsh 4,118.4546127319336
2018-02-20 20:00:00,52.398781,-0.94115,146.313,9.240495681762695,8.88344955444336,7.244632244110107,Kelmarsh 4,89.59577178955078
2018-02-20 21:00:00,52.398781,-0.94115,146.313,5.358745098114014,13.100054740905762,18.220233917236328,Kelmarsh 4,54.32925033569336
2018-02-20 22:00:00,52.398781,-0.94115,146.313,4.625395774841309,8.294681549072266,8.342192649841309,Kelmarsh 4,35.22080993652344
2018-02-20 23:00:00,52.398781,-0.94115,146.313,5.19030237197876,22.662355422973633,8.342192649841309,Kelmarsh 4,92.25709533691406
2018-02-21 00:00:00,52.398781,-0.94115,146.313,3.292397975921631,59.84562301635742,41.269012451171875,Kelmarsh 4,83.90937805175781
2018-02-21 01:00:00,52.398781,-0.94115,146.313,4.723756790161133,71.7286148071289,79.68358612060547,Kelmarsh 4,95.56703186035156
2018-02-21 02:00:00,52.398781,-0.94115,146.313,3.5546374320983887,69.59615325927734,79.68358612060547,Kelmarsh 4,101.59599304199219
2018-02-21 03:00:00,52.398781,-0.94115,146.313,3.7669320106506348,51.473541259765625,61.02510070800781,Kelmarsh 4,86.30333709716797
2018-02-21 04:00:00,52.398781,-0.94115,146.313,3.421354293823242,61.82868576049805,61.02510070800781,Kelmarsh 4,134.7534942626953
2018-02-21 05:00:00,52.398781,-0.94115,146.313,1.530056118965149,45.16020202636719,61.02510070800781,Kelmarsh 4,161.95887756347656
2018-02-21 06:00:00,52.398781,-0.94115,146.313,2.343993902206421,33.8361930847168,25.903156280517578,Kelmarsh 4,139.79383850097656
2018-02-21 07:00:00,52.398781,-0.94115,146.313,2.3724186420440674,32.36866760253906,25.903156280517578,Kelmarsh 4,34.93477249145508
2018-02-21 08:00:00,52.398781,-0.94115,146.313,2.3241937160491943,7.035831451416016,2.854389190673828,Kelmarsh 4,-2.67022442817688
2018-02-21 09:00:00,52.398781,-0.94115,146.313,2.119518756866455,338.97149658203125,2.854389190673828,Kelmarsh 4,7.312450885772705
2018-02-21 10:00:00,52.398781,-0.94115,146.313,2.7689208984375,343.67706298828125,351.2437744140624,Kelmarsh 4,5.51705265045166
2018-02-21 11:00:00,52.398781,-0.94115,146.313,2.577918291091919,4.835489749908447,358.4641418457031,Kelmarsh 4,-3.820394515991211
2018-02-21 12:00:00,52.398781,-0.94115,146.313,4.540654182434082,34.60887145996094,28.098281860351562,Kelmarsh 4,-2.7726964950561523
2018-02-21 13:00:00,52.398781,-0.94115,146.313,6.595409870147705,39.62213134765625,29.851112365722656,Kelmarsh 4,24.718780517578125
2018-02-21 14:00:00,52.398781,-0.94115,146.313,6.239516258239746,44.280052185058594,30.00849151611328,Kelmarsh 4,39.06003952026367
2018-02-21 15:00:00,52.398781,-0.94115,146.313,2.875916004180908,37.387699127197266,44.56169509887695,Kelmarsh 4,70.4061508178711
2018-02-21 16:00:00,52.398781,-0.94115,146.313,3.561492681503296,43.399837493896484,44.56169509887695,Kelmarsh 4,65.89783477783203
2018-02-21 17:00:00,52.398781,-0.94115,146.313,2.913970708847046,19.379541397094727,41.86271286010742,Kelmarsh 4,52.2890510559082
2018-02-21 18:00:00,52.398781,-0.94115,146.313,3.3578073978424072,38.364192962646484,24.805599212646484,Kelmarsh 4,45.15570831298828
2018-02-21 19:00:00,52.398781,-0.94115,146.313,3.710655689239502,38.72346496582031,45.65925598144531,Kelmarsh 4,41.90483474731445
2018-02-21 20:00:00,52.398781,-0.94115,146.313,5.592861652374268,40.619258880615234,45.65925598144531,Kelmarsh 4,65.36424255371094
2018-02-21 21:00:00,52.398781,-0.94115,146.313,4.370519638061523,69.42388153076172,67.13780212402344,Kelmarsh 4,124.69110870361328
2018-02-21 22:00:00,52.398781,-0.94115,146.313,3.927574872970581,67.5125961303711,74.19580078125,Kelmarsh 4,144.87298583984375
2018-02-21 23:00:00,52.398781,-0.94115,146.313,2.9431655406951904,65.03962707519531,51.147056579589844,Kelmarsh 4,155.27487182617188
2018-02-22 00:00:00,52.398781,-0.94115,146.313,3.9458930492401123,44.93548583984375,51.147056579589844,Kelmarsh 4,125.01809692382812
2018-02-22 01:00:00,52.398781,-0.94115,146.313,4.582531452178955,44.39133834838867,51.147056579589844,Kelmarsh 4,136.41278076171875
2018-02-22 02:00:00,52.398781,-0.94115,146.313,3.820909023284912,45.30369567871094,51.147056579589844,Kelmarsh 4,131.7587432861328
2018-02-22 03:00:00,52.398781,-0.94115,146.313,6.569145679473877,77.69918060302734,78.58602905273438,Kelmarsh 4,103.33316802978516
2018-02-22 04:00:00,52.398781,-0.94115,146.313,5.2682671546936035,82.7017593383789,78.58602905273438,Kelmarsh 4,102.71912384033203
2018-02-22 05:00:00,52.398781,-0.94115,146.313,5.081843852996826,69.99159240722656,72.00068664550781,Kelmarsh 4,139.84242248535156
2018-02-22 06:00:00,52.398781,-0.94115,146.313,5.051884174346924,83.3846206665039,72.00068664550781,Kelmarsh 4,176.8434295654297
2018-02-22 07:00:00,52.398781,-0.94115,146.313,4.462487697601318,78.09831237792969,72.00068664550781,Kelmarsh 4,180.3828887939453
2018-02-22 08:00:00,52.398781,-0.94115,146.313,4.713006973266602,80.86376953125,72.00068664550781,Kelmarsh 4,123.18917846679688
2018-02-22 09:00:00,52.398781,-0.94115,146.313,4.321895122528076,89.52686309814453,97.24449920654297,Kelmarsh 4,110.34220123291016
2018-02-22 10:00:00,52.398781,-0.94115,146.313,4.967461585998535,88.67676544189453,97.24449920654297,Kelmarsh 4,84.69585418701172
2018-02-22 11:00:00,52.398781,-0.94115,146.313,5.783915042877197,89.1348876953125,97.07994079589844,Kelmarsh 4,117.99794006347656
2018-02-22 12:00:00,52.398781,-0.94115,146.313,5.660901069641113,108.55230712890625,100.93310546875,Kelmarsh 4,159.06179809570312
2018-02-22 13:00:00,52.398781,-0.94115,146.313,5.572469234466553,103.70633697509766,106.02495574951172,Kelmarsh 4,140.38182067871094
2018-02-22 14:00:00,52.398781,-0.94115,146.313,5.101056098937988,95.28678131103516,106.02495574951172,Kelmarsh 4,145.959228515625
2018-02-22 15:00:00,52.398781,-0.94115,146.313,5.107641696929932,106.25737762451172,106.02495574951172,Kelmarsh 4,138.01547241210938
2018-02-22 16:00:00,52.398781,-0.94115,146.313,4.170202255249023,106.3402328491211,111.51274108886719,Kelmarsh 4,182.9988250732422
2018-02-22 17:00:00,52.398781,-0.94115,146.313,5.655313968658447,97.66559600830078,101.63472747802734,Kelmarsh 4,165.3485107421875
2018-02-22 18:00:00,52.398781,-0.94115,146.313,6.147517204284668,102.93563079833984,101.63472747802734,Kelmarsh 4,198.18804931640625
2018-02-22 19:00:00,52.398781,-0.94115,146.313,5.571169853210449,95.96752166748047,101.63472747802734,Kelmarsh 4,230.71485900878906
2018-02-22 20:00:00,52.398781,-0.94115,146.313,8.037531852722168,98.99349212646484,101.63472747802734,Kelmarsh 4,161.4221649169922
2018-02-22 21:00:00,52.398781,-0.94115,146.313,7.474302291870117,98.33619689941406,101.63472747802734,Kelmarsh 4,187.94622802734375
2018-02-22 22:00:00,52.398781,-0.94115,146.313,7.273444175720215,91.66812133789062,89.56159973144531,Kelmarsh 4,209.50515747070312
2018-02-22 23:00:00,52.398781,-0.94115,146.313,6.697913646697998,84.14309692382812,89.56159973144531,Kelmarsh 4,206.3748321533203
2018-02-23 00:00:00,52.398781,-0.94115,146.313,7.419122695922852,89.91187286376953,89.56159973144531,Kelmarsh 4,265.51727294921875
2018-02-23 01:00:00,52.398781,-0.94115,146.313,7.807877063751221,89.80736541748047,89.56159973144531,Kelmarsh 4,291.77935791015625
2018-02-23 02:00:00,52.398781,-0.94115,146.313,6.818273067474365,84.05342864990234,89.56159973144531,Kelmarsh 4,300.4802551269531
2018-02-23 03:00:00,52.398781,-0.94115,146.313,8.054851531982422,90.6396255493164,89.56159973144531,Kelmarsh 4,553.29833984375
2018-02-23 04:00:00,52.398781,-0.94115,146.313,9.045549392700195,99.2464370727539,102.73228454589844,Kelmarsh 4,386.5162353515625
2018-02-23 05:00:00,52.398781,-0.94115,146.313,7.767967700958252,96.3499526977539,102.73228454589844,Kelmarsh 4,270.5602111816406
2018-02-23 06:00:00,52.398781,-0.94115,146.313,7.240978240966797,95.4578628540039,98.34205627441406,Kelmarsh 4,348.1749572753906
2018-02-23 07:00:00,52.398781,-0.94115,146.313,6.7354841232299805,79.47067260742188,81.87870025634766,Kelmarsh 4,343.07757568359375
2018-02-23 08:00:00,52.398781,-0.94115,146.313,5.646793365478516,86.25054168701172,81.87870025634766,Kelmarsh 4,315.7926025390625
2018-02-23 09:00:00,52.398781,-0.94115,146.313,4.560441970825195,89.82772827148438,81.87870025634766,Kelmarsh 4,311.9426574707031
2018-02-23 10:00:00,52.398781,-0.94115,146.313,6.156167030334473,95.86727905273438,98.34205627441406,Kelmarsh 4,328.5238037109375
2018-02-23 11:00:00,52.398781,-0.94115,146.313,8.374107360839844,94.82427978515625,94.16909790039062,Kelmarsh 4,369.977783203125
2018-02-23 12:00:00,52.398781,-0.94115,146.313,7.926677227020264,90.7687759399414,99.43961334228516,Kelmarsh 4,585.9639282226562
2018-02-23 13:00:00,52.398781,-0.94115,146.313,8.030181884765625,97.1152572631836,92.8542709350586,Kelmarsh 4,641.273193359375
2018-02-23 14:00:00,52.398781,-0.94115,146.313,8.300061225891113,91.73785400390625,96.7261962890625,Kelmarsh 4,666.0350341796875
2018-02-23 15:00:00,52.398781,-0.94115,146.313,7.166022777557373,95.98686981201172,96.14694213867188,Kelmarsh 4,605.5931396484375
2018-02-23 16:00:00,52.398781,-0.94115,146.313,8.092863082885742,82.01460266113281,76.39091491699219,Kelmarsh 4,683.1817626953125
2018-02-23 17:00:00,52.398781,-0.94115,146.313,7.512937545776367,85.16229248046875,84.07381439208984,Kelmarsh 4,669.5115356445312
2018-02-23 18:00:00,52.398781,-0.94115,146.313,7.2208380699157715,96.9583740234375,93.35829162597656,Kelmarsh 4,811.5925903320312
2018-02-23 19:00:00,52.398781,-0.94115,146.313,6.831377983093262,94.22207641601562,98.34205627441406,Kelmarsh 4,731.1581420898438
2018-02-23 20:00:00,52.398781,-0.94115,146.313,6.1295671463012695,91.47628021240234,98.34205627441406,Kelmarsh 4,721.9498291015625
2018-02-23 21:00:00,52.398781,-0.94115,146.313,7.937443256378174,91.78784942626953,98.34205627441406,Kelmarsh 4,652.447509765625
2018-02-23 22:00:00,52.398781,-0.94115,146.313,7.537727355957031,94.29296875,98.34205627441406,Kelmarsh 4,581.1397094726562
2018-02-23 23:00:00,52.398781,-0.94115,146.313,6.464991569519043,88.55536651611328,98.34205627441406,Kelmarsh 4,741.432373046875
2018-02-24 00:00:00,52.398781,-0.94115,146.313,6.212993144989014,89.02816772460938,89.56159973144531,Kelmarsh 4,569.6090087890625
2018-02-24 01:00:00,52.398781,-0.94115,146.313,5.563596725463867,83.1539535522461,89.56159973144531,Kelmarsh 4,481.8517761230469
2018-02-24 02:00:00,52.398781,-0.94115,146.313,4.762402057647705,94.1863021850586,89.56159973144531,Kelmarsh 4,587.8910522460938
2018-02-24 03:00:00,52.398781,-0.94115,146.313,5.3836517333984375,92.7530517578125,89.56159973144531,Kelmarsh 4,527.6604614257812
2018-02-24 04:00:00,52.398781,-0.94115,146.313,6.1483893394470215,85.69037628173828,89.56159973144531,Kelmarsh 4,456.6321716308594
2018-02-24 05:00:00,52.398781,-0.94115,146.313,6.297520637512207,83.84205627441406,89.56159973144531,Kelmarsh 4,491.66400146484375
2018-02-24 06:00:00,52.398781,-0.94115,146.313,6.821521282196045,77.64962768554688,76.14781951904297,Kelmarsh 4,514.5845947265625
2018-02-24 07:00:00,52.398781,-0.94115,146.313,6.777175426483154,72.04061126708984,72.00068664550781,Kelmarsh 4,350.5022277832031
2018-02-24 08:00:00,52.398781,-0.94115,146.313,5.768433570861816,77.89401245117188,72.00068664550781,Kelmarsh 4,275.31402587890625
2018-02-24 09:00:00,52.398781,-0.94115,146.313,7.1222004890441895,80.74382019042969,77.66356658935547,Kelmarsh 4,255.0199737548828
2018-02-24 10:00:00,52.398781,-0.94115,146.313,7.7013468742370605,86.69277954101562,89.56159973144531,Kelmarsh 4,263.2091979980469
2018-02-24 11:00:00,52.398781,-0.94115,146.313,7.467533588409424,87.5704345703125,83.52367401123047,Kelmarsh 4,285.1651916503906
2018-02-24 12:00:00,52.398781,-0.94115,146.313,9.104523658752441,86.88005828857422,92.36300659179688,Kelmarsh 4,325.188720703125
2018-02-24 13:00:00,52.398781,-0.94115,146.313,9.689074516296387,90.49744415283203,91.40963745117188,Kelmarsh 4,379.34130859375
2018-02-24 14:00:00,52.398781,-0.94115,146.313,9.843441009521484,86.92094421386719,90.6591567993164,Kelmarsh 4,397.53485107421875
2018-02-24 15:00:00,52.398781,-0.94115,146.313,9.305892944335938,87.3540267944336,84.64432525634766,Kelmarsh 4,357.92523193359375
2018-02-24 16:00:00,52.398781,-0.94115,146.313,8.522292137145996,81.62361907958984,80.78114318847656,Kelmarsh 4,314.7725524902344
2018-02-24 17:00:00,52.398781,-0.94115,146.313,8.309117317199707,76.80939483642578,80.78114318847656,Kelmarsh 4,232.89491271972656
2018-02-24 18:00:00,52.398781,-0.94115,146.313,9.369651794433594,75.39478302001953,80.78114318847656,Kelmarsh 4,325.4394836425781
2018-02-24 19:00:00,52.398781,-0.94115,146.313,8.363016128540039,75.74497985839844,80.78114318847656,Kelmarsh 4,306.8500671386719
2018-02-24 20:00:00,52.398781,-0.94115,146.313,8.955819129943848,78.06683349609375,80.78114318847656,Kelmarsh 4,336.4766845703125
2018-02-24 21:00:00,52.398781,-0.94115,146.313,8.17378044128418,74.9791030883789,77.103759765625,Kelmarsh 4,319.39776611328125
2018-02-24 22:00:00,52.398781,-0.94115,146.313,8.070480346679688,75.09502410888672,75.2933578491211,Kelmarsh 4,404.16400146484375
2018-02-24 23:00:00,52.398781,-0.94115,146.313,6.640611171722412,83.46060180664062,75.2933578491211,Kelmarsh 4,456.27789306640625
2018-02-25 00:00:00,52.398781,-0.94115,146.313,6.030350685119629,75.46016693115234,75.2933578491211,Kelmarsh 4,327.32763671875
2018-02-25 01:00:00,52.398781,-0.94115,146.313,6.470318794250488,79.7823486328125,75.2933578491211,Kelmarsh 4,296.32769775390625
2018-02-25 02:00:00,52.398781,-0.94115,146.313,6.871565818786621,74.54047393798828,75.2933578491211,Kelmarsh 4,225.0888214111328
2018-02-25 03:00:00,52.398781,-0.94115,146.313,6.573266506195068,75.90176391601562,75.2933578491211,Kelmarsh 4,184.87425231933594
2018-02-25 04:00:00,52.398781,-0.94115,146.313,6.889274597167969,70.9534912109375,75.2933578491211,Kelmarsh 4,215.2056121826172
2018-02-25 05:00:00,52.398781,-0.94115,146.313,6.819201946258545,72.59758758544922,75.2933578491211,Kelmarsh 4,172.62107849121094
2018-02-25 06:00:00,52.398781,-0.94115,146.313,7.008780002593994,76.68758392333984,75.2933578491211,Kelmarsh 4,90.89867401123047
2018-02-25 07:00:00,52.398781,-0.94115,146.313,6.674914836883545,76.37757873535156,75.2933578491211,Kelmarsh 4,109.29701232910156
2018-02-25 08:00:00,52.398781,-0.94115,146.313,6.714341640472412,71.47767639160156,75.2933578491211,Kelmarsh 4,148.8516387939453
2018-02-25 09:00:00,52.398781,-0.94115,146.313,6.796480655670166,78.70175170898438,75.2933578491211,Kelmarsh 4,95.01168823242188
2018-02-25 10:00:00,52.398781,-0.94115,146.313,7.142077445983887,82.15489196777344,80.78114318847656,Kelmarsh 4,74.94709014892578
2018-02-25 11:00:00,52.398781,-0.94115,146.313,8.644804000854492,75.63876342773438,71.3765640258789,Kelmarsh 4,34.365333557128906
2018-02-25 12:00:00,52.398781,-0.94115,146.313,9.186476707458496,85.66718292236328,85.7579574584961,Kelmarsh 4,16.60126495361328
2018-02-25 13:00:00,52.398781,-0.94115,146.313,8.083734512329102,80.46784210205078,77.71870422363281,Kelmarsh 4,14.394216537475586
2018-02-25 14:00:00,52.398781,-0.94115,146.313,7.067066192626953,86.98649597167969,85.22928619384766,Kelmarsh 4,5.328861236572266
2018-02-25 15:00:00,52.398781,-0.94115,146.313,6.087021827697754,78.62831115722656,80.78114318847656,Kelmarsh 4,19.609878540039062
2018-02-25 16:00:00,52.398781,-0.94115,146.313,6.815637111663818,86.52925109863281,73.0982437133789,Kelmarsh 4,137.61439514160156
2018-02-25 17:00:00,52.398781,-0.94115,146.313,7.6522674560546875,74.69458770751953,78.58602905273438,Kelmarsh 4,188.8549346923828
2018-02-25 18:00:00,52.398781,-0.94115,146.313,6.166079521179199,77.1634750366211,78.58602905273438,Kelmarsh 4,270.4215087890625
2018-02-25 19:00:00,52.398781,-0.94115,146.313,7.623198986053467,74.52120971679688,78.58602905273438,Kelmarsh 4,365.4897155761719
2018-02-25 20:00:00,52.398781,-0.94115,146.313,7.891315460205078,75.9715347290039,78.58602905273438,Kelmarsh 4,417.282470703125
2018-02-25 21:00:00,52.398781,-0.94115,146.313,6.984017848968506,73.02865600585938,78.58602905273438,Kelmarsh 4,437.6133117675781
2018-02-25 22:00:00,52.398781,-0.94115,146.313,6.419049263000488,69.6629638671875,78.58602905273438,Kelmarsh 4,531.1636352539062
2018-02-25 23:00:00,52.398781,-0.94115,146.313,6.438892841339111,66.59907531738281,78.58602905273438,Kelmarsh 4,619.7317504882812
2018-02-26 00:00:00,52.398781,-0.94115,146.313,6.707993030548096,70.38461303710938,78.58602905273438,Kelmarsh 4,409.5478515625
2018-02-26 01:00:00,52.398781,-0.94115,146.313,5.571281433105469,71.5390853881836,64.31778717041016,Kelmarsh 4,437.0888366699219
2018-02-26 02:00:00,52.398781,-0.94115,146.313,3.793299674987793,68.51017761230469,64.31778717041016,Kelmarsh 4,501.8816833496094
2018-02-26 03:00:00,52.398781,-0.94115,146.313,5.495713710784912,66.45755004882812,64.31778717041016,Kelmarsh 4,378.76300048828125
2018-02-26 04:00:00,52.398781,-0.94115,146.313,4.779999256134033,63.389060974121094,64.31778717041016,Kelmarsh 4,349.6709899902344
2018-02-26 05:00:00,52.398781,-0.94115,146.313,6.892950057983398,66.21060943603516,64.31778717041016,Kelmarsh 4,537.7149047851562
2018-02-26 06:00:00,52.398781,-0.94115,146.313,5.757700443267822,79.01372528076172,64.31778717041016,Kelmarsh 4,410.7402648925781
2018-02-26 07:00:00,52.398781,-0.94115,146.313,4.294794082641602,49.98887252807617,64.31778717041016,Kelmarsh 4,299.9397888183594
2018-02-26 08:00:00,52.398781,-0.94115,146.313,5.985986232757568,69.20345306396484,64.31778717041016,Kelmarsh 4,320.45361328125
2018-02-26 09:00:00,52.398781,-0.94115,146.313,6.604302883148193,70.1507568359375,64.7517318725586,Kelmarsh 4,363.3097229003906
2018-02-26 10:00:00,52.398781,-0.94115,146.313,9.097636222839355,87.04232025146484,80.78114318847656,Kelmarsh 4,363.64898681640625
2018-02-26 11:00:00,52.398781,-0.94115,146.313,8.266630172729492,75.83350372314453,68.70801544189453,Kelmarsh 4,305.4399719238281
2018-02-26 12:00:00,52.398781,-0.94115,146.313,8.30500316619873,75.60356903076172,77.48847198486328,Kelmarsh 4,358.8269348144531
2018-02-26 13:00:00,52.398781,-0.94115,146.313,6.531909465789795,41.88197708129883,36.47745132446289,Kelmarsh 4,293.0715637207031
2018-02-26 14:00:00,52.398781,-0.94115,146.313,6.012651443481445,61.28225326538086,55.19083023071289,Kelmarsh 4,390.06640625
2018-02-26 15:00:00,52.398781,-0.94115,146.313,6.652769565582275,69.49429321289062,67.77798461914062,Kelmarsh 4,327.681884765625
2018-02-26 16:00:00,52.398781,-0.94115,146.313,5.535195827484131,55.36806106567383,60.365875244140625,Kelmarsh 4,257.3227233886719
2018-02-26 17:00:00,52.398781,-0.94115,146.313,5.796799182891846,54.861385345458984,68.70801544189453,Kelmarsh 4,287.0896301269531
2018-02-26 18:00:00,52.398781,-0.94115,146.313,7.534560680389404,33.102012634277344,34.157711029052734,Kelmarsh 4,276.60296630859375
2018-02-26 19:00:00,52.398781,-0.94115,146.313,7.336649417877197,41.05356216430664,30.29340171813965,Kelmarsh 4,255.43455505371094
2018-02-26 20:00:00,52.398781,-0.94115,146.313,7.090640544891357,40.496551513671875,37.95011901855469,Kelmarsh 4,216.29722595214844
2018-02-26 21:00:00,52.398781,-0.94115,146.313,6.324324607849121,48.13754653930664,42.36656951904297,Kelmarsh 4,167.7967987060547
2018-02-26 22:00:00,52.398781,-0.94115,146.313,5.774447917938232,39.477081298828125,48.951934814453125,Kelmarsh 4,176.71163940429688
2018-02-26 23:00:00,52.398781,-0.94115,146.313,5.426196575164795,31.41139030456543,34.68364334106445,Kelmarsh 4,213.01646423339844
2018-02-27 00:00:00,52.398781,-0.94115,146.313,5.478468894958496,21.855186462402344,34.68364334106445,Kelmarsh 4,108.43000030517578
2018-02-27 01:00:00,52.398781,-0.94115,146.313,4.6723737716674805,18.87279510498047,34.68364334106445,Kelmarsh 4,57.27490234375
2018-02-27 02:00:00,52.398781,-0.94115,146.313,6.082789421081543,20.428974151611328,34.68364334106445,Kelmarsh 4,85.36597442626953
2018-02-27 03:00:00,52.398781,-0.94115,146.313,5.687315464019775,18.909381866455078,34.68364334106445,Kelmarsh 4,49.49970245361328
2018-02-27 04:00:00,52.398781,-0.94115,146.313,4.074401378631592,346.8475036621094,344.19580078125,Kelmarsh 4,6.3453474044799805
2018-02-27 05:00:00,52.398781,-0.94115,146.313,4.564729690551758,358.4765930175781,12.732431411743164,Kelmarsh 4,-1.1806355714797974
2018-02-27 06:00:00,52.398781,-0.94115,146.313,4.908637046813965,349.93344116210943,347.4884948730469,Kelmarsh 4,-1.5220755338668823
2018-02-27 07:00:00,52.398781,-0.94115,146.313,4.162536144256592,352.63934326171875,347.4884948730469,Kelmarsh 4,-1.2707970142364502
2018-02-27 08:00:00,52.398781,-0.94115,146.313,3.510936737060547,19.734210968017578,19.317794799804688,Kelmarsh 4,-0.8802750110626221
2018-02-27 09:00:00,52.398781,-0.94115,146.313,3.453838348388672,32.47052764892578,19.317794799804688,Kelmarsh 4,-0.8664040565490723
2018-02-27 10:00:00,52.398781,-0.94115,146.313,4.057713508605957,33.12175750732422,29.453414916992188,Kelmarsh 4,-1.1875710487365723
2018-02-27 11:00:00,52.398781,-0.94115,146.313,3.737826108932495,66.76028442382812,53.34218215942383,Kelmarsh 4,-1.0291215181350708
2018-02-27 12:00:00,52.398781,-0.94115,146.313,4.176105499267578,63.84921646118164,79.68358612060547,Kelmarsh 4,-0.8760070204734802
2018-02-27 13:00:00,52.398781,-0.94115,146.313,3.1576414108276367,52.76804733276367,61.02510070800781,Kelmarsh 4,-1.5338125228881836
2018-02-27 14:00:00,52.398781,-0.94115,146.313,5.709163665771484,34.182945251464844,31.390960693359375,Kelmarsh 4,-1.12408447265625
2018-02-27 15:00:00,52.398781,-0.94115,146.313,6.663870334625244,36.679771423339844,39.07388687133789,Kelmarsh 4,-1.3716285228729248
2018-02-27 16:00:00,52.398781,-0.94115,146.313,5.975832462310791,38.272064208984375,39.07388687133789,Kelmarsh 4,-1.300673484802246
2018-02-27 17:00:00,52.398781,-0.94115,146.313,6.920069694519043,38.585697174072266,39.07388687133789,Kelmarsh 4,-0.8701385259628296
2018-02-27 18:00:00,52.398781,-0.94115,146.313,5.75525426864624,29.975486755371094,39.07388687133789,Kelmarsh 4,27.50160026550293
2018-02-27 19:00:00,52.398781,-0.94115,146.313,5.404831409454346,29.770523071289062,39.07388687133789,Kelmarsh 4,306.25250244140625
2018-02-27 20:00:00,52.398781,-0.94115,146.313,5.01737642288208,20.086627960205078,25.903156280517578,Kelmarsh 4,365.5563659667969
2018-02-27 21:00:00,52.398781,-0.94115,146.313,5.043456554412842,23.966705322265625,25.903156280517578,Kelmarsh 4,385.34246826171875
2018-02-27 22:00:00,52.398781,-0.94115,146.313,6.148148059844971,33.214500427246094,32.1053581237793,Kelmarsh 4,334.1910095214844
2018-02-27 23:00:00,52.398781,-0.94115,146.313,6.196674346923828,18.984834671020508,32.488521575927734,Kelmarsh 4,266.8623046875
2018-02-28 00:00:00,52.398781,-0.94115,146.313,6.140537738800049,29.582412719726562,33.586082458496094,Kelmarsh 4,306.78021240234375
2018-02-28 01:00:00,52.398781,-0.94115,146.313,6.776674270629883,27.104482650756836,33.586082458496094,Kelmarsh 4,251.1326141357422
2018-02-28 02:00:00,52.398781,-0.94115,146.313,5.267605304718018,38.854644775390625,33.586082458496094,Kelmarsh 4,232.19912719726562
2018-02-28 03:00:00,52.398781,-0.94115,146.313,4.447600364685059,30.31009864807129,33.586082458496094,Kelmarsh 4,141.23806762695312
2018-02-28 04:00:00,52.398781,-0.94115,146.313,5.399949550628662,21.450687408447266,33.586082458496094,Kelmarsh 4,183.02499389648438
2018-02-28 05:00:00,52.398781,-0.94115,146.313,5.260128021240234,32.59157180786133,33.586082458496094,Kelmarsh 4,82.81185913085938
2018-02-28 06:00:00,52.398781,-0.94115,146.313,3.5022308826446533,46.74281311035156,33.586082458496094,Kelmarsh 4,83.99474334716797
2018-02-28 07:00:00,52.398781,-0.94115,146.313,4.27942419052124,78.20350646972656,71.8277359008789,Kelmarsh 4,145.94117736816406
2018-02-28 08:00:00,52.398781,-0.94115,146.313,3.4303059577941895,71.33123779296875,77.48847198486328,Kelmarsh 4,94.9913330078125
2018-02-28 09:00:00,52.398781,-0.94115,146.313,4.752879619598389,74.70234680175781,77.48847198486328,Kelmarsh 4,56.141571044921875
2018-02-28 10:00:00,52.398781,-0.94115,146.313,5.225851535797119,89.7376937866211,77.48847198486328,Kelmarsh 4,21.70050621032715
2018-02-28 11:00:00,52.398781,-0.94115,146.313,5.714323997497559,88.32681274414062,77.48847198486328,Kelmarsh 4,-0.8536310791969299
2018-02-28 12:00:00,52.398781,-0.94115,146.313,6.921703338623047,87.65931701660156,90.81719207763672,Kelmarsh 4,-2.323392629623413
2018-02-28 13:00:00,52.398781,-0.94115,146.313,8.911659240722656,76.17364501953125,73.0982437133789,Kelmarsh 4,-3.3663885593414307
2018-02-28 14:00:00,52.398781,-0.94115,146.313,10.795660018920898,80.65878295898438,81.77507781982422,Kelmarsh 4,45.848846435546875
2018-02-28 15:00:00,52.398781,-0.94115,146.313,10.999513626098633,75.57514953613281,74.47859191894531,Kelmarsh 4,22.630468368530273
2018-02-28 16:00:00,52.398781,-0.94115,146.313,11.199654579162598,71.15108489990234,78.58602905273438,Kelmarsh 4,38.46251678466797
2018-02-28 17:00:00,52.398781,-0.94115,146.313,8.036381721496582,68.8775863647461,60.355403900146484,Kelmarsh 4,21.2053165435791
2018-02-28 18:00:00,52.398781,-0.94115,146.313,10.207785606384277,70.18513488769531,68.70801544189453,Kelmarsh 4,18.251794815063477
2018-02-28 19:00:00,52.398781,-0.94115,146.313,7.689255714416504,62.64863204956055,68.70801544189453,Kelmarsh 4,69.4218521118164
2018-02-28 20:00:00,52.398781,-0.94115,146.313,8.889328002929688,71.9439468383789,68.70801544189453,Kelmarsh 4,92.5211181640625
2018-02-28 21:00:00,52.398781,-0.94115,146.313,8.644952774047852,67.59365844726562,68.70801544189453,Kelmarsh 4,82.80552673339844
2018-02-28 22:00:00,52.398781,-0.94115,146.313,7.254361629486084,73.1289291381836,63.93341064453125,Kelmarsh 4,73.95259857177734
2018-02-28 23:00:00,52.398781,-0.94115,146.313,7.830818176269531,63.02360534667969,62.838680267333984,Kelmarsh 4,57.47709274291992
