data_time,latitude1,longitude1,elevation1,wind_speed1,wind_direction1,nacelle_position1,title_of_turbine1,production1
2018-01-01 00:00:00,52.400604,-0.947133,145.598,11.644061088562012,256.528076171875,258.4871520996094,Kelmarsh 1,2056.482666015625
2018-01-01 01:00:00,52.400604,-0.947133,145.598,10.706485748291016,246.48707580566406,247.51150512695312,Kelmarsh 1,2040.122802734375
2018-01-01 02:00:00,52.400604,-0.947133,145.598,11.080248832702637,223.45021057128903,231.22259521484375,Kelmarsh 1,2060.563720703125
2018-01-01 03:00:00,52.400604,-0.947133,145.598,11.1221284866333,222.83601379394528,217.87725830078116,Kelmarsh 1,2045.2762451171875
2018-01-01 04:00:00,52.400604,-0.947133,145.598,11.163536071777344,227.67083740234372,226.65777587890622,Kelmarsh 1,2027.796630859375
2018-01-01 05:00:00,52.400604,-0.947133,145.598,9.92520523071289,223.9051513671875,221.6511993408203,Kelmarsh 1,2039.4937744140625
2018-01-01 06:00:00,52.400604,-0.947133,145.598,10.926301956176758,224.71054077148432,233.24316406250003,Kelmarsh 1,1836.62255859375
2018-01-01 07:00:00,52.400604,-0.947133,145.598,11.09730339050293,217.333511352539,212.9382171630859,Kelmarsh 1,2035.4720458984375
2018-01-01 08:00:00,52.400604,-0.947133,145.598,8.199106216430664,206.6022644042969,210.19430541992182,Kelmarsh 1,2065.09765625
2018-01-01 09:00:00,52.400604,-0.947133,145.598,7.387556552886963,212.83714294433594,218.97482299804685,Kelmarsh 1,2030.9237060546875
2018-01-01 10:00:00,52.400604,-0.947133,145.598,7.309847354888916,210.76264953613276,209.09674072265625,Kelmarsh 1,2019.177978515625
2018-01-01 11:00:00,52.400604,-0.947133,145.598,7.504369735717773,229.31294250488273,225.61514282226554,Kelmarsh 1,2016.645751953125
2018-01-01 12:00:00,52.400604,-0.947133,145.598,7.594870090484619,247.19567871093747,244.4536590576172,Kelmarsh 1,2028.45556640625
2018-01-01 13:00:00,52.400604,-0.947133,145.598,7.126657009124756,251.55436706542966,248.60906982421864,Kelmarsh 1,2025.050048828125
2018-01-01 14:00:00,52.400604,-0.947133,145.598,6.374882221221924,258.5005187988281,256.2920227050781,Kelmarsh 1,2046.4356689453125
2018-01-01 15:00:00,52.400604,-0.947133,145.598,8.491838455200195,247.4495849609375,256.2920227050781,Kelmarsh 1,1691.2191162109375
2018-01-01 16:00:00,52.400604,-0.947133,145.598,9.722986221313477,242.7091674804687,245.31637573242188,Kelmarsh 1,1934.217529296875
2018-01-01 17:00:00,52.400604,-0.947133,145.598,10.323993682861328,256.9421081542969,252.34408569335932,Kelmarsh 1,2028.9522705078125
2018-01-01 18:00:00,52.400604,-0.947133,145.598,11.243729591369629,269.3660888671875,269.46279907226557,Kelmarsh 1,2057.093994140625
2018-01-01 19:00:00,52.400604,-0.947133,145.598,12.408077239990234,280.949951171875,274.95062255859375,Kelmarsh 1,2004.7069091796875
2018-01-01 20:00:00,52.400604,-0.947133,145.598,11.981742858886719,290.2656555175781,299.0970458984375,Kelmarsh 1,2010.3895263671875
2018-01-01 21:00:00,52.400604,-0.947133,145.598,11.942687034606934,287.2968444824219,294.65313720703125,Kelmarsh 1,2030.4429931640625
2018-01-01 22:00:00,52.400604,-0.947133,145.598,7.217835426330566,287.8454284667969,276.5411376953125,Kelmarsh 1,2033.3939208984375
2018-01-01 23:00:00,52.400604,-0.947133,145.598,10.36168098449707,274.743408203125,271.6579284667969,Kelmarsh 1,1994.4395751953125
2018-01-02 00:00:00,52.400604,-0.947133,145.598,8.953088760375977,262.0315551757812,261.77984619140625,Kelmarsh 1,1972.755126953125
2018-01-02 01:00:00,52.400604,-0.947133,145.598,8.7894926071167,266.0783386230469,261.77984619140625,Kelmarsh 1,1896.9267578125
2018-01-02 02:00:00,52.400604,-0.947133,145.598,10.813760757446289,266.2033386230469,261.77984619140625,Kelmarsh 1,1399.9423828125
2018-01-02 03:00:00,52.400604,-0.947133,145.598,9.393782615661621,262.0317687988281,261.77984619140625,Kelmarsh 1,1342.95947265625
2018-01-02 04:00:00,52.400604,-0.947133,145.598,9.8503999710083,254.02516174316406,261.77984619140625,Kelmarsh 1,1531.1612548828125
2018-01-02 05:00:00,52.400604,-0.947133,145.598,5.066487789154053,245.04461669921872,249.70663452148438,Kelmarsh 1,1823.3775634765625
2018-01-02 06:00:00,52.400604,-0.947133,145.598,7.094910144805908,232.09962463378906,235.43829345703125,Kelmarsh 1,1995.8123779296875
2018-01-02 07:00:00,52.400604,-0.947133,145.598,7.113008499145508,232.396484375,235.43829345703125,Kelmarsh 1,1815.3345947265625
2018-01-02 08:00:00,52.400604,-0.947133,145.598,6.238194942474365,207.62562561035156,223.36508178710932,Kelmarsh 1,1665.6954345703125
2018-01-02 09:00:00,52.400604,-0.947133,145.598,8.441099166870117,214.38453674316403,212.3894348144531,Kelmarsh 1,1407.13232421875
2018-01-02 10:00:00,52.400604,-0.947133,145.598,6.281501293182373,190.7124481201171,184.95031738281244,Kelmarsh 1,1633.809326171875
2018-01-02 11:00:00,52.400604,-0.947133,145.598,6.818996906280518,178.78564453125,188.24301147460938,Kelmarsh 1,1998.57177734375
2018-01-02 12:00:00,52.400604,-0.947133,145.598,7.549524307250977,166.2041778564453,160.80389404296875,Kelmarsh 1,1252.7847900390625
2018-01-02 13:00:00,52.400604,-0.947133,145.598,8.129806518554688,183.87452697753903,181.65762329101562,Kelmarsh 1,1633.13330078125
2018-01-02 14:00:00,52.400604,-0.947133,145.598,10.159024238586426,216.1678466796875,213.44345092773438,Kelmarsh 1,1738.1893310546875
2018-01-02 15:00:00,52.400604,-0.947133,145.598,12.312788963317871,244.91526794433588,239.82855224609366,Kelmarsh 1,2006.3338623046875
2018-01-02 16:00:00,52.400604,-0.947133,145.598,9.380419731140137,249.313232421875,254.6471710205078,Kelmarsh 1,1762.3258056640625
2018-01-02 17:00:00,52.400604,-0.947133,145.598,9.81954288482666,240.8230438232421,238.73098754882807,Kelmarsh 1,2033.0206298828125
2018-01-02 18:00:00,52.400604,-0.947133,145.598,10.128856658935547,219.85366821289062,226.65777587890622,Kelmarsh 1,1967.6322021484375
2018-01-02 19:00:00,52.400604,-0.947133,145.598,10.323165893554688,210.4162445068359,203.60891723632812,Kelmarsh 1,1824.9093017578125
2018-01-02 20:00:00,52.400604,-0.947133,145.598,11.753870964050293,192.0901336669922,197.02352905273438,Kelmarsh 1,1731.7591552734375
2018-01-02 21:00:00,52.400604,-0.947133,145.598,13.219630241394043,192.41191101074213,196.8911743164062,Kelmarsh 1,1607.2510986328125
2018-01-02 22:00:00,52.400604,-0.947133,145.598,8.873926162719727,209.67507934570315,209.09674072265625,Kelmarsh 1,1382.5635986328125
2018-01-02 23:00:00,52.400604,-0.947133,145.598,13.653707504272461,250.3226470947266,247.51150512695312,Kelmarsh 1,1085.31982421875
2018-01-03 00:00:00,52.400604,-0.947133,145.598,15.294448852539062,263.201904296875,260.68228149414057,Kelmarsh 1,684.556640625
2018-01-03 01:00:00,52.400604,-0.947133,145.598,15.485589981079102,266.5942687988281,270.4021301269531,Kelmarsh 1,564.9320678710938
2018-01-03 02:00:00,52.400604,-0.947133,145.598,18.31604766845703,254.7366333007812,260.7762756347656,Kelmarsh 1,587.0768432617188
2018-01-03 03:00:00,52.400604,-0.947133,145.598,15.978127479553223,253.65516662597645,251.9017639160156,Kelmarsh 1,777.1572265625
2018-01-03 04:00:00,52.400604,-0.947133,145.598,12.992979049682617,248.23741149902344,251.9017639160156,Kelmarsh 1,931.2807006835938
2018-01-03 05:00:00,52.400604,-0.947133,145.598,14.086386680603027,255.18728637695312,263.9749755859375,Kelmarsh 1,782.2210083007812
2018-01-03 06:00:00,52.400604,-0.947133,145.598,14.897128105163574,264.1254272460937,255.2493286132812,Kelmarsh 1,1027.75634765625
2018-01-03 07:00:00,52.400604,-0.947133,145.598,15.92225456237793,265.5620727539062,260.68228149414057,Kelmarsh 1,899.356689453125
2018-01-03 08:00:00,52.400604,-0.947133,145.598,15.687050819396973,262.025390625,260.68228149414057,Kelmarsh 1,860.75927734375
2018-01-03 09:00:00,52.400604,-0.947133,145.598,13.54931640625,255.1754913330078,260.68228149414057,Kelmarsh 1,722.5031127929688
2018-01-03 10:00:00,52.400604,-0.947133,145.598,12.561156272888184,267.7462463378906,260.68228149414057,Kelmarsh 1,836.5294189453125
2018-01-03 11:00:00,52.400604,-0.947133,145.598,14.243123054504395,259.6191101074219,267.2676696777344,Kelmarsh 1,720.39501953125
2018-01-03 12:00:00,52.400604,-0.947133,145.598,11.612903594970703,259.3524169921875,262.8774108886719,Kelmarsh 1,918.5729370117188
2018-01-03 13:00:00,52.400604,-0.947133,145.598,10.957106590270996,266.29653930664057,267.2676696777344,Kelmarsh 1,994.4019775390625
2018-01-03 14:00:00,52.400604,-0.947133,145.598,10.795414924621582,259.6286926269531,258.4871520996094,Kelmarsh 1,918.8189086914062
2018-01-03 15:00:00,52.400604,-0.947133,145.598,15.414680480957031,265.43484497070307,261.77984619140625,Kelmarsh 1,680.8213500976562
2018-01-03 16:00:00,52.400604,-0.947133,145.598,15.212709426879883,253.0029754638672,260.68228149414057,Kelmarsh 1,690.18115234375
2018-01-03 17:00:00,52.400604,-0.947133,145.598,13.978461265563965,251.95349121093747,260.68228149414057,Kelmarsh 1,715.7176513671875
2018-01-03 18:00:00,52.400604,-0.947133,145.598,13.384607315063477,248.73361206054685,245.31637573242188,Kelmarsh 1,704.3704833984375
2018-01-03 19:00:00,52.400604,-0.947133,145.598,13.143108367919922,249.2398681640625,245.31637573242188,Kelmarsh 1,577.6813354492188
2018-01-03 20:00:00,52.400604,-0.947133,145.598,13.049760818481445,253.49742126464838,245.31637573242188,Kelmarsh 1,571.4384765625
2018-01-03 21:00:00,52.400604,-0.947133,145.598,12.976879119873047,253.0922241210937,245.31637573242188,Kelmarsh 1,645.283203125
2018-01-03 22:00:00,52.400604,-0.947133,145.598,12.119024276733398,240.9739990234375,250.80419921875,Kelmarsh 1,624.4385986328125
2018-01-03 23:00:00,52.400604,-0.947133,145.598,10.925512313842773,251.75119018554688,256.2920227050781,Kelmarsh 1,890.513916015625
2018-01-04 00:00:00,52.400604,-0.947133,145.598,10.416335105895996,244.39460754394526,239.82855224609366,Kelmarsh 1,1016.3365478515625
2018-01-04 01:00:00,52.400604,-0.947133,145.598,8.13493824005127,242.85757446289062,239.82855224609366,Kelmarsh 1,1191.6966552734375
2018-01-04 02:00:00,52.400604,-0.947133,145.598,8.830296516418457,234.50012207031247,238.73098754882807,Kelmarsh 1,853.7342529296875
2018-01-04 03:00:00,52.400604,-0.947133,145.598,7.277070045471191,229.40644836425773,232.14559936523432,Kelmarsh 1,498.046142578125
2018-01-04 04:00:00,52.400604,-0.947133,145.598,5.336587429046631,206.43270874023435,221.16995239257812,Kelmarsh 1,880.997802734375
2018-01-04 05:00:00,52.400604,-0.947133,145.598,6.816248893737793,226.24667358398435,220.12725830078122,Kelmarsh 1,606.8720703125
2018-01-04 06:00:00,52.400604,-0.947133,145.598,6.302131175994873,199.36721801757812,217.87725830078116,Kelmarsh 1,486.693603515625
2018-01-04 07:00:00,52.400604,-0.947133,145.598,3.123241424560547,172.64122009277344,186.98109436035156,Kelmarsh 1,523.2203369140625
2018-01-04 08:00:00,52.400604,-0.947133,145.598,6.823482036590576,150.20986938476562,150.7645263671875,Kelmarsh 1,640.7775268554688
2018-01-04 09:00:00,52.400604,-0.947133,145.598,8.63535213470459,156.85862731933594,156.6481475830078,Kelmarsh 1,771.8731079101562
2018-01-04 10:00:00,52.400604,-0.947133,145.598,7.385724067687988,204.45471191406241,205.59588623046875,Kelmarsh 1,523.1190185546875
2018-01-04 11:00:00,52.400604,-0.947133,145.598,8.32759952545166,219.36758422851562,220.0723876953125,Kelmarsh 1,483.5585632324219
2018-01-04 12:00:00,52.400604,-0.947133,145.598,12.937394142150879,240.1373748779297,233.24316406250003,Kelmarsh 1,665.8344116210938
2018-01-04 13:00:00,52.400604,-0.947133,145.598,14.71658706665039,241.892120361328,239.82855224609366,Kelmarsh 1,713.7857666015625
2018-01-04 14:00:00,52.400604,-0.947133,145.598,13.369942665100098,241.2073974609375,248.60906982421864,Kelmarsh 1,1142.5684814453125
2018-01-04 15:00:00,52.400604,-0.947133,145.598,19.425262451171875,258.4429626464843,260.68228149414057,Kelmarsh 1,968.9054565429688
2018-01-04 16:00:00,52.400604,-0.947133,145.598,16.197927474975586,271.03607177734375,269.46279907226557,Kelmarsh 1,767.6704711914062
2018-01-04 17:00:00,52.400604,-0.947133,145.598,13.641292572021484,266.0486755371093,269.46279907226557,Kelmarsh 1,1184.1846923828125
2018-01-04 18:00:00,52.400604,-0.947133,145.598,14.14111328125,267.24993896484364,252.99932861328125,Kelmarsh 1,1573.63427734375
2018-01-04 19:00:00,52.400604,-0.947133,145.598,12.626781463623047,252.20852661132807,249.70663452148438,Kelmarsh 1,1398.551513671875
2018-01-04 20:00:00,52.400604,-0.947133,145.598,13.259289741516113,252.02491760253906,249.70663452148438,Kelmarsh 1,1202.539794921875
2018-01-04 21:00:00,52.400604,-0.947133,145.598,11.23658561706543,235.7909698486328,237.63342285156247,Kelmarsh 1,1135.7264404296875
2018-01-04 22:00:00,52.400604,-0.947133,145.598,7.1319403648376465,249.2669525146484,249.70663452148438,Kelmarsh 1,1443.5128173828125
2018-01-04 23:00:00,52.400604,-0.947133,145.598,7.795359134674072,236.69036865234366,234.78060913085926,Kelmarsh 1,1673.8392333984375
2018-01-05 00:00:00,52.400604,-0.947133,145.598,7.845450401306152,248.56275939941406,252.99932861328125,Kelmarsh 1,1936.6654052734375
2018-01-05 01:00:00,52.400604,-0.947133,145.598,7.592386722564697,242.55780029296875,238.8567657470703,Kelmarsh 1,1851.36669921875
2018-01-05 02:00:00,52.400604,-0.947133,145.598,6.771908760070801,241.0224151611328,237.63342285156247,Kelmarsh 1,1479.9195556640625
2018-01-05 03:00:00,52.400604,-0.947133,145.598,6.675830364227295,225.05606079101562,225.4279632568359,Kelmarsh 1,1832.786865234375
2018-01-05 04:00:00,52.400604,-0.947133,145.598,4.544433116912842,229.66122436523435,245.6923370361328,Kelmarsh 1,1802.87548828125
2018-01-05 05:00:00,52.400604,-0.947133,145.598,3.920011520385742,205.58703613281247,217.87725830078116,Kelmarsh 1,1848.0694580078125
2018-01-05 06:00:00,52.400604,-0.947133,145.598,5.22695255279541,201.3649291992187,188.24301147460938,Kelmarsh 1,1995.712646484375
2018-01-05 07:00:00,52.400604,-0.947133,145.598,5.859095096588135,191.29202270507812,190.43814086914062,Kelmarsh 1,1954.7532958984375
2018-01-05 08:00:00,52.400604,-0.947133,145.598,5.307128429412842,203.2393951416015,199.21865844726562,Kelmarsh 1,1947.2548828125
2018-01-05 09:00:00,52.400604,-0.947133,145.598,4.781600475311279,188.96163940429682,199.21865844726562,Kelmarsh 1,1848.0311279296875
2018-01-05 10:00:00,52.400604,-0.947133,145.598,7.203278064727783,200.3105010986328,188.9044494628905,Kelmarsh 1,2015.1632080078125
2018-01-05 11:00:00,52.400604,-0.947133,145.598,8.98740291595459,203.00546264648435,200.31622314453116,Kelmarsh 1,2025.5216064453125
2018-01-05 12:00:00,52.400604,-0.947133,145.598,8.63093090057373,207.98745727539057,202.5113525390625,Kelmarsh 1,1984.0576171875
2018-01-05 13:00:00,52.400604,-0.947133,145.598,12.110774040222168,244.0711975097656,239.82855224609366,Kelmarsh 1,1987.4998779296875
2018-01-05 14:00:00,52.400604,-0.947133,145.598,12.641322135925293,273.7516784667969,271.6579284667969,Kelmarsh 1,2025.246337890625
2018-01-05 15:00:00,52.400604,-0.947133,145.598,8.50516128540039,272.14227294921875,271.6579284667969,Kelmarsh 1,2005.6566162109375
2018-01-05 16:00:00,52.400604,-0.947133,145.598,6.642357349395752,279.760009765625,271.6579284667969,Kelmarsh 1,2000.4658203125
2018-01-05 17:00:00,52.400604,-0.947133,145.598,6.350372314453125,272.19476318359375,271.6579284667969,Kelmarsh 1,2005.427734375
2018-01-05 18:00:00,52.400604,-0.947133,145.598,7.2913055419921875,273.19873046875,271.6579284667969,Kelmarsh 1,1960.528564453125
2018-01-05 19:00:00,52.400604,-0.947133,145.598,6.189650535583496,269.6640930175781,271.6579284667969,Kelmarsh 1,1959.19384765625
2018-01-05 20:00:00,52.400604,-0.947133,145.598,5.615549564361572,279.6519470214844,293.6092224121093,Kelmarsh 1,1957.38037109375
2018-01-05 21:00:00,52.400604,-0.947133,145.598,4.619551181793213,283.3523254394531,271.6579284667969,Kelmarsh 1,1546.406982421875
2018-01-05 22:00:00,52.400604,-0.947133,145.598,5.278626918792725,293.9305419921875,285.92626953125,Kelmarsh 1,1969.0257568359375
2018-01-05 23:00:00,52.400604,-0.947133,145.598,5.034536361694336,302.3031005859374,305.68243408203125,Kelmarsh 1,2042.5386962890625
2018-01-06 00:00:00,52.400604,-0.947133,145.598,3.1333510875701904,345.83398437499994,322.232666015625,Kelmarsh 1,1923.4844970703125
2018-01-06 01:00:00,52.400604,-0.947133,145.598,4.278157711029053,344.15759277343744,353.97528076171875,Kelmarsh 1,1839.4971923828125
2018-01-06 02:00:00,52.400604,-0.947133,145.598,2.334296703338623,342.0230407714844,353.97528076171875,Kelmarsh 1,2055.820556640625
2018-01-06 03:00:00,52.400604,-0.947133,145.598,2.881537914276123,5.781596660614014,7.146029472351074,Kelmarsh 1,2043.3245849609375
2018-01-06 04:00:00,52.400604,-0.947133,145.598,2.890312433242798,45.90061950683594,26.902116775512695,Kelmarsh 1,2045.9688720703125
2018-01-06 05:00:00,52.400604,-0.947133,145.598,2.8454625606536865,36.00700759887695,55.438697814941406,Kelmarsh 1,2041.5970458984375
2018-01-06 06:00:00,52.400604,-0.947133,145.598,4.194092273712158,22.001686096191406,9.341147422790527,Kelmarsh 1,2013.980224609375
2018-01-06 07:00:00,52.400604,-0.947133,145.598,2.157489061355591,39.836097717285156,54.34113693237305,Kelmarsh 1,1971.19775390625
2018-01-06 08:00:00,52.400604,-0.947133,145.598,2.374150514602661,38.10073471069336,18.121627807617188,Kelmarsh 1,1979.6409912109375
2018-01-06 09:00:00,52.400604,-0.947133,145.598,4.8882927894592285,24.469648361206055,25.767196655273438,Kelmarsh 1,1890.49609375
2018-01-06 10:00:00,52.400604,-0.947133,145.598,2.4359450340270996,34.12279510498047,46.65821075439453,Kelmarsh 1,1699.95947265625
2018-01-06 11:00:00,52.400604,-0.947133,145.598,5.399615287780762,43.11079406738281,24.706993103027344,Kelmarsh 1,937.0940551757812
2018-01-06 12:00:00,52.400604,-0.947133,145.598,7.600682258605957,41.250038146972656,44.46308898925781,Kelmarsh 1,922.3018798828125
2018-01-06 13:00:00,52.400604,-0.947133,145.598,6.633464813232422,38.872802734375,44.46308898925781,Kelmarsh 1,1146.3426513671875
2018-01-06 14:00:00,52.400604,-0.947133,145.598,6.2827911376953125,36.27839279174805,44.46308898925781,Kelmarsh 1,1765.492431640625
2018-01-06 15:00:00,52.400604,-0.947133,145.598,5.61135721206665,37.11452102661133,43.36552810668945,Kelmarsh 1,1803.2799072265625
2018-01-06 16:00:00,52.400604,-0.947133,145.598,9.985840797424316,46.45924758911133,43.36552810668945,Kelmarsh 1,1814.7535400390625
2018-01-06 17:00:00,52.400604,-0.947133,145.598,8.500237464904785,39.40285110473633,43.36552810668945,Kelmarsh 1,1944.31298828125
2018-01-06 18:00:00,52.400604,-0.947133,145.598,4.289295673370361,45.937042236328125,43.36552810668945,Kelmarsh 1,1705.330078125
2018-01-06 19:00:00,52.400604,-0.947133,145.598,5.52374267578125,23.286470413208008,29.9085636138916,Kelmarsh 1,1587.1806640625
2018-01-06 20:00:00,52.400604,-0.947133,145.598,5.606420040130615,26.833959579467773,29.09723663330078,Kelmarsh 1,1571.7071533203125
2018-01-06 21:00:00,52.400604,-0.947133,145.598,4.880125045776367,40.623435974121094,29.09723663330078,Kelmarsh 1,1664.7249755859375
2018-01-06 22:00:00,52.400604,-0.947133,145.598,6.098437786102295,39.84756851196289,44.46308898925781,Kelmarsh 1,1255.9071044921875
2018-01-06 23:00:00,52.400604,-0.947133,145.598,4.943850517272949,41.11903381347656,44.46308898925781,Kelmarsh 1,1338.0404052734375
2018-01-07 00:00:00,52.400604,-0.947133,145.598,4.5826945304870605,39.87841033935547,44.46308898925781,Kelmarsh 1,1290.5247802734375
2018-01-07 01:00:00,52.400604,-0.947133,145.598,7.865086555480957,36.7790412902832,44.46308898925781,Kelmarsh 1,1301.6175537109375
2018-01-07 02:00:00,52.400604,-0.947133,145.598,6.512975692749023,42.2097053527832,31.957807540893555,Kelmarsh 1,1514.8836669921875
2018-01-07 03:00:00,52.400604,-0.947133,145.598,5.94273567199707,37.241146087646484,36.7801628112793,Kelmarsh 1,1198.8221435546875
2018-01-07 04:00:00,52.400604,-0.947133,145.598,6.382110118865967,27.109272003173828,36.7801628112793,Kelmarsh 1,1277.77490234375
2018-01-07 05:00:00,52.400604,-0.947133,145.598,5.395661354064941,40.568946838378906,31.292356491088867,Kelmarsh 1,1211.36279296875
2018-01-07 06:00:00,52.400604,-0.947133,145.598,9.145843505859375,39.31017303466797,31.292356491088867,Kelmarsh 1,1288.3245849609375
2018-01-07 07:00:00,52.400604,-0.947133,145.598,9.222320556640625,40.720550537109375,44.46308898925781,Kelmarsh 1,1346.360107421875
2018-01-07 08:00:00,52.400604,-0.947133,145.598,9.102574348449707,40.985660552978516,44.46308898925781,Kelmarsh 1,1533.4095458984375
2018-01-07 09:00:00,52.400604,-0.947133,145.598,7.24270486831665,45.79808044433594,44.46308898925781,Kelmarsh 1,1655.88427734375
2018-01-07 10:00:00,52.400604,-0.947133,145.598,7.728299617767334,61.484764099121094,64.21918487548828,Kelmarsh 1,1795.2197265625
2018-01-07 11:00:00,52.400604,-0.947133,145.598,8.83878231048584,59.54075622558594,60.432289123535156,Kelmarsh 1,1998.01318359375
2018-01-07 12:00:00,52.400604,-0.947133,145.598,10.283279418945312,57.433013916015625,59.82894515991211,Kelmarsh 1,2040.0748291015625
2018-01-07 13:00:00,52.400604,-0.947133,145.598,9.286677360534668,55.45796585083008,55.63678741455078,Kelmarsh 1,2042.7344970703125
2018-01-07 14:00:00,52.400604,-0.947133,145.598,9.495858192443848,55.72490692138672,51.04845428466797,Kelmarsh 1,1905.5528564453125
2018-01-07 15:00:00,52.400604,-0.947133,145.598,9.174522399902344,51.10505676269531,51.04845428466797,Kelmarsh 1,1828.3382568359375
2018-01-07 16:00:00,52.400604,-0.947133,145.598,8.433303833007812,53.17063522338867,51.597938537597656,Kelmarsh 1,1577.9888916015625
2018-01-07 17:00:00,52.400604,-0.947133,145.598,7.30771017074585,54.19927215576172,51.04845428466797,Kelmarsh 1,1608.000244140625
2018-01-07 18:00:00,52.400604,-0.947133,145.598,8.459736824035645,61.7650032043457,53.58053970336914,Kelmarsh 1,1861.2919921875
2018-01-07 19:00:00,52.400604,-0.947133,145.598,9.683487892150879,55.52438735961914,59.28647232055664,Kelmarsh 1,1970.693603515625
2018-01-07 20:00:00,52.400604,-0.947133,145.598,9.526337623596191,54.42280578613281,51.04845428466797,Kelmarsh 1,2043.2403564453125
2018-01-07 21:00:00,52.400604,-0.947133,145.598,9.765979766845703,54.81940841674805,59.82894515991211,Kelmarsh 1,2035.5440673828125
2018-01-07 22:00:00,52.400604,-0.947133,145.598,7.722489833831787,56.89379119873047,59.82894515991211,Kelmarsh 1,1867.7210693359375
2018-01-07 23:00:00,52.400604,-0.947133,145.598,8.48709774017334,58.972434997558594,53.24357604980469,Kelmarsh 1,1658.1646728515625
2018-01-08 00:00:00,52.400604,-0.947133,145.598,7.666839122772217,57.43941116333008,58.731380462646484,Kelmarsh 1,1449.9141845703125
2018-01-08 01:00:00,52.400604,-0.947133,145.598,8.65566349029541,54.083099365234375,58.731380462646484,Kelmarsh 1,1493.0023193359375
2018-01-08 02:00:00,52.400604,-0.947133,145.598,7.180594444274902,61.386077880859375,58.731380462646484,Kelmarsh 1,1081.770751953125
2018-01-08 03:00:00,52.400604,-0.947133,145.598,7.335813999176025,61.391963958740234,59.390228271484375,Kelmarsh 1,790.464111328125
2018-01-08 04:00:00,52.400604,-0.947133,145.598,6.433175563812256,70.52067565917969,75.19475555419922,Kelmarsh 1,519.6248779296875
2018-01-08 05:00:00,52.400604,-0.947133,145.598,7.799709796905518,54.62592315673828,60.9265022277832,Kelmarsh 1,293.963623046875
2018-01-08 06:00:00,52.400604,-0.947133,145.598,8.51696491241455,54.67804718017578,60.9265022277832,Kelmarsh 1,330.45257568359375
2018-01-08 07:00:00,52.400604,-0.947133,145.598,5.2208027839660645,63.987144470214844,60.9265022277832,Kelmarsh 1,315.18389892578125
2018-01-08 08:00:00,52.400604,-0.947133,145.598,6.130940914154053,71.96440124511719,69.70697021484375,Kelmarsh 1,671.9385375976562
2018-01-08 09:00:00,52.400604,-0.947133,145.598,6.8039984703063965,81.08380889892578,70.52535247802734,Kelmarsh 1,848.5936279296875
2018-01-08 10:00:00,52.400604,-0.947133,145.598,6.824138641357422,79.51725006103516,82.87765502929688,Kelmarsh 1,858.58837890625
2018-01-08 11:00:00,52.400604,-0.947133,145.598,4.748108863830566,70.4788589477539,82.87765502929688,Kelmarsh 1,755.1895141601562
2018-01-08 12:00:00,52.400604,-0.947133,145.598,4.240146160125732,65.07725524902344,82.87765502929688,Kelmarsh 1,1165.5301513671875
2018-01-08 13:00:00,52.400604,-0.947133,145.598,3.5815112590789795,67.51374816894531,69.70697021484375,Kelmarsh 1,1662.4814453125
2018-01-08 14:00:00,52.400604,-0.947133,145.598,3.6862223148345947,68.2984619140625,69.70697021484375,Kelmarsh 1,1372.3128662109375
2018-01-08 15:00:00,52.400604,-0.947133,145.598,4.24612283706665,79.7079849243164,69.70697021484375,Kelmarsh 1,1388.0850830078125
2018-01-08 16:00:00,52.400604,-0.947133,145.598,4.514945030212402,74.71240234375,69.70697021484375,Kelmarsh 1,950.6329956054688
2018-01-08 17:00:00,52.400604,-0.947133,145.598,5.318404197692871,81.13330841064453,69.70697021484375,Kelmarsh 1,740.2052001953125
2018-01-08 18:00:00,52.400604,-0.947133,145.598,5.279850006103516,80.90313720703125,69.70697021484375,Kelmarsh 1,966.6945190429688
2018-01-08 19:00:00,52.400604,-0.947133,145.598,5.80264139175415,86.78685760498047,69.70697021484375,Kelmarsh 1,762.2294921875
2018-01-08 20:00:00,52.400604,-0.947133,145.598,4.705804824829102,86.1755599975586,69.70697021484375,Kelmarsh 1,641.888916015625
2018-01-08 21:00:00,52.400604,-0.947133,145.598,6.2529520988464355,96.83261108398438,97.1458969116211,Kelmarsh 1,376.53173828125
2018-01-08 22:00:00,52.400604,-0.947133,145.598,5.655196666717529,103.26211547851562,97.1458969116211,Kelmarsh 1,288.68170166015625
2018-01-08 23:00:00,52.400604,-0.947133,145.598,6.019937038421631,98.3845443725586,97.1458969116211,Kelmarsh 1,470.1065673828125
2018-01-09 00:00:00,52.400604,-0.947133,145.598,4.47772741317749,117.3038330078125,97.1458969116211,Kelmarsh 1,809.5853881835938
2018-01-09 01:00:00,52.400604,-0.947133,145.598,4.193331241607666,112.9775161743164,116.90192413330078,Kelmarsh 1,1108.86572265625
2018-01-09 02:00:00,52.400604,-0.947133,145.598,4.6699419021606445,102.20438385009766,116.90192413330078,Kelmarsh 1,1265.3665771484375
2018-01-09 03:00:00,52.400604,-0.947133,145.598,5.405926704406738,105.87409210205078,116.90192413330078,Kelmarsh 1,1290.0819091796875
2018-01-09 04:00:00,52.400604,-0.947133,145.598,3.5931315422058105,103.99891662597656,116.90192413330078,Kelmarsh 1,1541.2274169921875
2018-01-09 05:00:00,52.400604,-0.947133,145.598,4.709647178649902,110.85275268554688,116.90192413330078,Kelmarsh 1,1122.3662109375
2018-01-09 06:00:00,52.400604,-0.947133,145.598,4.02261209487915,119.21558380126953,116.90192413330078,Kelmarsh 1,753.5686645507812
2018-01-09 07:00:00,52.400604,-0.947133,145.598,5.585648536682129,132.5413818359375,136.6580047607422,Kelmarsh 1,844.3654174804688
2018-01-09 08:00:00,52.400604,-0.947133,145.598,3.697007179260254,121.0731430053711,136.6580047607422,Kelmarsh 1,704.2360229492188
2018-01-09 09:00:00,52.400604,-0.947133,145.598,3.6909186840057373,131.4342803955078,136.6580047607422,Kelmarsh 1,596.8362426757812
2018-01-09 10:00:00,52.400604,-0.947133,145.598,3.7550413608551025,134.96286010742188,136.6580047607422,Kelmarsh 1,541.7579956054688
2018-01-09 11:00:00,52.400604,-0.947133,145.598,3.9004974365234375,150.87669372558594,136.6580047607422,Kelmarsh 1,604.0955200195312
2018-01-09 12:00:00,52.400604,-0.947133,145.598,4.167473793029785,153.31210327148438,154.2190399169922,Kelmarsh 1,541.3754272460938
2018-01-09 13:00:00,52.400604,-0.947133,145.598,4.4442219734191895,218.94467163085932,218.97535705566403,Kelmarsh 1,769.8243408203125
2018-01-09 14:00:00,52.400604,-0.947133,145.598,2.558234930038452,149.7366180419922,149.8287811279297,Kelmarsh 1,865.2014770507812
2018-01-09 15:00:00,52.400604,-0.947133,145.598,3.5698912143707275,143.9036102294922,149.8287811279297,Kelmarsh 1,920.133544921875
2018-01-09 16:00:00,52.400604,-0.947133,145.598,4.340903282165527,144.2113494873047,149.8287811279297,Kelmarsh 1,828.2062377929688
2018-01-09 17:00:00,52.400604,-0.947133,145.598,4.53634786605835,135.67813110351562,149.8287811279297,Kelmarsh 1,666.1731567382812
2018-01-09 18:00:00,52.400604,-0.947133,145.598,4.467480659484863,138.9676513671875,149.8287811279297,Kelmarsh 1,552.0402221679688
2018-01-09 19:00:00,52.400604,-0.947133,145.598,4.6623687744140625,134.22552490234375,149.8287811279297,Kelmarsh 1,728.9321899414062
2018-01-09 20:00:00,52.400604,-0.947133,145.598,5.288853168487549,146.42648315429688,149.8287811279297,Kelmarsh 1,904.81689453125
2018-01-09 21:00:00,52.400604,-0.947133,145.598,5.386937141418457,158.01644897460938,149.8287811279297,Kelmarsh 1,949.9847412109375
2018-01-09 22:00:00,52.400604,-0.947133,145.598,6.10383939743042,142.29849243164062,149.8287811279297,Kelmarsh 1,745.8206787109375
2018-01-09 23:00:00,52.400604,-0.947133,145.598,6.47882080078125,142.6068878173828,149.8287811279297,Kelmarsh 1,801.6251220703125
2018-01-10 00:00:00,52.400604,-0.947133,145.598,7.052562236785889,144.08055114746094,149.8287811279297,Kelmarsh 1,1143.783935546875
2018-01-10 01:00:00,52.400604,-0.947133,145.598,6.007579326629639,142.22430419921875,133.3653106689453,Kelmarsh 1,1191.6925048828125
2018-01-10 02:00:00,52.400604,-0.947133,145.598,5.408222198486328,147.50437927246094,150.9263458251953,Kelmarsh 1,1022.6632690429688
2018-01-10 03:00:00,52.400604,-0.947133,145.598,4.964376449584961,141.96539306640625,150.9263458251953,Kelmarsh 1,907.732666015625
2018-01-10 04:00:00,52.400604,-0.947133,145.598,5.874778747558594,139.7161407470703,135.9637451171875,Kelmarsh 1,855.6560668945312
2018-01-10 05:00:00,52.400604,-0.947133,145.598,4.804384708404541,153.0625762939453,156.41416931152344,Kelmarsh 1,1089.392822265625
2018-01-10 06:00:00,52.400604,-0.947133,145.598,4.520022869110107,243.86172485351562,225.24299621582028,Kelmarsh 1,664.1036376953125
2018-01-10 07:00:00,52.400604,-0.947133,145.598,4.395668029785156,278.01373291015625,260.140869140625,Kelmarsh 1,1096.8388671875
2018-01-10 08:00:00,52.400604,-0.947133,145.598,6.6123480796813965,270.6447448730469,278.24383544921875,Kelmarsh 1,1473.841552734375
2018-01-10 09:00:00,52.400604,-0.947133,145.598,6.179076194763184,269.3974304199219,262.8779296875,Kelmarsh 1,1298.3160400390625
2018-01-10 10:00:00,52.400604,-0.947133,145.598,5.862865447998047,275.0774230957031,262.8779296875,Kelmarsh 1,1151.8599853515625
2018-01-10 11:00:00,52.400604,-0.947133,145.598,4.820980548858643,282.4219665527344,262.8779296875,Kelmarsh 1,1837.94091796875
2018-01-10 12:00:00,52.400604,-0.947133,145.598,4.442538738250732,280.4281921386719,262.8779296875,Kelmarsh 1,1682.2216796875
2018-01-10 13:00:00,52.400604,-0.947133,145.598,3.6173126697540283,292.1439208984375,274.9511413574219,Kelmarsh 1,1717.5447998046875
2018-01-10 14:00:00,52.400604,-0.947133,145.598,3.8580684661865234,278.9774169921874,265.07305908203125,Kelmarsh 1,1832.95068359375
2018-01-10 15:00:00,52.400604,-0.947133,145.598,4.433582305908203,264.1603698730469,265.07305908203125,Kelmarsh 1,1992.7802734375
2018-01-10 16:00:00,52.400604,-0.947133,145.598,5.251038074493408,270.14385986328125,265.07305908203125,Kelmarsh 1,1755.665771484375
2018-01-10 17:00:00,52.400604,-0.947133,145.598,4.144421100616455,279.88226318359375,265.07305908203125,Kelmarsh 1,2047.8052978515625
2018-01-10 18:00:00,52.400604,-0.947133,145.598,2.765110731124878,312.1990966796875,289.219482421875,Kelmarsh 1,2040.5640869140625
2018-01-10 19:00:00,52.400604,-0.947133,145.598,4.106823444366455,304.7886962890625,311.1707763671875,Kelmarsh 1,2021.2928466796875
2018-01-10 20:00:00,52.400604,-0.947133,145.598,4.01077938079834,315.4248352050781,311.1707763671875,Kelmarsh 1,1857.2078857421875
2018-01-10 21:00:00,52.400604,-0.947133,145.598,4.766138553619385,305.0872497558594,307.9012756347656,Kelmarsh 1,2000.3265380859375
2018-01-10 22:00:00,52.400604,-0.947133,145.598,4.001461029052734,339.06976318359375,326.18798828125,Kelmarsh 1,1627.2265625
2018-01-10 23:00:00,52.400604,-0.947133,145.598,4.1884307861328125,3.699345111846924,4.951427936553955,Kelmarsh 1,1527.1260986328125
2018-01-11 00:00:00,52.400604,-0.947133,145.598,6.499433517456055,350.46929931640625,350.68310546875006,Kelmarsh 1,1804.0406494140625
2018-01-11 01:00:00,52.400604,-0.947133,145.598,5.816142559051514,342.0828552246093,350.68310546875006,Kelmarsh 1,1868.7139892578125
2018-01-11 02:00:00,52.400604,-0.947133,145.598,5.251320838928223,337.6487731933594,350.68310546875006,Kelmarsh 1,1672.5513916015625
2018-01-11 03:00:00,52.400604,-0.947133,145.598,4.09160041809082,338.2688293457031,350.68310546875006,Kelmarsh 1,1766.1982421875
2018-01-11 04:00:00,52.400604,-0.947133,145.598,4.353153705596924,337.48699951171864,350.68310546875006,Kelmarsh 1,1780.2376708984375
2018-01-11 05:00:00,52.400604,-0.947133,145.598,4.257333755493164,340.7015686035156,350.68310546875006,Kelmarsh 1,1789.888671875
2018-01-11 06:00:00,52.400604,-0.947133,145.598,5.863248348236084,343.4232482910155,350.68310546875006,Kelmarsh 1,1913.900634765625
2018-01-11 07:00:00,52.400604,-0.947133,145.598,5.772892951965332,340.9707336425781,350.68310546875006,Kelmarsh 1,1567.5513916015625
2018-01-11 08:00:00,52.400604,-0.947133,145.598,4.196268081665039,347.0461120605468,350.68310546875006,Kelmarsh 1,1648.39990234375
2018-01-11 09:00:00,52.400604,-0.947133,145.598,3.830643653869629,341.14703369140625,350.68310546875006,Kelmarsh 1,1695.84814453125
2018-01-11 10:00:00,52.400604,-0.947133,145.598,3.93485164642334,341.9403991699219,325.4391174316406,Kelmarsh 1,1404.003173828125
2018-01-11 11:00:00,52.400604,-0.947133,145.598,2.8932347297668457,329.4066162109374,345.1952819824219,Kelmarsh 1,1704.3021240234375
2018-01-11 12:00:00,52.400604,-0.947133,145.598,5.112516403198242,341.04718017578114,328.73181152343756,Kelmarsh 1,1693.8756103515625
2018-01-11 13:00:00,52.400604,-0.947133,145.598,5.031030178070068,336.79794311523426,358.36605834960926,Kelmarsh 1,1562.7352294921875
2018-01-11 14:00:00,52.400604,-0.947133,145.598,3.2631051540374756,349.26556396484375,358.36605834960926,Kelmarsh 1,1451.77783203125
2018-01-11 15:00:00,52.400604,-0.947133,145.598,4.5003767013549805,311.1608276367187,358.36605834960926,Kelmarsh 1,1082.0460205078125
2018-01-11 16:00:00,52.400604,-0.947133,145.598,1.6868470907211304,333.0296325683594,315.56103515624994,Kelmarsh 1,1020.4490966796875
2018-01-11 17:00:00,52.400604,-0.947133,145.598,2.3356685638427734,328.6503601074219,326.53668212890625,Kelmarsh 1,1789.3653564453125
2018-01-11 18:00:00,52.400604,-0.947133,145.598,5.247220039367676,336.4991455078125,343.0001525878906,Kelmarsh 1,1968.756591796875
2018-01-11 19:00:00,52.400604,-0.947133,145.598,4.456108570098877,357.22918701171864,352.660888671875,Kelmarsh 1,2018.228759765625
2018-01-11 20:00:00,52.400604,-0.947133,145.598,3.473294258117676,328.57250976562494,304.58538818359375,Kelmarsh 1,2019.443603515625
2018-01-11 21:00:00,52.400604,-0.947133,145.598,3.532757043838501,338.49591064453125,336.41476440429676,Kelmarsh 1,1944.298095703125
2018-01-11 22:00:00,52.400604,-0.947133,145.598,3.881659507751465,341.8910217285156,336.41476440429676,Kelmarsh 1,2011.0560302734375
2018-01-11 23:00:00,52.400604,-0.947133,145.598,4.508172512054443,350.36492919921875,336.41476440429676,Kelmarsh 1,2033.4520263671875
2018-01-12 00:00:00,52.400604,-0.947133,145.598,2.6163625717163086,15.447750091552734,19.219709396362305,Kelmarsh 1,2008.0416259765625
2018-01-12 01:00:00,52.400604,-0.947133,145.598,3.133702516555786,44.384010314941406,30.19532012939453,Kelmarsh 1,1995.9420166015625
2018-01-12 02:00:00,52.400604,-0.947133,145.598,2.1996517181396484,42.546051025390625,41.17092514038086,Kelmarsh 1,2003.8062744140625
2018-01-12 03:00:00,52.400604,-0.947133,145.598,1.9801968336105347,9.844169616699219,41.17092514038086,Kelmarsh 1,2036.903564453125
2018-01-12 04:00:00,52.400604,-0.947133,145.598,1.8440287113189697,10.467872619628906,41.17092514038086,Kelmarsh 1,2017.96630859375
2018-01-12 05:00:00,52.400604,-0.947133,145.598,0.9191691875457764,46.16752624511719,41.17092514038086,Kelmarsh 1,2067.0556640625
2018-01-12 06:00:00,52.400604,-0.947133,145.598,1.67162024974823,91.01590728759766,89.46351623535156,Kelmarsh 1,2053.910400390625
2018-01-12 07:00:00,52.400604,-0.947133,145.598,1.8339208364486694,107.3399658203125,89.46351623535156,Kelmarsh 1,1964.5419921875
2018-01-12 08:00:00,52.400604,-0.947133,145.598,2.730651378631592,122.2859878540039,116.9024429321289,Kelmarsh 1,1965.7611083984375
2018-01-12 09:00:00,52.400604,-0.947133,145.598,2.8561222553253174,122.26669311523438,112.51221466064453,Kelmarsh 1,1862.6424560546875
2018-01-12 10:00:00,52.400604,-0.947133,145.598,3.3149962425231934,160.8391571044922,170.6830291748047,Kelmarsh 1,1951.3140869140625
2018-01-12 11:00:00,52.400604,-0.947133,145.598,2.5812630653381348,150.27951049804688,166.716796875,Kelmarsh 1,1379.5966796875
2018-01-12 12:00:00,52.400604,-0.947133,145.598,3.028193473815918,159.2428741455078,159.70738220214844,Kelmarsh 1,1724.982177734375
2018-01-12 13:00:00,52.400604,-0.947133,145.598,2.74102783203125,149.83981323242188,143.24391174316406,Kelmarsh 1,1586.7080078125
2018-01-12 14:00:00,52.400604,-0.947133,145.598,4.055298328399658,148.48541259765625,143.24391174316406,Kelmarsh 1,1851.44091796875
2018-01-12 15:00:00,52.400604,-0.947133,145.598,4.6090006828308105,155.42604064941406,143.24391174316406,Kelmarsh 1,2036.621826171875
2018-01-12 16:00:00,52.400604,-0.947133,145.598,4.390720844268799,134.86053466796875,143.24391174316406,Kelmarsh 1,2026.4462890625
2018-01-12 17:00:00,52.400604,-0.947133,145.598,5.220440864562988,144.43589782714844,143.24391174316406,Kelmarsh 1,2050.323486328125
2018-01-12 18:00:00,52.400604,-0.947133,145.598,6.0355963706970215,128.93148803710938,143.24391174316406,Kelmarsh 1,2054.77099609375
2018-01-12 19:00:00,52.400604,-0.947133,145.598,6.02688455581665,129.62210083007812,143.24391174316406,Kelmarsh 1,2025.99169921875
2018-01-12 20:00:00,52.400604,-0.947133,145.598,5.538017749786377,132.10472106933594,143.24391174316406,Kelmarsh 1,2046.103759765625
2018-01-12 21:00:00,52.400604,-0.947133,145.598,5.541023254394531,149.201904296875,143.24391174316406,Kelmarsh 1,2044.611572265625
2018-01-12 22:00:00,52.400604,-0.947133,145.598,4.82321310043335,148.10704040527344,143.24391174316406,Kelmarsh 1,2053.697998046875
2018-01-12 23:00:00,52.400604,-0.947133,145.598,6.715357303619385,162.6380615234375,166.2927703857422,Kelmarsh 1,2060.542724609375
2018-01-13 00:00:00,52.400604,-0.947133,145.598,6.1674909591674805,166.232666015625,166.2927703857422,Kelmarsh 1,2053.275634765625
2018-01-13 01:00:00,52.400604,-0.947133,145.598,7.697628021240234,171.22494506835938,166.2927703857422,Kelmarsh 1,2035.5408935546875
2018-01-13 02:00:00,52.400604,-0.947133,145.598,7.56087589263916,153.98606872558594,158.6098175048828,Kelmarsh 1,2051.101318359375
2018-01-13 03:00:00,52.400604,-0.947133,145.598,6.548791885375977,141.96849060058594,144.3414764404297,Kelmarsh 1,2063.89453125
2018-01-13 04:00:00,52.400604,-0.947133,145.598,7.8633599281311035,131.7981719970703,135.5609588623047,Kelmarsh 1,2048.4326171875
2018-01-13 05:00:00,52.400604,-0.947133,145.598,8.749849319458008,128.3926239013672,135.5609588623047,Kelmarsh 1,2055.181396484375
2018-01-13 06:00:00,52.400604,-0.947133,145.598,8.30920696258545,125.91954803466797,135.5609588623047,Kelmarsh 1,1529.61767578125
2018-01-13 07:00:00,52.400604,-0.947133,145.598,7.63189697265625,135.9093475341797,135.5609588623047,Kelmarsh 1,1958.9329833984375
2018-01-13 08:00:00,52.400604,-0.947133,145.598,7.257415294647217,140.8020477294922,135.5609588623047,Kelmarsh 1,2039.3721923828125
2018-01-13 09:00:00,52.400604,-0.947133,145.598,7.385367393493652,137.5784912109375,135.5609588623047,Kelmarsh 1,2043.224853515625
2018-01-13 10:00:00,52.400604,-0.947133,145.598,8.796351432800293,131.90725708007812,135.5609588623047,Kelmarsh 1,1942.078125
2018-01-13 11:00:00,52.400604,-0.947133,145.598,8.99206829071045,132.61044311523438,135.5609588623047,Kelmarsh 1,2033.145263671875
2018-01-13 12:00:00,52.400604,-0.947133,145.598,8.668453216552734,134.62721252441406,135.5609588623047,Kelmarsh 1,2062.80126953125
2018-01-13 13:00:00,52.400604,-0.947133,145.598,7.834253787994385,127.44515228271484,135.5609588623047,Kelmarsh 1,860.5541381835938
2018-01-13 14:00:00,52.400604,-0.947133,145.598,6.4594407081604,141.29078674316406,135.5609588623047,Kelmarsh 1,-3.0601561069488525
2018-01-13 15:00:00,52.400604,-0.947133,145.598,8.03205394744873,139.3495635986328,135.5609588623047,Kelmarsh 1,-3.7446365356445312
2018-01-13 16:00:00,52.400604,-0.947133,145.598,8.798858642578125,130.396728515625,135.5609588623047,Kelmarsh 1,836.89208984375
2018-01-13 17:00:00,52.400604,-0.947133,145.598,9.037187576293945,132.67367553710938,121.29267120361328,Kelmarsh 1,2058.568603515625
2018-01-13 18:00:00,52.400604,-0.947133,145.598,8.964469909667969,126.2333755493164,131.1707000732422,Kelmarsh 1,2071.802978515625
2018-01-13 19:00:00,52.400604,-0.947133,145.598,6.212084770202637,130.2299346923828,133.58518981933594,Kelmarsh 1,2057.841552734375
2018-01-13 20:00:00,52.400604,-0.947133,145.598,6.303168296813965,125.4930191040039,132.2682647705078,Kelmarsh 1,2043.3939208984375
2018-01-13 21:00:00,52.400604,-0.947133,145.598,6.134769916534424,127.7864761352539,132.2682647705078,Kelmarsh 1,2059.74951171875
2018-01-13 22:00:00,52.400604,-0.947133,145.598,4.770253658294678,124.49561309814453,143.24391174316406,Kelmarsh 1,2043.0369873046875
2018-01-13 23:00:00,52.400604,-0.947133,145.598,4.226947784423828,120.00306701660156,126.78044891357422,Kelmarsh 1,2057.9365234375
2018-01-14 00:00:00,52.400604,-0.947133,145.598,4.996939182281494,131.7709197998047,126.78044891357422,Kelmarsh 1,2061.9375
2018-01-14 01:00:00,52.400604,-0.947133,145.598,4.4722514152526855,126.35431671142578,126.78044891357422,Kelmarsh 1,2059.42333984375
2018-01-14 02:00:00,52.400604,-0.947133,145.598,3.72123122215271,106.9913101196289,124.31554412841797,Kelmarsh 1,2037.813232421875
2018-01-14 03:00:00,52.400604,-0.947133,145.598,4.533600330352783,104.81390380859375,116.9024429321289,Kelmarsh 1,2046.995849609375
2018-01-14 04:00:00,52.400604,-0.947133,145.598,4.337023735046387,111.99050903320312,116.9024429321289,Kelmarsh 1,2031.5089111328125
2018-01-14 05:00:00,52.400604,-0.947133,145.598,3.8484771251678467,140.56521606445312,142.14634704589844,Kelmarsh 1,2040.40087890625
2018-01-14 06:00:00,52.400604,-0.947133,145.598,4.435367584228516,131.4313507080078,142.14634704589844,Kelmarsh 1,2043.79833984375
2018-01-14 07:00:00,52.400604,-0.947133,145.598,2.6331331729888916,135.59942626953125,142.14634704589844,Kelmarsh 1,2056.760009765625
2018-01-14 08:00:00,52.400604,-0.947133,145.598,2.9008874893188477,157.9586639404297,143.3299560546875,Kelmarsh 1,2050.265869140625
2018-01-14 09:00:00,52.400604,-0.947133,145.598,4.629661560058594,128.1041717529297,136.6585235595703,Kelmarsh 1,2047.6365966796875
2018-01-14 10:00:00,52.400604,-0.947133,145.598,2.210658073425293,141.99427795410156,149.8292999267578,Kelmarsh 1,2055.280029296875
2018-01-14 11:00:00,52.400604,-0.947133,145.598,2.0283188819885254,174.05108642578125,158.6098175048828,Kelmarsh 1,2040.5321044921875
2018-01-14 12:00:00,52.400604,-0.947133,145.598,3.623072624206543,154.54632568359375,167.3903350830078,Kelmarsh 1,2037.4066162109375
2018-01-14 13:00:00,52.400604,-0.947133,145.598,2.822871685028076,199.32691955566403,197.30801391601562,Kelmarsh 1,2055.366943359375
2018-01-14 14:00:00,52.400604,-0.947133,145.598,3.7579290866851807,197.94062805175778,216.78074645996088,Kelmarsh 1,2064.4775390625
2018-01-14 15:00:00,52.400604,-0.947133,145.598,4.283804893493652,191.43754577636716,192.63432312011716,Kelmarsh 1,2046.22705078125
2018-01-14 16:00:00,52.400604,-0.947133,145.598,5.817976951599121,213.11508178710938,211.29292297363276,Kelmarsh 1,2054.261474609375
2018-01-14 17:00:00,52.400604,-0.947133,145.598,4.319073677062988,205.08137512207028,211.29292297363276,Kelmarsh 1,2022.5989990234375
2018-01-14 18:00:00,52.400604,-0.947133,145.598,6.301771640777588,220.8841552734375,216.78074645996088,Kelmarsh 1,2036.03759765625
2018-01-14 19:00:00,52.400604,-0.947133,145.598,6.5778326988220215,210.7942352294922,216.78074645996088,Kelmarsh 1,2055.58203125
2018-01-14 20:00:00,52.400604,-0.947133,145.598,6.471042633056641,203.970718383789,212.39048767089838,Kelmarsh 1,2062.182373046875
2018-01-14 21:00:00,52.400604,-0.947133,145.598,7.416319847106934,189.33790588378898,197.02458190917966,Kelmarsh 1,2050.16015625
2018-01-14 22:00:00,52.400604,-0.947133,145.598,8.014458656311035,191.246612548828,197.02458190917966,Kelmarsh 1,2065.464599609375
2018-01-14 23:00:00,52.400604,-0.947133,145.598,9.517260551452637,205.31080627441403,201.20245361328122,Kelmarsh 1,2038.9202880859375
2018-01-15 00:00:00,52.400604,-0.947133,145.598,9.53983211517334,195.05921936035156,195.92701721191406,Kelmarsh 1,2059.0029296875
2018-01-15 01:00:00,52.400604,-0.947133,145.598,8.987263679504395,208.40507507324216,195.92701721191406,Kelmarsh 1,2058.44921875
2018-01-15 02:00:00,52.400604,-0.947133,145.598,10.386505126953125,193.4091339111328,200.7581024169922,Kelmarsh 1,2059.54296875
2018-01-15 03:00:00,52.400604,-0.947133,145.598,11.645339965820312,189.21932983398438,194.8294525146484,Kelmarsh 1,2048.060791015625
2018-01-15 04:00:00,52.400604,-0.947133,145.598,12.0186185836792,196.30969238281247,192.63432312011716,Kelmarsh 1,2066.5087890625
2018-01-15 05:00:00,52.400604,-0.947133,145.598,10.886528968811035,207.94204711914057,204.70753479003906,Kelmarsh 1,2053.498046875
2018-01-15 06:00:00,52.400604,-0.947133,145.598,11.313307762145996,208.515380859375,204.70753479003906,Kelmarsh 1,2042.948486328125
2018-01-15 07:00:00,52.400604,-0.947133,145.598,11.512007713317871,209.77099609374997,213.48805236816406,Kelmarsh 1,2063.51416015625
2018-01-15 08:00:00,52.400604,-0.947133,145.598,10.590080261230469,213.03413391113284,213.48805236816406,Kelmarsh 1,2063.7734375
2018-01-15 09:00:00,52.400604,-0.947133,145.598,9.937082290649414,224.00970458984372,213.48805236816406,Kelmarsh 1,2061.55712890625
2018-01-15 10:00:00,52.400604,-0.947133,145.598,9.814172744750977,215.51199340820307,220.0734405517578,Kelmarsh 1,2064.4296875
2018-01-15 11:00:00,52.400604,-0.947133,145.598,10.049631118774414,217.56481933593744,220.0734405517578,Kelmarsh 1,2044.81640625
2018-01-15 12:00:00,52.400604,-0.947133,145.598,10.057184219360352,236.16455078125,226.77459716796872,Kelmarsh 1,2053.98095703125
2018-01-15 13:00:00,52.400604,-0.947133,145.598,9.665582656860352,263.50225830078125,266.2474060058594,Kelmarsh 1,2057.955810546875
2018-01-15 14:00:00,52.400604,-0.947133,145.598,11.273550987243652,291.6490783691406,289.6624755859375,Kelmarsh 1,2056.1298828125
2018-01-15 15:00:00,52.400604,-0.947133,145.598,13.322772979736328,282.7110290527344,281.1951904296875,Kelmarsh 1,2022.6917724609375
2018-01-15 16:00:00,52.400604,-0.947133,145.598,11.568408966064453,276.1410217285156,284.82974243164057,Kelmarsh 1,2027.4385986328125
2018-01-15 17:00:00,52.400604,-0.947133,145.598,10.573766708374023,263.2138977050781,269.4638366699219,Kelmarsh 1,2052.30029296875
2018-01-15 18:00:00,52.400604,-0.947133,145.598,8.936165809631348,252.66946411132812,253.0003662109375,Kelmarsh 1,2044.6904296875
2018-01-15 19:00:00,52.400604,-0.947133,145.598,9.344611167907715,241.4434814453125,248.610107421875,Kelmarsh 1,2020.390625
2018-01-15 20:00:00,52.400604,-0.947133,145.598,9.820027351379395,242.71305847167974,240.21922302246094,Kelmarsh 1,2035.487548828125
2018-01-15 21:00:00,52.400604,-0.947133,145.598,11.10929012298584,243.79087829589835,240.48812866210932,Kelmarsh 1,2070.53857421875
2018-01-15 22:00:00,52.400604,-0.947133,145.598,12.311535835266113,246.94488525390625,253.0003662109375,Kelmarsh 1,2047.5966796875
2018-01-15 23:00:00,52.400604,-0.947133,145.598,11.426656723022461,245.923355102539,243.1222839355468,Kelmarsh 1,2045.221923828125
2018-01-16 00:00:00,52.400604,-0.947133,145.598,11.069255828857422,245.09686279296872,243.1222839355468,Kelmarsh 1,2024.3238525390625
2018-01-16 01:00:00,52.400604,-0.947133,145.598,11.228116035461426,248.03567504882812,248.610107421875,Kelmarsh 1,2050.32568359375
2018-01-16 02:00:00,52.400604,-0.947133,145.598,9.419650077819824,245.22161865234375,248.610107421875,Kelmarsh 1,2063.702392578125
2018-01-16 03:00:00,52.400604,-0.947133,145.598,10.59096908569336,256.7558898925781,251.9028015136718,Kelmarsh 1,2032.3721923828125
2018-01-16 04:00:00,52.400604,-0.947133,145.598,9.974882125854492,258.1206359863281,257.390625,Kelmarsh 1,1954.7196044921875
2018-01-16 05:00:00,52.400604,-0.947133,145.598,11.42520523071289,267.0702819824219,267.2687072753906,Kelmarsh 1,1955.092041015625
2018-01-16 06:00:00,52.400604,-0.947133,145.598,8.366738319396973,249.80389404296875,251.9028015136718,Kelmarsh 1,2010.6680908203125
2018-01-16 07:00:00,52.400604,-0.947133,145.598,10.118407249450684,250.41134643554688,253.0003662109375,Kelmarsh 1,2004.7901611328125
2018-01-16 08:00:00,52.400604,-0.947133,145.598,10.616364479064941,247.95812988281244,253.0003662109375,Kelmarsh 1,1986.7535400390625
2018-01-16 09:00:00,52.400604,-0.947133,145.598,10.861612319946289,246.63819885253906,253.0003662109375,Kelmarsh 1,2046.6612548828125
2018-01-16 10:00:00,52.400604,-0.947133,145.598,11.050300598144531,246.10096740722656,249.7076721191406,Kelmarsh 1,2008.66357421875
2018-01-16 11:00:00,52.400604,-0.947133,145.598,9.823188781738281,255.71574401855463,254.09793090820312,Kelmarsh 1,1836.786376953125
2018-01-16 12:00:00,52.400604,-0.947133,145.598,10.45425796508789,257.587890625,254.09793090820312,Kelmarsh 1,2037.67236328125
2018-01-16 13:00:00,52.400604,-0.947133,145.598,10.775185585021973,259.0038757324219,261.2212829589844,Kelmarsh 1,2056.579833984375
2018-01-16 14:00:00,52.400604,-0.947133,145.598,12.130313873291016,243.96647644042963,240.92715454101562,Kelmarsh 1,2057.151123046875
2018-01-16 15:00:00,52.400604,-0.947133,145.598,10.57437801361084,248.08770751953125,257.390625,Kelmarsh 1,2019.109619140625
2018-01-16 16:00:00,52.400604,-0.947133,145.598,10.365768432617188,247.73913574218747,247.46005249023432,Kelmarsh 1,2040.5369873046875
2018-01-16 17:00:00,52.400604,-0.947133,145.598,11.147233963012695,246.25126647949213,247.51254272460938,Kelmarsh 1,2053.91748046875
2018-01-16 18:00:00,52.400604,-0.947133,145.598,11.850455284118652,249.48168945312494,247.51254272460938,Kelmarsh 1,2036.4019775390625
2018-01-16 19:00:00,52.400604,-0.947133,145.598,11.902040481567383,243.82447814941403,247.51254272460938,Kelmarsh 1,2050.169921875
2018-01-16 20:00:00,52.400604,-0.947133,145.598,10.880082130432129,255.45446777343744,255.5806427001953,Kelmarsh 1,2067.719970703125
2018-01-16 21:00:00,52.400604,-0.947133,145.598,12.224211692810059,248.68276977539062,244.21984863281244,Kelmarsh 1,2058.919921875
2018-01-16 22:00:00,52.400604,-0.947133,145.598,10.305907249450684,248.0780334472656,255.19549560546872,Kelmarsh 1,2054.658935546875
2018-01-16 23:00:00,52.400604,-0.947133,145.598,10.401336669921875,242.81024169921875,244.21984863281244,Kelmarsh 1,2040.193359375
2018-01-17 00:00:00,52.400604,-0.947133,145.598,10.955278396606445,251.3177032470703,244.21984863281244,Kelmarsh 1,2054.87353515625
2018-01-17 01:00:00,52.400604,-0.947133,145.598,9.960959434509277,249.01272583007804,244.21984863281244,Kelmarsh 1,2057.86181640625
2018-01-17 02:00:00,52.400604,-0.947133,145.598,10.772846221923828,252.35028076171875,260.360107421875,Kelmarsh 1,2060.932373046875
2018-01-17 03:00:00,52.400604,-0.947133,145.598,10.99797248840332,247.29144287109375,249.7076721191406,Kelmarsh 1,2049.70361328125
2018-01-17 04:00:00,52.400604,-0.947133,145.598,10.72534465789795,259.34771728515614,255.09271240234372,Kelmarsh 1,2059.437255859375
2018-01-17 05:00:00,52.400604,-0.947133,145.598,12.349247932434082,256.342529296875,260.6833190917968,Kelmarsh 1,2060.40087890625
2018-01-17 06:00:00,52.400604,-0.947133,145.598,12.596352577209473,268.41284179687494,265.3487243652344,Kelmarsh 1,2063.76904296875
2018-01-17 07:00:00,52.400604,-0.947133,145.598,10.579610824584961,264.5054016113281,266.171142578125,Kelmarsh 1,2066.777099609375
2018-01-17 08:00:00,52.400604,-0.947133,145.598,9.766536712646484,259.9322204589844,259.58575439453125,Kelmarsh 1,2060.4638671875
2018-01-17 09:00:00,52.400604,-0.947133,145.598,10.200899124145508,264.83203124999994,269.4638366699219,Kelmarsh 1,2060.2734375
2018-01-17 10:00:00,52.400604,-0.947133,145.598,13.346630096435547,269.0711059570312,263.97601318359375,Kelmarsh 1,2057.0029296875
2018-01-17 11:00:00,52.400604,-0.947133,145.598,13.144989967346191,266.7847900390625,263.97601318359375,Kelmarsh 1,2048.100830078125
2018-01-17 12:00:00,52.400604,-0.947133,145.598,12.515151977539062,261.39227294921875,263.97601318359375,Kelmarsh 1,2065.33984375
2018-01-17 13:00:00,52.400604,-0.947133,145.598,11.702308654785156,261.2740478515625,257.390625,Kelmarsh 1,2057.837158203125
2018-01-17 14:00:00,52.400604,-0.947133,145.598,11.607647895812988,264.53668212890625,257.390625,Kelmarsh 1,2048.417724609375
2018-01-17 15:00:00,52.400604,-0.947133,145.598,11.845144271850586,261.8481140136719,259.7395324707031,Kelmarsh 1,2053.5625
2018-01-17 16:00:00,52.400604,-0.947133,145.598,10.224709510803223,254.33728027343744,248.28097534179685,Kelmarsh 1,2040.9765625
2018-01-17 17:00:00,52.400604,-0.947133,145.598,10.585935592651367,248.4394073486328,248.610107421875,Kelmarsh 1,2048.322265625
2018-01-17 18:00:00,52.400604,-0.947133,145.598,11.447060585021973,247.1546173095703,248.610107421875,Kelmarsh 1,2059.210693359375
2018-01-17 19:00:00,52.400604,-0.947133,145.598,11.099328994750977,242.01866149902332,248.610107421875,Kelmarsh 1,2063.309814453125
2018-01-17 20:00:00,52.400604,-0.947133,145.598,10.829638481140137,240.76791381835932,248.610107421875,Kelmarsh 1,2061.9658203125
2018-01-17 21:00:00,52.400604,-0.947133,145.598,8.703940391540527,229.67831420898432,222.37786865234372,Kelmarsh 1,2058.688232421875
2018-01-17 22:00:00,52.400604,-0.947133,145.598,9.081998825073242,191.86293029785156,196.1390380859374,Kelmarsh 1,2063.34716796875
2018-01-17 23:00:00,52.400604,-0.947133,145.598,11.073373794555664,196.33537292480466,191.5367431640625,Kelmarsh 1,2035.150390625
2018-01-18 00:00:00,52.400604,-0.947133,145.598,12.15135383605957,210.78962707519526,208.98672485351562,Kelmarsh 1,2043.794189453125
2018-01-18 01:00:00,52.400604,-0.947133,145.598,15.835426330566406,234.48489379882807,234.0154418945312,Kelmarsh 1,2054.818603515625
2018-01-18 02:00:00,52.400604,-0.947133,145.598,18.38863754272461,248.93403625488273,250.8052368164062,Kelmarsh 1,2051.151611328125
2018-01-18 03:00:00,52.400604,-0.947133,145.598,21.65361976623535,264.2566833496094,253.95034790039054,Kelmarsh 1,2062.014892578125
2018-01-18 04:00:00,52.400604,-0.947133,145.598,21.246604919433594,264.2727355957031,258.58050537109375,Kelmarsh 1,2058.423095703125
2018-01-18 05:00:00,52.400604,-0.947133,145.598,23.908714294433594,295.4708862304687,266.171142578125,Kelmarsh 1,2060.069091796875
2018-01-18 06:00:00,52.400604,-0.947133,145.598,16.5643310546875,289.4051513671875,294.70782470703125,Kelmarsh 1,2044.3084716796875
2018-01-18 07:00:00,52.400604,-0.947133,145.598,12.294037818908691,292.153564453125,291.4151306152344,Kelmarsh 1,2056.189208984375
2018-01-18 08:00:00,52.400604,-0.947133,145.598,NaN,NaN,NaN,Kelmarsh 1,2050.55126953125
2018-01-18 09:00:00,52.400604,-0.947133,145.598,NaN,NaN,NaN,Kelmarsh 1,2059.578125
2018-01-18 10:00:00,52.400604,-0.947133,145.598,9.228042602539062,260.25933837890625,257.390625,Kelmarsh 1,2060.380615234375
2018-01-18 11:00:00,52.400604,-0.947133,145.598,8.80986499786377,264.03753662109375,257.390625,Kelmarsh 1,2060.6025390625
2018-01-18 12:00:00,52.400604,-0.947133,145.598,8.1454439163208,258.3280944824219,257.390625,Kelmarsh 1,2038.113525390625
2018-01-18 13:00:00,52.400604,-0.947133,145.598,8.677312850952148,264.9271545410156,265.0735778808594,Kelmarsh 1,1986.7486572265625
2018-01-18 14:00:00,52.400604,-0.947133,145.598,8.251827239990234,251.29234313964844,250.89382934570315,Kelmarsh 1,2009.8192138671875
2018-01-18 15:00:00,52.400604,-0.947133,145.598,8.933085441589355,262.5396728515625,262.5450744628906,Kelmarsh 1,1890.954345703125
2018-01-18 16:00:00,52.400604,-0.947133,145.598,7.361881732940674,275.587158203125,280.5,Kelmarsh 1,1900.8609619140625
2018-01-18 17:00:00,52.400604,-0.947133,145.598,8.049933433532715,260.6884460449219,260.6833190917968,Kelmarsh 1,1995.26708984375
2018-01-18 18:00:00,52.400604,-0.947133,145.598,6.976963996887207,296.1250610351562,296.90295410156244,Kelmarsh 1,2014.53515625
2018-01-18 19:00:00,52.400604,-0.947133,145.598,7.606232643127441,271.2949523925781,268.98431396484375,Kelmarsh 1,1964.2896728515625
2018-01-18 20:00:00,52.400604,-0.947133,145.598,9.078369140625,272.384521484375,266.171142578125,Kelmarsh 1,2038.80078125
2018-01-18 21:00:00,52.400604,-0.947133,145.598,10.009760856628418,265.608642578125,276.0492248535156,Kelmarsh 1,1914.38134765625
2018-01-18 22:00:00,52.400604,-0.947133,145.598,7.93848180770874,264.8648986816406,261.7808837890625,Kelmarsh 1,1628.8953857421875
2018-01-18 23:00:00,52.400604,-0.947133,145.598,6.921276092529297,257.61181640625,261.7808837890625,Kelmarsh 1,1824.60498046875
2018-01-19 00:00:00,52.400604,-0.947133,145.598,7.8311543464660645,254.31610107421875,261.7808837890625,Kelmarsh 1,1965.93603515625
2018-01-19 01:00:00,52.400604,-0.947133,145.598,8.393987655639648,248.32713317871094,247.51254272460938,Kelmarsh 1,1523.8507080078125
2018-01-19 02:00:00,52.400604,-0.947133,145.598,8.525169372558594,248.74484252929688,247.51254272460938,Kelmarsh 1,1370.0869140625
2018-01-19 03:00:00,52.400604,-0.947133,145.598,6.457455158233643,247.65223693847656,247.51254272460938,Kelmarsh 1,1251.98828125
2018-01-19 04:00:00,52.400604,-0.947133,145.598,5.4026780128479,246.67825317382812,247.51254272460938,Kelmarsh 1,789.6648559570312
2018-01-19 05:00:00,52.400604,-0.947133,145.598,7.60207462310791,246.583251953125,247.51254272460938,Kelmarsh 1,1090.8194580078125
2018-01-19 06:00:00,52.400604,-0.947133,145.598,9.882514953613281,254.29344177246088,247.51254272460938,Kelmarsh 1,844.8663940429688
2018-01-19 07:00:00,52.400604,-0.947133,145.598,8.816191673278809,246.74656677246094,247.51254272460938,Kelmarsh 1,887.1142578125
2018-01-19 08:00:00,52.400604,-0.947133,145.598,9.029010772705078,247.21678161621094,247.51254272460938,Kelmarsh 1,1179.9771728515625
2018-01-19 09:00:00,52.400604,-0.947133,145.598,7.89174222946167,243.4565887451172,247.51254272460938,Kelmarsh 1,1258.9658203125
2018-01-19 10:00:00,52.400604,-0.947133,145.598,8.630622863769531,248.74551391601562,247.51254272460938,Kelmarsh 1,1411.3455810546875
2018-01-19 11:00:00,52.400604,-0.947133,145.598,8.21912956237793,249.21640014648438,247.51254272460938,Kelmarsh 1,1346.3558349609375
2018-01-19 12:00:00,52.400604,-0.947133,145.598,7.9060540199279785,248.6805877685547,245.31741333007812,Kelmarsh 1,1443.03857421875
2018-01-19 13:00:00,52.400604,-0.947133,145.598,9.363656044006348,255.20614624023438,248.610107421875,Kelmarsh 1,1266.15087890625
2018-01-19 14:00:00,52.400604,-0.947133,145.598,7.082510471343994,249.05084228515625,242.02471923828122,Kelmarsh 1,1201.7752685546875
2018-01-19 15:00:00,52.400604,-0.947133,145.598,7.884428977966309,248.86465454101562,249.63558959960932,Kelmarsh 1,737.719482421875
2018-01-19 16:00:00,52.400604,-0.947133,145.598,9.057467460632324,254.8582000732422,247.51254272460938,Kelmarsh 1,707.8250732421875
2018-01-19 17:00:00,52.400604,-0.947133,145.598,7.371361255645752,251.13131713867188,244.1067657470703,Kelmarsh 1,756.3035278320312
2018-01-19 18:00:00,52.400604,-0.947133,145.598,7.940543174743652,249.08682250976562,245.86019897460938,Kelmarsh 1,557.7752075195312
2018-01-19 19:00:00,52.400604,-0.947133,145.598,10.148102760314941,253.23052978515625,255.19549560546872,Kelmarsh 1,231.28729248046875
2018-01-19 20:00:00,52.400604,-0.947133,145.598,10.755175590515137,248.4846801757812,255.19549560546872,Kelmarsh 1,322.9446716308594
2018-01-19 21:00:00,52.400604,-0.947133,145.598,8.726479530334473,237.76028442382812,240.92715454101562,Kelmarsh 1,226.53041076660156
2018-01-19 22:00:00,52.400604,-0.947133,145.598,8.890961647033691,240.0881805419922,240.92715454101562,Kelmarsh 1,122.38938903808594
2018-01-19 23:00:00,52.400604,-0.947133,145.598,7.1557207107543945,235.58247375488276,240.92715454101562,Kelmarsh 1,223.17921447753906
2018-01-20 00:00:00,52.400604,-0.947133,145.598,5.975108623504639,212.91168212890625,212.3904724121094,Kelmarsh 1,292.64691162109375
2018-01-20 01:00:00,52.400604,-0.947133,145.598,6.618577480316162,223.5252227783203,225.49797058105463,Kelmarsh 1,385.0938720703125
2018-01-20 02:00:00,52.400604,-0.947133,145.598,6.635562419891357,214.9363708496094,209.0977783203125,Kelmarsh 1,451.4915771484375
2018-01-20 03:00:00,52.400604,-0.947133,145.598,7.0549635887146,190.7329711914062,198.1221313476562,Kelmarsh 1,597.1590576171875
2018-01-20 04:00:00,52.400604,-0.947133,145.598,7.361133098602295,202.0972137451172,199.21969604492182,Kelmarsh 1,546.3021240234375
2018-01-20 05:00:00,52.400604,-0.947133,145.598,6.684103488922119,203.531982421875,203.4246826171875,Kelmarsh 1,615.9292602539062
2018-01-20 06:00:00,52.400604,-0.947133,145.598,6.907428741455078,205.2967529296875,210.19534301757807,Kelmarsh 1,729.2950439453125
2018-01-20 07:00:00,52.400604,-0.947133,145.598,4.81153678894043,211.8249359130859,210.19534301757807,Kelmarsh 1,483.2501525878906
2018-01-20 08:00:00,52.400604,-0.947133,145.598,3.5284595489501953,197.33169555664062,210.19534301757807,Kelmarsh 1,290.0016174316406
2018-01-20 09:00:00,52.400604,-0.947133,145.598,2.960343837738037,195.11953735351562,203.03646850585932,Kelmarsh 1,165.3751983642578
2018-01-20 10:00:00,52.400604,-0.947133,145.598,2.1734063625335693,149.94097900390625,159.70736694335938,Kelmarsh 1,274.5099182128906
2018-01-20 11:00:00,52.400604,-0.947133,145.598,2.907862424850464,120.1083984375,134.8672332763672,Kelmarsh 1,355.44329833984375
2018-01-20 12:00:00,52.400604,-0.947133,145.598,2.2203376293182373,106.10820770263672,83.97571563720703,Kelmarsh 1,262.6836853027344
2018-01-20 13:00:00,52.400604,-0.947133,145.598,2.842987537384033,56.878238677978516,60.927005767822266,Kelmarsh 1,223.3323974609375
2018-01-20 14:00:00,52.400604,-0.947133,145.598,2.5352437496185303,44.79518127441406,52.14651870727539,Kelmarsh 1,186.63063049316406
2018-01-20 15:00:00,52.400604,-0.947133,145.598,3.2856993675231934,51.55998229980469,37.87822723388672,Kelmarsh 1,164.3822784423828
2018-01-20 16:00:00,52.400604,-0.947133,145.598,3.360246181488037,47.9865608215332,37.87822723388672,Kelmarsh 1,83.71355438232422
2018-01-20 17:00:00,52.400604,-0.947133,145.598,3.3959603309631348,19.26602554321289,37.87822723388672,Kelmarsh 1,20.278335571289062
2018-01-20 18:00:00,52.400604,-0.947133,145.598,4.460018634796143,1.650994062423706,0.561171293258667,Kelmarsh 1,94.588623046875
2018-01-20 19:00:00,52.400604,-0.947133,145.598,3.7880189418792725,336.0711975097655,337.5123291015625,Kelmarsh 1,123.21428680419922
2018-01-20 20:00:00,52.400604,-0.947133,145.598,3.8356690406799316,302.93951416015625,317.75616455078125,Kelmarsh 1,258.1390075683594
2018-01-20 21:00:00,52.400604,-0.947133,145.598,3.954766035079956,299.3388366699219,317.75616455078125,Kelmarsh 1,478.1528015136719
2018-01-20 22:00:00,52.400604,-0.947133,145.598,4.22769021987915,302.6705017089844,317.75616455078125,Kelmarsh 1,431.4376220703125
2018-01-20 23:00:00,52.400604,-0.947133,145.598,6.010990619659424,296.9784851074219,317.75616455078125,Kelmarsh 1,560.7288818359375
2018-01-21 00:00:00,52.400604,-0.947133,145.598,6.322635650634766,283.8305969238281,293.60974121093744,Kelmarsh 1,562.0365600585938
2018-01-21 01:00:00,52.400604,-0.947133,145.598,4.841552257537842,287.61260986328125,293.60974121093744,Kelmarsh 1,589.2526245117188
2018-01-21 02:00:00,52.400604,-0.947133,145.598,5.255626201629639,284.7749328613281,293.60974121093744,Kelmarsh 1,824.107666015625
2018-01-21 03:00:00,52.400604,-0.947133,145.598,3.020104169845581,266.15765380859375,281.9337158203125,Kelmarsh 1,779.543212890625
2018-01-21 04:00:00,52.400604,-0.947133,145.598,3.9559168815612793,234.38774108886713,243.12176513671866,Kelmarsh 1,904.6685791015625
2018-01-21 05:00:00,52.400604,-0.947133,145.598,3.0637102127075195,228.55819702148438,242.95391845703125,Kelmarsh 1,1157.0006103515625
2018-01-21 06:00:00,52.400604,-0.947133,145.598,3.7181684970855713,240.37266540527344,248.6095886230468,Kelmarsh 1,1028.6275634765625
2018-01-21 07:00:00,52.400604,-0.947133,145.598,3.124866008758545,227.30853271484372,222.88786315917963,Kelmarsh 1,980.39990234375
2018-01-21 08:00:00,52.400604,-0.947133,145.598,3.918736219406128,175.29022216796875,179.4630126953125,Kelmarsh 1,871.9779052734375
2018-01-21 09:00:00,52.400604,-0.947133,145.598,5.128398895263672,165.31198120117188,179.4630126953125,Kelmarsh 1,585.79052734375
2018-01-21 10:00:00,52.400604,-0.947133,145.598,6.555966377258301,154.0538330078125,154.21902465820312,Kelmarsh 1,768.8229370117188
2018-01-21 11:00:00,52.400604,-0.947133,145.598,7.187908172607422,147.97877502441406,142.14581298828125,Kelmarsh 1,705.0880737304688
2018-01-21 12:00:00,52.400604,-0.947133,145.598,7.8748321533203125,139.9693603515625,142.14581298828125,Kelmarsh 1,478.5732116699219
2018-01-21 13:00:00,52.400604,-0.947133,145.598,9.225736618041992,148.66355895996094,144.54188537597656,Kelmarsh 1,784.9521484375
2018-01-21 14:00:00,52.400604,-0.947133,145.598,9.851998329162598,159.62646484375,152.02389526367188,Kelmarsh 1,830.03466796875
2018-01-21 15:00:00,52.400604,-0.947133,145.598,9.30544376373291,162.11459350585938,157.5173797607422,Kelmarsh 1,901.7560424804688
2018-01-21 16:00:00,52.400604,-0.947133,145.598,7.964247703552246,164.15878295898438,169.58493041992188,Kelmarsh 1,1004.0791625976562
2018-01-21 17:00:00,52.400604,-0.947133,145.598,6.892077445983887,172.10037231445312,169.58493041992188,Kelmarsh 1,1082.283447265625
2018-01-21 18:00:00,52.400604,-0.947133,145.598,7.373681545257568,188.52075195312497,181.65814208984372,Kelmarsh 1,1076.8446044921875
2018-01-21 19:00:00,52.400604,-0.947133,145.598,8.370450973510742,221.5645141601562,220.15618896484378,Kelmarsh 1,1596.694091796875
2018-01-21 20:00:00,52.400604,-0.947133,145.598,9.22362232208252,232.43388366699216,236.536376953125,Kelmarsh 1,1963.531982421875
2018-01-21 21:00:00,52.400604,-0.947133,145.598,10.224601745605469,245.6737518310547,248.6095886230468,Kelmarsh 1,1988.7191162109375
2018-01-21 22:00:00,52.400604,-0.947133,145.598,10.024463653564453,256.0027160644531,252.94046020507812,Kelmarsh 1,2034.2764892578125
2018-01-21 23:00:00,52.400604,-0.947133,145.598,9.345840454101562,253.64796447753906,259.5852355957031,Kelmarsh 1,2048.93896484375
2018-01-22 00:00:00,52.400604,-0.947133,145.598,9.012411117553711,263.6739501953125,259.5852355957031,Kelmarsh 1,2064.994140625
2018-01-22 01:00:00,52.400604,-0.947133,145.598,7.0241546630859375,258.9648132324219,259.5852355957031,Kelmarsh 1,2044.594482421875
2018-01-22 02:00:00,52.400604,-0.947133,145.598,6.6355695724487305,256.4841613769531,259.5852355957031,Kelmarsh 1,2051.97900390625
2018-01-22 03:00:00,52.400604,-0.947133,145.598,6.345572471618652,254.93026733398438,247.17250061035156,Kelmarsh 1,2064.604736328125
2018-01-22 04:00:00,52.400604,-0.947133,145.598,6.608915328979492,250.05470275878903,257.3901062011719,Kelmarsh 1,2065.623046875
2018-01-22 05:00:00,52.400604,-0.947133,145.598,6.6840500831604,262.5805969238281,257.3901062011719,Kelmarsh 1,2046.5545654296875
2018-01-22 06:00:00,52.400604,-0.947133,145.598,7.045297622680664,264.281494140625,257.3901062011719,Kelmarsh 1,2037.692138671875
2018-01-22 07:00:00,52.400604,-0.947133,145.598,6.313265323638916,270.2143249511719,268.3657531738281,Kelmarsh 1,2056.80810546875
2018-01-22 08:00:00,52.400604,-0.947133,145.598,5.985477447509766,270.9936828613281,273.85357666015625,Kelmarsh 1,2041.6402587890625
2018-01-22 09:00:00,52.400604,-0.947133,145.598,8.079874992370605,273.43072509765625,273.85357666015625,Kelmarsh 1,2056.27978515625
2018-01-22 10:00:00,52.400604,-0.947133,145.598,6.615146160125732,278.8952331542969,273.85357666015625,Kelmarsh 1,2056.544921875
2018-01-22 11:00:00,52.400604,-0.947133,145.598,7.888138294219971,267.4507751464844,270.5608825683594,Kelmarsh 1,2048.906005859375
2018-01-22 12:00:00,52.400604,-0.947133,145.598,6.003567695617676,284.7981262207031,283.7316589355469,Kelmarsh 1,2062.498291015625
2018-01-22 13:00:00,52.400604,-0.947133,145.598,8.194391250610352,285.3274841308594,284.82922363281244,Kelmarsh 1,2061.8115234375
2018-01-22 14:00:00,52.400604,-0.947133,145.598,10.49428653717041,287.3705749511719,282.63409423828125,Kelmarsh 1,2055.499267578125
2018-01-22 15:00:00,52.400604,-0.947133,145.598,10.189862251281738,291.5489196777344,288.5011901855469,Kelmarsh 1,2049.3125
2018-01-22 16:00:00,52.400604,-0.947133,145.598,6.8124213218688965,276.6536560058594,282.63409423828125,Kelmarsh 1,2057.2119140625
2018-01-22 17:00:00,52.400604,-0.947133,145.598,8.978947639465332,266.5604248046875,266.895751953125,Kelmarsh 1,2063.379638671875
2018-01-22 18:00:00,52.400604,-0.947133,145.598,9.721418380737305,258.38143920898426,259.5852355957031,Kelmarsh 1,2051.8857421875
2018-01-22 19:00:00,52.400604,-0.947133,145.598,10.888553619384766,258.1400146484375,259.5852355957031,Kelmarsh 1,2045.5728759765625
2018-01-22 20:00:00,52.400604,-0.947133,145.598,8.469221115112305,264.58346557617176,259.5852355957031,Kelmarsh 1,2021.291748046875
2018-01-22 21:00:00,52.400604,-0.947133,145.598,9.718633651733398,265.42755126953125,273.85357666015625,Kelmarsh 1,2057.00341796875
2018-01-22 22:00:00,52.400604,-0.947133,145.598,8.477588653564453,254.44741821289062,251.99649047851562,Kelmarsh 1,2041.23583984375
2018-01-22 23:00:00,52.400604,-0.947133,145.598,5.363768100738525,227.9496917724609,237.6339416503906,Kelmarsh 1,2054.3447265625
2018-01-23 00:00:00,52.400604,-0.947133,145.598,5.2165846824646,203.14715576171872,218.97534179687494,Kelmarsh 1,2040.184814453125
2018-01-23 01:00:00,52.400604,-0.947133,145.598,5.988070487976074,201.18862915039057,192.63378906249997,Kelmarsh 1,2048.866943359375
2018-01-23 02:00:00,52.400604,-0.947133,145.598,6.964758396148682,200.6207580566406,203.60943603515625,Kelmarsh 1,2038.6705322265625
2018-01-23 03:00:00,52.400604,-0.947133,145.598,8.32288646697998,206.23114013671872,203.60943603515625,Kelmarsh 1,2057.67138671875
2018-01-23 04:00:00,52.400604,-0.947133,145.598,9.675704956054688,198.332046508789,204.31135559082028,Kelmarsh 1,2065.918212890625
2018-01-23 05:00:00,52.400604,-0.947133,145.598,10.229744911193848,196.8098754882812,205.80456542968741,Kelmarsh 1,2059.597412109375
2018-01-23 06:00:00,52.400604,-0.947133,145.598,9.240482330322266,188.94911193847653,198.12161254882804,Kelmarsh 1,2037.8505859375
2018-01-23 07:00:00,52.400604,-0.947133,145.598,9.979866981506348,193.40438842773438,192.63378906249997,Kelmarsh 1,2040.4749755859375
2018-01-23 08:00:00,52.400604,-0.947133,145.598,9.398796081542969,202.63664245605466,200.31674194335932,Kelmarsh 1,2059.200439453125
2018-01-23 09:00:00,52.400604,-0.947133,145.598,10.519899368286133,206.77166748046866,209.09725952148438,Kelmarsh 1,2059.2373046875
2018-01-23 10:00:00,52.400604,-0.947133,145.598,10.066676139831543,203.01304626464838,199.2191772460937,Kelmarsh 1,2064.053466796875
2018-01-23 11:00:00,52.400604,-0.947133,145.598,12.192933082580566,212.48876953124997,205.80456542968741,Kelmarsh 1,2047.8031005859375
2018-01-23 12:00:00,52.400604,-0.947133,145.598,10.587505340576172,214.6815032958984,213.197036743164,Kelmarsh 1,2060.243896484375
2018-01-23 13:00:00,52.400604,-0.947133,145.598,13.439178466796875,229.2848358154296,228.85342407226554,Kelmarsh 1,2057.716064453125
2018-01-23 14:00:00,52.400604,-0.947133,145.598,13.17192268371582,225.716079711914,228.85342407226554,Kelmarsh 1,2067.3193359375
2018-01-23 15:00:00,52.400604,-0.947133,145.598,11.019927024841309,229.43563842773438,228.85342407226554,Kelmarsh 1,2061.745361328125
2018-01-23 16:00:00,52.400604,-0.947133,145.598,10.111580848693848,220.92805480957028,228.85342407226554,Kelmarsh 1,2055.25927734375
2018-01-23 17:00:00,52.400604,-0.947133,145.598,10.894050598144531,226.5447998046875,226.65829467773435,Kelmarsh 1,2056.5947265625
2018-01-23 18:00:00,52.400604,-0.947133,145.598,12.559067726135254,239.9041748046875,236.536376953125,Kelmarsh 1,2049.64697265625
2018-01-23 19:00:00,52.400604,-0.947133,145.598,10.439395904541016,238.93989562988278,236.536376953125,Kelmarsh 1,2067.870361328125
2018-01-23 20:00:00,52.400604,-0.947133,145.598,10.068655014038086,222.57455444335938,227.75585937499997,Kelmarsh 1,2056.401611328125
2018-01-23 21:00:00,52.400604,-0.947133,145.598,7.773188591003418,212.48405456542963,218.97534179687494,Kelmarsh 1,2049.343994140625
2018-01-23 22:00:00,52.400604,-0.947133,145.598,8.972984313964844,215.11094665527344,211.29238891601562,Kelmarsh 1,2065.642333984375
2018-01-23 23:00:00,52.400604,-0.947133,145.598,10.233296394348145,212.94725036621094,211.29238891601562,Kelmarsh 1,2059.805419921875
2018-01-24 00:00:00,52.400604,-0.947133,145.598,10.914839744567871,204.69046020507807,204.9242706298828,Kelmarsh 1,2050.621826171875
2018-01-24 01:00:00,52.400604,-0.947133,145.598,11.422575950622559,198.92414855957026,198.12161254882804,Kelmarsh 1,2053.89599609375
2018-01-24 02:00:00,52.400604,-0.947133,145.598,13.702072143554688,191.54481506347653,199.2191772460937,Kelmarsh 1,2051.318603515625
2018-01-24 03:00:00,52.400604,-0.947133,145.598,12.233731269836426,202.8557586669922,197.02404785156244,Kelmarsh 1,2032.462890625
2018-01-24 04:00:00,52.400604,-0.947133,145.598,12.803887367248535,205.45298767089835,203.60943603515625,Kelmarsh 1,2041.6412353515625
2018-01-24 05:00:00,52.400604,-0.947133,145.598,14.1373872756958,203.88095092773435,209.09725952148438,Kelmarsh 1,2026.9281005859375
2018-01-24 06:00:00,52.400604,-0.947133,145.598,14.226696014404297,213.58146667480466,209.09725952148438,Kelmarsh 1,2010.105712890625
2018-01-24 07:00:00,52.400604,-0.947133,145.598,15.201873779296875,206.88676452636713,209.09725952148438,Kelmarsh 1,1825.8974609375
2018-01-24 08:00:00,52.400604,-0.947133,145.598,16.187074661254883,208.56169128417963,209.09725952148438,Kelmarsh 1,1628.8304443359375
2018-01-24 09:00:00,52.400604,-0.947133,145.598,15.997186660766602,211.50485229492182,209.09725952148438,Kelmarsh 1,1519.7655029296875
2018-01-24 10:00:00,52.400604,-0.947133,145.598,12.437605857849121,268.14019775390625,268.40576171875,Kelmarsh 1,1032.987060546875
2018-01-24 11:00:00,52.400604,-0.947133,145.598,12.74924373626709,252.63792419433588,248.6095886230468,Kelmarsh 1,689.6305541992188
2018-01-24 12:00:00,52.400604,-0.947133,145.598,11.377163887023926,239.78907775878906,236.536376953125,Kelmarsh 1,1092.1832275390625
2018-01-24 13:00:00,52.400604,-0.947133,145.598,10.894255638122559,233.1703033447265,236.536376953125,Kelmarsh 1,932.608642578125
2018-01-24 14:00:00,52.400604,-0.947133,145.598,10.601723670959473,224.22833251953125,216.78021240234372,Kelmarsh 1,1123.6845703125
2018-01-24 15:00:00,52.400604,-0.947133,145.598,10.168288230895996,211.69989013671875,218.15713500976562,Kelmarsh 1,1004.6415405273438
2018-01-24 16:00:00,52.400604,-0.947133,145.598,9.020163536071777,211.5590667724609,217.87777709960932,Kelmarsh 1,1039.66162109375
2018-01-24 17:00:00,52.400604,-0.947133,145.598,9.827505111694336,210.94497680664054,214.57530212402344,Kelmarsh 1,932.608642578125
2018-01-24 18:00:00,52.400604,-0.947133,145.598,8.574974060058594,224.30149841308588,229.05577087402344,Kelmarsh 1,1072.74072265625
2018-01-24 19:00:00,52.400604,-0.947133,145.598,9.220786094665527,209.74652099609372,217.87777709960932,Kelmarsh 1,1462.38720703125
2018-01-24 20:00:00,52.400604,-0.947133,145.598,10.374872207641602,211.49827575683594,205.80456542968741,Kelmarsh 1,819.5096435546875
2018-01-24 21:00:00,52.400604,-0.947133,145.598,9.974387168884277,218.18016052246094,209.09725952148438,Kelmarsh 1,698.6339111328125
2018-01-24 22:00:00,52.400604,-0.947133,145.598,8.721641540527344,210.53955078125,214.5850830078125,Kelmarsh 1,689.8028564453125
2018-01-24 23:00:00,52.400604,-0.947133,145.598,9.334762573242188,213.80192565917963,214.5850830078125,Kelmarsh 1,906.5663452148438
2018-01-25 00:00:00,52.400604,-0.947133,145.598,9.383376121520996,217.69984436035153,214.5850830078125,Kelmarsh 1,761.5364379882812
2018-01-25 01:00:00,52.400604,-0.947133,145.598,10.16933822631836,211.10638427734375,206.90213012695304,Kelmarsh 1,663.587158203125
2018-01-25 02:00:00,52.400604,-0.947133,145.598,9.182623863220215,219.20178222656244,211.29238891601562,Kelmarsh 1,611.8648071289062
2018-01-25 03:00:00,52.400604,-0.947133,145.598,10.135042190551758,214.35090637207023,217.87777709960932,Kelmarsh 1,421.0593566894531
2018-01-25 04:00:00,52.400604,-0.947133,145.598,10.006845474243164,213.99229431152344,217.87777709960932,Kelmarsh 1,492.79083251953125
2018-01-25 05:00:00,52.400604,-0.947133,145.598,8.46657943725586,213.9160614013672,217.87777709960932,Kelmarsh 1,827.6724243164062
2018-01-25 06:00:00,52.400604,-0.947133,145.598,11.059449195861816,233.35237121582026,232.14611816406244,Kelmarsh 1,708.2945556640625
2018-01-25 07:00:00,52.400604,-0.947133,145.598,6.375003814697266,212.73985290527338,203.60943603515625,Kelmarsh 1,697.5887451171875
2018-01-25 08:00:00,52.400604,-0.947133,145.598,7.303086757659912,220.30296325683585,216.84617614746088,Kelmarsh 1,690.04296875
2018-01-25 09:00:00,52.400604,-0.947133,145.598,6.949199676513672,203.92605590820312,211.29238891601562,Kelmarsh 1,620.4866943359375
2018-01-25 10:00:00,52.400604,-0.947133,145.598,8.01409912109375,210.3931884765625,218.97534179687494,Kelmarsh 1,562.1416625976562
2018-01-25 11:00:00,52.400604,-0.947133,145.598,7.668982028961182,215.70501708984366,208.2178192138672,Kelmarsh 1,591.72021484375
2018-01-25 12:00:00,52.400604,-0.947133,145.598,9.598661422729492,217.34460449218747,213.7640686035156,Kelmarsh 1,354.8041076660156
2018-01-25 13:00:00,52.400604,-0.947133,145.598,8.888033866882324,207.03042602539054,208.90328979492188,Kelmarsh 1,305.1625061035156
2018-01-25 14:00:00,52.400604,-0.947133,145.598,8.028244018554688,216.06611633300776,219.48594665527338,Kelmarsh 1,235.18157958984375
2018-01-25 15:00:00,52.400604,-0.947133,145.598,8.088284492492676,206.77189636230466,207.99969482421872,Kelmarsh 1,376.14013671875
2018-01-25 16:00:00,52.400604,-0.947133,145.598,9.516714096069336,201.35498046874997,200.31674194335932,Kelmarsh 1,554.7249755859375
2018-01-25 17:00:00,52.400604,-0.947133,145.598,8.56174373626709,211.607421875,220.07290649414062,Kelmarsh 1,489.3025817871094
2018-01-25 18:00:00,52.400604,-0.947133,145.598,6.5070061683654785,197.33238220214838,204.70700073242182,Kelmarsh 1,660.0829467773438
2018-01-25 19:00:00,52.400604,-0.947133,145.598,6.660737037658691,211.37348937988278,208.08474731445312,Kelmarsh 1,536.51708984375
2018-01-25 20:00:00,52.400604,-0.947133,145.598,6.587569236755371,220.04257202148438,211.29238891601562,Kelmarsh 1,577.451416015625
2018-01-25 21:00:00,52.400604,-0.947133,145.598,5.879283905029297,230.96478271484375,228.85342407226554,Kelmarsh 1,289.0823974609375
2018-01-25 22:00:00,52.400604,-0.947133,145.598,7.053395748138428,235.93075561523435,234.34124755859375,Kelmarsh 1,99.7078857421875
2018-01-25 23:00:00,52.400604,-0.947133,145.598,6.925754070281982,229.31625366210938,234.34124755859375,Kelmarsh 1,122.14025115966797
2018-01-26 00:00:00,52.400604,-0.947133,145.598,2.7558021545410156,210.40583801269523,221.1704711914062,Kelmarsh 1,170.4906768798828
2018-01-26 01:00:00,52.400604,-0.947133,145.598,3.974961519241333,226.1654815673828,221.1704711914062,Kelmarsh 1,164.74285888671875
2018-01-26 02:00:00,52.400604,-0.947133,145.598,3.9926018714904785,233.1516876220703,240.9266357421875,Kelmarsh 1,174.0930938720703
2018-01-26 03:00:00,52.400604,-0.947133,145.598,6.223265171051025,259.63061523437494,261.7803649902344,Kelmarsh 1,152.1984405517578
2018-01-26 04:00:00,52.400604,-0.947133,145.598,7.086924076080322,283.6639099121094,280.87579345703125,Kelmarsh 1,95.19937133789062
2018-01-26 05:00:00,52.400604,-0.947133,145.598,6.321008682250977,298.651123046875,308.97564697265625,Kelmarsh 1,71.92988586425781
2018-01-26 06:00:00,52.400604,-0.947133,145.598,4.699969291687012,336.68798828125006,332.0245056152343,Kelmarsh 1,156.9773712158203
2018-01-26 07:00:00,52.400604,-0.947133,145.598,6.157265663146973,340.7751770019532,347.3904113769531,Kelmarsh 1,293.5726013183594
2018-01-26 08:00:00,52.400604,-0.947133,145.598,5.274090766906738,345.245391845703,347.3904113769531,Kelmarsh 1,313.2930603027344
2018-01-26 09:00:00,52.400604,-0.947133,145.598,3.7863123416900635,335.5084533691405,347.3904113769531,Kelmarsh 1,256.5069274902344
2018-01-26 10:00:00,52.400604,-0.947133,145.598,4.7481689453125,335.9054870605469,347.3904113769531,Kelmarsh 1,279.0604553222656
2018-01-26 11:00:00,52.400604,-0.947133,145.598,5.098116397857666,336.9815979003906,347.3904113769531,Kelmarsh 1,238.7423858642578
2018-01-26 12:00:00,52.400604,-0.947133,145.598,5.1989545822143555,359.6667175292968,347.3904113769531,Kelmarsh 1,192.38418579101562
2018-01-26 13:00:00,52.400604,-0.947133,145.598,5.089364051818848,359.7442321777344,9.341669082641602,Kelmarsh 1,242.85594177246094
2018-01-26 14:00:00,52.400604,-0.947133,145.598,2.6988186836242676,344.7187805175782,337.5123291015625,Kelmarsh 1,208.80050659179688
2018-01-26 15:00:00,52.400604,-0.947133,145.598,2.0263710021972656,325.6098327636719,336.41476440429676,Kelmarsh 1,81.98649597167969
2018-01-26 16:00:00,52.400604,-0.947133,145.598,0.7346659898757935,319.2986755371094,340.8050231933594,Kelmarsh 1,327.83343505859375
2018-01-26 17:00:00,52.400604,-0.947133,145.598,4.030299663543701,300.09515380859375,305.6829528808594,Kelmarsh 1,462.3623352050781
2018-01-26 18:00:00,52.400604,-0.947133,145.598,4.63031005859375,302.4049377441406,299.0975646972656,Kelmarsh 1,572.1560668945312
2018-01-26 19:00:00,52.400604,-0.947133,145.598,5.4884138107299805,292.05700683593744,299.0975646972656,Kelmarsh 1,545.3038330078125
2018-01-26 20:00:00,52.400604,-0.947133,145.598,5.1915764808654785,293.43756103515625,299.0975646972656,Kelmarsh 1,474.3465576171875
2018-01-26 21:00:00,52.400604,-0.947133,145.598,4.187278747558594,284.64691162109375,299.0975646972656,Kelmarsh 1,588.5018920898438
2018-01-26 22:00:00,52.400604,-0.947133,145.598,3.1103131771087646,232.5650634765624,227.75585937499997,Kelmarsh 1,423.1011657714844
2018-01-26 23:00:00,52.400604,-0.947133,145.598,4.848423004150391,209.04203796386716,204.70700073242182,Kelmarsh 1,292.5204772949219
2018-01-27 00:00:00,52.400604,-0.947133,145.598,7.280494213104248,199.82528686523432,201.1964416503906,Kelmarsh 1,281.24530029296875
2018-01-27 01:00:00,52.400604,-0.947133,145.598,7.347515106201172,213.85890197753898,213.48751831054682,Kelmarsh 1,305.134765625
2018-01-27 02:00:00,52.400604,-0.947133,145.598,8.1793794631958,212.5947875976562,213.48751831054682,Kelmarsh 1,303.2877197265625
2018-01-27 03:00:00,52.400604,-0.947133,145.598,6.769862174987793,210.32780456542966,207.08047485351557,Kelmarsh 1,317.6007995605469
2018-01-27 04:00:00,52.400604,-0.947133,145.598,6.742556571960449,203.68855285644528,209.09725952148438,Kelmarsh 1,255.38760375976562
2018-01-27 05:00:00,52.400604,-0.947133,145.598,8.505640983581543,198.71801757812494,203.60943603515625,Kelmarsh 1,171.16082763671875
2018-01-27 06:00:00,52.400604,-0.947133,145.598,7.5923662185668945,203.03115844726557,203.60943603515625,Kelmarsh 1,317.0544738769531
2018-01-27 07:00:00,52.400604,-0.947133,145.598,8.110594749450684,198.39712524414062,203.60943603515625,Kelmarsh 1,328.16265869140625
2018-01-27 08:00:00,52.400604,-0.947133,145.598,9.409263610839844,196.46458435058594,200.31674194335932,Kelmarsh 1,350.2093505859375
2018-01-27 09:00:00,52.400604,-0.947133,145.598,9.783632278442383,202.2047576904297,200.31674194335932,Kelmarsh 1,497.6694641113281
2018-01-27 10:00:00,52.400604,-0.947133,145.598,9.947075843811035,194.4067840576172,198.12161254882804,Kelmarsh 1,575.4863891601562
2018-01-27 11:00:00,52.400604,-0.947133,145.598,11.440195083618164,207.91662597656247,211.29238891601562,Kelmarsh 1,800.5601196289062
2018-01-27 12:00:00,52.400604,-0.947133,145.598,10.175463676452637,207.3193054199218,211.29238891601562,Kelmarsh 1,870.6339111328125
2018-01-27 13:00:00,52.400604,-0.947133,145.598,11.33584976196289,212.11569213867182,211.29238891601562,Kelmarsh 1,851.5776977539062
2018-01-27 14:00:00,52.400604,-0.947133,145.598,9.87440013885498,210.91542053222656,211.29238891601562,Kelmarsh 1,1358.7525634765625
2018-01-27 15:00:00,52.400604,-0.947133,145.598,9.16835880279541,215.64634704589844,220.07290649414062,Kelmarsh 1,1324.34228515625
2018-01-27 16:00:00,52.400604,-0.947133,145.598,7.447810649871826,224.96757507324216,215.68264770507804,Kelmarsh 1,1050.1759033203125
2018-01-27 17:00:00,52.400604,-0.947133,145.598,10.151473045349121,235.62442016601554,231.04855346679682,Kelmarsh 1,1314.037109375
2018-01-27 18:00:00,52.400604,-0.947133,145.598,11.621472358703613,240.91786193847645,240.9266357421875,Kelmarsh 1,1486.986328125
2018-01-27 19:00:00,52.400604,-0.947133,145.598,9.725295066833496,238.42553710937494,240.9266357421875,Kelmarsh 1,1029.8643798828125
2018-01-27 20:00:00,52.400604,-0.947133,145.598,9.496267318725586,240.40185546875,236.536376953125,Kelmarsh 1,1443.657958984375
2018-01-27 21:00:00,52.400604,-0.947133,145.598,10.934521675109863,244.2294921875,236.536376953125,Kelmarsh 1,1495.24853515625
2018-01-27 22:00:00,52.400604,-0.947133,145.598,12.984073638916016,252.63880920410156,251.90228271484372,Kelmarsh 1,1252.0286865234375
2018-01-27 23:00:00,52.400604,-0.947133,145.598,11.374009132385254,260.59246826171875,251.90228271484372,Kelmarsh 1,1325.6201171875
2018-01-28 00:00:00,52.400604,-0.947133,145.598,11.446687698364258,265.9371032714844,270.5608825683594,Kelmarsh 1,1206.5054931640625
2018-01-28 01:00:00,52.400604,-0.947133,145.598,10.986542701721191,263.4356689453124,265.07305908203125,Kelmarsh 1,1898.1207275390625
2018-01-28 02:00:00,52.400604,-0.947133,145.598,12.370312690734863,272.7137145996094,265.07305908203125,Kelmarsh 1,2048.85302734375
2018-01-28 03:00:00,52.400604,-0.947133,145.598,9.294329643249512,258.7944641113281,261.7803649902344,Kelmarsh 1,2052.44580078125
2018-01-28 04:00:00,52.400604,-0.947133,145.598,10.201014518737793,254.3685760498047,257.3901062011719,Kelmarsh 1,1997.635986328125
2018-01-28 05:00:00,52.400604,-0.947133,145.598,11.252452850341797,251.11790466308588,244.21932983398432,Kelmarsh 1,2060.75146484375
2018-01-28 06:00:00,52.400604,-0.947133,145.598,10.561933517456055,238.79757690429685,244.21932983398432,Kelmarsh 1,2046.4942626953125
2018-01-28 07:00:00,52.400604,-0.947133,145.598,10.089727401733398,233.6966094970703,233.24368286132812,Kelmarsh 1,2055.176025390625
2018-01-28 08:00:00,52.400604,-0.947133,145.598,11.406610488891602,243.89376831054688,233.24368286132812,Kelmarsh 1,2033.3875732421875
2018-01-28 09:00:00,52.400604,-0.947133,145.598,10.978118896484375,242.36013793945307,245.31689453125,Kelmarsh 1,2023.205078125
2018-01-28 10:00:00,52.400604,-0.947133,145.598,11.74453353881836,242.0441284179687,245.31689453125,Kelmarsh 1,2034.6798095703125
2018-01-28 11:00:00,52.400604,-0.947133,145.598,13.428261756896973,249.45306396484372,245.31689453125,Kelmarsh 1,2016.703369140625
2018-01-28 12:00:00,52.400604,-0.947133,145.598,12.767505645751953,254.05096435546875,250.96388244628906,Kelmarsh 1,2029.3807373046875
2018-01-28 13:00:00,52.400604,-0.947133,145.598,10.36960506439209,253.85372924804688,254.097412109375,Kelmarsh 1,1783.7989501953125
2018-01-28 14:00:00,52.400604,-0.947133,145.598,12.439054489135742,247.07765197753903,242.02420043945312,Kelmarsh 1,1143.40185546875
2018-01-28 15:00:00,52.400604,-0.947133,145.598,10.910402297973633,258.7240905761719,252.99984741210938,Kelmarsh 1,1419.5059814453125
2018-01-28 16:00:00,52.400604,-0.947133,145.598,11.545453071594238,245.2467651367187,252.99984741210938,Kelmarsh 1,1559.81201171875
2018-01-28 17:00:00,52.400604,-0.947133,145.598,10.463276863098145,258.02728271484375,252.99984741210938,Kelmarsh 1,1176.138427734375
2018-01-28 18:00:00,52.400604,-0.947133,145.598,9.600813865661621,249.38247680664062,244.21932983398432,Kelmarsh 1,1278.0870361328125
2018-01-28 19:00:00,52.400604,-0.947133,145.598,8.920536994934082,234.038314819336,237.50646972656247,Kelmarsh 1,1256.7799072265625
2018-01-28 20:00:00,52.400604,-0.947133,145.598,9.979331016540527,235.45278930664062,231.04855346679682,Kelmarsh 1,1009.7597045898438
2018-01-28 21:00:00,52.400604,-0.947133,145.598,10.587129592895508,239.36170959472653,231.04855346679682,Kelmarsh 1,963.0403442382812
2018-01-28 22:00:00,52.400604,-0.947133,145.598,10.132329940795898,237.57345581054688,243.12176513671866,Kelmarsh 1,817.6278686523438
2018-01-28 23:00:00,52.400604,-0.947133,145.598,11.430625915527344,241.6473236083984,243.12176513671866,Kelmarsh 1,576.6607055664062
2018-01-29 00:00:00,52.400604,-0.947133,145.598,12.939983367919922,241.17773437500003,243.12176513671866,Kelmarsh 1,563.84521484375
2018-01-29 01:00:00,52.400604,-0.947133,145.598,11.808661460876465,235.47096252441406,242.52192687988273,Kelmarsh 1,686.3439331054688
2018-01-29 02:00:00,52.400604,-0.947133,145.598,10.72698974609375,227.78796386718747,231.04855346679682,Kelmarsh 1,689.3291015625
2018-01-29 03:00:00,52.400604,-0.947133,145.598,11.811599731445312,242.493194580078,242.02420043945312,Kelmarsh 1,676.6827392578125
2018-01-29 04:00:00,52.400604,-0.947133,145.598,11.356410026550293,250.46052551269528,242.02420043945312,Kelmarsh 1,451.219482421875
2018-01-29 05:00:00,52.400604,-0.947133,145.598,16.12282943725586,246.9643249511719,250.80471801757812,Kelmarsh 1,521.6000366210938
2018-01-29 06:00:00,52.400604,-0.947133,145.598,13.173957824707031,240.6746978759766,250.80471801757812,Kelmarsh 1,554.7799682617188
2018-01-29 07:00:00,52.400604,-0.947133,145.598,11.33018684387207,237.09260559082023,239.8290710449218,Kelmarsh 1,623.8111572265625
2018-01-29 08:00:00,52.400604,-0.947133,145.598,12.493047714233398,241.61482238769526,233.99656677246082,Kelmarsh 1,702.7778930664062
2018-01-29 09:00:00,52.400604,-0.947133,145.598,12.798083305358887,243.70431518554688,242.02420043945312,Kelmarsh 1,676.7403564453125
2018-01-29 10:00:00,52.400604,-0.947133,145.598,13.540853500366211,235.1285705566405,242.02420043945312,Kelmarsh 1,554.74951171875
2018-01-29 11:00:00,52.400604,-0.947133,145.598,12.099702835083008,243.94081115722656,244.21932983398432,Kelmarsh 1,718.416259765625
2018-01-29 12:00:00,52.400604,-0.947133,145.598,10.310908317565918,266.99493408203125,255.6226806640625,Kelmarsh 1,699.135986328125
2018-01-29 13:00:00,52.400604,-0.947133,145.598,7.8605804443359375,310.78530883789057,315.56103515624994,Kelmarsh 1,605.16845703125
2018-01-29 14:00:00,52.400604,-0.947133,145.598,10.206968307495117,305.47088623046875,299.0975646972656,Kelmarsh 1,451.955810546875
2018-01-29 15:00:00,52.400604,-0.947133,145.598,8.111431121826172,303.6354675292969,303.4845886230469,Kelmarsh 1,457.572265625
2018-01-29 16:00:00,52.400604,-0.947133,145.598,10.427504539489746,294.45681762695307,289.697998046875,Kelmarsh 1,377.6414794921875
2018-01-29 17:00:00,52.400604,-0.947133,145.598,9.110363006591797,294.5894470214844,299.0975646972656,Kelmarsh 1,418.22894287109375
2018-01-29 18:00:00,52.400604,-0.947133,145.598,8.923352241516113,302.9625244140625,299.0975646972656,Kelmarsh 1,494.6614074707031
2018-01-29 19:00:00,52.400604,-0.947133,145.598,7.20306396484375,295.377197265625,301.4147644042969,Kelmarsh 1,491.9969177246094
2018-01-29 20:00:00,52.400604,-0.947133,145.598,5.10064697265625,282.99462890625,293.60974121093744,Kelmarsh 1,407.3913269042969
2018-01-29 21:00:00,52.400604,-0.947133,145.598,6.876444339752197,285.3677978515625,285.86859130859375,Kelmarsh 1,300.9939880371094
2018-01-29 22:00:00,52.400604,-0.947133,145.598,7.063543319702148,286.55590820312494,293.60974121093744,Kelmarsh 1,264.11883544921875
2018-01-29 23:00:00,52.400604,-0.947133,145.598,8.615304946899414,289.17364501953125,296.1651000976562,Kelmarsh 1,257.7986145019531
2018-01-30 00:00:00,52.400604,-0.947133,145.598,9.189186096191406,279.4148864746093,279.3418884277344,Kelmarsh 1,283.1953430175781
2018-01-30 01:00:00,52.400604,-0.947133,145.598,9.475712776184082,290.2550354003906,292.5121765136719,Kelmarsh 1,370.88861083984375
2018-01-30 02:00:00,52.400604,-0.947133,145.598,8.534367561340332,288.2013549804687,287.99298095703114,Kelmarsh 1,285.5909729003906
2018-01-30 03:00:00,52.400604,-0.947133,145.598,6.67459774017334,271.60296630859364,276.82708740234375,Kelmarsh 1,162.860595703125
2018-01-30 04:00:00,52.400604,-0.947133,145.598,6.178460597991943,256.460693359375,266.1706237792969,Kelmarsh 1,164.64305114746094
2018-01-30 05:00:00,52.400604,-0.947133,145.598,6.9059624671936035,264.99102783203125,268.3657531738281,Kelmarsh 1,193.8514862060547
2018-01-30 06:00:00,52.400604,-0.947133,145.598,5.205711364746094,258.29351806640625,252.99984741210938,Kelmarsh 1,234.642822265625
2018-01-30 07:00:00,52.400604,-0.947133,145.598,6.554982662200928,255.70689392089844,252.99984741210938,Kelmarsh 1,233.02671813964844
2018-01-30 08:00:00,52.400604,-0.947133,145.598,6.520920276641846,244.17147827148438,252.99984741210938,Kelmarsh 1,313.9727478027344
2018-01-30 09:00:00,52.400604,-0.947133,145.598,5.129456520080566,236.75039672851562,238.7315063476562,Kelmarsh 1,292.5668029785156
2018-01-30 10:00:00,52.400604,-0.947133,145.598,4.802496910095215,232.95640563964844,238.7315063476562,Kelmarsh 1,283.06304931640625
2018-01-30 11:00:00,52.400604,-0.947133,145.598,3.5253968238830566,237.68205261230463,238.7315063476562,Kelmarsh 1,253.9412078857422
2018-01-30 12:00:00,52.400604,-0.947133,145.598,4.455466270446777,215.33683776855466,211.29238891601562,Kelmarsh 1,278.5338439941406
2018-01-30 13:00:00,52.400604,-0.947133,145.598,6.414536476135254,240.197036743164,235.43881225585938,Kelmarsh 1,279.8287048339844
2018-01-30 14:00:00,52.400604,-0.947133,145.598,5.800658702850342,223.89250183105463,223.36560058593747,Kelmarsh 1,204.72911071777344
2018-01-30 15:00:00,52.400604,-0.947133,145.598,4.906982898712158,217.45341491699213,209.09725952148438,Kelmarsh 1,160.20896911621094
2018-01-30 16:00:00,52.400604,-0.947133,145.598,4.6544108390808105,206.0687866210937,209.09725952148438,Kelmarsh 1,148.51817321777344
2018-01-30 17:00:00,52.400604,-0.947133,145.598,6.590034008026123,204.1783905029297,209.09725952148438,Kelmarsh 1,221.17323303222656
2018-01-30 18:00:00,52.400604,-0.947133,145.598,5.456689834594727,218.22419738769528,209.09725952148438,Kelmarsh 1,195.9129638671875
2018-01-30 19:00:00,52.400604,-0.947133,145.598,6.630580902099609,207.72651672363278,209.09725952148438,Kelmarsh 1,109.56805419921875
2018-01-30 20:00:00,52.400604,-0.947133,145.598,6.214730262756348,203.90829467773438,192.63378906249997,Kelmarsh 1,79.7414321899414
2018-01-30 21:00:00,52.400604,-0.947133,145.598,6.305459976196289,185.61447143554688,192.63378906249997,Kelmarsh 1,66.36893463134766
2018-01-30 22:00:00,52.400604,-0.947133,145.598,7.314349174499512,191.70306396484375,192.7695007324218,Kelmarsh 1,50.494895935058594
2018-01-30 23:00:00,52.400604,-0.947133,145.598,9.299056053161621,218.36509704589844,212.38995361328128,Kelmarsh 1,45.18232727050781
2018-01-31 00:00:00,52.400604,-0.947133,145.598,10.160725593566895,226.82800292968747,229.95098876953122,Kelmarsh 1,35.155128479003906
2018-01-31 01:00:00,52.400604,-0.947133,145.598,11.498228073120117,229.2803039550781,227.92205810546875,Kelmarsh 1,47.31328201293945
2018-01-31 02:00:00,52.400604,-0.947133,145.598,11.398397445678711,259.8638916015625,255.1949768066406,Kelmarsh 1,95.52337646484375
2018-01-31 03:00:00,52.400604,-0.947133,145.598,12.598401069641113,247.51953125,251.90228271484372,Kelmarsh 1,176.7707977294922
2018-01-31 04:00:00,52.400604,-0.947133,145.598,10.185606956481934,226.76022338867185,231.05500793457026,Kelmarsh 1,139.29501342773438
2018-01-31 05:00:00,52.400604,-0.947133,145.598,9.316328048706055,223.40199279785148,222.26803588867182,Kelmarsh 1,102.1545639038086
2018-01-31 06:00:00,52.400604,-0.947133,145.598,9.110421180725098,221.48678588867188,221.1704711914062,Kelmarsh 1,18.48898696899414
2018-01-31 07:00:00,52.400604,-0.947133,145.598,11.691447257995605,238.98597717285156,244.21932983398432,Kelmarsh 1,4.205041408538818
2018-01-31 08:00:00,52.400604,-0.947133,145.598,11.921990394592285,275.1230163574219,275.6084594726562,Kelmarsh 1,-1.4362210035324097
2018-01-31 09:00:00,52.400604,-0.947133,145.598,7.85960054397583,267.9810485839843,267.9889221191406,Kelmarsh 1,15.895210266113281
2018-01-31 10:00:00,52.400604,-0.947133,145.598,8.231776237487793,253.78697204589844,258.4876708984375,Kelmarsh 1,20.24466323852539
2018-01-31 11:00:00,52.400604,-0.947133,145.598,8.790037155151367,254.22445678710932,253.65342712402344,Kelmarsh 1,4.4350152015686035
2018-01-31 12:00:00,52.400604,-0.947133,145.598,8.738614082336426,250.75144958496094,248.6095886230468,Kelmarsh 1,13.713533401489258
2018-01-31 13:00:00,52.400604,-0.947133,145.598,11.807779312133789,265.8622131347656,271.92669677734375,Kelmarsh 1,-4.284056663513184
2018-01-31 14:00:00,52.400604,-0.947133,145.598,9.826687812805176,270.191162109375,267.8061218261719,Kelmarsh 1,-10.892716407775879
2018-01-31 15:00:00,52.400604,-0.947133,145.598,12.01074504852295,268.1399230957031,277.1462707519531,Kelmarsh 1,-0.9624340534210205
2018-01-31 16:00:00,52.400604,-0.947133,145.598,7.221192836761475,265.8473205566406,273.85357666015625,Kelmarsh 1,2.856574773788452
2018-01-31 17:00:00,52.400604,-0.947133,145.598,10.443390846252441,246.49710083007812,244.21932983398432,Kelmarsh 1,25.652339935302734
2018-01-31 18:00:00,52.400604,-0.947133,145.598,13.757801055908203,253.44491577148438,252.5668182373047,Kelmarsh 1,28.006393432617188
2018-01-31 19:00:00,52.400604,-0.947133,145.598,10.423760414123535,252.00534057617188,256.29254150390625,Kelmarsh 1,81.76609802246094
2018-01-31 20:00:00,52.400604,-0.947133,145.598,12.437215805053711,255.43505859375,246.41445922851562,Kelmarsh 1,25.56935691833496
2018-01-31 21:00:00,52.400604,-0.947133,145.598,11.356822967529297,247.1937255859375,246.41445922851562,Kelmarsh 1,2.9685401916503906
2018-01-31 22:00:00,52.400604,-0.947133,145.598,8.755548477172852,238.61381530761713,241.01014709472653,Kelmarsh 1,-1.7990120649337769
2018-01-31 23:00:00,52.400604,-0.947133,145.598,8.657167434692383,237.57902526855472,242.02420043945312,Kelmarsh 1,-0.7442325353622437
2018-02-01 00:00:00,52.400604,-0.947133,145.598,9.141202926635742,240.73348999023438,242.02420043945312,Kelmarsh 1,2.0631930828094482
2018-02-01 01:00:00,52.400604,-0.947133,145.598,10.360758781433105,246.33129882812491,246.41445922851562,Kelmarsh 1,24.48396110534668
2018-02-01 02:00:00,52.400604,-0.947133,145.598,7.237506866455078,287.8253479003906,281.53652954101557,Kelmarsh 1,43.869876861572266
2018-02-01 03:00:00,52.400604,-0.947133,145.598,9.16960334777832,315.2889709472656,305.6829528808594,Kelmarsh 1,13.444698333740234
2018-02-01 04:00:00,52.400604,-0.947133,145.598,8.312517166137695,312.26724243164057,307.538848876953,Kelmarsh 1,-4.5300493240356445
2018-02-01 05:00:00,52.400604,-0.947133,145.598,8.795513153076172,292.64459228515625,293.05645751953125,Kelmarsh 1,-0.7821110486984253
2018-02-01 06:00:00,52.400604,-0.947133,145.598,9.446277618408203,290.61566162109375,283.7316589355469,Kelmarsh 1,61.011024475097656
2018-02-01 07:00:00,52.400604,-0.947133,145.598,9.677510261535645,282.90936279296875,283.7316589355469,Kelmarsh 1,58.1781005859375
2018-02-01 08:00:00,52.400604,-0.947133,145.598,9.268207550048828,296.61932373046875,294.7073059082031,Kelmarsh 1,160.2046661376953
2018-02-01 09:00:00,52.400604,-0.947133,145.598,9.197669982910156,291.5137939453125,287.02435302734375,Kelmarsh 1,245.5310821533203
2018-02-01 10:00:00,52.400604,-0.947133,145.598,10.643446922302246,300.4206848144531,305.6821594238281,Kelmarsh 1,105.44341278076172
2018-02-01 11:00:00,52.400604,-0.947133,145.598,11.386123657226562,292.98492431640625,290.3170471191406,Kelmarsh 1,172.5991973876953
2018-02-01 12:00:00,52.400604,-0.947133,145.598,11.106417655944824,297.1417846679687,292.5121765136719,Kelmarsh 1,226.47274780273438
2018-02-01 13:00:00,52.400604,-0.947133,145.598,11.711509704589844,295.7285461425781,294.7073059082031,Kelmarsh 1,29.179201126098633
2018-02-01 14:00:00,52.400604,-0.947133,145.598,11.32209300994873,307.14599609375,306.78051757812494,Kelmarsh 1,76.22702026367188
2018-02-01 15:00:00,52.400604,-0.947133,145.598,9.75666618347168,304.2294006347656,311.9699401855469,Kelmarsh 1,23.926067352294922
2018-02-01 16:00:00,52.400604,-0.947133,145.598,8.836984634399414,309.2166442871093,313.36590576171875,Kelmarsh 1,-8.875410079956055
2018-02-01 17:00:00,52.400604,-0.947133,145.598,6.441067218780518,315.81842041015625,325.4391174316406,Kelmarsh 1,-7.039165019989014
2018-02-01 18:00:00,52.400604,-0.947133,145.598,9.380852699279785,303.7248840332031,299.0975646972656,Kelmarsh 1,6.872889518737793
2018-02-01 19:00:00,52.400604,-0.947133,145.598,10.193339347839355,300.1055908203125,299.0975646972656,Kelmarsh 1,118.98760223388672
2018-02-01 20:00:00,52.400604,-0.947133,145.598,9.626882553100586,300.9760437011719,299.0975646972656,Kelmarsh 1,172.46212768554688
2018-02-01 21:00:00,52.400604,-0.947133,145.598,8.939078330993652,300.0084533691406,299.0975646972656,Kelmarsh 1,145.70855712890625
2018-02-01 22:00:00,52.400604,-0.947133,145.598,10.84702205657959,303.0387268066406,299.0975646972656,Kelmarsh 1,-4.229642868041992
2018-02-01 23:00:00,52.400604,-0.947133,145.598,10.386602401733398,300.8807067871094,299.0975646972656,Kelmarsh 1,-4.2771477699279785
2018-02-02 00:00:00,52.400604,-0.947133,145.598,11.665773391723633,294.9107360839844,299.0975646972656,Kelmarsh 1,14.025897979736328
2018-02-02 01:00:00,52.400604,-0.947133,145.598,10.237411499023438,292.79296874999994,299.0975646972656,Kelmarsh 1,153.95323181152344
2018-02-02 02:00:00,52.400604,-0.947133,145.598,9.397493362426758,298.856201171875,299.0975646972656,Kelmarsh 1,172.9374542236328
2018-02-02 03:00:00,52.400604,-0.947133,145.598,10.060046195983887,297.9919128417969,299.0975646972656,Kelmarsh 1,63.58391189575195
2018-02-02 04:00:00,52.400604,-0.947133,145.598,7.4552083015441895,309.1762390136719,300.1903076171875,Kelmarsh 1,164.37319946289062
2018-02-02 05:00:00,52.400604,-0.947133,145.598,9.422350883483887,305.84393310546875,299.64349365234375,Kelmarsh 1,258.2606506347656
2018-02-02 06:00:00,52.400604,-0.947133,145.598,9.126779556274414,311.15179443359364,306.78051757812494,Kelmarsh 1,380.7337951660156
2018-02-02 07:00:00,52.400604,-0.947133,145.598,8.289518356323242,303.5726318359375,306.78051757812494,Kelmarsh 1,273.04595947265625
2018-02-02 08:00:00,52.400604,-0.947133,145.598,8.891778945922852,304.1771240234375,306.78051757812494,Kelmarsh 1,101.47811126708984
2018-02-02 09:00:00,52.400604,-0.947133,145.598,7.112284183502197,320.7962341308594,317.75616455078125,Kelmarsh 1,36.34870147705078
2018-02-02 10:00:00,52.400604,-0.947133,145.598,6.49107027053833,329.675079345703,328.23590087890625,Kelmarsh 1,61.22676086425781
2018-02-02 11:00:00,52.400604,-0.947133,145.598,7.904438018798828,334.80578613281244,334.85952758789057,Kelmarsh 1,8.25304126739502
2018-02-02 12:00:00,52.400604,-0.947133,145.598,5.595890522003174,334.8211364746093,343.187774658203,Kelmarsh 1,17.66388511657715
2018-02-02 13:00:00,52.400604,-0.947133,145.598,3.440761089324951,330.0574645996094,340.8050231933594,Kelmarsh 1,84.3644790649414
2018-02-02 14:00:00,52.400604,-0.947133,145.598,6.18930721282959,341.993408203125,338.3855895996094,Kelmarsh 1,97.31974792480469
2018-02-02 15:00:00,52.400604,-0.947133,145.598,4.3600287437438965,340.34552001953125,337.5123291015625,Kelmarsh 1,347.10040283203125
2018-02-02 16:00:00,52.400604,-0.947133,145.598,2.707385540008545,334.1038513183594,337.5123291015625,Kelmarsh 1,509.7539978027344
2018-02-02 17:00:00,52.400604,-0.947133,145.598,1.4572081565856934,330.7750854492187,337.5123291015625,Kelmarsh 1,475.01934814453125
2018-02-02 18:00:00,52.400604,-0.947133,145.598,2.9783146381378174,324.2102355957031,311.59091186523426,Kelmarsh 1,877.0699462890625
2018-02-02 19:00:00,52.400604,-0.947133,145.598,5.818437576293945,299.8377685546875,301.2926940917969,Kelmarsh 1,1264.78662109375
2018-02-02 20:00:00,52.400604,-0.947133,145.598,5.839372158050537,286.4549255371094,301.2926940917969,Kelmarsh 1,716.6182250976562
2018-02-02 21:00:00,52.400604,-0.947133,145.598,5.649399757385254,282.5590515136719,276.94097900390625,Kelmarsh 1,1338.6826171875
2018-02-02 22:00:00,52.400604,-0.947133,145.598,6.823524475097656,291.3587341308593,288.1219177246094,Kelmarsh 1,1110.7122802734375
2018-02-02 23:00:00,52.400604,-0.947133,145.598,5.789936065673828,295.06109619140625,288.1219177246094,Kelmarsh 1,990.3668212890625
2018-02-03 00:00:00,52.400604,-0.947133,145.598,5.89840841293335,277.97210693359375,272.76910400390625,Kelmarsh 1,964.8223266601562
2018-02-03 01:00:00,52.400604,-0.947133,145.598,5.873775959014893,259.3543395996094,256.29254150390625,Kelmarsh 1,1686.8729248046875
2018-02-03 02:00:00,52.400604,-0.947133,145.598,4.54752254486084,253.3598327636718,256.29254150390625,Kelmarsh 1,1838.612060546875
2018-02-03 03:00:00,52.400604,-0.947133,145.598,7.261545658111572,255.32180786132807,256.29254150390625,Kelmarsh 1,1323.8663330078125
2018-02-03 04:00:00,52.400604,-0.947133,145.598,6.6585612297058105,256.2144775390625,256.29254150390625,Kelmarsh 1,1072.28076171875
2018-02-03 05:00:00,52.400604,-0.947133,145.598,7.09181022644043,260.14935302734375,256.29254150390625,Kelmarsh 1,632.1710815429688
2018-02-03 06:00:00,52.400604,-0.947133,145.598,5.657949924468994,255.01654052734375,256.29254150390625,Kelmarsh 1,368.9875183105469
2018-02-03 07:00:00,52.400604,-0.947133,145.598,3.955545663833618,254.8047943115234,256.29254150390625,Kelmarsh 1,1105.7327880859375
2018-02-03 08:00:00,52.400604,-0.947133,145.598,2.4923484325408936,235.14703369140625,256.29254150390625,Kelmarsh 1,792.7428588867188
2018-02-03 09:00:00,52.400604,-0.947133,145.598,2.5354771614074707,200.92227172851554,210.19482421874994,Kelmarsh 1,724.8912353515625
2018-02-03 10:00:00,52.400604,-0.947133,145.598,2.261906385421753,218.91831970214835,210.19482421874994,Kelmarsh 1,1245.0699462890625
2018-02-03 11:00:00,52.400604,-0.947133,145.598,2.518031358718872,196.73246765136713,210.19482421874994,Kelmarsh 1,715.53466796875
2018-02-03 12:00:00,52.400604,-0.947133,145.598,1.4543999433517456,174.911865234375,197.02404785156244,Kelmarsh 1,456.360107421875
2018-02-03 13:00:00,52.400604,-0.947133,145.598,1.0824750661849976,178.3179473876953,197.02404785156244,Kelmarsh 1,384.1078796386719
2018-02-03 14:00:00,52.400604,-0.947133,145.598,1.1633251905441284,124.81480407714844,197.02404785156244,Kelmarsh 1,592.2947998046875
2018-02-03 15:00:00,52.400604,-0.947133,145.598,1.660293698310852,77.87285614013672,197.02404785156244,Kelmarsh 1,1319.5009765625
2018-02-03 16:00:00,52.400604,-0.947133,145.598,1.935150146484375,73.69843292236328,197.02404785156244,Kelmarsh 1,565.8587646484375
2018-02-03 17:00:00,52.400604,-0.947133,145.598,2.387362480163574,69.2214126586914,60.92648696899414,Kelmarsh 1,515.2061767578125
2018-02-03 18:00:00,52.400604,-0.947133,145.598,3.152151107788086,51.601158142089844,53.587677001953125,Kelmarsh 1,694.6383056640625
2018-02-03 19:00:00,52.400604,-0.947133,145.598,3.2941267490386963,44.33347702026367,42.26795196533203,Kelmarsh 1,831.9932861328125
2018-02-03 20:00:00,52.400604,-0.947133,145.598,3.504291296005249,41.83097839355469,20.316734313964844,Kelmarsh 1,649.3396606445312
2018-02-03 21:00:00,52.400604,-0.947133,145.598,3.783879518508911,24.973155975341797,35.682586669921875,Kelmarsh 1,320.67608642578125
2018-02-03 22:00:00,52.400604,-0.947133,145.598,3.726391553878784,33.6070442199707,35.682586669921875,Kelmarsh 1,1402.7706298828125
2018-02-03 23:00:00,52.400604,-0.947133,145.598,5.477317810058594,19.431867599487305,35.682586669921875,Kelmarsh 1,1753.110107421875
2018-02-04 00:00:00,52.400604,-0.947133,145.598,4.217369556427002,32.121368408203125,19.219173431396484,Kelmarsh 1,1688.235107421875
2018-02-04 01:00:00,52.400604,-0.947133,145.598,5.51693058013916,47.97755813598633,57.359771728515625,Kelmarsh 1,1041.6602783203125
2018-02-04 02:00:00,52.400604,-0.947133,145.598,6.969260215759277,42.573455810546875,38.97526931762695,Kelmarsh 1,1063.78369140625
2018-02-04 03:00:00,52.400604,-0.947133,145.598,5.907207012176514,37.01922607421875,38.97526931762695,Kelmarsh 1,1626.613525390625
2018-02-04 04:00:00,52.400604,-0.947133,145.598,9.641258239746094,41.60094451904297,38.97526931762695,Kelmarsh 1,1450.1329345703125
2018-02-04 05:00:00,52.400604,-0.947133,145.598,7.616942882537842,47.845062255859375,38.97526931762695,Kelmarsh 1,1328.841552734375
2018-02-04 06:00:00,52.400604,-0.947133,145.598,4.612992286682129,19.982202529907227,38.97526931762695,Kelmarsh 1,878.9287719726562
2018-02-04 07:00:00,52.400604,-0.947133,145.598,7.63144063949585,16.44563865661621,12.633811950683594,Kelmarsh 1,399.58514404296875
2018-02-04 08:00:00,52.400604,-0.947133,145.598,6.280944347381592,19.23021697998047,26.897443771362305,Kelmarsh 1,307.7923583984375
2018-02-04 09:00:00,52.400604,-0.947133,145.598,3.9576988220214844,22.493913650512695,19.219173431396484,Kelmarsh 1,607.0032958984375
2018-02-04 10:00:00,52.400604,-0.947133,145.598,5.028643608093262,19.260997772216797,19.219173431396484,Kelmarsh 1,582.546630859375
2018-02-04 11:00:00,52.400604,-0.947133,145.598,5.745119094848633,26.398160934448242,25.148357391357422,Kelmarsh 1,229.62109375
2018-02-04 12:00:00,52.400604,-0.947133,145.598,8.092384338378906,37.982383728027344,38.611717224121094,Kelmarsh 1,201.34974670410156
2018-02-04 13:00:00,52.400604,-0.947133,145.598,6.439282417297363,42.51606750488281,38.97526931762695,Kelmarsh 1,261.8044128417969
2018-02-04 14:00:00,52.400604,-0.947133,145.598,3.772278070449829,30.904342651367188,42.26795196533203,Kelmarsh 1,281.07830810546875
2018-02-04 15:00:00,52.400604,-0.947133,145.598,5.947041988372803,34.707794189453125,33.487464904785156,Kelmarsh 1,312.9601135253906
2018-02-04 16:00:00,52.400604,-0.947133,145.598,7.074732780456543,16.53173065185547,17.033021926879883,Kelmarsh 1,287.91070556640625
2018-02-04 17:00:00,52.400604,-0.947133,145.598,6.0362348556518555,19.979101181030273,26.902099609375,Kelmarsh 1,462.6205749511719
2018-02-04 18:00:00,52.400604,-0.947133,145.598,5.458402633666992,38.04310989379883,35.682586669921875,Kelmarsh 1,561.0468139648438
2018-02-04 19:00:00,52.400604,-0.947133,145.598,5.616629600524902,24.242477416992188,10.438692092895508,Kelmarsh 1,687.4649047851562
2018-02-04 20:00:00,52.400604,-0.947133,145.598,4.0317816734313965,26.1685791015625,10.438692092895508,Kelmarsh 1,693.1881103515625
2018-02-04 21:00:00,52.400604,-0.947133,145.598,6.017505168914795,17.911558151245117,10.438692092895508,Kelmarsh 1,462.779541015625
2018-02-04 22:00:00,52.400604,-0.947133,145.598,5.228543281555176,20.45488166809082,10.438692092895508,Kelmarsh 1,459.0933532714844
2018-02-04 23:00:00,52.400604,-0.947133,145.598,3.9915010929107666,19.640735626220703,42.26795196533203,Kelmarsh 1,556.9140625
2018-02-05 00:00:00,52.400604,-0.947133,145.598,3.8974449634552,27.462282180786133,14.82892894744873,Kelmarsh 1,508.9035339355469
2018-02-05 01:00:00,52.400604,-0.947133,145.598,2.9239296913146973,26.563880920410156,14.82892894744873,Kelmarsh 1,467.07769775390625
2018-02-05 02:00:00,52.400604,-0.947133,145.598,2.6206235885620117,34.28190994262695,14.82892894744873,Kelmarsh 1,397.6500549316406
2018-02-05 03:00:00,52.400604,-0.947133,145.598,3.631704330444336,27.130489349365234,14.82892894744873,Kelmarsh 1,503.3787841796875
2018-02-05 04:00:00,52.400604,-0.947133,145.598,2.693657159805298,32.87065887451172,49.95087814331055,Kelmarsh 1,446.2586669921875
2018-02-05 05:00:00,52.400604,-0.947133,145.598,2.9367613792419434,28.7955379486084,14.82892894744873,Kelmarsh 1,435.8873596191406
2018-02-05 06:00:00,52.400604,-0.947133,145.598,2.949272394180298,37.27141571044922,40.07283020019531,Kelmarsh 1,393.47247314453125
2018-02-05 07:00:00,52.400604,-0.947133,145.598,3.338231086730957,42.3881721496582,30.949581146240234,Kelmarsh 1,408.92578125
2018-02-05 08:00:00,52.400604,-0.947133,145.598,4.483667373657227,8.348804473876953,20.414121627807617,Kelmarsh 1,731.0636596679688
2018-02-05 09:00:00,52.400604,-0.947133,145.598,4.13974142074585,32.40639114379883,42.26795196533203,Kelmarsh 1,752.4823608398438
2018-02-05 10:00:00,52.400604,-0.947133,145.598,4.913370609283447,47.20624923706055,42.26795196533203,Kelmarsh 1,859.6015014648438
2018-02-05 11:00:00,52.400604,-0.947133,145.598,3.941957712173462,43.792022705078125,42.26795196533203,Kelmarsh 1,640.8287963867188
2018-02-05 12:00:00,52.400604,-0.947133,145.598,5.997273921966553,52.98715591430664,42.26795196533203,Kelmarsh 1,453.17437744140625
2018-02-05 13:00:00,52.400604,-0.947133,145.598,6.318124771118164,48.83497619628906,54.341121673583984,Kelmarsh 1,744.8901977539062
2018-02-05 14:00:00,52.400604,-0.947133,145.598,4.820502758026123,48.23606491088867,54.341121673583984,Kelmarsh 1,1024.0909423828125
2018-02-05 15:00:00,52.400604,-0.947133,145.598,4.140075206756592,38.17095947265625,42.26795196533203,Kelmarsh 1,691.755615234375
2018-02-05 16:00:00,52.400604,-0.947133,145.598,4.378663063049316,45.75043869018555,42.26795196533203,Kelmarsh 1,680.7189331054688
2018-02-05 17:00:00,52.400604,-0.947133,145.598,2.7289540767669678,37.15725326538086,42.26795196533203,Kelmarsh 1,394.8047180175781
2018-02-05 18:00:00,52.400604,-0.947133,145.598,3.48984956741333,40.498390197753906,42.26795196533203,Kelmarsh 1,471.67730712890625
2018-02-05 19:00:00,52.400604,-0.947133,145.598,3.2207677364349365,39.782798767089844,42.26795196533203,Kelmarsh 1,386.3433837890625
2018-02-05 20:00:00,52.400604,-0.947133,145.598,3.940157413482666,41.413482666015625,42.26795196533203,Kelmarsh 1,429.46734619140625
2018-02-05 21:00:00,52.400604,-0.947133,145.598,3.2015926837921143,40.0003547668457,42.26795196533203,Kelmarsh 1,508.0317687988281
2018-02-05 22:00:00,52.400604,-0.947133,145.598,2.9415690898895264,58.47834777832031,42.26795196533203,Kelmarsh 1,334.866455078125
2018-02-05 23:00:00,52.400604,-0.947133,145.598,2.827261209487915,55.28044891357422,42.26795196533203,Kelmarsh 1,357.09564208984375
2018-02-06 00:00:00,52.400604,-0.947133,145.598,2.307075023651123,66.38521575927734,55.438682556152344,Kelmarsh 1,571.8695678710938
2018-02-06 01:00:00,52.400604,-0.947133,145.598,2.5994997024536133,55.63877868652344,55.438682556152344,Kelmarsh 1,362.4143981933594
2018-02-06 02:00:00,52.400604,-0.947133,145.598,2.6195132732391357,34.001338958740234,42.26795196533203,Kelmarsh 1,435.70806884765625
2018-02-06 03:00:00,52.400604,-0.947133,145.598,3.785123348236084,3.4760940074920654,11.53625202178955,Kelmarsh 1,931.8702392578125
2018-02-06 04:00:00,52.400604,-0.947133,145.598,2.147643804550171,45.49857711791992,21.120773315429688,Kelmarsh 1,1295.033203125
2018-02-06 05:00:00,52.400604,-0.947133,145.598,2.6371638774871826,22.299571990966797,22.70631980895996,Kelmarsh 1,970.4996948242188
2018-02-06 06:00:00,52.400604,-0.947133,145.598,2.441925287246704,8.953286170959473,19.219173431396484,Kelmarsh 1,759.9945678710938
2018-02-06 07:00:00,52.400604,-0.947133,145.598,4.8450422286987305,339.6251525878906,346.53936767578125,Kelmarsh 1,617.9439086914062
2018-02-06 08:00:00,52.400604,-0.947133,145.598,5.460165977478027,337.5055847167968,347.389892578125,Kelmarsh 1,451.7524719238281
2018-02-06 09:00:00,52.400604,-0.947133,145.598,3.590458393096924,345.62127685546875,347.389892578125,Kelmarsh 1,583.4638061523438
2018-02-06 10:00:00,52.400604,-0.947133,145.598,2.373075008392334,17.93813133239746,4.95090913772583,Kelmarsh 1,669.1439208984375
2018-02-06 11:00:00,52.400604,-0.947133,145.598,3.0737712383270264,340.31399536132807,338.60937500000006,Kelmarsh 1,947.97119140625
2018-02-06 12:00:00,52.400604,-0.947133,145.598,3.3345372676849365,339.020263671875,338.60937500000006,Kelmarsh 1,898.6001586914062
2018-02-06 13:00:00,52.400604,-0.947133,145.598,3.515280246734619,2.267550230026245,347.9387512207031,Kelmarsh 1,691.4664306640625
2018-02-06 14:00:00,52.400604,-0.947133,145.598,2.8031113147735596,356.7796936035156,353.97528076171875,Kelmarsh 1,726.7025756835938
2018-02-06 15:00:00,52.400604,-0.947133,145.598,2.9105653762817383,339.60787963867176,342.83831787109375,Kelmarsh 1,595.948974609375
2018-02-06 16:00:00,52.400604,-0.947133,145.598,3.499464988708496,357.5450744628906,341.9020690917968,Kelmarsh 1,384.1639099121094
2018-02-06 17:00:00,52.400604,-0.947133,145.598,4.900562763214111,303.7952880859375,312.36041259765625,Kelmarsh 1,698.0641479492188
2018-02-06 18:00:00,52.400604,-0.947133,145.598,2.7710540294647217,332.48413085937494,322.1459045410156,Kelmarsh 1,612.943115234375
2018-02-06 19:00:00,52.400604,-0.947133,145.598,3.2329261302948,322.044189453125,322.1459045410156,Kelmarsh 1,547.6380615234375
2018-02-06 20:00:00,52.400604,-0.947133,145.598,3.9637131690979004,344.6878662109375,322.1459045410156,Kelmarsh 1,500.4955749511719
2018-02-06 21:00:00,52.400604,-0.947133,145.598,5.83943510055542,338.44766235351557,336.41424560546875,Kelmarsh 1,493.3958435058594
2018-02-06 22:00:00,52.400604,-0.947133,145.598,7.770263195037842,341.45111083984364,336.41424560546875,Kelmarsh 1,511.486328125
2018-02-06 23:00:00,52.400604,-0.947133,145.598,5.916358470916748,341.6993103027344,336.41424560546875,Kelmarsh 1,602.3236694335938
2018-02-07 00:00:00,52.400604,-0.947133,145.598,3.5178604125976562,331.7321472167969,336.41424560546875,Kelmarsh 1,664.7412109375
2018-02-07 01:00:00,52.400604,-0.947133,145.598,4.434885025024414,334.2492065429687,336.41424560546875,Kelmarsh 1,850.7011108398438
2018-02-07 02:00:00,52.400604,-0.947133,145.598,3.5324690341949463,330.7890319824219,336.41424560546875,Kelmarsh 1,776.12109375
2018-02-07 03:00:00,52.400604,-0.947133,145.598,4.36767053604126,338.80508422851557,336.41424560546875,Kelmarsh 1,766.1504516601562
2018-02-07 04:00:00,52.400604,-0.947133,145.598,6.1399993896484375,340.078643798828,336.41424560546875,Kelmarsh 1,779.6573486328125
2018-02-07 05:00:00,52.400604,-0.947133,145.598,3.819408416748047,331.61285400390625,336.41424560546875,Kelmarsh 1,783.4017333984375
2018-02-07 06:00:00,52.400604,-0.947133,145.598,4.537907123565674,334.0340576171875,336.41424560546875,Kelmarsh 1,945.0960083007812
2018-02-07 07:00:00,52.400604,-0.947133,145.598,4.575180530548096,338.35113525390625,336.41424560546875,Kelmarsh 1,832.742919921875
2018-02-07 08:00:00,52.400604,-0.947133,145.598,5.1154608726501465,350.00363159179676,336.41424560546875,Kelmarsh 1,600.8676147460938
2018-02-07 09:00:00,52.400604,-0.947133,145.598,6.3917436599731445,327.4998474121094,336.41424560546875,Kelmarsh 1,961.8547973632812
2018-02-07 10:00:00,52.400604,-0.947133,145.598,4.999129295349121,333.8976440429687,336.41424560546875,Kelmarsh 1,1091.8411865234375
2018-02-07 11:00:00,52.400604,-0.947133,145.598,4.837747097015381,327.3300476074219,336.41424560546875,Kelmarsh 1,1522.3563232421875
2018-02-07 12:00:00,52.400604,-0.947133,145.598,4.2335004806518555,328.54693603515625,336.41424560546875,Kelmarsh 1,1765.86962890625
2018-02-07 13:00:00,52.400604,-0.947133,145.598,5.155815601348877,323.25775146484375,336.41424560546875,Kelmarsh 1,1382.0892333984375
2018-02-07 14:00:00,52.400604,-0.947133,145.598,3.1534786224365234,321.4376525878906,336.41424560546875,Kelmarsh 1,1113.2908935546875
2018-02-07 15:00:00,52.400604,-0.947133,145.598,3.1438074111938477,306.6833190917969,310.07269287109375,Kelmarsh 1,1384.16748046875
2018-02-07 16:00:00,52.400604,-0.947133,145.598,3.6473896503448486,290.7049255371094,287.0238342285156,Kelmarsh 1,1503.557861328125
2018-02-07 17:00:00,52.400604,-0.947133,145.598,4.6202874183654785,297.11492919921875,303.4873046875,Kelmarsh 1,1507.4420166015625
2018-02-07 18:00:00,52.400604,-0.947133,145.598,5.976742267608643,296.6070861816406,303.4873046875,Kelmarsh 1,1352.5096435546875
2018-02-07 19:00:00,52.400604,-0.947133,145.598,4.7280426025390625,280.02819824218744,278.2433166503906,Kelmarsh 1,1044.760009765625
2018-02-07 20:00:00,52.400604,-0.947133,145.598,5.177978992462158,267.68182373046875,278.2433166503906,Kelmarsh 1,1159.679931640625
2018-02-07 21:00:00,52.400604,-0.947133,145.598,5.404850006103516,239.88107299804688,251.9017639160156,Kelmarsh 1,1082.2413330078125
2018-02-07 22:00:00,52.400604,-0.947133,145.598,5.993485450744629,238.23107910156247,251.9017639160156,Kelmarsh 1,1251.09130859375
2018-02-07 23:00:00,52.400604,-0.947133,145.598,6.137976169586182,235.1302947998047,251.9017639160156,Kelmarsh 1,1614.4154052734375
2018-02-08 00:00:00,52.400604,-0.947133,145.598,5.5272698402404785,243.5688018798828,251.9017639160156,Kelmarsh 1,1782.45654296875
2018-02-08 01:00:00,52.400604,-0.947133,145.598,5.6472578048706055,240.65789794921872,251.9017639160156,Kelmarsh 1,1551.1778564453125
2018-02-08 02:00:00,52.400604,-0.947133,145.598,6.098508358001709,239.78944396972653,243.10185241699216,Kelmarsh 1,1426.0487060546875
2018-02-08 03:00:00,52.400604,-0.947133,145.598,5.845393657684326,227.83271789550784,233.24316406250003,Kelmarsh 1,1133.566162109375
2018-02-08 04:00:00,52.400604,-0.947133,145.598,6.468740940093994,215.79837036132807,228.81166076660156,Kelmarsh 1,1014.6673583984375
2018-02-08 05:00:00,52.400604,-0.947133,145.598,7.066453456878662,220.08152770996097,224.462646484375,Kelmarsh 1,931.2044067382812
2018-02-08 06:00:00,52.400604,-0.947133,145.598,6.660305976867676,213.2145538330078,222.26751708984375,Kelmarsh 1,823.2908325195312
2018-02-08 07:00:00,52.400604,-0.947133,145.598,7.267856597900391,202.10797119140622,199.21865844726562,Kelmarsh 1,961.9796752929688
2018-02-08 08:00:00,52.400604,-0.947133,145.598,7.077312469482422,204.77049255371094,210.19430541992182,Kelmarsh 1,1115.007080078125
2018-02-08 09:00:00,52.400604,-0.947133,145.598,7.1593217849731445,209.49359130859372,200.31622314453116,Kelmarsh 1,1348.29638671875
2018-02-08 10:00:00,52.400604,-0.947133,145.598,8.17851448059082,209.36743164062497,213.48699951171875,Kelmarsh 1,1458.781494140625
2018-02-08 11:00:00,52.400604,-0.947133,145.598,8.852221488952637,206.1209564208984,209.09674072265625,Kelmarsh 1,1170.081787109375
2018-02-08 12:00:00,52.400604,-0.947133,145.598,7.587001800537109,205.56845092773432,209.09674072265625,Kelmarsh 1,1042.802001953125
2018-02-08 13:00:00,52.400604,-0.947133,145.598,8.7219877243042,207.87834167480466,204.70648193359372,Kelmarsh 1,1260.80322265625
2018-02-08 14:00:00,52.400604,-0.947133,145.598,8.334077835083008,206.41625976562497,209.33248901367188,Kelmarsh 1,1235.0875244140625
2018-02-08 15:00:00,52.400604,-0.947133,145.598,8.071943283081055,200.7465362548828,209.09674072265625,Kelmarsh 1,1090.72607421875
2018-02-08 16:00:00,52.400604,-0.947133,145.598,8.833907127380371,200.430435180664,200.31622314453116,Kelmarsh 1,1487.772705078125
2018-02-08 17:00:00,52.400604,-0.947133,145.598,9.663665771484375,196.09469604492188,191.53570556640625,Kelmarsh 1,1600.832763671875
2018-02-08 18:00:00,52.400604,-0.947133,145.598,10.597931861877441,193.91200256347653,191.53570556640625,Kelmarsh 1,1360.4224853515625
2018-02-08 19:00:00,52.400604,-0.947133,145.598,11.211529731750488,197.39416503906244,203.60891723632812,Kelmarsh 1,1700.859130859375
2018-02-08 20:00:00,52.400604,-0.947133,145.598,10.455893516540527,205.77726745605463,204.70648193359372,Kelmarsh 1,1312.431640625
2018-02-08 21:00:00,52.400604,-0.947133,145.598,10.89891242980957,197.45828247070312,198.12109374999997,Kelmarsh 1,1525.1365966796875
2018-02-08 22:00:00,52.400604,-0.947133,145.598,10.915412902832031,196.10751342773438,202.73208618164057,Kelmarsh 1,1799.7052001953125
2018-02-08 23:00:00,52.400604,-0.947133,145.598,9.959869384765625,198.6883697509765,198.77728271484372,Kelmarsh 1,1878.1298828125
2018-02-09 00:00:00,52.400604,-0.947133,145.598,10.301206588745117,196.00575256347656,200.31622314453116,Kelmarsh 1,2020.772216796875
2018-02-09 01:00:00,52.400604,-0.947133,145.598,9.645685195922852,188.65606689453114,193.73083496093744,Kelmarsh 1,1666.6937255859375
2018-02-09 02:00:00,52.400604,-0.947133,145.598,10.242135047912598,192.1391143798828,200.31622314453116,Kelmarsh 1,1620.0777587890625
2018-02-09 03:00:00,52.400604,-0.947133,145.598,8.667073249816895,208.2239685058593,208.76045227050776,Kelmarsh 1,1441.256103515625
2018-02-09 04:00:00,52.400604,-0.947133,145.598,7.684280872344971,211.84051513671872,212.51956176757812,Kelmarsh 1,1643.1488037109375
2018-02-09 05:00:00,52.400604,-0.947133,145.598,6.90894889831543,244.63523864746094,241.68002319335932,Kelmarsh 1,1633.239013671875
2018-02-09 06:00:00,52.400604,-0.947133,145.598,7.233400821685791,242.20925903320312,240.92611694335938,Kelmarsh 1,1943.3746337890625
2018-02-09 07:00:00,52.400604,-0.947133,145.598,8.658443450927734,287.3928527832031,290.3165283203125,Kelmarsh 1,1865.87939453125
2018-02-09 08:00:00,52.400604,-0.947133,145.598,6.850794315338135,282.5450744628906,280.4384460449219,Kelmarsh 1,2014.5191650390625
2018-02-09 09:00:00,52.400604,-0.947133,145.598,9.20189380645752,286.201171875,281.8643798828125,Kelmarsh 1,1885.6552734375
2018-02-09 10:00:00,52.400604,-0.947133,145.598,7.87075662612915,291.69683837890625,273.8530578613281,Kelmarsh 1,1917.0244140625
2018-02-09 11:00:00,52.400604,-0.947133,145.598,11.375212669372559,304.94586181640625,273.8530578613281,Kelmarsh 1,1788.67919921875
2018-02-09 12:00:00,52.400604,-0.947133,145.598,10.59294319152832,318.9352111816406,273.8530578613281,Kelmarsh 1,1725.7137451171875
2018-02-09 13:00:00,52.400604,-0.947133,145.598,12.68630599975586,309.1343994140625,316.0593566894531,Kelmarsh 1,1827.092529296875
2018-02-09 14:00:00,52.400604,-0.947133,145.598,12.065186500549316,309.44976806640625,315.5605163574218,Kelmarsh 1,1747.5064697265625
2018-02-09 15:00:00,52.400604,-0.947133,145.598,10.270069122314453,312.0303649902343,314.228515625,Kelmarsh 1,1575.1527099609375
2018-02-09 16:00:00,52.400604,-0.947133,145.598,9.49704647064209,311.49819946289057,310.07269287109375,Kelmarsh 1,1698.4468994140625
2018-02-09 17:00:00,52.400604,-0.947133,145.598,10.681463241577148,306.53253173828125,300.1946105957031,Kelmarsh 1,1680.6461181640625
2018-02-09 18:00:00,52.400604,-0.947133,145.598,10.207054138183594,302.89031982421875,308.9751281738281,Kelmarsh 1,1677.998779296875
2018-02-09 19:00:00,52.400604,-0.947133,145.598,9.036287307739258,303.268798828125,293.6092224121093,Kelmarsh 1,1549.447021484375
2018-02-09 20:00:00,52.400604,-0.947133,145.598,8.4428071975708,296.7921447753906,299.0433654785156,Kelmarsh 1,1589.7581787109375
2018-02-09 21:00:00,52.400604,-0.947133,145.598,5.635693073272705,286.93310546875,300.1946105957031,Kelmarsh 1,1385.154541015625
2018-02-09 22:00:00,52.400604,-0.947133,145.598,7.491367816925049,286.713623046875,281.53601074218744,Kelmarsh 1,1327.050537109375
2018-02-09 23:00:00,52.400604,-0.947133,145.598,7.937294960021973,280.7790222167969,279.0417175292969,Kelmarsh 1,1206.3785400390625
2018-02-10 00:00:00,52.400604,-0.947133,145.598,6.457158088684082,262.4834289550781,259.584716796875,Kelmarsh 1,1172.8118896484375
2018-02-10 01:00:00,52.400604,-0.947133,145.598,7.006589412689209,265.96234130859375,269.46279907226557,Kelmarsh 1,1187.1131591796875
2018-02-10 02:00:00,52.400604,-0.947133,145.598,6.933360576629639,265.20703125,265.0725402832031,Kelmarsh 1,949.7894897460938
2018-02-10 03:00:00,52.400604,-0.947133,145.598,4.9435906410217285,219.48510742187494,229.95046997070312,Kelmarsh 1,844.392578125
2018-02-10 04:00:00,52.400604,-0.947133,145.598,5.9953789710998535,221.39678955078116,217.87725830078116,Kelmarsh 1,813.3115844726562
2018-02-10 05:00:00,52.400604,-0.947133,145.598,7.884670257568359,210.79689025878906,215.82151794433588,Kelmarsh 1,889.8443603515625
2018-02-10 06:00:00,52.400604,-0.947133,145.598,8.350031852722168,209.31513977050776,201.41378784179688,Kelmarsh 1,1089.1729736328125
2018-02-10 07:00:00,52.400604,-0.947133,145.598,7.8756489753723145,193.63758850097656,189.34057617187497,Kelmarsh 1,1074.2127685546875
2018-02-10 08:00:00,52.400604,-0.947133,145.598,9.057783126831055,197.55743408203125,200.16667175292963,Kelmarsh 1,1158.010009765625
2018-02-10 09:00:00,52.400604,-0.947133,145.598,9.839635848999023,199.7016143798828,204.70648193359372,Kelmarsh 1,1422.213134765625
2018-02-10 10:00:00,52.400604,-0.947133,145.598,9.217598915100098,211.5789031982421,198.18435668945312,Kelmarsh 1,1446.719970703125
2018-02-10 11:00:00,52.400604,-0.947133,145.598,9.538274765014648,192.44137573242182,190.43814086914062,Kelmarsh 1,1453.89013671875
2018-02-10 12:00:00,52.400604,-0.947133,145.598,10.763541221618652,197.85052490234372,23.805706024169922,Kelmarsh 1,1321.8822021484375
2018-02-10 13:00:00,52.400604,-0.947133,145.598,9.944892883300781,208.31095886230466,206.90214538574222,Kelmarsh 1,1574.167724609375
2018-02-10 14:00:00,52.400604,-0.947133,145.598,10.47417163848877,206.46418762207028,206.90214538574222,Kelmarsh 1,1569.5579833984375
2018-02-10 15:00:00,52.400604,-0.947133,145.598,9.564594268798828,203.18127441406247,206.90214538574222,Kelmarsh 1,1753.8826904296875
2018-02-10 16:00:00,52.400604,-0.947133,145.598,9.985525131225586,211.12657165527338,206.90214538574222,Kelmarsh 1,1626.6337890625
2018-02-10 17:00:00,52.400604,-0.947133,145.598,8.903600692749023,212.82098388671875,214.58509826660153,Kelmarsh 1,1733.95947265625
2018-02-10 18:00:00,52.400604,-0.947133,145.598,8.323955535888672,210.64636230468744,214.58509826660153,Kelmarsh 1,1802.2763671875
2018-02-10 19:00:00,52.400604,-0.947133,145.598,8.247374534606934,201.30708312988278,207.9997100830078,Kelmarsh 1,1824.1553955078125
2018-02-10 20:00:00,52.400604,-0.947133,145.598,10.297707557678223,210.65980529785156,207.9997100830078,Kelmarsh 1,1998.10498046875
2018-02-10 21:00:00,52.400604,-0.947133,145.598,11.073444366455078,213.35083007812494,207.9997100830078,Kelmarsh 1,1814.387451171875
2018-02-10 22:00:00,52.400604,-0.947133,145.598,10.255191802978516,208.23431396484375,200.31675720214838,Kelmarsh 1,1880.5301513671875
2018-02-10 23:00:00,52.400604,-0.947133,145.598,12.294925689697266,214.0173187255859,216.7802276611328,Kelmarsh 1,1833.6480712890625
2018-02-11 00:00:00,52.400604,-0.947133,145.598,17.67448616027832,265.959228515625,259.5852355957031,Kelmarsh 1,1893.3662109375
2018-02-11 01:00:00,52.400604,-0.947133,145.598,14.595498085021973,273.6357727050781,263.9754943847656,Kelmarsh 1,1724.609619140625
2018-02-11 02:00:00,52.400604,-0.947133,145.598,13.864474296569824,261.104736328125,267.26818847656244,Kelmarsh 1,1696.6400146484375
2018-02-11 03:00:00,52.400604,-0.947133,145.598,10.625330924987793,273.1646728515625,266.1706237792969,Kelmarsh 1,1606.5238037109375
2018-02-11 04:00:00,52.400604,-0.947133,145.598,12.11454963684082,280.9131774902344,276.0487060546874,Kelmarsh 1,1724.9923095703125
2018-02-11 05:00:00,52.400604,-0.947133,145.598,9.734776496887207,272.7279357910156,276.0487060546874,Kelmarsh 1,1815.439453125
2018-02-11 06:00:00,52.400604,-0.947133,145.598,10.390016555786133,256.8038330078125,260.1824951171875,Kelmarsh 1,1651.2569580078125
2018-02-11 07:00:00,52.400604,-0.947133,145.598,11.002260208129883,261.3421936035156,256.29254150390625,Kelmarsh 1,1732.30224609375
2018-02-11 08:00:00,52.400604,-0.947133,145.598,11.055926322937012,259.12841796875,265.07305908203125,Kelmarsh 1,1694.6907958984375
2018-02-11 09:00:00,52.400604,-0.947133,145.598,12.30191421508789,262.1111755371094,257.3901062011719,Kelmarsh 1,1802.1434326171875
2018-02-11 10:00:00,52.400604,-0.947133,145.598,12.812605857849121,261.23895263671875,257.3901062011719,Kelmarsh 1,1286.38671875
2018-02-11 11:00:00,52.400604,-0.947133,145.598,10.585792541503906,274.09820556640625,266.1706237792969,Kelmarsh 1,1150.4248046875
2018-02-11 12:00:00,52.400604,-0.947133,145.598,10.632495880126953,276.20599365234375,268.888427734375,Kelmarsh 1,1366.7208251953125
2018-02-11 13:00:00,52.400604,-0.947133,145.598,11.727571487426758,276.6446838378906,285.9267883300781,Kelmarsh 1,1450.4925537109375
2018-02-11 14:00:00,52.400604,-0.947133,145.598,8.242276191711426,320.80181884765625,311.4649963378906,Kelmarsh 1,1472.1929931640625
2018-02-11 15:00:00,52.400604,-0.947133,145.598,11.293989181518555,301.86572265625,305.6829528808594,Kelmarsh 1,1385.6148681640625
2018-02-11 16:00:00,52.400604,-0.947133,145.598,7.9435319900512695,290.1142272949219,288.1219177246094,Kelmarsh 1,1406.52197265625
2018-02-11 17:00:00,52.400604,-0.947133,145.598,10.1753568649292,288.38641357421875,283.24493408203125,Kelmarsh 1,1335.1287841796875
2018-02-11 18:00:00,52.400604,-0.947133,145.598,10.08735179901123,287.75323486328125,285.9267883300781,Kelmarsh 1,1042.0086669921875
2018-02-11 19:00:00,52.400604,-0.947133,145.598,9.824228286743164,281.0924987792969,284.61111450195307,Kelmarsh 1,1175.9991455078125
2018-02-11 20:00:00,52.400604,-0.947133,145.598,8.56803035736084,273.4990539550781,273.85357666015625,Kelmarsh 1,1521.1756591796875
2018-02-11 21:00:00,52.400604,-0.947133,145.598,9.83813190460205,281.75842285156244,278.01678466796875,Kelmarsh 1,1359.4088134765625
2018-02-11 22:00:00,52.400604,-0.947133,145.598,9.399333000183105,276.30450439453125,271.658447265625,Kelmarsh 1,1057.546630859375
2018-02-11 23:00:00,52.400604,-0.947133,145.598,8.74030876159668,285.8890075683594,292.5121765136719,Kelmarsh 1,1015.0107421875
2018-02-12 00:00:00,52.400604,-0.947133,145.598,7.315739154815674,275.597900390625,279.3414001464844,Kelmarsh 1,997.4906005859375
2018-02-12 01:00:00,52.400604,-0.947133,145.598,6.344483852386475,257.5564270019531,258.7037353515625,Kelmarsh 1,988.5181884765625
2018-02-12 02:00:00,52.400604,-0.947133,145.598,8.073041915893555,266.232666015625,270.5608825683594,Kelmarsh 1,1045.9268798828125
2018-02-12 03:00:00,52.400604,-0.947133,145.598,8.59665298461914,274.69580078125,270.5608825683594,Kelmarsh 1,1300.367919921875
2018-02-12 04:00:00,52.400604,-0.947133,145.598,9.587519645690918,264.6998291015625,270.5608825683594,Kelmarsh 1,1305.2301025390625
2018-02-12 05:00:00,52.400604,-0.947133,145.598,8.363266944885254,266.730224609375,270.5608825683594,Kelmarsh 1,1377.4945068359375
2018-02-12 06:00:00,52.400604,-0.947133,145.598,10.647753715515137,264.9477844238281,270.5608825683594,Kelmarsh 1,1299.992919921875
2018-02-12 07:00:00,52.400604,-0.947133,145.598,8.065691947937012,258.18057250976557,266.1706237792969,Kelmarsh 1,1405.730712890625
2018-02-12 08:00:00,52.400604,-0.947133,145.598,6.3677239418029785,257.4624328613281,258.4876708984375,Kelmarsh 1,1393.761962890625
2018-02-12 09:00:00,52.400604,-0.947133,145.598,5.785730361938477,241.6438446044922,258.4876708984375,Kelmarsh 1,1359.1981201171875
2018-02-12 10:00:00,52.400604,-0.947133,145.598,5.784787178039551,223.77294921874991,226.65829467773435,Kelmarsh 1,1332.491455078125
2018-02-12 11:00:00,52.400604,-0.947133,145.598,4.34192419052124,244.50135803222653,255.1949768066406,Kelmarsh 1,1122.9339599609375
2018-02-12 12:00:00,52.400604,-0.947133,145.598,7.831321716308594,256.3013610839844,258.4876708984375,Kelmarsh 1,959.9698486328125
2018-02-12 13:00:00,52.400604,-0.947133,145.598,8.111318588256836,257.38079833984375,253.92593383789062,Kelmarsh 1,876.6484375
2018-02-12 14:00:00,52.400604,-0.947133,145.598,7.012640953063965,244.9757843017577,251.90228271484372,Kelmarsh 1,1061.5338134765625
2018-02-12 15:00:00,52.400604,-0.947133,145.598,7.984870433807373,259.945556640625,259.1342468261719,Kelmarsh 1,1138.5494384765625
2018-02-12 16:00:00,52.400604,-0.947133,145.598,5.749035835266113,211.19441223144528,222.26803588867182,Kelmarsh 1,1445.9649658203125
2018-02-12 17:00:00,52.400604,-0.947133,145.598,6.4702630043029785,202.21269226074213,211.29238891601562,Kelmarsh 1,1130.6568603515625
2018-02-12 18:00:00,52.400604,-0.947133,145.598,6.210017204284668,198.9573364257812,211.29238891601562,Kelmarsh 1,820.33447265625
2018-02-12 19:00:00,52.400604,-0.947133,145.598,6.729655742645264,185.804946899414,192.63378906249997,Kelmarsh 1,763.688720703125
2018-02-12 20:00:00,52.400604,-0.947133,145.598,8.480266571044922,191.49328613281241,197.02404785156244,Kelmarsh 1,674.2589111328125
2018-02-12 21:00:00,52.400604,-0.947133,145.598,6.9727044105529785,189.1785888671875,186.04840087890616,Kelmarsh 1,807.5932006835938
2018-02-12 22:00:00,52.400604,-0.947133,145.598,7.3387956619262695,190.13534545898426,184.95083618164057,Kelmarsh 1,744.5631713867188
2018-02-12 23:00:00,52.400604,-0.947133,145.598,7.543658256530762,178.9871826171875,184.95083618164057,Kelmarsh 1,813.324462890625
2018-02-13 00:00:00,52.400604,-0.947133,145.598,7.592050552368164,175.3230438232422,179.4630126953125,Kelmarsh 1,721.4056396484375
2018-02-13 01:00:00,52.400604,-0.947133,145.598,8.467643737792969,187.159423828125,188.2435302734375,Kelmarsh 1,1090.285888671875
2018-02-13 02:00:00,52.400604,-0.947133,145.598,9.305647850036621,174.62046813964844,180.56057739257812,Kelmarsh 1,1264.7908935546875
2018-02-13 03:00:00,52.400604,-0.947133,145.598,9.047480583190918,166.08970642089844,172.87762451171875,Kelmarsh 1,1127.2491455078125
2018-02-13 04:00:00,52.400604,-0.947133,145.598,10.763082504272461,170.0631103515625,161.9019775390625,Kelmarsh 1,964.8505859375
2018-02-13 05:00:00,52.400604,-0.947133,145.598,10.019338607788086,167.17967224121094,171.78005981445312,Kelmarsh 1,1088.224853515625
2018-02-13 06:00:00,52.400604,-0.947133,145.598,10.305907249450684,165.21737670898438,168.26673889160156,Kelmarsh 1,1190.5352783203125
2018-02-13 07:00:00,52.400604,-0.947133,145.598,9.93972396850586,160.19406127929688,160.80441284179688,Kelmarsh 1,1218.3184814453125
2018-02-13 08:00:00,52.400604,-0.947133,145.598,10.5203218460083,165.7544708251953,169.58493041992188,Kelmarsh 1,979.0116577148438
2018-02-13 09:00:00,52.400604,-0.947133,145.598,10.09117603302002,165.00076293945312,162.99954223632812,Kelmarsh 1,1157.2950439453125
2018-02-13 10:00:00,52.400604,-0.947133,145.598,10.795065879821777,165.1222686767578,166.67201232910156,Kelmarsh 1,1278.7603759765625
2018-02-13 11:00:00,52.400604,-0.947133,145.598,9.448616027832031,168.382568359375,176.17031860351562,Kelmarsh 1,1311.14697265625
2018-02-13 12:00:00,52.400604,-0.947133,145.598,10.4982328414917,164.58775329589844,163.3729705810547,Kelmarsh 1,1143.9439697265625
2018-02-13 13:00:00,52.400604,-0.947133,145.598,9.513900756835938,170.0421142578125,164.9782257080078,Kelmarsh 1,1103.618896484375
2018-02-13 14:00:00,52.400604,-0.947133,145.598,6.523612022399902,159.8897705078125,162.99954223632812,Kelmarsh 1,1044.028564453125
2018-02-13 15:00:00,52.400604,-0.947133,145.598,5.352281093597412,171.71424865722656,162.99954223632812,Kelmarsh 1,888.2133178710938
2018-02-13 16:00:00,52.400604,-0.947133,145.598,3.6993088722229004,186.07215881347653,173.8256378173828,Kelmarsh 1,533.7501831054688
2018-02-13 17:00:00,52.400604,-0.947133,145.598,3.100287914276123,324.559814453125,315.5979919433594,Kelmarsh 1,428.3575744628906
2018-02-13 18:00:00,52.400604,-0.947133,145.598,6.666951656341553,341.1214294433594,338.6098937988281,Kelmarsh 1,448.663330078125
2018-02-13 19:00:00,52.400604,-0.947133,145.598,3.6766254901885986,335.152099609375,338.6098937988281,Kelmarsh 1,438.3154602050781
2018-02-13 20:00:00,52.400604,-0.947133,145.598,4.379179000854492,342.0561828613281,338.6098937988281,Kelmarsh 1,531.2618408203125
2018-02-13 21:00:00,52.400604,-0.947133,145.598,3.870622396469116,340.58047485351557,338.6098937988281,Kelmarsh 1,514.8870849609375
2018-02-13 22:00:00,52.400604,-0.947133,145.598,3.2993240356445312,334.83651733398443,338.6098937988281,Kelmarsh 1,785.9503784179688
2018-02-13 23:00:00,52.400604,-0.947133,145.598,6.039223670959473,295.3176574707031,305.6829528808594,Kelmarsh 1,736.2976684570312
2018-02-14 00:00:00,52.400604,-0.947133,145.598,6.022368907928467,307.6710510253906,292.5121765136719,Kelmarsh 1,577.2432861328125
2018-02-14 01:00:00,52.400604,-0.947133,145.598,6.211000919342041,308.1448059082031,305.6829528808594,Kelmarsh 1,475.99517822265625
2018-02-14 02:00:00,52.400604,-0.947133,145.598,4.066883563995361,304.253173828125,305.6829528808594,Kelmarsh 1,517.8839111328125
2018-02-14 03:00:00,52.400604,-0.947133,145.598,1.2757127285003662,271.7236022949219,305.6829528808594,Kelmarsh 1,520.6978149414062
2018-02-14 04:00:00,52.400604,-0.947133,145.598,2.3548126220703125,184.42135620117182,169.58493041992188,Kelmarsh 1,520.659912109375
2018-02-14 05:00:00,52.400604,-0.947133,145.598,5.07621955871582,166.78369140625,158.60928344726562,Kelmarsh 1,718.0134887695312
2018-02-14 06:00:00,52.400604,-0.947133,145.598,7.46998405456543,164.8131866455078,172.87762451171875,Kelmarsh 1,669.3801879882812
2018-02-14 07:00:00,52.400604,-0.947133,145.598,7.303831100463867,166.6669921875,158.60928344726562,Kelmarsh 1,534.9533081054688
2018-02-14 08:00:00,52.400604,-0.947133,145.598,7.858645439147949,163.8970947265625,169.58493041992188,Kelmarsh 1,848.5451049804688
2018-02-14 09:00:00,52.400604,-0.947133,145.598,8.177902221679688,165.86219787597656,159.70684814453125,Kelmarsh 1,648.0266723632812
2018-02-14 10:00:00,52.400604,-0.947133,145.598,10.222338676452637,167.5126190185547,165.19467163085938,Kelmarsh 1,656.753173828125
2018-02-14 11:00:00,52.400604,-0.947133,145.598,10.036397933959961,174.80735778808594,165.19467163085938,Kelmarsh 1,812.3939208984375
2018-02-14 12:00:00,52.400604,-0.947133,145.598,11.349769592285156,172.52471923828125,171.78005981445312,Kelmarsh 1,1096.7576904296875
2018-02-14 13:00:00,52.400604,-0.947133,145.598,10.093050956726074,179.5586395263672,176.35946655273438,Kelmarsh 1,766.7432250976562
2018-02-14 14:00:00,52.400604,-0.947133,145.598,13.022510528564453,174.85964965820312,177.26788330078125,Kelmarsh 1,549.6190795898438
2018-02-14 15:00:00,52.400604,-0.947133,145.598,11.120763778686523,170.06878662109375,173.8358154296875,Kelmarsh 1,278.5450744628906
2018-02-14 16:00:00,52.400604,-0.947133,145.598,11.400556564331055,170.95648193359375,171.78005981445312,Kelmarsh 1,199.58480834960938
2018-02-14 17:00:00,52.400604,-0.947133,145.598,10.714356422424316,178.66525268554688,179.4630126953125,Kelmarsh 1,206.43429565429688
2018-02-14 18:00:00,52.400604,-0.947133,145.598,9.969535827636719,174.431640625,169.58493041992188,Kelmarsh 1,190.0105438232422
2018-02-14 19:00:00,52.400604,-0.947133,145.598,9.621878623962402,177.64837646484375,169.58493041992188,Kelmarsh 1,267.6796875
2018-02-14 20:00:00,52.400604,-0.947133,145.598,9.274889945983887,176.9524383544922,180.56057739257812,Kelmarsh 1,299.9211120605469
2018-02-14 21:00:00,52.400604,-0.947133,145.598,7.445017337799072,189.68014526367185,180.56057739257812,Kelmarsh 1,280.215576171875
2018-02-14 22:00:00,52.400604,-0.947133,145.598,8.532854080200195,192.599365234375,189.34109497070312,Kelmarsh 1,149.83172607421875
2018-02-14 23:00:00,52.400604,-0.947133,145.598,7.241590976715088,198.47785949707028,199.33905029296875,Kelmarsh 1,128.69796752929688
2018-02-15 00:00:00,52.400604,-0.947133,145.598,6.670114994049072,216.52172851562497,205.58467102050776,Kelmarsh 1,176.04473876953125
2018-02-15 01:00:00,52.400604,-0.947133,145.598,7.364850044250488,222.30645751953122,216.34147644042963,Kelmarsh 1,143.7707977294922
2018-02-15 02:00:00,52.400604,-0.947133,145.598,8.173015594482422,231.71376037597656,232.14611816406244,Kelmarsh 1,146.86367797851562
2018-02-15 03:00:00,52.400604,-0.947133,145.598,8.346715927124023,221.42951965332026,218.97534179687494,Kelmarsh 1,124.04765319824219
2018-02-15 04:00:00,52.400604,-0.947133,145.598,8.17961597442627,218.76066589355466,218.97534179687494,Kelmarsh 1,122.60391998291016
2018-02-15 05:00:00,52.400604,-0.947133,145.598,9.614267349243164,212.51208496093747,218.97534179687494,Kelmarsh 1,100.52783966064453
2018-02-15 06:00:00,52.400604,-0.947133,145.598,10.539901733398438,235.23075866699213,233.24368286132812,Kelmarsh 1,117.53905487060547
2018-02-15 07:00:00,52.400604,-0.947133,145.598,10.008469581604004,249.90040588378906,244.21932983398432,Kelmarsh 1,159.6705780029297
2018-02-15 08:00:00,52.400604,-0.947133,145.598,8.384891510009766,248.3942413330078,247.51202392578125,Kelmarsh 1,118.95988464355469
2018-02-15 09:00:00,52.400604,-0.947133,145.598,6.322656154632568,248.71705627441403,247.51202392578125,Kelmarsh 1,130.8849334716797
2018-02-15 10:00:00,52.400604,-0.947133,145.598,8.610064506530762,242.65316772460932,251.4803466796875,Kelmarsh 1,127.34430694580078
2018-02-15 11:00:00,52.400604,-0.947133,145.598,12.178730964660645,251.83839416503906,255.53941345214844,Kelmarsh 1,117.3902359008789
2018-02-15 12:00:00,52.400604,-0.947133,145.598,12.189066886901855,254.9385986328125,259.5852355957031,Kelmarsh 1,215.32293701171875
2018-02-15 13:00:00,52.400604,-0.947133,145.598,9.616389274597168,262.23501586914057,260.58596801757807,Kelmarsh 1,289.6703186035156
2018-02-15 14:00:00,52.400604,-0.947133,145.598,11.365262985229492,250.99151611328122,245.66281127929685,Kelmarsh 1,242.94932556152344
2018-02-15 15:00:00,52.400604,-0.947133,145.598,8.856575965881348,251.8728332519531,251.90228271484372,Kelmarsh 1,308.5414733886719
2018-02-15 16:00:00,52.400604,-0.947133,145.598,12.197125434875488,255.41772460937497,255.1949768066406,Kelmarsh 1,246.2999725341797
2018-02-15 17:00:00,52.400604,-0.947133,145.598,10.372044563293457,248.1248779296875,246.41445922851562,Kelmarsh 1,155.5848388671875
2018-02-15 18:00:00,52.400604,-0.947133,145.598,10.58251667022705,241.49530029296875,249.70715332031247,Kelmarsh 1,246.99668884277344
2018-02-15 19:00:00,52.400604,-0.947133,145.598,8.671515464782715,243.3536682128906,249.70715332031247,Kelmarsh 1,170.02435302734375
2018-02-15 20:00:00,52.400604,-0.947133,145.598,8.910221099853516,245.4564971923828,236.536376953125,Kelmarsh 1,131.97169494628906
2018-02-15 21:00:00,52.400604,-0.947133,145.598,7.279911041259766,241.96833801269526,236.536376953125,Kelmarsh 1,181.41744995117188
2018-02-15 22:00:00,52.400604,-0.947133,145.598,8.16383171081543,240.94534301757812,236.536376953125,Kelmarsh 1,207.40428161621094
2018-02-15 23:00:00,52.400604,-0.947133,145.598,7.663423538208008,246.56468200683597,247.51202392578125,Kelmarsh 1,188.7748565673828
2018-02-16 00:00:00,52.400604,-0.947133,145.598,8.209050178527832,243.37547302246085,246.3398590087891,Kelmarsh 1,171.18109130859375
2018-02-16 01:00:00,52.400604,-0.947133,145.598,7.741683006286621,245.29504394531247,249.70715332031247,Kelmarsh 1,204.5375518798828
2018-02-16 02:00:00,52.400604,-0.947133,145.598,8.297167778015137,252.61593627929688,249.70715332031247,Kelmarsh 1,186.74588012695312
2018-02-16 03:00:00,52.400604,-0.947133,145.598,7.992870807647705,252.42803955078125,249.70715332031247,Kelmarsh 1,262.4339599609375
2018-02-16 04:00:00,52.400604,-0.947133,145.598,7.315116882324219,251.26809692382812,249.70715332031247,Kelmarsh 1,235.5438690185547
2018-02-16 05:00:00,52.400604,-0.947133,145.598,6.865310192108154,249.14474487304688,249.70715332031247,Kelmarsh 1,320.514404296875
2018-02-16 06:00:00,52.400604,-0.947133,145.598,6.714099407196045,241.28395080566403,244.73783874511716,Kelmarsh 1,296.3378601074219
2018-02-16 07:00:00,52.400604,-0.947133,145.598,7.300303936004639,242.08192443847656,242.02420043945312,Kelmarsh 1,148.71290588378906
2018-02-16 08:00:00,52.400604,-0.947133,145.598,6.038982391357422,244.45533752441406,242.02420043945312,Kelmarsh 1,162.5623779296875
2018-02-16 09:00:00,52.400604,-0.947133,145.598,5.818770408630371,230.07688903808594,242.02420043945312,Kelmarsh 1,307.38360595703125
2018-02-16 10:00:00,52.400604,-0.947133,145.598,5.040338039398193,232.44485473632812,224.46316528320307,Kelmarsh 1,406.1241760253906
2018-02-16 11:00:00,52.400604,-0.947133,145.598,5.244149208068848,228.63127136230463,224.46316528320307,Kelmarsh 1,341.9117736816406
2018-02-16 12:00:00,52.400604,-0.947133,145.598,6.362706661224365,227.09504699707026,230.82792663574216,Kelmarsh 1,437.6698913574219
2018-02-16 13:00:00,52.400604,-0.947133,145.598,5.085480213165283,235.79727172851562,237.33598327636713,Kelmarsh 1,383.420166015625
2018-02-16 14:00:00,52.400604,-0.947133,145.598,6.088510513305664,235.1449127197265,229.58583068847656,Kelmarsh 1,341.0757751464844
2018-02-16 15:00:00,52.400604,-0.947133,145.598,4.6903581619262695,227.11874389648435,233.24368286132812,Kelmarsh 1,384.059326171875
2018-02-16 16:00:00,52.400604,-0.947133,145.598,4.548189640045166,213.00225830078122,233.24368286132812,Kelmarsh 1,353.96221923828125
2018-02-16 17:00:00,52.400604,-0.947133,145.598,4.338857650756836,190.36906433105463,187.14596557617182,Kelmarsh 1,413.5520324707031
2018-02-16 18:00:00,52.400604,-0.947133,145.598,5.902568340301514,182.60069274902332,187.14596557617182,Kelmarsh 1,310.14093017578125
2018-02-16 19:00:00,52.400604,-0.947133,145.598,6.390822887420654,169.50904846191406,161.9019775390625,Kelmarsh 1,327.197998046875
2018-02-16 20:00:00,52.400604,-0.947133,145.598,5.71794319152832,175.007080078125,161.9019775390625,Kelmarsh 1,381.5560302734375
2018-02-16 21:00:00,52.400604,-0.947133,145.598,6.385499954223633,176.43417358398438,179.4630126953125,Kelmarsh 1,444.59991455078125
2018-02-16 22:00:00,52.400604,-0.947133,145.598,6.607579708099365,189.39250183105463,193.73135375976557,Kelmarsh 1,272.3385314941406
2018-02-16 23:00:00,52.400604,-0.947133,145.598,6.924630641937256,203.84777832031247,204.41917419433588,Kelmarsh 1,205.79248046875
2018-02-17 00:00:00,52.400604,-0.947133,145.598,5.31090784072876,200.5033569335937,207.99969482421872,Kelmarsh 1,184.67308044433594
2018-02-17 01:00:00,52.400604,-0.947133,145.598,5.3712239265441895,193.1343994140625,179.4630126953125,Kelmarsh 1,185.2140655517578
2018-02-17 02:00:00,52.400604,-0.947133,145.598,4.228952884674072,193.55699157714838,197.02404785156244,Kelmarsh 1,151.90077209472656
2018-02-17 03:00:00,52.400604,-0.947133,145.598,4.2334818840026855,169.50125122070312,169.58493041992188,Kelmarsh 1,233.78375244140625
2018-02-17 04:00:00,52.400604,-0.947133,145.598,6.403048515319824,186.67051696777335,189.34109497070312,Kelmarsh 1,417.6148376464844
2018-02-17 05:00:00,52.400604,-0.947133,145.598,4.295053958892822,167.05245971679688,162.99954223632812,Kelmarsh 1,531.40478515625
2018-02-17 06:00:00,52.400604,-0.947133,145.598,5.1947784423828125,174.018310546875,184.95083618164057,Kelmarsh 1,620.9375610351562
2018-02-17 07:00:00,52.400604,-0.947133,145.598,6.744115829467773,187.24270629882812,184.95083618164057,Kelmarsh 1,435.5682678222656
2018-02-17 08:00:00,52.400604,-0.947133,145.598,6.4618730545043945,194.84542846679685,184.95083618164057,Kelmarsh 1,473.03515625
2018-02-17 09:00:00,52.400604,-0.947133,145.598,6.712893486022949,187.76951599121085,191.6587219238281,Kelmarsh 1,344.408203125
2018-02-17 10:00:00,52.400604,-0.947133,145.598,6.263291358947754,198.81562805175778,193.73135375976557,Kelmarsh 1,399.42352294921875
2018-02-17 11:00:00,52.400604,-0.947133,145.598,5.36964750289917,195.04008483886716,193.73135375976557,Kelmarsh 1,405.8979187011719
2018-02-17 12:00:00,52.400604,-0.947133,145.598,6.067864894866943,199.84580993652338,193.73135375976557,Kelmarsh 1,250.7660675048828
2018-02-17 13:00:00,52.400604,-0.947133,145.598,5.466996192932129,219.80265808105466,205.80456542968741,Kelmarsh 1,365.9576416015625
2018-02-17 14:00:00,52.400604,-0.947133,145.598,5.512509346008301,230.6071624755859,226.65829467773435,Kelmarsh 1,389.75
2018-02-17 15:00:00,52.400604,-0.947133,145.598,5.650242805480957,197.62545776367188,200.31674194335932,Kelmarsh 1,322.7057189941406
2018-02-17 16:00:00,52.400604,-0.947133,145.598,3.6570587158203125,206.60375976562497,200.31674194335932,Kelmarsh 1,329.67840576171875
2018-02-17 17:00:00,52.400604,-0.947133,145.598,3.672606945037842,193.1653137207031,200.31674194335932,Kelmarsh 1,472.41943359375
2018-02-17 18:00:00,52.400604,-0.947133,145.598,4.908197402954102,216.81779479980466,221.1704711914062,Kelmarsh 1,311.8796081542969
2018-02-17 19:00:00,52.400604,-0.947133,145.598,6.757545471191406,215.5191955566406,221.1704711914062,Kelmarsh 1,427.7733459472656
2018-02-17 20:00:00,52.400604,-0.947133,145.598,4.917139053344727,208.50204467773438,221.1704711914062,Kelmarsh 1,192.9220428466797
2018-02-17 21:00:00,52.400604,-0.947133,145.598,4.348239898681641,209.2719421386718,221.1704711914062,Kelmarsh 1,222.9380645751953
2018-02-17 22:00:00,52.400604,-0.947133,145.598,6.011173725128174,200.39328002929682,205.80456542968741,Kelmarsh 1,186.7180938720703
2018-02-17 23:00:00,52.400604,-0.947133,145.598,6.638987064361572,197.77772521972648,202.51187133789062,Kelmarsh 1,260.67071533203125
2018-02-18 00:00:00,52.400604,-0.947133,145.598,5.60019588470459,196.686767578125,202.51187133789062,Kelmarsh 1,281.41656494140625
2018-02-18 01:00:00,52.400604,-0.947133,145.598,7.713493824005127,210.21705627441398,204.8127136230468,Kelmarsh 1,299.2520446777344
2018-02-18 02:00:00,52.400604,-0.947133,145.598,5.815619945526123,194.8553314208984,202.51187133789062,Kelmarsh 1,179.36660766601562
2018-02-18 03:00:00,52.400604,-0.947133,145.598,6.303108215332031,209.0185089111328,202.51187133789062,Kelmarsh 1,239.25515747070312
2018-02-18 04:00:00,52.400604,-0.947133,145.598,5.975498199462891,188.93475341796864,202.51187133789062,Kelmarsh 1,224.8630828857422
2018-02-18 05:00:00,52.400604,-0.947133,145.598,6.8488240242004395,188.67861938476562,187.14596557617182,Kelmarsh 1,147.39454650878906
2018-02-18 06:00:00,52.400604,-0.947133,145.598,6.976555347442627,194.52572631835938,187.14596557617182,Kelmarsh 1,176.08367919921875
2018-02-18 07:00:00,52.400604,-0.947133,145.598,5.235764026641846,189.80964660644528,199.2191772460937,Kelmarsh 1,179.2128448486328
2018-02-18 08:00:00,52.400604,-0.947133,145.598,5.648514270782471,180.66087341308585,179.4630126953125,Kelmarsh 1,168.5458526611328
2018-02-18 09:00:00,52.400604,-0.947133,145.598,5.356439113616943,181.2091064453125,179.4630126953125,Kelmarsh 1,137.16932678222656
2018-02-18 10:00:00,52.400604,-0.947133,145.598,5.291525840759277,180.66609191894526,179.4630126953125,Kelmarsh 1,53.27178955078125
2018-02-18 11:00:00,52.400604,-0.947133,145.598,5.086670398712158,190.2855529785156,179.4630126953125,Kelmarsh 1,179.58900451660156
2018-02-18 12:00:00,52.400604,-0.947133,145.598,4.979098320007324,186.6241912841797,179.4630126953125,Kelmarsh 1,78.64183044433594
2018-02-18 13:00:00,52.400604,-0.947133,145.598,5.354995250701904,184.6833343505859,185.94961547851557,Kelmarsh 1,141.40023803710938
2018-02-18 14:00:00,52.400604,-0.947133,145.598,3.914665937423706,182.09838867187494,179.4630126953125,Kelmarsh 1,194.06643676757812
2018-02-18 15:00:00,52.400604,-0.947133,145.598,4.256431579589844,176.54623413085938,179.4630126953125,Kelmarsh 1,75.20162200927734
2018-02-18 16:00:00,52.400604,-0.947133,145.598,4.646791458129883,172.5692596435547,179.4630126953125,Kelmarsh 1,266.3074035644531
2018-02-18 17:00:00,52.400604,-0.947133,145.598,5.366951942443848,171.42271423339844,179.4630126953125,Kelmarsh 1,330.4376220703125
2018-02-18 18:00:00,52.400604,-0.947133,145.598,5.287940979003906,178.54641723632812,179.4630126953125,Kelmarsh 1,232.6820068359375
2018-02-18 19:00:00,52.400604,-0.947133,145.598,5.334535121917725,194.57455444335938,179.4630126953125,Kelmarsh 1,205.78768920898438
2018-02-18 20:00:00,52.400604,-0.947133,145.598,6.335126876831055,195.818130493164,200.31674194335932,Kelmarsh 1,224.77821350097656
2018-02-18 21:00:00,52.400604,-0.947133,145.598,5.77901029586792,201.4959716796875,200.31674194335932,Kelmarsh 1,140.43458557128906
2018-02-18 22:00:00,52.400604,-0.947133,145.598,5.515866279602051,202.3534088134765,200.31674194335932,Kelmarsh 1,121.63602447509766
2018-02-18 23:00:00,52.400604,-0.947133,145.598,4.867911338806152,211.0472412109375,200.31674194335932,Kelmarsh 1,59.70408630371094
2018-02-19 00:00:00,52.400604,-0.947133,145.598,5.821108341217041,211.8518524169921,200.31674194335932,Kelmarsh 1,274.42034912109375
2018-02-19 01:00:00,52.400604,-0.947133,145.598,5.641576290130615,211.17474365234375,200.31674194335932,Kelmarsh 1,288.850830078125
2018-02-19 02:00:00,52.400604,-0.947133,145.598,5.785219192504883,215.13740539550778,222.26803588867182,Kelmarsh 1,182.0027313232422
2018-02-19 03:00:00,52.400604,-0.947133,145.598,5.0811591148376465,214.285903930664,222.26803588867182,Kelmarsh 1,47.18205261230469
2018-02-19 04:00:00,52.400604,-0.947133,145.598,4.75795841217041,219.9887542724609,222.26803588867182,Kelmarsh 1,129.12367248535156
2018-02-19 05:00:00,52.400604,-0.947133,145.598,4.411408424377441,246.23364257812494,246.41445922851562,Kelmarsh 1,210.87484741210938
2018-02-19 06:00:00,52.400604,-0.947133,145.598,4.579809188842773,257.8381042480469,246.41445922851562,Kelmarsh 1,239.22262573242188
2018-02-19 07:00:00,52.400604,-0.947133,145.598,4.792850494384766,264.4386901855468,246.41445922851562,Kelmarsh 1,179.63919067382812
2018-02-19 08:00:00,52.400604,-0.947133,145.598,5.896774768829346,274.3897399902344,269.46331787109375,Kelmarsh 1,168.61532592773438
2018-02-19 09:00:00,52.400604,-0.947133,145.598,7.313833236694336,278.9377746582031,283.7316589355469,Kelmarsh 1,208.5497589111328
2018-02-19 10:00:00,52.400604,-0.947133,145.598,7.765486717224121,288.9199523925781,283.7316589355469,Kelmarsh 1,213.09063720703125
2018-02-19 11:00:00,52.400604,-0.947133,145.598,6.581641674041748,294.9426574707031,292.5121765136719,Kelmarsh 1,186.90159606933594
2018-02-19 12:00:00,52.400604,-0.947133,145.598,7.789977073669434,297.2500305175781,303.487823486328,Kelmarsh 1,278.5899353027344
2018-02-19 13:00:00,52.400604,-0.947133,145.598,8.438396453857422,304.43194580078125,294.7073059082031,Kelmarsh 1,281.188720703125
2018-02-19 14:00:00,52.400604,-0.947133,145.598,4.721526622772217,313.8448791503906,303.487823486328,Kelmarsh 1,280.3089599609375
2018-02-19 15:00:00,52.400604,-0.947133,145.598,6.681099891662598,308.6765441894531,316.6585998535156,Kelmarsh 1,214.6170654296875
2018-02-19 16:00:00,52.400604,-0.947133,145.598,7.492101669311523,300.7468566894531,308.0975952148437,Kelmarsh 1,241.3428497314453
2018-02-19 17:00:00,52.400604,-0.947133,145.598,4.270709037780762,324.3565673828125,316.6585998535156,Kelmarsh 1,350.7124328613281
2018-02-19 18:00:00,52.400604,-0.947133,145.598,5.654480457305908,304.91925048828125,316.6585998535156,Kelmarsh 1,263.8126525878906
2018-02-19 19:00:00,52.400604,-0.947133,145.598,6.494323253631592,303.8887939453125,309.75244140625,Kelmarsh 1,235.07437133789062
2018-02-19 20:00:00,52.400604,-0.947133,145.598,5.972027778625488,310.4306945800781,302.5400695800781,Kelmarsh 1,190.61228942871094
2018-02-19 21:00:00,52.400604,-0.947133,145.598,4.979990005493164,323.9981689453125,317.8202819824219,Kelmarsh 1,238.15122985839844
2018-02-19 22:00:00,52.400604,-0.947133,145.598,5.591693878173828,311.6471862792969,305.6829528808594,Kelmarsh 1,197.60328674316406
2018-02-19 23:00:00,52.400604,-0.947133,145.598,3.5272741317749023,329.1338195800781,315.56103515624994,Kelmarsh 1,96.24626922607422
2018-02-20 00:00:00,52.400604,-0.947133,145.598,3.858039140701294,329.4845886230469,305.6829528808594,Kelmarsh 1,143.5760498046875
2018-02-20 01:00:00,52.400604,-0.947133,145.598,2.803544044494629,332.08795166015625,332.0245056152343,Kelmarsh 1,133.45704650878906
2018-02-20 02:00:00,52.400604,-0.947133,145.598,5.581585884094238,306.1155090332031,313.8277587890625,Kelmarsh 1,181.58062744140625
2018-02-20 03:00:00,52.400604,-0.947133,145.598,3.604736804962158,320.3916015625,307.8780822753906,Kelmarsh 1,83.23661041259766
2018-02-20 04:00:00,52.400604,-0.947133,145.598,6.069900035858154,304.79248046875,307.8780822753906,Kelmarsh 1,82.44103240966797
2018-02-20 05:00:00,52.400604,-0.947133,145.598,6.026149272918701,305.11419677734375,307.8780822753906,Kelmarsh 1,71.05012512207031
2018-02-20 06:00:00,52.400604,-0.947133,145.598,8.204519271850586,302.28643798828125,311.1707763671875,Kelmarsh 1,85.9138412475586
2018-02-20 07:00:00,52.400604,-0.947133,145.598,5.729732513427734,328.8404541015625,306.8788757324219,Kelmarsh 1,99.40743255615234
2018-02-20 08:00:00,52.400604,-0.947133,145.598,5.897136688232422,332.96566772460943,316.6585998535156,Kelmarsh 1,56.91685485839844
2018-02-20 09:00:00,52.400604,-0.947133,145.598,6.030587196350098,336.0790710449219,339.0003356933593,Kelmarsh 1,88.15840148925781
2018-02-20 10:00:00,52.400604,-0.947133,145.598,9.988593101501465,341.73675537109375,339.70745849609364,Kelmarsh 1,95.8834457397461
2018-02-20 11:00:00,52.400604,-0.947133,145.598,11.209207534790039,0.782865583896637,356.2245788574218,Kelmarsh 1,95.31159973144531
2018-02-20 12:00:00,52.400604,-0.947133,145.598,9.375343322753906,347.9497375488281,349.80340576171875,Kelmarsh 1,69.70722961425781
2018-02-20 13:00:00,52.400604,-0.947133,145.598,8.285887718200684,349.0633239746093,349.5855407714844,Kelmarsh 1,84.87769317626953
2018-02-20 14:00:00,52.400604,-0.947133,145.598,9.496862411499023,345.6265869140625,349.87506103515614,Kelmarsh 1,110.9798355102539
2018-02-20 15:00:00,52.400604,-0.947133,145.598,10.266539573669434,351.0150756835938,353.76190185546875,Kelmarsh 1,71.70112609863281
2018-02-20 16:00:00,52.400604,-0.947133,145.598,12.312074661254883,354.8827209472656,357.26849365234364,Kelmarsh 1,130.29100036621094
2018-02-20 17:00:00,52.400604,-0.947133,145.598,11.53637981414795,2.407797336578369,356.1709289550781,Kelmarsh 1,130.1479034423828
2018-02-20 18:00:00,52.400604,-0.947133,145.598,12.287148475646973,4.740458965301514,6.048987865447998,Kelmarsh 1,120.61650848388672
2018-02-20 19:00:00,52.400604,-0.947133,145.598,12.1513032913208,0.06444013118743896,6.048987865447998,Kelmarsh 1,128.4188232421875
2018-02-20 20:00:00,52.400604,-0.947133,145.598,11.145771980285645,8.696578025817871,6.048987865447998,Kelmarsh 1,97.21841430664062
2018-02-20 21:00:00,52.400604,-0.947133,145.598,8.499859809875488,4.842791557312012,6.048987865447998,Kelmarsh 1,24.47943878173828
2018-02-20 22:00:00,52.400604,-0.947133,145.598,6.826580047607422,2.506248712539673,6.048987865447998,Kelmarsh 1,46.45771026611328
2018-02-20 23:00:00,52.400604,-0.947133,145.598,6.379223823547363,14.989957809448242,7.778304576873779,Kelmarsh 1,124.1052017211914
2018-02-21 00:00:00,52.400604,-0.947133,145.598,3.8726255893707275,59.296775817871094,46.96596908569336,Kelmarsh 1,131.92095947265625
2018-02-21 01:00:00,52.400604,-0.947133,145.598,3.458442449569702,74.2175521850586,66.4148178100586,Kelmarsh 1,69.94195556640625
2018-02-21 02:00:00,52.400604,-0.947133,145.598,3.2636125087738037,68.97517395019531,66.4148178100586,Kelmarsh 1,60.76470184326172
2018-02-21 03:00:00,52.400604,-0.947133,145.598,4.913723468780518,56.71714401245117,66.4148178100586,Kelmarsh 1,93.14115905761719
2018-02-21 04:00:00,52.400604,-0.947133,145.598,3.0641496181488037,64.27604675292969,66.4148178100586,Kelmarsh 1,150.89500427246094
2018-02-21 05:00:00,52.400604,-0.947133,145.598,1.408462405204773,39.79839324951172,66.4148178100586,Kelmarsh 1,162.24703979492188
2018-02-21 06:00:00,52.400604,-0.947133,145.598,2.595712423324585,30.741661071777344,38.97580337524414,Kelmarsh 1,139.37234497070312
2018-02-21 07:00:00,52.400604,-0.947133,145.598,2.431612491607666,28.238197326660156,38.97580337524414,Kelmarsh 1,-1.0702134370803833
2018-02-21 08:00:00,52.400604,-0.947133,145.598,2.508056163787842,0.7880460023880005,2.7563068866729736,Kelmarsh 1,0.7885574698448181
2018-02-21 09:00:00,52.400604,-0.947133,145.598,1.9702500104904175,343.69186401367176,330.9269409179687,Kelmarsh 1,7.087245941162109
2018-02-21 10:00:00,52.400604,-0.947133,145.598,3.1000587940216064,345.5907287597657,1.6587477922439575,Kelmarsh 1,2.8607234954833984
2018-02-21 11:00:00,52.400604,-0.947133,145.598,3.6067192554473877,359.9712219238281,1.6587477922439575,Kelmarsh 1,1.6950074434280396
2018-02-21 12:00:00,52.400604,-0.947133,145.598,3.5115227699279785,31.173730850219727,45.5611686706543,Kelmarsh 1,9.541114807128906
2018-02-21 13:00:00,52.400604,-0.947133,145.598,5.141580104827881,40.20148849487305,45.5611686706543,Kelmarsh 1,28.076223373413086
2018-02-21 14:00:00,52.400604,-0.947133,145.598,5.879749774932861,43.50034713745117,45.5611686706543,Kelmarsh 1,47.14631271362305
2018-02-21 15:00:00,52.400604,-0.947133,145.598,2.8236281871795654,46.20148849487305,45.5611686706543,Kelmarsh 1,73.92643737792969
2018-02-21 16:00:00,52.400604,-0.947133,145.598,4.3273606300354,49.65095901489258,59.8294563293457,Kelmarsh 1,92.5414047241211
2018-02-21 17:00:00,52.400604,-0.947133,145.598,2.6100971698760986,22.816036224365234,30.770505905151367,Kelmarsh 1,54.853694915771484
2018-02-21 18:00:00,52.400604,-0.947133,145.598,2.4865827560424805,45.203651428222656,53.24409484863281,Kelmarsh 1,68.72660064697266
2018-02-21 19:00:00,52.400604,-0.947133,145.598,4.192012310028076,46.201908111572266,44.46360778808594,Kelmarsh 1,34.44019317626953
2018-02-21 20:00:00,52.400604,-0.947133,145.598,5.886123180389404,51.13216018676758,44.46360778808594,Kelmarsh 1,61.10240936279297
2018-02-21 21:00:00,52.400604,-0.947133,145.598,3.4226572513580322,75.5820541381836,62.8059196472168,Kelmarsh 1,100.17999267578125
2018-02-21 22:00:00,52.400604,-0.947133,145.598,4.356963634490967,60.00736999511719,54.34165573120117,Kelmarsh 1,171.57432556152344
2018-02-21 23:00:00,52.400604,-0.947133,145.598,3.7154667377471924,62.13541793823242,54.34165573120117,Kelmarsh 1,131.28184509277344
2018-02-22 00:00:00,52.400604,-0.947133,145.598,4.508930683135986,45.64134216308594,54.34165573120117,Kelmarsh 1,75.53240966796875
2018-02-22 01:00:00,52.400604,-0.947133,145.598,4.26468563079834,49.59729766845703,54.34165573120117,Kelmarsh 1,128.09454345703125
2018-02-22 02:00:00,52.400604,-0.947133,145.598,4.363930702209473,51.125736236572266,54.34165573120117,Kelmarsh 1,124.11748504638672
2018-02-22 03:00:00,52.400604,-0.947133,145.598,5.416024684906006,80.51183319091797,66.4148178100586,Kelmarsh 1,117.1895751953125
2018-02-22 04:00:00,52.400604,-0.947133,145.598,4.605493068695068,81.003173828125,74.09771728515625,Kelmarsh 1,84.30362701416016
2018-02-22 05:00:00,52.400604,-0.947133,145.598,4.1954474449157715,77.72402954101562,74.09771728515625,Kelmarsh 1,146.12095642089844
2018-02-22 06:00:00,52.400604,-0.947133,145.598,4.6717424392700195,83.59733581542969,74.09771728515625,Kelmarsh 1,168.63446044921875
2018-02-22 07:00:00,52.400604,-0.947133,145.598,4.002935409545898,80.50189971923828,74.09771728515625,Kelmarsh 1,163.65078735351562
2018-02-22 08:00:00,52.400604,-0.947133,145.598,4.360764980316162,84.82530212402344,74.09771728515625,Kelmarsh 1,116.36802673339844
2018-02-22 09:00:00,52.400604,-0.947133,145.598,4.577853202819824,88.28089904785156,92.75618743896484,Kelmarsh 1,62.435699462890625
2018-02-22 10:00:00,52.400604,-0.947133,145.598,4.426235198974609,94.09788513183594,92.75618743896484,Kelmarsh 1,131.98609924316406
2018-02-22 11:00:00,52.400604,-0.947133,145.598,5.692550182342529,94.3182601928711,92.75618743896484,Kelmarsh 1,132.3621826171875
2018-02-22 12:00:00,52.400604,-0.947133,145.598,5.491499900817871,105.39241027832031,112.51221466064453,Kelmarsh 1,129.83119201660156
2018-02-22 13:00:00,52.400604,-0.947133,145.598,4.446523666381836,94.95799255371094,107.78311157226562,Kelmarsh 1,125.533447265625
2018-02-22 14:00:00,52.400604,-0.947133,145.598,5.346396446228027,97.9989242553711,101.5366439819336,Kelmarsh 1,151.30694580078125
2018-02-22 15:00:00,52.400604,-0.947133,145.598,4.930634021759033,104.93098449707031,101.5366439819336,Kelmarsh 1,153.33914184570312
2018-02-22 16:00:00,52.400604,-0.947133,145.598,3.139760732650757,104.568115234375,101.5366439819336,Kelmarsh 1,204.12139892578125
2018-02-22 17:00:00,52.400604,-0.947133,145.598,5.789279460906982,96.33306121826172,101.5366439819336,Kelmarsh 1,150.37429809570312
2018-02-22 18:00:00,52.400604,-0.947133,145.598,5.936814308166504,100.6536865234375,101.5366439819336,Kelmarsh 1,191.5353240966797
2018-02-22 19:00:00,52.400604,-0.947133,145.598,5.271515369415283,96.54866027832031,101.5366439819336,Kelmarsh 1,184.13897705078125
2018-02-22 20:00:00,52.400604,-0.947133,145.598,7.884038925170898,98.45680236816406,101.5366439819336,Kelmarsh 1,146.29495239257812
2018-02-22 21:00:00,52.400604,-0.947133,145.598,7.630512237548828,96.6590347290039,101.5366439819336,Kelmarsh 1,176.2165069580078
2018-02-22 22:00:00,52.400604,-0.947133,145.598,5.986208915710449,96.22530364990234,101.5366439819336,Kelmarsh 1,195.70066833496094
2018-02-22 23:00:00,52.400604,-0.947133,145.598,5.610021591186523,91.48323822021484,101.5366439819336,Kelmarsh 1,236.4274444580078
2018-02-23 00:00:00,52.400604,-0.947133,145.598,7.480583190917969,93.79878234863281,101.5366439819336,Kelmarsh 1,227.13909912109375
2018-02-23 01:00:00,52.400604,-0.947133,145.598,6.422037601470947,95.29165649414062,101.5366439819336,Kelmarsh 1,212.85324096679688
2018-02-23 02:00:00,52.400604,-0.947133,145.598,5.459906578063965,90.18080139160156,101.5366439819336,Kelmarsh 1,269.5096740722656
2018-02-23 03:00:00,52.400604,-0.947133,145.598,6.908987998962402,91.69266510009766,101.5366439819336,Kelmarsh 1,435.54638671875
2018-02-23 04:00:00,52.400604,-0.947133,145.598,8.838040351867676,98.35556030273438,101.5366439819336,Kelmarsh 1,325.0179748535156
2018-02-23 05:00:00,52.400604,-0.947133,145.598,7.2676897048950195,94.44306945800781,101.5366439819336,Kelmarsh 1,298.1935119628906
2018-02-23 06:00:00,52.400604,-0.947133,145.598,6.732625484466553,94.16423797607422,101.5366439819336,Kelmarsh 1,384.25250244140625
2018-02-23 07:00:00,52.400604,-0.947133,145.598,6.398983478546143,81.16548919677734,81.04183959960938,Kelmarsh 1,332.087890625
2018-02-23 08:00:00,52.400604,-0.947133,145.598,5.203725337982178,87.7606201171875,75.19527435302734,Kelmarsh 1,247.59963989257812
2018-02-23 09:00:00,52.400604,-0.947133,145.598,4.704004287719727,87.7535400390625,91.65863037109375,Kelmarsh 1,296.4573974609375
2018-02-23 10:00:00,52.400604,-0.947133,145.598,6.325068473815918,96.15766906738281,91.65863037109375,Kelmarsh 1,370.0162353515625
2018-02-23 11:00:00,52.400604,-0.947133,145.598,7.1445088386535645,97.18157196044922,101.5366439819336,Kelmarsh 1,433.43255615234375
2018-02-23 12:00:00,52.400604,-0.947133,145.598,8.260115623474121,94.45060729980469,99.3415298461914,Kelmarsh 1,545.6799926757812
2018-02-23 13:00:00,52.400604,-0.947133,145.598,7.905144214630127,99.99395751953125,99.2384033203125,Kelmarsh 1,581.6390991210938
2018-02-23 14:00:00,52.400604,-0.947133,145.598,7.251502990722656,93.56517028808594,94.65718078613281,Kelmarsh 1,548.0104370117188
2018-02-23 15:00:00,52.400604,-0.947133,145.598,6.949398517608643,98.47978973388672,93.85374450683594,Kelmarsh 1,544.8450317382812
2018-02-23 16:00:00,52.400604,-0.947133,145.598,6.579484939575195,82.52452850341797,90.56107330322266,Kelmarsh 1,669.2564697265625
2018-02-23 17:00:00,52.400604,-0.947133,145.598,7.335684299468994,83.70909881591797,90.56107330322266,Kelmarsh 1,615.4630126953125
2018-02-23 18:00:00,52.400604,-0.947133,145.598,7.241850852966309,98.44866943359375,98.2615966796875,Kelmarsh 1,877.6536254882812
2018-02-23 19:00:00,52.400604,-0.947133,145.598,5.881701946258545,98.14763641357422,97.14641571044922,Kelmarsh 1,708.324462890625
2018-02-23 20:00:00,52.400604,-0.947133,145.598,5.313633918762207,91.2178955078125,97.14641571044922,Kelmarsh 1,673.8214111328125
2018-02-23 21:00:00,52.400604,-0.947133,145.598,7.216216087341309,94.6376953125,97.14641571044922,Kelmarsh 1,681.22314453125
2018-02-23 22:00:00,52.400604,-0.947133,145.598,6.1265082359313965,99.97331237792969,97.14641571044922,Kelmarsh 1,576.864501953125
2018-02-23 23:00:00,52.400604,-0.947133,145.598,6.036327838897705,94.35816955566406,97.14641571044922,Kelmarsh 1,660.4580078125
2018-02-24 00:00:00,52.400604,-0.947133,145.598,4.716794013977051,87.92791748046875,97.14641571044922,Kelmarsh 1,514.8241577148438
2018-02-24 01:00:00,52.400604,-0.947133,145.598,5.10189151763916,89.2950668334961,97.14641571044922,Kelmarsh 1,501.89556884765625
2018-02-24 02:00:00,52.400604,-0.947133,145.598,4.511028289794922,92.27272033691406,97.14641571044922,Kelmarsh 1,540.9678344726562
2018-02-24 03:00:00,52.400604,-0.947133,145.598,5.440898418426514,94.68858337402344,97.14641571044922,Kelmarsh 1,499.9375
2018-02-24 04:00:00,52.400604,-0.947133,145.598,5.7223801612854,86.69937896728516,97.14641571044922,Kelmarsh 1,499.9060363769531
2018-02-24 05:00:00,52.400604,-0.947133,145.598,6.079758644104004,85.18567657470703,75.19527435302734,Kelmarsh 1,434.23175048828125
2018-02-24 06:00:00,52.400604,-0.947133,145.598,6.773221969604492,78.90847778320312,75.19527435302734,Kelmarsh 1,429.9234619140625
2018-02-24 07:00:00,52.400604,-0.947133,145.598,6.645455837249756,78.60514068603516,75.19527435302734,Kelmarsh 1,348.3937072753906
2018-02-24 08:00:00,52.400604,-0.947133,145.598,5.490720272064209,78.9287109375,75.19527435302734,Kelmarsh 1,227.69351196289062
2018-02-24 09:00:00,52.400604,-0.947133,145.598,6.024447917938232,83.63228607177734,83.9757308959961,Kelmarsh 1,221.28683471679688
2018-02-24 10:00:00,52.400604,-0.947133,145.598,7.1839728355407715,88.69002532958984,85.07328796386719,Kelmarsh 1,221.1017303466797
2018-02-24 11:00:00,52.400604,-0.947133,145.598,7.507813930511475,86.3970947265625,91.99235534667969,Kelmarsh 1,250.10565185546875
2018-02-24 12:00:00,52.400604,-0.947133,145.598,7.873254299163818,97.3660659790039,96.31890869140625,Kelmarsh 1,292.6368103027344
2018-02-24 13:00:00,52.400604,-0.947133,145.598,8.334160804748535,95.75923156738281,94.74722290039062,Kelmarsh 1,325.6923522949219
2018-02-24 14:00:00,52.400604,-0.947133,145.598,7.865550518035889,93.23580169677734,91.65863037109375,Kelmarsh 1,362.3973388671875
2018-02-24 15:00:00,52.400604,-0.947133,145.598,7.922811031341553,88.93506622314453,88.72941589355469,Kelmarsh 1,366.6505432128906
2018-02-24 16:00:00,52.400604,-0.947133,145.598,8.814626693725586,83.44453430175781,90.56107330322266,Kelmarsh 1,328.0564270019531
2018-02-24 17:00:00,52.400604,-0.947133,145.598,7.926846027374268,80.57029724121094,83.9757308959961,Kelmarsh 1,225.74395751953125
2018-02-24 18:00:00,52.400604,-0.947133,145.598,8.898275375366211,80.20152282714844,71.90260314941406,Kelmarsh 1,245.9984588623047
2018-02-24 19:00:00,52.400604,-0.947133,145.598,8.078629493713379,77.27202606201172,79.58550262451172,Kelmarsh 1,291.7649841308594
2018-02-24 20:00:00,52.400604,-0.947133,145.598,9.507329940795898,78.64097595214844,79.58550262451172,Kelmarsh 1,267.8883056640625
2018-02-24 21:00:00,52.400604,-0.947133,145.598,8.142614364624023,74.08391571044922,79.58550262451172,Kelmarsh 1,293.36395263671875
2018-02-24 22:00:00,52.400604,-0.947133,145.598,7.709644317626953,73.30473327636719,79.58550262451172,Kelmarsh 1,398.2812194824219
2018-02-24 23:00:00,52.400604,-0.947133,145.598,6.2213215827941895,83.4261474609375,79.58550262451172,Kelmarsh 1,389.7457580566406
2018-02-25 00:00:00,52.400604,-0.947133,145.598,5.7167744636535645,79.08137512207031,79.58550262451172,Kelmarsh 1,281.14654541015625
2018-02-25 01:00:00,52.400604,-0.947133,145.598,6.667601108551025,78.71675109863281,79.58550262451172,Kelmarsh 1,256.73004150390625
2018-02-25 02:00:00,52.400604,-0.947133,145.598,6.848176956176758,78.72222137451172,79.58550262451172,Kelmarsh 1,202.73741149902344
2018-02-25 03:00:00,52.400604,-0.947133,145.598,6.3878092765808105,79.72760772705078,79.58550262451172,Kelmarsh 1,175.15057373046875
2018-02-25 04:00:00,52.400604,-0.947133,145.598,6.1830830574035645,77.60028839111328,79.58550262451172,Kelmarsh 1,188.208251953125
2018-02-25 05:00:00,52.400604,-0.947133,145.598,6.429778575897217,75.66254425048828,79.58550262451172,Kelmarsh 1,162.73313903808594
2018-02-25 06:00:00,52.400604,-0.947133,145.598,6.752635955810547,78.8581314086914,79.58550262451172,Kelmarsh 1,94.97216033935547
2018-02-25 07:00:00,52.400604,-0.947133,145.598,7.007944583892822,74.87313079833984,79.58550262451172,Kelmarsh 1,128.96896362304688
2018-02-25 08:00:00,52.400604,-0.947133,145.598,6.296128273010254,75.66175079345703,79.58550262451172,Kelmarsh 1,125.21450805664062
2018-02-25 09:00:00,52.400604,-0.947133,145.598,6.431950092315674,79.39225769042969,79.58550262451172,Kelmarsh 1,81.9764404296875
2018-02-25 10:00:00,52.400604,-0.947133,145.598,7.7690629959106445,80.81710815429688,85.16493225097656,Kelmarsh 1,57.60952377319336
2018-02-25 11:00:00,52.400604,-0.947133,145.598,8.22156047821045,77.96073150634766,81.56697845458984,Kelmarsh 1,20.201208114624023
2018-02-25 12:00:00,52.400604,-0.947133,145.598,7.44789457321167,87.61811828613281,88.85969543457031,Kelmarsh 1,10.061609268188477
2018-02-25 13:00:00,52.400604,-0.947133,145.598,7.479097843170166,83.24362182617188,82.1889419555664,Kelmarsh 1,22.813364028930664
2018-02-25 14:00:00,52.400604,-0.947133,145.598,5.642709732055664,87.02854919433594,95.86741638183594,Kelmarsh 1,1.9842454195022583
2018-02-25 15:00:00,52.400604,-0.947133,145.598,5.181097507476807,81.21734619140625,79.58550262451172,Kelmarsh 1,30.244625091552734
2018-02-25 16:00:00,52.400604,-0.947133,145.598,5.572580814361572,79.32284545898438,79.58550262451172,Kelmarsh 1,130.19976806640625
2018-02-25 17:00:00,52.400604,-0.947133,145.598,7.472656726837158,79.3757553100586,79.58550262451172,Kelmarsh 1,169.4428253173828
2018-02-25 18:00:00,52.400604,-0.947133,145.598,5.701204299926758,79.94656372070312,79.58550262451172,Kelmarsh 1,269.6382751464844
2018-02-25 19:00:00,52.400604,-0.947133,145.598,7.285583972930908,78.97083282470703,79.58550262451172,Kelmarsh 1,409.1589050292969
2018-02-25 20:00:00,52.400604,-0.947133,145.598,7.661567211151123,77.25991821289062,79.58550262451172,Kelmarsh 1,471.68798828125
2018-02-25 21:00:00,52.400604,-0.947133,145.598,6.046388626098633,78.21243286132812,79.58550262451172,Kelmarsh 1,394.2044982910156
2018-02-25 22:00:00,52.400604,-0.947133,145.598,5.02095890045166,74.34121704101562,79.58550262451172,Kelmarsh 1,466.63116455078125
2018-02-25 23:00:00,52.400604,-0.947133,145.598,5.235114574432373,68.96774291992188,79.58550262451172,Kelmarsh 1,517.734619140625
2018-02-26 00:00:00,52.400604,-0.947133,145.598,6.131831645965576,74.43028259277344,79.58550262451172,Kelmarsh 1,343.7583312988281
2018-02-26 01:00:00,52.400604,-0.947133,145.598,4.3955512046813965,76.1929931640625,79.58550262451172,Kelmarsh 1,334.1611328125
2018-02-26 02:00:00,52.400604,-0.947133,145.598,4.354649066925049,65.22887420654297,79.58550262451172,Kelmarsh 1,457.4010009765625
2018-02-26 03:00:00,52.400604,-0.947133,145.598,4.887773036956787,67.90950012207031,79.58550262451172,Kelmarsh 1,328.5617370605469
2018-02-26 04:00:00,52.400604,-0.947133,145.598,4.983963966369629,69.09988403320312,53.24409484863281,Kelmarsh 1,310.3143615722656
2018-02-26 05:00:00,52.400604,-0.947133,145.598,4.266226291656494,67.0448226928711,66.4148178100586,Kelmarsh 1,488.9947509765625
2018-02-26 06:00:00,52.400604,-0.947133,145.598,5.1693291664123535,77.62100219726562,66.4148178100586,Kelmarsh 1,317.7731018066406
2018-02-26 07:00:00,52.400604,-0.947133,145.598,5.27771520614624,52.04850387573242,66.4148178100586,Kelmarsh 1,231.77926635742188
2018-02-26 08:00:00,52.400604,-0.947133,145.598,5.394807815551758,71.23540496826172,66.4148178100586,Kelmarsh 1,264.1152038574219
2018-02-26 09:00:00,52.400604,-0.947133,145.598,6.975534439086914,68.22579193115234,75.19527435302734,Kelmarsh 1,360.6383056640625
2018-02-26 10:00:00,52.400604,-0.947133,145.598,7.012195587158203,88.56905364990234,83.46407318115234,Kelmarsh 1,336.03436279296875
2018-02-26 11:00:00,52.400604,-0.947133,145.598,7.009058475494385,73.12317657470703,77.39038848876953,Kelmarsh 1,347.3383483886719
2018-02-26 12:00:00,52.400604,-0.947133,145.598,7.901005268096924,77.688232421875,76.28799438476562,Kelmarsh 1,277.9630126953125
2018-02-26 13:00:00,52.400604,-0.947133,145.598,7.403121471405029,43.49326705932617,43.36604309082031,Kelmarsh 1,248.1555633544922
2018-02-26 14:00:00,52.400604,-0.947133,145.598,6.462986946105957,58.80947494506836,59.89814758300781,Kelmarsh 1,333.39874267578125
2018-02-26 15:00:00,52.400604,-0.947133,145.598,5.9384846687316895,75.10084533691406,67.51237487792969,Kelmarsh 1,283.2199401855469
2018-02-26 16:00:00,52.400604,-0.947133,145.598,7.5156660079956055,51.23041534423828,53.24409484863281,Kelmarsh 1,170.87376403808594
2018-02-26 17:00:00,52.400604,-0.947133,145.598,6.440099239349365,61.47987365722656,53.24409484863281,Kelmarsh 1,239.73480224609375
2018-02-26 18:00:00,52.400604,-0.947133,145.598,6.429135799407959,42.563941955566406,42.26848602294922,Kelmarsh 1,214.89398193359375
2018-02-26 19:00:00,52.400604,-0.947133,145.598,6.644917964935303,40.88721466064453,42.26848602294922,Kelmarsh 1,226.47811889648438
2018-02-26 20:00:00,52.400604,-0.947133,145.598,6.93669319152832,47.95265579223633,42.26848602294922,Kelmarsh 1,173.06973266601562
2018-02-26 21:00:00,52.400604,-0.947133,145.598,6.321206569671631,50.58567428588867,42.26848602294922,Kelmarsh 1,123.47887420654297
2018-02-26 22:00:00,52.400604,-0.947133,145.598,6.241332054138184,41.555667877197266,57.63433837890625,Kelmarsh 1,125.08859252929688
2018-02-26 23:00:00,52.400604,-0.947133,145.598,4.021423816680908,41.267215728759766,51.048973083496094,Kelmarsh 1,156.8081817626953
2018-02-27 00:00:00,52.400604,-0.947133,145.598,4.678091049194336,17.27980613708496,19.219707489013672,Kelmarsh 1,112.2998275756836
2018-02-27 01:00:00,52.400604,-0.947133,145.598,3.999631643295288,17.224760055541992,19.219707489013672,Kelmarsh 1,126.38719940185547
2018-02-27 02:00:00,52.400604,-0.947133,145.598,5.418679237365723,14.748883247375488,19.219707489013672,Kelmarsh 1,114.44506072998047
2018-02-27 03:00:00,52.400604,-0.947133,145.598,4.344263076782227,16.71857261657715,19.219707489013672,Kelmarsh 1,91.68403625488281
2018-02-27 04:00:00,52.400604,-0.947133,145.598,5.349552154541016,342.6681213378906,349.5855407714844,Kelmarsh 1,83.55882263183594
2018-02-27 05:00:00,52.400604,-0.947133,145.598,5.247161388397217,356.52752685546875,9.341669082641602,Kelmarsh 1,81.32707214355469
2018-02-27 06:00:00,52.400604,-0.947133,145.598,5.236562252044678,355.8586730957031,344.09771728515625,Kelmarsh 1,52.736122131347656
2018-02-27 07:00:00,52.400604,-0.947133,145.598,4.88886833190918,351.15844726562506,344.09771728515625,Kelmarsh 1,84.93262481689453
2018-02-27 08:00:00,52.400604,-0.947133,145.598,4.038297176361084,12.792901039123535,1.6587477922439575,Kelmarsh 1,22.18888282775879
2018-02-27 09:00:00,52.400604,-0.947133,145.598,2.952577590942383,36.59068298339844,1.6587477922439575,Kelmarsh 1,14.866966247558594
2018-02-27 10:00:00,52.400604,-0.947133,145.598,3.4665908813476562,36.488426208496094,33.487998962402344,Kelmarsh 1,84.11804962158203
2018-02-27 11:00:00,52.400604,-0.947133,145.598,3.802572011947632,74.82955169677734,46.658729553222656,Kelmarsh 1,99.6278076171875
2018-02-27 12:00:00,52.400604,-0.947133,145.598,3.253159284591675,70.53523254394531,67.51237487792969,Kelmarsh 1,129.89300537109375
2018-02-27 13:00:00,52.400604,-0.947133,145.598,3.817162275314331,55.4609260559082,67.51237487792969,Kelmarsh 1,153.80706787109375
2018-02-27 14:00:00,52.400604,-0.947133,145.598,4.702823162078857,35.980289459228516,35.68312072753906,Kelmarsh 1,179.008544921875
2018-02-27 15:00:00,52.400604,-0.947133,145.598,5.7734270095825195,38.8300895690918,43.36604309082031,Kelmarsh 1,109.74472045898438
2018-02-27 16:00:00,52.400604,-0.947133,145.598,5.766391754150391,46.915809631347656,43.36604309082031,Kelmarsh 1,162.64352416992188
2018-02-27 17:00:00,52.400604,-0.947133,145.598,6.191380023956299,46.12349319458008,43.36604309082031,Kelmarsh 1,146.35513305664062
2018-02-27 18:00:00,52.400604,-0.947133,145.598,3.340003490447998,35.41584014892578,43.36604309082031,Kelmarsh 1,147.74508666992188
2018-02-27 19:00:00,52.400604,-0.947133,145.598,4.334610462188721,42.69987869262695,43.36604309082031,Kelmarsh 1,366.9910583496094
2018-02-27 20:00:00,52.400604,-0.947133,145.598,4.3743157386779785,21.414222717285156,23.91053009033203,Kelmarsh 1,431.9983825683594
2018-02-27 21:00:00,52.400604,-0.947133,145.598,2.894141912460327,26.843303680419922,12.634346961975098,Kelmarsh 1,344.7757873535156
2018-02-27 22:00:00,52.400604,-0.947133,145.598,5.118281841278076,41.02204513549805,18.043018341064453,Kelmarsh 1,276.3736572265625
2018-02-27 23:00:00,52.400604,-0.947133,145.598,6.5037126541137695,13.474143028259277,13.881529808044434,Kelmarsh 1,242.12657165527344
2018-02-28 00:00:00,52.400604,-0.947133,145.598,4.577779293060303,32.226531982421875,35.68312072753906,Kelmarsh 1,269.3554382324219
2018-02-28 01:00:00,52.400604,-0.947133,145.598,4.066976547241211,36.127357482910156,35.68312072753906,Kelmarsh 1,259.9087219238281
2018-02-28 02:00:00,52.400604,-0.947133,145.598,5.599904537200928,41.51999282836914,35.68312072753906,Kelmarsh 1,189.87925720214844
2018-02-28 03:00:00,52.400604,-0.947133,145.598,3.428537607192993,31.222402572631836,35.68312072753906,Kelmarsh 1,161.4579620361328
2018-02-28 04:00:00,52.400604,-0.947133,145.598,6.037237167358398,18.326595306396484,35.68312072753906,Kelmarsh 1,202.43173217773438
2018-02-28 05:00:00,52.400604,-0.947133,145.598,4.307732105255127,46.258304595947266,33.487998962402344,Kelmarsh 1,126.20527648925781
2018-02-28 06:00:00,52.400604,-0.947133,145.598,4.496048450469971,49.50118637084961,54.34165573120117,Kelmarsh 1,77.52142333984375
2018-02-28 07:00:00,52.400604,-0.947133,145.598,5.048468589782715,77.35955810546875,79.58550262451172,Kelmarsh 1,155.2294921875
2018-02-28 08:00:00,52.400604,-0.947133,145.598,3.6354353427886963,66.9751968383789,79.58550262451172,Kelmarsh 1,189.11785888671875
2018-02-28 09:00:00,52.400604,-0.947133,145.598,4.850722312927246,72.20313262939453,79.58550262451172,Kelmarsh 1,148.41734313964844
2018-02-28 10:00:00,52.400604,-0.947133,145.598,4.381536483764648,92.74082946777344,79.58550262451172,Kelmarsh 1,82.11996459960938
2018-02-28 11:00:00,52.400604,-0.947133,145.598,4.9728264808654785,89.29373168945312,89.46351623535156,Kelmarsh 1,-0.28539714217185974
2018-02-28 12:00:00,52.400604,-0.947133,145.598,7.084848880767822,85.18090057373047,88.31314086914062,Kelmarsh 1,-2.278578519821167
2018-02-28 13:00:00,52.400604,-0.947133,145.598,8.128265380859375,74.21713256835938,77.88880157470703,Kelmarsh 1,-2.618417978286743
2018-02-28 14:00:00,52.400604,-0.947133,145.598,9.028862953186035,81.58955383300781,78.48794555664062,Kelmarsh 1,57.43818664550781
2018-02-28 15:00:00,52.400604,-0.947133,145.598,9.32797908782959,78.61016082763672,75.36842346191406,Kelmarsh 1,70.98876190185547
2018-02-28 16:00:00,52.400604,-0.947133,145.598,10.321281433105469,69.01468658447266,70.91410827636719,Kelmarsh 1,73.3614501953125
2018-02-28 17:00:00,52.400604,-0.947133,145.598,7.7969489097595215,71.38819122314453,67.51237487792969,Kelmarsh 1,85.487060546875
2018-02-28 18:00:00,52.400604,-0.947133,145.598,7.835547924041748,71.1446533203125,70.80504608154297,Kelmarsh 1,72.10546875
2018-02-28 19:00:00,52.400604,-0.947133,145.598,7.909970760345459,61.67107009887695,64.2197036743164,Kelmarsh 1,64.45784759521484
2018-02-28 20:00:00,52.400604,-0.947133,145.598,7.124999523162842,66.45343780517578,65.09733581542969,Kelmarsh 1,51.285457611083984
2018-02-28 21:00:00,52.400604,-0.947133,145.598,7.705615997314453,69.24910736083984,68.60993194580078,Kelmarsh 1,37.78540802001953
2018-02-28 22:00:00,52.400604,-0.947133,145.598,8.11976432800293,64.00204467773438,63.12213897705078,Kelmarsh 1,41.242210388183594
2018-02-28 23:00:00,52.400604,-0.947133,145.598,7.838523864746094,63.899169921875,63.12213897705078,Kelmarsh 1,73.05835723876953
