data_time,latitude5,longitude5,elevation5,wind_speed5,wind_direction5,nacelle_position5,title_of_turbine5,production5
2018-01-01 00:00:00,52.402308,-0.940537,142.901,11.929450988769531,251.60545349121094,257.65899658203125,Kelmarsh 5,2059.292236328125
2018-01-01 01:00:00,52.402308,-0.940537,142.901,8.335668563842773,246.77862548828125,242.2930908203124,Kelmarsh 5,1941.4415283203125
2018-01-01 02:00:00,52.402308,-0.940537,142.901,10.809782028198242,217.79418945312497,222.3661651611328,Kelmarsh 5,1961.3865966796875
2018-01-01 03:00:00,52.402308,-0.940537,142.901,11.068748474121094,217.38102722167966,218.14666748046866,Kelmarsh 5,1972.80322265625
2018-01-01 04:00:00,52.402308,-0.940537,142.901,10.609396934509277,219.15382385253906,226.92718505859366,Kelmarsh 5,1697.6429443359375
2018-01-01 05:00:00,52.402308,-0.940537,142.901,9.629634857177734,222.54736328124994,215.83445739746088,Kelmarsh 5,1315.6104736328125
2018-01-01 06:00:00,52.402308,-0.940537,142.901,10.291964530944824,223.66629028320312,219.24423217773432,Kelmarsh 5,1058.55615234375
2018-01-01 07:00:00,52.402308,-0.940537,142.901,10.30470085144043,208.07481384277335,207.17102050781241,Kelmarsh 5,1568.5992431640625
2018-01-01 08:00:00,52.402308,-0.940537,142.901,8.31381607055664,199.55929565429688,207.17102050781241,Kelmarsh 5,2027.8665771484375
2018-01-01 09:00:00,52.402308,-0.940537,142.901,7.576996803283691,209.10714721679688,204.97589111328122,Kelmarsh 5,2030.3106689453125
2018-01-01 10:00:00,52.402308,-0.940537,142.901,7.579335689544678,206.35990905761713,204.97589111328122,Kelmarsh 5,2056.30810546875
2018-01-01 11:00:00,52.402308,-0.940537,142.901,7.25638484954834,223.67001342773435,222.21519470214844,Kelmarsh 5,2031.343017578125
2018-01-01 12:00:00,52.402308,-0.940537,142.901,5.83262300491333,242.97618103027344,229.39634704589838,Kelmarsh 5,2041.0015869140625
2018-01-01 13:00:00,52.402308,-0.940537,142.901,5.687334060668945,252.44615173339844,246.683349609375,Kelmarsh 5,2029.102783203125
2018-01-01 14:00:00,52.402308,-0.940537,142.901,5.232237339019775,257.7297668457031,246.683349609375,Kelmarsh 5,2041.62744140625
2018-01-01 15:00:00,52.402308,-0.940537,142.901,5.184940338134766,251.63403320312497,258.7565612792969,Kelmarsh 5,1917.4842529296875
2018-01-01 16:00:00,52.402308,-0.940537,142.901,6.371659278869629,246.3396453857422,253.26873779296875,Kelmarsh 5,1957.4267578125
2018-01-01 17:00:00,52.402308,-0.940537,142.901,9.471708297729492,252.17628479003903,253.26873779296875,Kelmarsh 5,2042.056396484375
2018-01-01 18:00:00,52.402308,-0.940537,142.901,8.928186416625977,267.01776123046875,264.4635314941406,Kelmarsh 5,2048.250244140625
2018-01-01 19:00:00,52.402308,-0.940537,142.901,14.06948471069336,280.736083984375,272.14794921875,Kelmarsh 5,2037.74755859375
2018-01-01 20:00:00,52.402308,-0.940537,142.901,10.653504371643066,285.8494873046875,295.7077331542969,Kelmarsh 5,2037.21142578125
2018-01-01 21:00:00,52.402308,-0.940537,142.901,11.684868812561035,285.5763244628906,289.98672485351557,Kelmarsh 5,2050.1982421875
2018-01-01 22:00:00,52.402308,-0.940537,142.901,9.002325057983398,276.8434143066406,280.5794372558594,Kelmarsh 5,2048.832275390625
2018-01-01 23:00:00,52.402308,-0.940537,142.901,9.281408309936523,270.60418701171875,276.3175964355469,Kelmarsh 5,2013.011962890625
2018-01-02 00:00:00,52.402308,-0.940537,142.901,6.793475151062012,255.56095886230463,262.04925537109375,Kelmarsh 5,1982.9227294921875
2018-01-02 01:00:00,52.402308,-0.940537,142.901,7.160218715667725,265.095489501953,262.04925537109375,Kelmarsh 5,1883.6290283203125
2018-01-02 02:00:00,52.402308,-0.940537,142.901,8.589028358459473,259.71936035156244,262.04925537109375,Kelmarsh 5,1527.029541015625
2018-01-02 03:00:00,52.402308,-0.940537,142.901,8.661492347717285,256.8221435546875,262.04925537109375,Kelmarsh 5,1494.5250244140625
2018-01-02 04:00:00,52.402308,-0.940537,142.901,9.00046157836914,251.58090209960935,253.7425079345703,Kelmarsh 5,1393.2081298828125
2018-01-02 05:00:00,52.402308,-0.940537,142.901,3.9458374977111816,233.98547363281244,249.97604370117188,Kelmarsh 5,1729.1400146484375
2018-01-02 06:00:00,52.402308,-0.940537,142.901,6.359871864318848,226.76382446289062,232.34513854980466,Kelmarsh 5,1927.8780517578125
2018-01-02 07:00:00,52.402308,-0.940537,142.901,6.228096961975098,229.8590393066406,233.5125732421874,Kelmarsh 5,1752.309814453125
2018-01-02 08:00:00,52.402308,-0.940537,142.901,6.533115863800049,203.03150939941406,208.26858520507812,Kelmarsh 5,1635.63671875
2018-01-02 09:00:00,52.402308,-0.940537,142.901,8.576048851013184,208.67919921875,208.26858520507812,Kelmarsh 5,1551.41259765625
2018-01-02 10:00:00,52.402308,-0.940537,142.901,5.5555219650268555,191.10252380371088,192.90267944335938,Kelmarsh 5,1510.644775390625
2018-01-02 11:00:00,52.402308,-0.940537,142.901,4.974979400634766,183.1221466064453,192.90267944335938,Kelmarsh 5,1928.863525390625
2018-01-02 12:00:00,52.402308,-0.940537,142.901,7.638104438781738,163.48863220214844,162.17086791992188,Kelmarsh 5,1283.1610107421875
2018-01-02 13:00:00,52.402308,-0.940537,142.901,6.773890018463135,187.43011474609372,177.69949340820312,Kelmarsh 5,1600.199462890625
2018-01-02 14:00:00,52.402308,-0.940537,142.901,10.357904434204102,211.93991088867182,203.87832641601562,Kelmarsh 5,1664.7794189453125
2018-01-02 15:00:00,52.402308,-0.940537,142.901,10.302624702453613,242.69218444824216,243.39065551757804,Kelmarsh 5,1871.271240234375
2018-01-02 16:00:00,52.402308,-0.940537,142.901,6.674473285675049,254.49063110351562,243.39065551757804,Kelmarsh 5,1796.54931640625
2018-01-02 17:00:00,52.402308,-0.940537,142.901,9.766529083251953,225.36474609375,240.0979614257812,Kelmarsh 5,1947.3045654296875
2018-01-02 18:00:00,52.402308,-0.940537,142.901,10.187713623046875,216.02311706542963,218.23406982421872,Kelmarsh 5,2014.491943359375
2018-01-02 19:00:00,52.402308,-0.940537,142.901,10.493906021118164,205.83595275878903,204.97589111328122,Kelmarsh 5,1723.7353515625
2018-01-02 20:00:00,52.402308,-0.940537,142.901,12.09147834777832,192.21484374999997,198.3905029296875,Kelmarsh 5,1821.639892578125
2018-01-02 21:00:00,52.402308,-0.940537,142.901,13.027704238891602,191.83767700195304,195.75709533691406,Kelmarsh 5,1728.4459228515625
2018-01-02 22:00:00,52.402308,-0.940537,142.901,9.265348434448242,207.28056335449213,203.87832641601562,Kelmarsh 5,1573.275634765625
2018-01-02 23:00:00,52.402308,-0.940537,142.901,12.517631530761719,249.14556884765625,244.48822021484375,Kelmarsh 5,1200.8773193359375
2018-01-03 00:00:00,52.402308,-0.940537,142.901,12.972838401794434,258.76214599609375,259.85412597656244,Kelmarsh 5,812.5641479492188
2018-01-03 01:00:00,52.402308,-0.940537,142.901,14.69253921508789,260.8184204101562,265.0790100097656,Kelmarsh 5,500.55584716796875
2018-01-03 02:00:00,52.402308,-0.940537,142.901,17.470657348632812,259.1253662109375,253.5979919433594,Kelmarsh 5,729.3675537109375
2018-01-03 03:00:00,52.402308,-0.940537,142.901,16.28874397277832,254.91232299804688,253.26873779296875,Kelmarsh 5,826.6654052734375
2018-01-03 04:00:00,52.402308,-0.940537,142.901,12.003456115722656,248.32296752929688,253.26873779296875,Kelmarsh 5,941.8238525390625
2018-01-03 05:00:00,52.402308,-0.940537,142.901,14.211712837219238,264.8407897949219,253.26873779296875,Kelmarsh 5,993.4458618164062
2018-01-03 06:00:00,52.402308,-0.940537,142.901,14.48978042602539,265.315185546875,253.26873779296875,Kelmarsh 5,1209.0030517578125
2018-01-03 07:00:00,52.402308,-0.940537,142.901,16.397306442260742,273.82464599609375,253.26873779296875,Kelmarsh 5,1200.21630859375
2018-01-03 08:00:00,52.402308,-0.940537,142.901,16.071176528930664,266.42529296875,253.26873779296875,Kelmarsh 5,1029.4176025390625
2018-01-03 09:00:00,52.402308,-0.940537,142.901,14.562906265258789,263.7304992675781,253.26873779296875,Kelmarsh 5,950.2040405273438
2018-01-03 10:00:00,52.402308,-0.940537,142.901,12.071383476257324,273.1529541015625,253.26873779296875,Kelmarsh 5,1028.1981201171875
2018-01-03 11:00:00,52.402308,-0.940537,142.901,12.260376930236816,266.4404296875,253.26873779296875,Kelmarsh 5,893.4216918945312
2018-01-03 12:00:00,52.402308,-0.940537,142.901,13.13801097869873,266.15591430664057,253.26873779296875,Kelmarsh 5,964.7945556640625
2018-01-03 13:00:00,52.402308,-0.940537,142.901,11.411199569702148,276.8177185058594,253.26873779296875,Kelmarsh 5,1126.3997802734375
2018-01-03 14:00:00,52.402308,-0.940537,142.901,8.54827880859375,266.0956726074219,253.26873779296875,Kelmarsh 5,1128.8828125
2018-01-03 15:00:00,52.402308,-0.940537,142.901,15.775815963745117,272.5658874511719,253.26873779296875,Kelmarsh 5,832.7941284179688
2018-01-03 16:00:00,52.402308,-0.940537,142.901,14.515138626098633,259.43145751953125,253.26873779296875,Kelmarsh 5,733.6246337890625
2018-01-03 17:00:00,52.402308,-0.940537,142.901,14.804869651794434,258.419921875,253.26873779296875,Kelmarsh 5,814.73828125
2018-01-03 18:00:00,52.402308,-0.940537,142.901,11.4755859375,248.89315795898438,253.26873779296875,Kelmarsh 5,772.2540893554688
2018-01-03 19:00:00,52.402308,-0.940537,142.901,11.768525123596191,251.50149536132812,253.26873779296875,Kelmarsh 5,614.3516235351562
2018-01-03 20:00:00,52.402308,-0.940537,142.901,11.91865348815918,254.54888916015625,253.26873779296875,Kelmarsh 5,378.6525573730469
2018-01-03 21:00:00,52.402308,-0.940537,142.901,11.044499397277832,252.71308898925776,253.26873779296875,Kelmarsh 5,495.4344787597656
2018-01-03 22:00:00,52.402308,-0.940537,142.901,9.837992668151855,244.1509399414062,253.26873779296875,Kelmarsh 5,508.9477844238281
2018-01-03 23:00:00,52.402308,-0.940537,142.901,8.56031608581543,254.14146423339844,253.26873779296875,Kelmarsh 5,416.3733215332031
2018-01-04 00:00:00,52.402308,-0.940537,142.901,8.292699813842773,245.2095184326172,253.26873779296875,Kelmarsh 5,466.6785888671875
2018-01-04 01:00:00,52.402308,-0.940537,142.901,7.110633373260498,242.79339599609375,253.26873779296875,Kelmarsh 5,738.6510620117188
2018-01-04 02:00:00,52.402308,-0.940537,142.901,8.818456649780273,237.93601989746094,253.26873779296875,Kelmarsh 5,526.7545166015625
2018-01-04 03:00:00,52.402308,-0.940537,142.901,6.97114896774292,225.59786987304685,253.26873779296875,Kelmarsh 5,220.70416259765625
2018-01-04 04:00:00,52.402308,-0.940537,142.901,6.503114223480225,210.42408752441403,253.26873779296875,Kelmarsh 5,775.7225952148438
2018-01-04 05:00:00,52.402308,-0.940537,142.901,6.967029571533203,225.48515319824222,253.26873779296875,Kelmarsh 5,477.32794189453125
2018-01-04 06:00:00,52.402308,-0.940537,142.901,6.95487117767334,202.35760498046866,253.26873779296875,Kelmarsh 5,340.2471923828125
2018-01-04 07:00:00,52.402308,-0.940537,142.901,3.4954917430877686,172.93399047851562,253.26873779296875,Kelmarsh 5,289.8938293457031
2018-01-04 08:00:00,52.402308,-0.940537,142.901,6.66160249710083,161.38949584960938,253.26873779296875,Kelmarsh 5,307.2016906738281
2018-01-04 09:00:00,52.402308,-0.940537,142.901,8.72002124786377,169.1678009033203,253.26873779296875,Kelmarsh 5,645.1845703125
2018-01-04 10:00:00,52.402308,-0.940537,142.901,8.535737991333008,208.10951232910148,253.26873779296875,Kelmarsh 5,572.1640625
2018-01-04 11:00:00,52.402308,-0.940537,142.901,8.750224113464355,218.89976501464838,253.26873779296875,Kelmarsh 5,298.77984619140625
2018-01-04 12:00:00,52.402308,-0.940537,142.901,12.288177490234375,237.10983276367182,253.26873779296875,Kelmarsh 5,632.9409790039062
2018-01-04 13:00:00,52.402308,-0.940537,142.901,14.940009117126465,238.06637573242188,253.26873779296875,Kelmarsh 5,613.8282470703125
2018-01-04 14:00:00,52.402308,-0.940537,142.901,12.419278144836426,245.61384582519526,253.26873779296875,Kelmarsh 5,903.996826171875
2018-01-04 15:00:00,52.402308,-0.940537,142.901,17.74910545349121,266.9278564453125,253.26873779296875,Kelmarsh 5,930.0439453125
2018-01-04 16:00:00,52.402308,-0.940537,142.901,15.10168170928955,276.37850952148426,253.26873779296875,Kelmarsh 5,651.934814453125
2018-01-04 17:00:00,52.402308,-0.940537,142.901,11.78189754486084,270.20098876953125,275.9170227050781,Kelmarsh 5,440.1139831542969
2018-01-04 18:00:00,52.402308,-0.940537,142.901,13.908961296081543,254.7213592529297,263.1468200683593,Kelmarsh 5,929.7633056640625
2018-01-04 19:00:00,52.402308,-0.940537,142.901,12.159862518310547,248.32234191894528,252.17117309570312,Kelmarsh 5,837.7709350585938
2018-01-04 20:00:00,52.402308,-0.940537,142.901,12.599769592285156,249.10791015625,243.39065551757804,Kelmarsh 5,514.5952758789062
2018-01-04 21:00:00,52.402308,-0.940537,142.901,10.708539962768555,230.99685668945304,228.02474975585938,Kelmarsh 5,495.57476806640625
2018-01-04 22:00:00,52.402308,-0.940537,142.901,5.358551502227783,249.7122802734375,240.97560119628906,Kelmarsh 5,599.2254028320312
2018-01-04 23:00:00,52.402308,-0.940537,142.901,7.434779644012451,231.2404632568359,228.02474975585938,Kelmarsh 5,692.5639038085938
2018-01-05 00:00:00,52.402308,-0.940537,142.901,4.117568016052246,251.76312255859372,251.07360839843747,Kelmarsh 5,950.04931640625
2018-01-05 01:00:00,52.402308,-0.940537,142.901,4.997898578643799,235.11102294921872,251.07360839843747,Kelmarsh 5,900.288818359375
2018-01-05 02:00:00,52.402308,-0.940537,142.901,5.664072036743164,239.26794433593744,230.21987915039057,Kelmarsh 5,555.3417358398438
2018-01-05 03:00:00,52.402308,-0.940537,142.901,6.008861064910889,222.122314453125,223.63449096679688,Kelmarsh 5,763.0922241210938
2018-01-05 04:00:00,52.402308,-0.940537,142.901,4.612620830535889,227.0697479248047,241.20545959472653,Kelmarsh 5,1517.52783203125
2018-01-05 05:00:00,52.402308,-0.940537,142.901,4.21664571762085,200.99392700195312,217.0491027832031,Kelmarsh 5,1730.6707763671875
2018-01-05 06:00:00,52.402308,-0.940537,142.901,5.410979747772217,201.20571899414054,200.5856323242187,Kelmarsh 5,1926.509033203125
2018-01-05 07:00:00,52.402308,-0.940537,142.901,5.157597541809082,192.98658752441398,200.5856323242187,Kelmarsh 5,1999.3560791015625
2018-01-05 08:00:00,52.402308,-0.940537,142.901,5.585630416870117,199.60858154296872,200.5856323242187,Kelmarsh 5,1960.670654296875
2018-01-05 09:00:00,52.402308,-0.940537,142.901,3.8491082191467285,190.18795776367182,200.5856323242187,Kelmarsh 5,1797.052490234375
2018-01-05 10:00:00,52.402308,-0.940537,142.901,6.4516448974609375,195.04846191406244,200.5856323242187,Kelmarsh 5,1418.4000244140625
2018-01-05 11:00:00,52.402308,-0.940537,142.901,9.708342552185059,196.65367126464835,200.5856323242187,Kelmarsh 5,1424.1173095703125
2018-01-05 12:00:00,52.402308,-0.940537,142.901,9.73484992980957,206.36953735351562,200.69496154785156,Kelmarsh 5,1554.3101806640625
2018-01-05 13:00:00,52.402308,-0.940537,142.901,10.115028381347656,245.62333679199216,240.21124267578125,Kelmarsh 5,1986.677734375
2018-01-05 14:00:00,52.402308,-0.940537,142.901,11.587146759033203,270.6667175292969,265.3419494628906,Kelmarsh 5,1974.8018798828125
2018-01-05 15:00:00,52.402308,-0.940537,142.901,6.646513938903809,271.18951416015625,270.82977294921875,Kelmarsh 5,1999.2259521484375
2018-01-05 16:00:00,52.402308,-0.940537,142.901,6.50809383392334,276.3310241699219,270.82977294921875,Kelmarsh 5,2026.0830078125
2018-01-05 17:00:00,52.402308,-0.940537,142.901,4.829765319824219,270.4581604003906,270.82977294921875,Kelmarsh 5,2058.959716796875
2018-01-05 18:00:00,52.402308,-0.940537,142.901,5.967312335968018,279.2859191894531,270.82977294921875,Kelmarsh 5,2018.7607421875
2018-01-05 19:00:00,52.402308,-0.940537,142.901,4.085594654083252,268.11590576171875,270.82977294921875,Kelmarsh 5,2017.0811767578125
2018-01-05 20:00:00,52.402308,-0.940537,142.901,3.886047601699829,275.4029541015625,288.39080810546875,Kelmarsh 5,1988.372802734375
2018-01-05 21:00:00,52.402308,-0.940537,142.901,4.428035736083984,277.6141662597656,288.39080810546875,Kelmarsh 5,1911.4298095703125
2018-01-05 22:00:00,52.402308,-0.940537,142.901,5.099143981933594,289.9835205078125,282.9029846191406,Kelmarsh 5,1945.3214111328125
2018-01-05 23:00:00,52.402308,-0.940537,142.901,2.499410390853882,304.99493408203125,282.9029846191406,Kelmarsh 5,1822.0303955078125
2018-01-06 00:00:00,52.402308,-0.940537,142.901,4.108946323394775,325.902587890625,327.90313720703125,Kelmarsh 5,1769.9932861328125
2018-01-06 01:00:00,52.402308,-0.940537,142.901,3.81315279006958,346.1739501953125,327.90313720703125,Kelmarsh 5,1995.6688232421875
2018-01-06 02:00:00,52.402308,-0.940537,142.901,2.9289467334747314,328.9148864746094,344.36660766601557,Kelmarsh 5,2052.3193359375
2018-01-06 03:00:00,52.402308,-0.940537,142.901,2.8398380279541016,1.1794472932815552,4.122758388519287,Kelmarsh 5,2051.342041015625
2018-01-06 04:00:00,52.402308,-0.940537,142.901,2.775007724761963,35.0695915222168,19.488601684570312,Kelmarsh 5,1968.160400390625
2018-01-06 05:00:00,52.402308,-0.940537,142.901,4.030723571777344,30.31920051574707,41.4398193359375,Kelmarsh 5,2025.9068603515625
2018-01-06 06:00:00,52.402308,-0.940537,142.901,5.0267133712768555,20.24569320678711,10.708118438720703,Kelmarsh 5,2024.552734375
2018-01-06 07:00:00,52.402308,-0.940537,142.901,4.627229690551758,21.06764030456543,35.9520149230957,Kelmarsh 5,1874.8944091796875
2018-01-06 08:00:00,52.402308,-0.940537,142.901,4.142302989959717,27.232803344726562,20.897850036621094,Kelmarsh 5,1802.578857421875
2018-01-06 09:00:00,52.402308,-0.940537,142.901,6.370935440063477,19.451650619506836,21.46352195739746,Kelmarsh 5,1305.342041015625
2018-01-06 10:00:00,52.402308,-0.940537,142.901,4.943200588226318,21.005817413330078,15.098360061645508,Kelmarsh 5,1406.098876953125
2018-01-06 11:00:00,52.402308,-0.940537,142.901,7.416857719421387,29.3286075592041,32.659332275390625,Kelmarsh 5,1483.6265869140625
2018-01-06 12:00:00,52.402308,-0.940537,142.901,8.684361457824707,33.446346282958984,36.9836540222168,Kelmarsh 5,1167.93798828125
2018-01-06 13:00:00,52.402308,-0.940537,142.901,7.701717853546143,31.16176986694336,38.14713668823242,Kelmarsh 5,1009.7554321289062
2018-01-06 14:00:00,52.402308,-0.940537,142.901,8.557690620422363,29.8172607421875,28.269086837768555,Kelmarsh 5,1541.329345703125
2018-01-06 15:00:00,52.402308,-0.940537,142.901,8.467584609985352,24.939273834228516,28.269086837768555,Kelmarsh 5,1408.9345703125
2018-01-06 16:00:00,52.402308,-0.940537,142.901,9.518559455871582,37.72568130493164,38.920021057128906,Kelmarsh 5,1992.1475830078125
2018-01-06 17:00:00,52.402308,-0.940537,142.901,8.966567039489746,34.69476318359375,33.756893157958984,Kelmarsh 5,1720.53466796875
2018-01-06 18:00:00,52.402308,-0.940537,142.901,7.01133394241333,29.148942947387695,33.756893157958984,Kelmarsh 5,932.3648071289062
2018-01-06 19:00:00,52.402308,-0.940537,142.901,8.053013801574707,16.576597213745117,20.586162567138672,Kelmarsh 5,748.2317504882812
2018-01-06 20:00:00,52.402308,-0.940537,142.901,8.929998397827148,19.15817642211914,20.586162567138672,Kelmarsh 5,767.91748046875
2018-01-06 21:00:00,52.402308,-0.940537,142.901,8.366626739501953,24.679094314575195,31.561771392822266,Kelmarsh 5,738.8009643554688
2018-01-06 22:00:00,52.402308,-0.940537,142.901,7.421201705932617,30.056476593017578,28.269086837768555,Kelmarsh 5,820.3985595703125
2018-01-06 23:00:00,52.402308,-0.940537,142.901,7.847081184387207,26.720247268676758,28.269086837768555,Kelmarsh 5,714.6766967773438
2018-01-07 00:00:00,52.402308,-0.940537,142.901,8.264699935913086,20.67195701599121,28.269086837768555,Kelmarsh 5,805.0717163085938
2018-01-07 01:00:00,52.402308,-0.940537,142.901,8.969499588012695,30.04461097717285,27.171527862548828,Kelmarsh 5,830.0768432617188
2018-01-07 02:00:00,52.402308,-0.940537,142.901,9.46335506439209,28.341140747070312,27.171527862548828,Kelmarsh 5,916.06591796875
2018-01-07 03:00:00,52.402308,-0.940537,142.901,8.674727439880371,27.73843765258789,27.171527862548828,Kelmarsh 5,1084.95703125
2018-01-07 04:00:00,52.402308,-0.940537,142.901,8.350088119506836,17.110015869140625,25.840259552001953,Kelmarsh 5,1116.9749755859375
2018-01-07 05:00:00,52.402308,-0.940537,142.901,9.275725364685059,19.635549545288086,24.270973205566406,Kelmarsh 5,930.6233520507812
2018-01-07 06:00:00,52.402308,-0.940537,142.901,9.193530082702637,33.772403717041016,26.073965072631836,Kelmarsh 5,581.9602661132812
2018-01-07 07:00:00,52.402308,-0.940537,142.901,8.244670867919922,37.387176513671875,39.24469757080078,Kelmarsh 5,478.95147705078125
2018-01-07 08:00:00,52.402308,-0.940537,142.901,8.765739440917969,37.774227142333984,39.24469757080078,Kelmarsh 5,826.13134765625
2018-01-07 09:00:00,52.402308,-0.940537,142.901,7.290688514709473,41.743194580078125,39.24469757080078,Kelmarsh 5,1050.7164306640625
2018-01-07 10:00:00,52.402308,-0.940537,142.901,9.086053848266602,53.120704650878906,59.000789642333984,Kelmarsh 5,797.38134765625
2018-01-07 11:00:00,52.402308,-0.940537,142.901,9.357697486877441,51.02545166015625,51.86543655395508,Kelmarsh 5,1415.5360107421875
2018-01-07 12:00:00,52.402308,-0.940537,142.901,10.847356796264648,52.74078369140625,55.70811080932617,Kelmarsh 5,1733.93017578125
2018-01-07 13:00:00,52.402308,-0.940537,142.901,9.228521347045898,50.1439323425293,52.41542434692383,Kelmarsh 5,1494.93115234375
2018-01-07 14:00:00,52.402308,-0.940537,142.901,9.608384132385254,51.160274505615234,52.41542434692383,Kelmarsh 5,1560.8763427734375
2018-01-07 15:00:00,52.402308,-0.940537,142.901,9.190244674682617,43.23973083496094,46.9276237487793,Kelmarsh 5,1622.6217041015625
2018-01-07 16:00:00,52.402308,-0.940537,142.901,8.247214317321777,46.63804244995117,46.9276237487793,Kelmarsh 5,1224.6622314453125
2018-01-07 17:00:00,52.402308,-0.940537,142.901,7.684956073760986,48.39801788330078,46.9276237487793,Kelmarsh 5,1433.335693359375
2018-01-07 18:00:00,52.402308,-0.940537,142.901,9.240549087524414,54.01587677001953,54.61054992675781,Kelmarsh 5,1698.80859375
2018-01-07 19:00:00,52.402308,-0.940537,142.901,9.081413269042969,51.664573669433594,54.61054992675781,Kelmarsh 5,1751.0224609375
2018-01-07 20:00:00,52.402308,-0.940537,142.901,9.83800220489502,51.085941314697266,54.61054992675781,Kelmarsh 5,1834.444091796875
2018-01-07 21:00:00,52.402308,-0.940537,142.901,10.085996627807617,55.65654373168945,54.61054992675781,Kelmarsh 5,1906.325439453125
2018-01-07 22:00:00,52.402308,-0.940537,142.901,8.610705375671387,54.286773681640625,54.61054992675781,Kelmarsh 5,1695.092041015625
2018-01-07 23:00:00,52.402308,-0.940537,142.901,9.522662162780762,55.7934684753418,54.61054992675781,Kelmarsh 5,1493.230712890625
2018-01-08 00:00:00,52.402308,-0.940537,142.901,8.266519546508789,54.820350646972656,54.61054992675781,Kelmarsh 5,1299.7581787109375
2018-01-08 01:00:00,52.402308,-0.940537,142.901,9.102203369140625,48.65176010131836,54.61054992675781,Kelmarsh 5,1174.4012451171875
2018-01-08 02:00:00,52.402308,-0.940537,142.901,9.204909324645996,51.22334289550781,54.61054992675781,Kelmarsh 5,765.2178344726562
2018-01-08 03:00:00,52.402308,-0.940537,142.901,9.486298561096191,56.294410705566406,54.61054992675781,Kelmarsh 5,442.66693115234375
2018-01-08 04:00:00,52.402308,-0.940537,142.901,8.547425270080566,58.706478118896484,59.000789642333984,Kelmarsh 5,243.5308837890625
2018-01-08 05:00:00,52.402308,-0.940537,142.901,8.632200241088867,50.46054458618164,59.000789642333984,Kelmarsh 5,135.59701538085938
2018-01-08 06:00:00,52.402308,-0.940537,142.901,8.643393516540527,50.394779205322266,55.70811080932617,Kelmarsh 5,97.012451171875
2018-01-08 07:00:00,52.402308,-0.940537,142.901,7.072393417358398,57.061222076416016,55.70811080932617,Kelmarsh 5,121.69747161865234
2018-01-08 08:00:00,52.402308,-0.940537,142.901,7.738620281219482,62.771217346191406,64.48375701904297,Kelmarsh 5,279.3982238769531
2018-01-08 09:00:00,52.402308,-0.940537,142.901,6.732458591461182,73.21233367919922,63.39103317260742,Kelmarsh 5,312.86944580078125
2018-01-08 10:00:00,52.402308,-0.940537,142.901,6.3581085205078125,76.6291732788086,85.34217834472656,Kelmarsh 5,344.0283508300781
2018-01-08 11:00:00,52.402308,-0.940537,142.901,5.49452543258667,64.94282531738281,78.7568359375,Kelmarsh 5,544.0895385742188
2018-01-08 12:00:00,52.402308,-0.940537,142.901,4.947154521942139,59.58335494995117,78.7568359375,Kelmarsh 5,762.140380859375
2018-01-08 13:00:00,52.402308,-0.940537,142.901,4.292963027954102,62.654327392578125,78.7568359375,Kelmarsh 5,1153.55712890625
2018-01-08 14:00:00,52.402308,-0.940537,142.901,4.062558650970459,59.55562973022461,51.31786346435547,Kelmarsh 5,818.3615112304688
2018-01-08 15:00:00,52.402308,-0.940537,142.901,4.772518157958984,66.94933319091797,75.46416473388672,Kelmarsh 5,1059.0006103515625
2018-01-08 16:00:00,52.402308,-0.940537,142.901,5.606679916381836,66.70677185058594,75.46416473388672,Kelmarsh 5,611.9427490234375
2018-01-08 17:00:00,52.402308,-0.940537,142.901,5.989439010620117,71.82440185546875,75.46416473388672,Kelmarsh 5,467.8972473144531
2018-01-08 18:00:00,52.402308,-0.940537,142.901,5.708477020263672,71.52799987792969,75.46416473388672,Kelmarsh 5,928.1360473632812
2018-01-08 19:00:00,52.402308,-0.940537,142.901,5.562227725982666,80.98983764648438,75.46416473388672,Kelmarsh 5,901.9512939453125
2018-01-08 20:00:00,52.402308,-0.940537,142.901,4.736414432525635,81.42222595214844,75.46416473388672,Kelmarsh 5,729.4716186523438
2018-01-08 21:00:00,52.402308,-0.940537,142.901,6.491090297698975,89.76197814941406,96.3177490234375,Kelmarsh 5,407.435546875
2018-01-08 22:00:00,52.402308,-0.940537,142.901,5.628973484039307,103.22505187988281,96.3177490234375,Kelmarsh 5,335.22125244140625
2018-01-08 23:00:00,52.402308,-0.940537,142.901,6.018916130065918,100.38816833496094,96.3177490234375,Kelmarsh 5,618.424072265625
2018-01-09 00:00:00,52.402308,-0.940537,142.901,4.471434593200684,110.99723052978516,96.3177490234375,Kelmarsh 5,962.0564575195312
2018-01-09 01:00:00,52.402308,-0.940537,142.901,3.730252504348755,116.93358612060547,104.00064849853516,Kelmarsh 5,1158.9927978515625
2018-01-09 02:00:00,52.402308,-0.940537,142.901,4.094430446624756,108.38196563720703,104.00064849853516,Kelmarsh 5,1326.543701171875
2018-01-09 03:00:00,52.402308,-0.940537,142.901,4.566196441650391,110.55307006835938,104.00064849853516,Kelmarsh 5,1354.00732421875
2018-01-09 04:00:00,52.402308,-0.940537,142.901,4.216775894165039,98.12483215332031,104.00064849853516,Kelmarsh 5,1510.271728515625
2018-01-09 05:00:00,52.402308,-0.940537,142.901,5.052459239959717,101.71223449707031,104.00064849853516,Kelmarsh 5,1252.4647216796875
2018-01-09 06:00:00,52.402308,-0.940537,142.901,4.698936462402344,113.72887420654297,104.00064849853516,Kelmarsh 5,1116.807373046875
2018-01-09 07:00:00,52.402308,-0.940537,142.901,5.345468521118164,134.94093322753906,132.53717041015625,Kelmarsh 5,994.9114990234375
2018-01-09 08:00:00,52.402308,-0.940537,142.901,3.3631234169006348,118.75067138671875,132.53717041015625,Kelmarsh 5,649.1038818359375
2018-01-09 09:00:00,52.402308,-0.940537,142.901,3.0169124603271484,136.79623413085938,133.19532775878906,Kelmarsh 5,368.38360595703125
2018-01-09 10:00:00,52.402308,-0.940537,142.901,4.404795169830322,136.10372924804688,135.82986450195312,Kelmarsh 5,321.72393798828125
2018-01-09 11:00:00,52.402308,-0.940537,142.901,3.2491395473480225,145.31668090820312,143.3561553955078,Kelmarsh 5,370.5513000488281
2018-01-09 12:00:00,52.402308,-0.940537,142.901,3.920722484588623,159.96798706054688,157.50828552246094,Kelmarsh 5,525.6207275390625
2018-01-09 13:00:00,52.402308,-0.940537,142.901,4.133207321166992,219.35707092285156,200.246109008789,Kelmarsh 5,686.9388427734375
2018-01-09 14:00:00,52.402308,-0.940537,142.901,2.2497262954711914,143.51266479492188,143.5128173828125,Kelmarsh 5,390.5076599121094
2018-01-09 15:00:00,52.402308,-0.940537,142.901,3.5901057720184326,140.37857055664062,143.5128173828125,Kelmarsh 5,384.8532409667969
2018-01-09 16:00:00,52.402308,-0.940537,142.901,4.5233540534973145,144.1527862548828,143.5128173828125,Kelmarsh 5,512.8265991210938
2018-01-09 17:00:00,52.402308,-0.940537,142.901,4.946226119995117,136.7203369140625,143.5128173828125,Kelmarsh 5,274.9351501464844
2018-01-09 18:00:00,52.402308,-0.940537,142.901,4.328132152557373,135.20375061035156,143.5128173828125,Kelmarsh 5,391.7528991699219
2018-01-09 19:00:00,52.402308,-0.940537,142.901,4.830656051635742,132.92205810546875,143.5128173828125,Kelmarsh 5,853.1126708984375
2018-01-09 20:00:00,52.402308,-0.940537,142.901,4.928164958953857,139.77960205078125,143.5128173828125,Kelmarsh 5,987.6980590820312
2018-01-09 21:00:00,52.402308,-0.940537,142.901,5.000503063201904,161.69143676757812,143.5128173828125,Kelmarsh 5,932.6240844726562
2018-01-09 22:00:00,52.402308,-0.940537,142.901,6.129288673400879,142.057861328125,143.5128173828125,Kelmarsh 5,909.6063842773438
2018-01-09 23:00:00,52.402308,-0.940537,142.901,7.097805500030518,142.62513732910156,143.5128173828125,Kelmarsh 5,924.6846313476562
2018-01-10 00:00:00,52.402308,-0.940537,142.901,7.265443801879883,142.7765350341797,140.22012329101562,Kelmarsh 5,1131.878662109375
2018-01-10 01:00:00,52.402308,-0.940537,142.901,6.897182464599609,135.5407257080078,140.22012329101562,Kelmarsh 5,1258.89111328125
2018-01-10 02:00:00,52.402308,-0.940537,142.901,4.697432994842529,143.37525939941406,140.22012329101562,Kelmarsh 5,1016.4288940429688
2018-01-10 03:00:00,52.402308,-0.940537,142.901,5.851544380187988,136.2317352294922,140.22012329101562,Kelmarsh 5,1116.9375
2018-01-10 04:00:00,52.402308,-0.940537,142.901,6.59302282333374,132.43336486816406,140.22012329101562,Kelmarsh 5,839.6846923828125
2018-01-10 05:00:00,52.402308,-0.940537,142.901,4.4476399421691895,160.52076721191406,140.22012329101562,Kelmarsh 5,623.0722045898438
2018-01-10 06:00:00,52.402308,-0.940537,142.901,4.3971686363220215,240.92756652832026,222.31805419921872,Kelmarsh 5,598.57666015625
2018-01-10 07:00:00,52.402308,-0.940537,142.901,3.9348220825195312,278.5780029296875,265.3424987792969,Kelmarsh 5,562.737060546875
2018-01-10 08:00:00,52.402308,-0.940537,142.901,4.529811859130859,270.4114074707031,281.80596923828125,Kelmarsh 5,1261.5924072265625
2018-01-10 09:00:00,52.402308,-0.940537,142.901,4.945731163024902,260.4266662597656,281.80596923828125,Kelmarsh 5,1436.521484375
2018-01-10 10:00:00,52.402308,-0.940537,142.901,4.355571746826172,271.3022766113281,281.80596923828125,Kelmarsh 5,1437.3233642578125
2018-01-10 11:00:00,52.402308,-0.940537,142.901,5.667688369750977,277.95086669921875,281.80596923828125,Kelmarsh 5,1774.145263671875
2018-01-10 12:00:00,52.402308,-0.940537,142.901,4.625406742095947,279.29278564453125,281.80596923828125,Kelmarsh 5,1811.6915283203125
2018-01-10 13:00:00,52.402308,-0.940537,142.901,3.9321625232696533,282.3421325683594,281.80596923828125,Kelmarsh 5,1806.8326416015625
2018-01-10 14:00:00,52.402308,-0.940537,142.901,3.1678483486175537,270.6636962890625,281.80596923828125,Kelmarsh 5,1828.3612060546875
2018-01-10 15:00:00,52.402308,-0.940537,142.901,4.204499244689941,262.18670654296875,253.26928710937503,Kelmarsh 5,1921.079833984375
2018-01-10 16:00:00,52.402308,-0.940537,142.901,4.084610939025879,269.28875732421875,276.3181457519531,Kelmarsh 5,1285.4327392578125
2018-01-10 17:00:00,52.402308,-0.940537,142.901,3.4051513671875,278.2298278808593,276.3181457519531,Kelmarsh 5,1952.7994384765625
2018-01-10 18:00:00,52.402308,-0.940537,142.901,1.179748773574829,323.6126403808594,298.26943969726557,Kelmarsh 5,1756.737060546875
2018-01-10 19:00:00,52.402308,-0.940537,142.901,2.5181806087493896,314.1652526855469,298.26943969726557,Kelmarsh 5,1718.1754150390625
2018-01-10 20:00:00,52.402308,-0.940537,142.901,3.5254621505737305,314.1046752929687,320.220733642578,Kelmarsh 5,1455.6075439453125
2018-01-10 21:00:00,52.402308,-0.940537,142.901,4.751429080963135,299.2597961425781,284.0010986328125,Kelmarsh 5,1486.0546875
2018-01-10 22:00:00,52.402308,-0.940537,142.901,4.362324237823486,334.99505615234375,330.09881591796875,Kelmarsh 5,1012.8504638671875
2018-01-10 23:00:00,52.402308,-0.940537,142.901,3.797745943069458,3.7683894634246826,350.9525451660156,Kelmarsh 5,739.0293579101562
2018-01-11 00:00:00,52.402308,-0.940537,142.901,6.21282434463501,345.79168701171875,350.9525451660156,Kelmarsh 5,1231.5565185546875
2018-01-11 01:00:00,52.402308,-0.940537,142.901,5.806720733642578,340.9227294921874,350.9525451660156,Kelmarsh 5,1170.5159912109375
2018-01-11 02:00:00,52.402308,-0.940537,142.901,6.1375555992126465,334.2109680175781,344.55218505859375,Kelmarsh 5,855.8294677734375
2018-01-11 03:00:00,52.402308,-0.940537,142.901,5.9598188400268555,327.6590270996094,327.9036865234375,Kelmarsh 5,1094.781494140625
2018-01-11 04:00:00,52.402308,-0.940537,142.901,4.900229454040527,332.73657226562494,327.9036865234375,Kelmarsh 5,984.7914428710938
2018-01-11 05:00:00,52.402308,-0.940537,142.901,5.056864261627197,332.07659912109375,327.9036865234375,Kelmarsh 5,1576.5169677734375
2018-01-11 06:00:00,52.402308,-0.940537,142.901,5.3477983474731445,343.17382812499994,327.9036865234375,Kelmarsh 5,1871.5615234375
2018-01-11 07:00:00,52.402308,-0.940537,142.901,5.624110221862793,338.0627746582031,342.1720275878906,Kelmarsh 5,1716.1778564453125
2018-01-11 08:00:00,52.402308,-0.940537,142.901,4.585981845855713,338.36761474609375,342.1720275878906,Kelmarsh 5,1686.928466796875
2018-01-11 09:00:00,52.402308,-0.940537,142.901,4.816880226135254,326.6184387207031,342.1720275878906,Kelmarsh 5,1869.1776123046875
2018-01-11 10:00:00,52.402308,-0.940537,142.901,4.4535393714904785,325.65362548828125,318.0256042480469,Kelmarsh 5,1627.6822509765625
2018-01-11 11:00:00,52.402308,-0.940537,142.901,5.608075141906738,323.5218811035156,343.26959228515625,Kelmarsh 5,1779.7857666015625
2018-01-11 12:00:00,52.402308,-0.940537,142.901,4.759264945983887,339.0139770507812,324.6109924316406,Kelmarsh 5,1707.1392822265625
2018-01-11 13:00:00,52.402308,-0.940537,142.901,5.031951904296875,333.45257568359375,343.26959228515625,Kelmarsh 5,1596.4300537109375
2018-01-11 14:00:00,52.402308,-0.940537,142.901,4.544946193695068,330.7026672363281,343.26959228515625,Kelmarsh 5,1601.56689453125
2018-01-11 15:00:00,52.402308,-0.940537,142.901,1.6465413570404053,300.1012878417969,318.0256042480469,Kelmarsh 5,1181.365478515625
2018-01-11 16:00:00,52.402308,-0.940537,142.901,4.608605861663818,316.83770751953125,315.8304748535156,Kelmarsh 5,1273.70947265625
2018-01-11 17:00:00,52.402308,-0.940537,142.901,5.766112327575684,321.1977844238281,315.8304748535156,Kelmarsh 5,1836.3568115234375
2018-01-11 18:00:00,52.402308,-0.940537,142.901,5.178046226501465,333.0620117187499,332.7005004882813,Kelmarsh 5,1969.3094482421875
2018-01-11 19:00:00,52.402308,-0.940537,142.901,4.2735819816589355,352.8355407714844,353.1476745605469,Kelmarsh 5,1998.9910888671875
2018-01-11 20:00:00,52.402308,-0.940537,142.901,3.847562313079834,315.4356994628906,322.4158630371094,Kelmarsh 5,2051.532470703125
2018-01-11 21:00:00,52.402308,-0.940537,142.901,4.736023426055908,332.4803771972656,341.07446289062494,Kelmarsh 5,2027.1180419921875
2018-01-11 22:00:00,52.402308,-0.940537,142.901,4.793676853179932,329.0975341796875,341.07446289062494,Kelmarsh 5,2055.6572265625
2018-01-11 23:00:00,52.402308,-0.940537,142.901,4.847320079803467,343.0307312011719,341.07446289062494,Kelmarsh 5,2024.70849609375
2018-01-12 00:00:00,52.402308,-0.940537,142.901,2.9305455684661865,16.8104248046875,21.68427276611328,Kelmarsh 5,2045.7073974609375
2018-01-12 01:00:00,52.402308,-0.940537,142.901,3.156456708908081,36.354774475097656,21.68427276611328,Kelmarsh 5,1923.566162109375
2018-01-12 02:00:00,52.402308,-0.940537,142.901,2.471186637878418,26.246606826782227,39.24524688720703,Kelmarsh 5,2022.3856201171875
2018-01-12 03:00:00,52.402308,-0.940537,142.901,1.988348126411438,6.128955364227295,39.24524688720703,Kelmarsh 5,2007.1019287109375
2018-01-12 04:00:00,52.402308,-0.940537,142.901,1.7715283632278442,5.956634521484375,39.24524688720703,Kelmarsh 5,2044.103515625
2018-01-12 05:00:00,52.402308,-0.940537,142.901,0.7917735576629639,41.5101318359375,39.24524688720703,Kelmarsh 5,2045.69775390625
2018-01-12 06:00:00,52.402308,-0.940537,142.901,1.8095402717590332,87.37004089355469,85.34272766113281,Kelmarsh 5,2032.5936279296875
2018-01-12 07:00:00,52.402308,-0.940537,142.901,0.9354713559150696,97.30573272705078,104.0011978149414,Kelmarsh 5,1977.5185546875
2018-01-12 08:00:00,52.402308,-0.940537,142.901,1.9592070579528809,113.90582275390625,120.46454620361328,Kelmarsh 5,1940.153564453125
2018-01-12 09:00:00,52.402308,-0.940537,142.901,2.711544990539551,124.6209716796875,109.48898315429688,Kelmarsh 5,1970.019287109375
2018-01-12 10:00:00,52.402308,-0.940537,142.901,3.288951873779297,155.86534118652344,159.57684326171875,Kelmarsh 5,1976.8212890625
2018-01-12 11:00:00,52.402308,-0.940537,142.901,2.924772024154663,156.89120483398438,159.24371337890625,Kelmarsh 5,1448.493896484375
2018-01-12 12:00:00,52.402308,-0.940537,142.901,2.3673648834228516,163.90367126464844,157.0673065185547,Kelmarsh 5,1700.0155029296875
2018-01-12 13:00:00,52.402308,-0.940537,142.901,2.974860429763794,153.410888671875,139.12310791015625,Kelmarsh 5,1553.6064453125
2018-01-12 14:00:00,52.402308,-0.940537,142.901,3.4686241149902344,150.98545837402344,142.41580200195312,Kelmarsh 5,1727.2918701171875
2018-01-12 15:00:00,52.402308,-0.940537,142.901,4.084559917449951,153.09339904785156,142.41580200195312,Kelmarsh 5,2044.310546875
2018-01-12 16:00:00,52.402308,-0.940537,142.901,4.2605414390563965,133.7705078125,142.41580200195312,Kelmarsh 5,2025.4725341796875
2018-01-12 17:00:00,52.402308,-0.940537,142.901,5.167306423187256,144.16017150878906,142.41580200195312,Kelmarsh 5,2027.2476806640625
2018-01-12 18:00:00,52.402308,-0.940537,142.901,5.303813457489014,128.29832458496094,142.41580200195312,Kelmarsh 5,2036.155517578125
2018-01-12 19:00:00,52.402308,-0.940537,142.901,4.502871036529541,127.78162384033203,142.41580200195312,Kelmarsh 5,1919.4759521484375
2018-01-12 20:00:00,52.402308,-0.940537,142.901,5.811713695526123,130.27450561523438,142.41580200195312,Kelmarsh 5,2022.177978515625
2018-01-12 21:00:00,52.402308,-0.940537,142.901,5.225596904754639,147.11578369140625,142.41580200195312,Kelmarsh 5,2023.616455078125
2018-01-12 22:00:00,52.402308,-0.940537,142.901,5.0981125831604,140.93690490722656,142.41580200195312,Kelmarsh 5,2012.72119140625
2018-01-12 23:00:00,52.402308,-0.940537,142.901,6.301509380340576,162.3186492919922,165.6866455078125,Kelmarsh 5,2044.5836181640625
2018-01-13 00:00:00,52.402308,-0.940537,142.901,5.5142645835876465,167.6682586669922,157.78170776367188,Kelmarsh 5,2040.3282470703125
2018-01-13 01:00:00,52.402308,-0.940537,142.901,6.098624229431152,165.06942749023438,177.3912353515625,Kelmarsh 5,2055.089599609375
2018-01-13 02:00:00,52.402308,-0.940537,142.901,7.428923606872559,152.35220336914062,157.34033203125,Kelmarsh 5,2004.7821044921875
2018-01-13 03:00:00,52.402308,-0.940537,142.901,6.705357074737549,139.4332733154297,136.927978515625,Kelmarsh 5,1968.476806640625
2018-01-13 04:00:00,52.402308,-0.940537,142.901,8.16004467010498,131.98468017578125,136.927978515625,Kelmarsh 5,2039.345458984375
2018-01-13 05:00:00,52.402308,-0.940537,142.901,8.169529914855957,131.27072143554688,136.927978515625,Kelmarsh 5,2021.7933349609375
2018-01-13 06:00:00,52.402308,-0.940537,142.901,6.1972832679748535,126.05329132080078,136.927978515625,Kelmarsh 5,1115.3289794921875
2018-01-13 07:00:00,52.402308,-0.940537,142.901,8.032334327697754,134.20750427246094,136.927978515625,Kelmarsh 5,1546.0404052734375
2018-01-13 08:00:00,52.402308,-0.940537,142.901,7.507684230804443,131.26258850097656,136.927978515625,Kelmarsh 5,2049.777587890625
2018-01-13 09:00:00,52.402308,-0.940537,142.901,7.625593185424805,134.62181091308594,136.927978515625,Kelmarsh 5,2000.42529296875
2018-01-13 10:00:00,52.402308,-0.940537,142.901,8.446390151977539,129.76458740234375,136.927978515625,Kelmarsh 5,2032.2159423828125
2018-01-13 11:00:00,52.402308,-0.940537,142.901,8.663960456848145,131.89173889160156,136.927978515625,Kelmarsh 5,498.8410949707031
2018-01-13 12:00:00,52.402308,-0.940537,142.901,8.03476619720459,131.75497436523438,136.927978515625,Kelmarsh 5,-3.10390305519104
2018-01-13 13:00:00,52.402308,-0.940537,142.901,7.361504554748535,135.23065185546875,133.63528442382812,Kelmarsh 5,-4.004619598388672
2018-01-13 14:00:00,52.402308,-0.940537,142.901,6.588320732116699,144.38075256347656,133.63528442382812,Kelmarsh 5,-3.2975635528564453
2018-01-13 15:00:00,52.402308,-0.940537,142.901,8.309086799621582,135.4946746826172,133.63528442382812,Kelmarsh 5,-3.0132079124450684
2018-01-13 16:00:00,52.402308,-0.940537,142.901,8.098231315612793,130.89666748046875,133.63528442382812,Kelmarsh 5,-2.6290879249572754
2018-01-13 17:00:00,52.402308,-0.940537,142.901,7.074825286865234,126.05740356445312,133.63528442382812,Kelmarsh 5,-3.197265625
2018-01-13 18:00:00,52.402308,-0.940537,142.901,7.645919322967529,129.12547302246094,133.63528442382812,Kelmarsh 5,-2.870229959487915
2018-01-13 19:00:00,52.402308,-0.940537,142.901,6.217572212219238,131.29576110839844,133.63528442382812,Kelmarsh 5,-3.0639748573303223
2018-01-13 20:00:00,52.402308,-0.940537,142.901,4.798858642578125,124.0766830444336,133.63528442382812,Kelmarsh 5,-3.2628860473632812
2018-01-13 21:00:00,52.402308,-0.940537,142.901,4.801791667938232,126.00084686279297,133.63528442382812,Kelmarsh 5,-3.2004666328430176
2018-01-13 22:00:00,52.402308,-0.940537,142.901,4.756777286529541,122.67444610595703,133.63528442382812,Kelmarsh 5,-3.43894100189209
2018-01-13 23:00:00,52.402308,-0.940537,142.901,4.09164571762085,117.7470474243164,133.63528442382812,Kelmarsh 5,-3.0558881759643555
2018-01-14 00:00:00,52.402308,-0.940537,142.901,4.115220069885254,125.1937484741211,133.63528442382812,Kelmarsh 5,-2.2871146202087402
2018-01-14 01:00:00,52.402308,-0.940537,142.901,4.071004390716553,133.24978637695312,133.63528442382812,Kelmarsh 5,-0.9869750142097473
2018-01-14 02:00:00,52.402308,-0.940537,142.901,3.8451359272003174,105.75789642333984,111.6841049194336,Kelmarsh 5,-0.951230525970459
2018-01-14 03:00:00,52.402308,-0.940537,142.901,4.6565399169921875,100.81718444824219,111.6841049194336,Kelmarsh 5,-1.572224497795105
2018-01-14 04:00:00,52.402308,-0.940537,142.901,4.648372650146484,104.2251205444336,111.6841049194336,Kelmarsh 5,-1.3604249954223633
2018-01-14 05:00:00,52.402308,-0.940537,142.901,3.580249071121216,142.44862365722656,136.927978515625,Kelmarsh 5,-2.1676106452941895
2018-01-14 06:00:00,52.402308,-0.940537,142.901,3.2408809661865234,138.2894744873047,136.927978515625,Kelmarsh 5,-1.216380000114441
2018-01-14 07:00:00,52.402308,-0.940537,142.901,1.8490500450134277,126.88462829589844,130.34259033203125,Kelmarsh 5,-2.1185286045074463
2018-01-14 08:00:00,52.402308,-0.940537,142.901,2.3387062549591064,155.02635192871094,130.34259033203125,Kelmarsh 5,-1.1993080377578735
2018-01-14 09:00:00,52.402308,-0.940537,142.901,4.231570243835449,130.22972106933594,145.70849609375,Kelmarsh 5,-1.0312554836273193
2018-01-14 10:00:00,52.402308,-0.940537,142.901,2.072261095046997,139.82138061523438,136.927978515625,Kelmarsh 5,-1.823503017425537
2018-01-14 11:00:00,52.402308,-0.940537,142.901,1.6855874061584473,170.2362518310547,169.85491943359375,Kelmarsh 5,-1.6117035150527954
2018-01-14 12:00:00,52.402308,-0.940537,142.901,3.034344434738159,159.38540649414062,169.85491943359375,Kelmarsh 5,-1.0830050706863403
2018-01-14 13:00:00,52.402308,-0.940537,142.901,3.165755033493042,193.13690185546872,197.96113586425773,Kelmarsh 5,-1.6207729578018188
2018-01-14 14:00:00,52.402308,-0.940537,142.901,3.6421735286712646,202.7214660644531,201.68429565429688,Kelmarsh 5,-0.8984140157699585
2018-01-14 15:00:00,52.402308,-0.940537,142.901,3.7217509746551514,192.92662048339838,176.75132751464844,Kelmarsh 5,-2.079582929611206
2018-01-14 16:00:00,52.402308,-0.940537,142.901,4.946133613586426,206.9044342041015,199.48916625976557,Kelmarsh 5,-1.5711575746536255
2018-01-14 17:00:00,52.402308,-0.940537,142.901,5.308417797088623,197.54508972167963,199.48916625976557,Kelmarsh 5,-1.978751540184021
2018-01-14 18:00:00,52.402308,-0.940537,142.901,6.160343647003174,220.56402587890625,214.85507202148432,Kelmarsh 5,-2.750192642211914
2018-01-14 19:00:00,52.402308,-0.940537,142.901,6.640388488769531,206.65332031249994,207.61199951171872,Kelmarsh 5,-1.9744834899902344
2018-01-14 20:00:00,52.402308,-0.940537,142.901,6.880606174468994,205.57901000976562,194.0013427734375,Kelmarsh 5,-1.9206000566482544
2018-01-14 21:00:00,52.402308,-0.940537,142.901,7.050991058349609,193.4187469482422,194.0013427734375,Kelmarsh 5,-2.422623634338379
2018-01-14 22:00:00,52.402308,-0.940537,142.901,7.8627848625183105,195.80917358398438,194.0013427734375,Kelmarsh 5,-2.5885419845581055
2018-01-14 23:00:00,52.402308,-0.940537,142.901,9.416502952575684,197.95127868652338,194.0013427734375,Kelmarsh 5,-2.001692056655884
2018-01-15 00:00:00,52.402308,-0.940537,142.901,9.838855743408203,195.31513977050778,194.0013427734375,Kelmarsh 5,-2.449298620223999
2018-01-15 01:00:00,52.402308,-0.940537,142.901,10.105264663696289,200.51899719238273,194.0013427734375,Kelmarsh 5,-2.740056037902832
2018-01-15 02:00:00,52.402308,-0.940537,142.901,9.631475448608398,194.61172485351562,194.0013427734375,Kelmarsh 5,-1.728540062904358
2018-01-15 03:00:00,52.402308,-0.940537,142.901,10.086090087890625,195.11718749999997,184.12004089355466,Kelmarsh 5,-2.6274874210357666
2018-01-15 04:00:00,52.402308,-0.940537,142.901,11.881213188171387,196.56599426269528,190.7086486816406,Kelmarsh 5,-1.4954005479812622
2018-01-15 05:00:00,52.402308,-0.940537,142.901,10.576560020446777,202.94386291503898,202.7818603515625,Kelmarsh 5,-1.9328705072402954
2018-01-15 06:00:00,52.402308,-0.940537,142.901,10.83881664276123,203.91392517089844,202.7818603515625,Kelmarsh 5,-1.7493464946746826
2018-01-15 07:00:00,52.402308,-0.940537,142.901,11.245224952697754,203.99424743652347,209.36724853515616,Kelmarsh 5,-1.1592955589294434
2018-01-15 08:00:00,52.402308,-0.940537,142.901,10.64168643951416,209.73582458496094,209.36724853515616,Kelmarsh 5,-1.1358214616775513
2018-01-15 09:00:00,52.402308,-0.940537,142.901,10.386152267456055,214.84130859375,215.95263671875,Kelmarsh 5,-1.7872250080108643
2018-01-15 10:00:00,52.402308,-0.940537,142.901,9.680082321166992,212.478759765625,215.95263671875,Kelmarsh 5,-2.2204270362854004
2018-01-15 11:00:00,52.402308,-0.940537,142.901,10.70528793334961,212.9178466796875,215.95263671875,Kelmarsh 5,-2.5463955402374268
2018-01-15 12:00:00,52.402308,-0.940537,142.901,9.578893661499023,227.64636230468747,225.83071899414062,Kelmarsh 5,-2.0337021350860596
2018-01-15 13:00:00,52.402308,-0.940537,142.901,9.643684387207031,258.5443420410156,254.36740112304688,Kelmarsh 5,-1.1742335557937622
2018-01-15 14:00:00,52.402308,-0.940537,142.901,7.410409450531006,289.0041809082031,286.2117309570312,Kelmarsh 5,-2.2182929515838623
2018-01-15 15:00:00,52.402308,-0.940537,142.901,13.145024299621582,282.1799011230468,274.3690795898437,Kelmarsh 5,-2.4194226264953613
2018-01-15 16:00:00,52.402308,-0.940537,142.901,12.024426460266113,277.6715393066406,273.02600097656244,Kelmarsh 5,-1.1214170455932617
2018-01-15 17:00:00,52.402308,-0.940537,142.901,8.074673652648926,262.072265625,269.7333068847656,Kelmarsh 5,-2.0032925605773926
2018-01-15 18:00:00,52.402308,-0.940537,142.901,6.969059944152832,248.77398681640625,249.97714233398435,Kelmarsh 5,-2.2086901664733887
2018-01-15 19:00:00,52.402308,-0.940537,142.901,6.594074249267578,245.44052124023435,242.0192260742187,Kelmarsh 5,-2.55546498298645
2018-01-15 20:00:00,52.402308,-0.940537,142.901,8.606422424316406,235.88507080078125,237.9039306640625,Kelmarsh 5,-1.6815919876098633
2018-01-15 21:00:00,52.402308,-0.940537,142.901,9.852513313293457,240.90382385253895,237.9039306640625,Kelmarsh 5,-2.731519937515259
2018-01-15 22:00:00,52.402308,-0.940537,142.901,10.501172065734863,248.38664245605466,237.9039306640625,Kelmarsh 5,-1.8138999938964844
2018-01-15 23:00:00,52.402308,-0.940537,142.901,9.814007759094238,244.3324584960937,237.9039306640625,Kelmarsh 5,-0.8503990173339844
2018-01-16 00:00:00,52.402308,-0.940537,142.901,8.94173812866211,239.46522521972656,237.9039306640625,Kelmarsh 5,-1.1352880001068115
2018-01-16 01:00:00,52.402308,-0.940537,142.901,9.570589065551758,242.65821838378906,245.58688354492188,Kelmarsh 5,-2.6397581100463867
2018-01-16 02:00:00,52.402308,-0.940537,142.901,6.6118388175964355,247.5508728027344,242.94616699218744,Kelmarsh 5,-2.1169281005859375
2018-01-16 03:00:00,52.402308,-0.940537,142.901,9.870546340942383,251.9617462158203,252.17227172851554,Kelmarsh 5,-2.077449083328247
2018-01-16 04:00:00,52.402308,-0.940537,142.901,9.665993690490723,251.2795257568359,252.17227172851554,Kelmarsh 5,-2.4647700786590576
2018-01-16 05:00:00,52.402308,-0.940537,142.901,9.27652359008789,265.1627197265625,267.5381774902344,Kelmarsh 5,-2.258305549621582
2018-01-16 06:00:00,52.402308,-0.940537,142.901,6.801102638244629,246.7837677001953,253.26983642578125,Kelmarsh 5,-1.978751540184021
2018-01-16 07:00:00,52.402308,-0.940537,142.901,9.18411922454834,247.48516845703125,248.87957763671875,Kelmarsh 5,-1.662919521331787
2018-01-16 08:00:00,52.402308,-0.940537,142.901,8.67021656036377,247.27291870117188,248.87957763671875,Kelmarsh 5,-1.984086513519287
2018-01-16 09:00:00,52.402308,-0.940537,142.901,9.340322494506836,247.85618591308588,248.87957763671875,Kelmarsh 5,-1.9286025762557983
2018-01-16 10:00:00,52.402308,-0.940537,142.901,8.705355644226074,243.108657836914,248.87957763671875,Kelmarsh 5,-1.0387245416641235
2018-01-16 11:00:00,52.402308,-0.940537,142.901,8.687609672546387,254.62628173828125,248.87957763671875,Kelmarsh 5,-1.0227195024490356
2018-01-16 12:00:00,52.402308,-0.940537,142.901,10.774888038635254,251.1774139404297,257.66009521484375,Kelmarsh 5,-1.85978102684021
2018-01-16 13:00:00,52.402308,-0.940537,142.901,10.565428733825684,249.40327453613276,257.66009521484375,Kelmarsh 5,-1.893391489982605
2018-01-16 14:00:00,52.402308,-0.940537,142.901,11.534516334533691,237.2828369140625,248.87957763671875,Kelmarsh 5,-2.284980535507202
2018-01-16 15:00:00,52.402308,-0.940537,142.901,8.839543342590332,251.6644439697265,248.87957763671875,Kelmarsh 5,-3.197265625
2018-01-16 16:00:00,52.402308,-0.940537,142.901,7.731102466583252,241.29426574707028,244.48931884765616,Kelmarsh 5,-2.556532144546509
2018-01-16 17:00:00,52.402308,-0.940537,142.901,10.158687591552734,249.765380859375,240.09906005859364,Kelmarsh 5,-3.2612855434417725
2018-01-16 18:00:00,52.402308,-0.940537,142.901,9.663533210754395,243.81393432617185,243.05836486816395,Kelmarsh 5,-0.9106845259666443
2018-01-16 19:00:00,52.402308,-0.940537,142.901,10.467808723449707,241.13746643066406,236.80636596679688,Kelmarsh 5,-2.136133909225464
2018-01-16 20:00:00,52.402308,-0.940537,142.901,11.009536743164062,255.28497314453125,255.46496582031247,Kelmarsh 5,-1.1929060220718384
2018-01-16 21:00:00,52.402308,-0.940537,142.901,10.229744911193848,243.60952758789054,243.39175415039057,Kelmarsh 5,-1.0632655620574951
2018-01-16 22:00:00,52.402308,-0.940537,142.901,8.219733238220215,248.3240966796875,243.39175415039057,Kelmarsh 5,-2.1654765605926514
2018-01-16 23:00:00,52.402308,-0.940537,142.901,9.26562213897705,243.4419708251953,243.39175415039057,Kelmarsh 5,-1.0216525793075562
2018-01-17 00:00:00,52.402308,-0.940537,142.901,9.927008628845215,250.2626190185547,243.39175415039057,Kelmarsh 5,-1.9189995527267456
2018-01-17 01:00:00,52.402308,-0.940537,142.901,8.235018730163574,251.71170043945312,243.39175415039057,Kelmarsh 5,-2.008094072341919
2018-01-17 02:00:00,52.402308,-0.940537,142.901,9.983049392700195,247.87429809570307,256.5625305175781,Kelmarsh 5,-1.2249159812927246
2018-01-17 03:00:00,52.402308,-0.940537,142.901,9.263278007507324,248.95985412597656,249.97714233398435,Kelmarsh 5,-1.1443575620651245
2018-01-17 04:00:00,52.402308,-0.940537,142.901,10.012916564941406,257.3959655761719,249.97714233398435,Kelmarsh 5,-2.608534336090088
2018-01-17 05:00:00,52.402308,-0.940537,142.901,11.867310523986816,257.2565612792969,249.97714233398435,Kelmarsh 5,-1.398303508758545
2018-01-17 06:00:00,52.402308,-0.940537,142.901,12.019838333129883,261.0498046875,268.2193908691406,Kelmarsh 5,-0.8578680157661438
2018-01-17 07:00:00,52.402308,-0.940537,142.901,10.528898239135742,258.95663452148426,263.1479187011719,Kelmarsh 5,-1.928068995475769
2018-01-17 08:00:00,52.402308,-0.940537,142.901,9.32016372680664,253.35040283203125,256.5625305175781,Kelmarsh 5,-1.2841345071792603
2018-01-17 09:00:00,52.402308,-0.940537,142.901,8.749923706054688,259.779541015625,266.44061279296875,Kelmarsh 5,-2.067312479019165
2018-01-17 10:00:00,52.402308,-0.940537,142.901,10.627632141113281,262.26983642578125,259.855224609375,Kelmarsh 5,-1.2617275714874268
2018-01-17 11:00:00,52.402308,-0.940537,142.901,12.80597972869873,261.6324768066406,259.855224609375,Kelmarsh 5,-1.0243200063705444
2018-01-17 12:00:00,52.402308,-0.940537,142.901,11.318324089050293,263.3260192871094,265.3430480957031,Kelmarsh 5,-1.956344485282898
2018-01-17 13:00:00,52.402308,-0.940537,142.901,12.159446716308594,257.3328857421875,252.17227172851554,Kelmarsh 5,-1.034456491470337
2018-01-17 14:00:00,52.402308,-0.940537,142.901,11.505636215209961,257.4714660644531,252.17227172851554,Kelmarsh 5,-1.3316160440444946
2018-01-17 15:00:00,52.402308,-0.940537,142.901,11.140591621398926,257.2149353027344,254.31166076660156,Kelmarsh 5,-2.101456642150879
2018-01-17 16:00:00,52.402308,-0.940537,142.901,8.805455207824707,252.88768005371088,248.87957763671875,Kelmarsh 5,-1.1326205730438232
2018-01-17 17:00:00,52.402308,-0.940537,142.901,8.558270454406738,248.71446228027344,248.87957763671875,Kelmarsh 5,-1.111814022064209
2018-01-17 18:00:00,52.402308,-0.940537,142.901,10.197888374328613,246.80941772460935,248.87957763671875,Kelmarsh 5,-2.7923390865325928
2018-01-17 19:00:00,52.402308,-0.940537,142.901,9.184694290161133,244.83399963378906,237.9039306640625,Kelmarsh 5,-1.2147794961929321
2018-01-17 20:00:00,52.402308,-0.940537,142.901,8.44460678100586,240.9556427001952,237.9039306640625,Kelmarsh 5,-1.095808982849121
2018-01-17 21:00:00,52.402308,-0.940537,142.901,9.093923568725586,227.4869689941406,224.73315429687497,Kelmarsh 5,-2.0091609954833984
2018-01-17 22:00:00,52.402308,-0.940537,142.901,9.118463516235352,194.96954345703125,190.7086486816406,Kelmarsh 5,-1.2099779844284058
2018-01-17 23:00:00,52.402308,-0.940537,142.901,10.309563636779785,191.89537048339844,190.7086486816406,Kelmarsh 5,-1.1043450832366943
2018-01-18 00:00:00,52.402308,-0.940537,142.901,11.892406463623047,206.4689483642578,201.68429565429688,Kelmarsh 5,-1.7600165605545044
2018-01-18 01:00:00,52.402308,-0.940537,142.901,15.49483585357666,232.0527801513672,228.02584838867188,Kelmarsh 5,-3.166856050491333
2018-01-18 02:00:00,52.402308,-0.940537,142.901,16.78771209716797,248.17970275878906,240.09906005859364,Kelmarsh 5,-1.2633280754089355
2018-01-18 03:00:00,52.402308,-0.940537,142.901,20.927492141723633,253.7050170898437,254.36740112304688,Kelmarsh 5,-1.1422234773635864
2018-01-18 04:00:00,52.402308,-0.940537,142.901,20.7342529296875,255.0753479003906,256.2841491699218,Kelmarsh 5,-1.9189995527267456
2018-01-18 05:00:00,52.402308,-0.940537,142.901,23.317058563232422,288.093017578125,267.60052490234375,Kelmarsh 5,-1.1422234773635864
2018-01-18 06:00:00,52.402308,-0.940537,142.901,17.258419036865234,292.9700012207031,285.0992126464843,Kelmarsh 5,-1.6767905950546265
2018-01-18 07:00:00,52.402308,-0.940537,142.901,12.377591133117676,288.2480163574219,285.0992126464843,Kelmarsh 5,-1.7264060974121094
2018-01-18 08:00:00,52.402308,-0.940537,142.901,NaN,NaN,NaN,Kelmarsh 5,-1.155561089515686
2018-01-18 09:00:00,52.402308,-0.940537,142.901,NaN,NaN,NaN,Kelmarsh 5,-1.5220755338668823
2018-01-18 10:00:00,52.402308,-0.940537,142.901,9.159106254577637,257.4429016113281,254.36740112304688,Kelmarsh 5,-1.8016295433044434
2018-01-18 11:00:00,52.402308,-0.940537,142.901,7.512152671813965,257.11071777343744,255.46496582031247,Kelmarsh 5,-1.0099154710769653
2018-01-18 12:00:00,52.402308,-0.940537,142.901,7.807430744171143,253.95050048828125,255.46496582031247,Kelmarsh 5,-1.3652265071868896
2018-01-18 13:00:00,52.402308,-0.940537,142.901,6.962748050689697,261.2804565429687,255.46496582031247,Kelmarsh 5,-1.8341730833053589
2018-01-18 14:00:00,52.402308,-0.940537,142.901,5.986849784851074,247.55284118652344,257.66009521484375,Kelmarsh 5,-1.064866065979004
2018-01-18 15:00:00,52.402308,-0.940537,142.901,9.271621704101562,255.05714416503906,263.1479187011719,Kelmarsh 5,-1.7039990425109863
2018-01-18 16:00:00,52.402308,-0.940537,142.901,7.1950178146362305,270.37652587890625,278.1845703125,Kelmarsh 5,-1.6970635652542114
2018-01-18 17:00:00,52.402308,-0.940537,142.901,6.9805498123168945,255.09161376953122,257.7413024902344,Kelmarsh 5,-1.006181001663208
2018-01-18 18:00:00,52.402308,-0.940537,142.901,5.905425071716309,289.26708984375,299.1838073730469,Kelmarsh 5,-1.3849660158157349
2018-01-18 19:00:00,52.402308,-0.940537,142.901,5.595523834228516,277.7251892089844,255.23791503906241,Kelmarsh 5,-1.707200050354004
2018-01-18 20:00:00,52.402308,-0.940537,142.901,6.179333209991455,276.7229919433594,268.6357421875,Kelmarsh 5,-1.1395560503005981
2018-01-18 21:00:00,52.402308,-0.940537,142.901,7.096617698669434,270.4032897949219,268.6357421875,Kelmarsh 5,-1.943006992340088
2018-01-18 22:00:00,52.402308,-0.940537,142.901,6.592368125915527,261.08154296875,255.85157775878906,Kelmarsh 5,-1.6920373439788818
2018-01-18 23:00:00,52.402308,-0.940537,142.901,6.043919563293457,255.32875061035156,258.7576599121094,Kelmarsh 5,-1.108556866645813
2018-01-19 00:00:00,52.402308,-0.940537,142.901,5.677452087402344,250.5880432128906,258.7576599121094,Kelmarsh 5,-1.4244450330734253
2018-01-19 01:00:00,52.402308,-0.940537,142.901,6.044179439544678,249.38926696777344,258.7576599121094,Kelmarsh 5,-1.615971565246582
2018-01-19 02:00:00,52.402308,-0.940537,142.901,5.572933673858643,246.8207244873046,258.7576599121094,Kelmarsh 5,-1.208377480506897
2018-01-19 03:00:00,52.402308,-0.940537,142.901,3.9522786140441895,246.4973602294922,253.26983642578125,Kelmarsh 5,-1.644247055053711
2018-01-19 04:00:00,52.402308,-0.940537,142.901,3.8122801780700684,242.06986999511713,253.26983642578125,Kelmarsh 5,-1.6938625574111938
2018-01-19 05:00:00,52.402308,-0.940537,142.901,5.668437480926514,250.59593200683594,256.5625305175781,Kelmarsh 5,-1.098476529121399
2018-01-19 06:00:00,52.402308,-0.940537,142.901,9.891870498657227,248.8598175048828,256.5625305175781,Kelmarsh 5,-1.466591477394104
2018-01-19 07:00:00,52.402308,-0.940537,142.901,5.719317436218262,255.49635314941406,244.48931884765616,Kelmarsh 5,-1.683192491531372
2018-01-19 08:00:00,52.402308,-0.940537,142.901,5.9074482917785645,252.66848754882812,244.48931884765616,Kelmarsh 5,-1.180101990699768
2018-01-19 09:00:00,52.402308,-0.940537,142.901,5.616016864776611,244.68644714355466,244.48931884765616,Kelmarsh 5,-1.656517505645752
2018-01-19 10:00:00,52.402308,-0.940537,142.901,6.160028457641602,247.37721252441406,244.48931884765616,Kelmarsh 5,-1.8197685480117798
2018-01-19 11:00:00,52.402308,-0.940537,142.901,6.510581016540527,247.37445068359372,244.48931884765616,Kelmarsh 5,-1.0659329891204834
2018-01-19 12:00:00,52.402308,-0.940537,142.901,7.310624599456787,245.7240753173828,244.48931884765616,Kelmarsh 5,-1.490065574645996
2018-01-19 13:00:00,52.402308,-0.940537,142.901,7.939652442932129,249.1866760253906,253.34754943847656,Kelmarsh 5,-1.6682544946670532
2018-01-19 14:00:00,52.402308,-0.940537,142.901,6.221822738647461,241.04396057128903,243.39175415039057,Kelmarsh 5,-1.221714973449707
2018-01-19 15:00:00,52.402308,-0.940537,142.901,6.406278133392334,249.67736816406247,243.39175415039057,Kelmarsh 5,-1.8288379907608032
2018-01-19 16:00:00,52.402308,-0.940537,142.901,8.075844764709473,253.73979187011716,252.17227172851554,Kelmarsh 5,-1.657584547996521
2018-01-19 17:00:00,52.402308,-0.940537,142.901,6.083198070526123,249.8799591064453,236.9297637939452,Kelmarsh 5,-1.1929060220718384
2018-01-19 18:00:00,52.402308,-0.940537,142.901,5.536680698394775,246.1940460205078,246.6844482421875,Kelmarsh 5,-1.4025715589523315
2018-01-19 19:00:00,52.402308,-0.940537,142.901,9.388075828552246,248.5440216064453,246.6844482421875,Kelmarsh 5,-1.7616170644760132
2018-01-19 20:00:00,52.402308,-0.940537,142.901,8.855173110961914,249.8543701171875,246.6844482421875,Kelmarsh 5,-1.047793984413147
2018-01-19 21:00:00,52.402308,-0.940537,142.901,7.342533588409424,231.34765625,240.04080200195312,Kelmarsh 5,-1.7210711240768433
2018-01-19 22:00:00,52.402308,-0.940537,142.901,7.3788604736328125,238.59579467773438,236.80636596679688,Kelmarsh 5,-1.7189370393753052
2018-01-19 23:00:00,52.402308,-0.940537,142.901,6.604358673095703,229.44586181640622,236.80636596679688,Kelmarsh 5,-1.0509949922561646
2018-01-20 00:00:00,52.402308,-0.940537,142.901,6.477131366729736,212.19569396972653,205.41160583496088,Kelmarsh 5,-1.5087380409240723
2018-01-20 01:00:00,52.402308,-0.940537,142.901,6.904941082000732,222.1005401611328,222.53802490234372,Kelmarsh 5,-1.6053014993667603
2018-01-20 02:00:00,52.402308,-0.940537,142.901,7.031871795654297,208.88864135742188,202.7818603515625,Kelmarsh 5,-1.12408447265625
2018-01-20 03:00:00,52.402308,-0.940537,142.901,7.7454514503479,193.8423309326172,194.0013427734375,Kelmarsh 5,-2.152672529220581
2018-01-20 04:00:00,52.402308,-0.940537,142.901,7.059957027435303,200.42428588867182,194.0013427734375,Kelmarsh 5,-1.7440115213394165
2018-01-20 05:00:00,52.402308,-0.940537,142.901,6.648184776306152,196.03155517578125,201.7410736083984,Kelmarsh 5,-1.1267520189285278
2018-01-20 06:00:00,52.402308,-0.940537,142.901,7.11776065826416,202.69697570800778,199.48916625976557,Kelmarsh 5,-1.6543835401535034
2018-01-20 07:00:00,52.402308,-0.940537,142.901,4.836076259613037,213.19277954101562,199.48916625976557,Kelmarsh 5,-1.644247055053711
2018-01-20 08:00:00,52.402308,-0.940537,142.901,3.4192006587982178,200.90005493164057,199.48916625976557,Kelmarsh 5,-1.152359962463379
2018-01-20 09:00:00,52.402308,-0.940537,142.901,2.6456897258758545,190.54492187499994,197.86143493652338,Kelmarsh 5,-1.7370760440826416
2018-01-20 10:00:00,52.402308,-0.940537,142.901,2.1670124530792236,148.0155792236328,151.19631958007812,Kelmarsh 5,-1.7856245040893555
2018-01-20 11:00:00,52.402308,-0.940537,142.901,2.534381151199341,117.41809844970703,122.86563110351562,Kelmarsh 5,-1.2291840314865112
2018-01-20 12:00:00,52.402308,-0.940537,142.901,2.0294244289398193,98.67959594726562,93.025634765625,Kelmarsh 5,-1.6213065385818481
2018-01-20 13:00:00,52.402308,-0.940537,142.901,2.7420191764831543,52.17763137817383,62.95231246948242,Kelmarsh 5,-1.5204750299453735
2018-01-20 14:00:00,52.402308,-0.940537,142.901,2.6355173587799072,37.325565338134766,43.635494232177734,Kelmarsh 5,-1.1502259969711304
2018-01-20 15:00:00,52.402308,-0.940537,142.901,2.596121072769165,45.81297302246094,43.635494232177734,Kelmarsh 5,-1.6458475589752197
2018-01-20 16:00:00,52.402308,-0.940537,142.901,2.9868428707122803,36.73573684692383,43.635494232177734,Kelmarsh 5,-1.8096320629119873
2018-01-20 17:00:00,52.402308,-0.940537,142.901,3.681321859359741,20.537994384765625,20.586715698242188,Kelmarsh 5,-1.221714973449707
2018-01-20 18:00:00,52.402308,-0.940537,142.901,4.47702169418335,358.2939453125,352.05010986328125,Kelmarsh 5,-1.6085025072097778
2018-01-20 19:00:00,52.402308,-0.940537,142.901,5.1478705406188965,329.1524963378906,326.8061218261719,Kelmarsh 5,-1.43191397190094
2018-01-20 20:00:00,52.402308,-0.940537,142.901,2.975648880004883,305.38232421874994,326.8061218261719,Kelmarsh 5,-1.0056475400924683
2018-01-20 21:00:00,52.402308,-0.940537,142.901,3.3012731075286865,297.7749938964844,298.26943969726557,Kelmarsh 5,-1.6917284727096558
2018-01-20 22:00:00,52.402308,-0.940537,142.901,5.089250564575195,314.041748046875,316.92803955078125,Kelmarsh 5,-1.711467981338501
2018-01-20 23:00:00,52.402308,-0.940537,142.901,3.6372358798980713,306.6429748535156,316.92803955078125,Kelmarsh 5,-1.0216524600982666
2018-01-21 00:00:00,52.402308,-0.940537,142.901,5.679760456085205,281.118408203125,285.0986633300781,Kelmarsh 5,-1.692262053489685
2018-01-21 01:00:00,52.402308,-0.940537,142.901,5.183362007141113,281.6262512207031,285.0986633300781,Kelmarsh 5,-2.024632453918457
2018-01-21 02:00:00,52.402308,-0.940537,142.901,5.247774124145508,279.8641357421875,285.0986633300781,Kelmarsh 5,-0.8664040565490723
2018-01-21 03:00:00,52.402308,-0.940537,142.901,2.7522387504577637,261.71728515625,271.8802185058594,Kelmarsh 5,-1.810165524482727
2018-01-21 04:00:00,52.402308,-0.940537,142.901,4.4828877449035645,232.9261779785155,248.8790283203125,Kelmarsh 5,-1.7360090017318726
2018-01-21 05:00:00,52.402308,-0.940537,142.901,3.4114229679107666,219.6301574707031,219.24478149414062,Kelmarsh 5,-1.0573970079421997
2018-01-21 06:00:00,52.402308,-0.940537,142.901,2.7608447074890137,243.0280303955078,239.0009460449218,Kelmarsh 5,-1.8411085605621338
2018-01-21 07:00:00,52.402308,-0.940537,142.901,3.08373761177063,224.12123107910156,217.30455017089838,Kelmarsh 5,-1.7226715087890625
2018-01-21 08:00:00,52.402308,-0.940537,142.901,3.167860507965088,168.92613220214844,172.04949951171875,Kelmarsh 5,-1.1555609703063965
2018-01-21 09:00:00,52.402308,-0.940537,142.901,4.981550693511963,162.29342651367188,172.04949951171875,Kelmarsh 5,-1.621840000152588
2018-01-21 10:00:00,52.402308,-0.940537,142.901,6.005031108856201,146.9591522216797,150.09820556640625,Kelmarsh 5,-1.4703260660171509
2018-01-21 11:00:00,52.402308,-0.940537,142.901,7.0247063636779785,143.0474853515625,150.09820556640625,Kelmarsh 5,-1.2633280754089355
2018-01-21 12:00:00,52.402308,-0.940537,142.901,7.883797645568848,140.15196228027344,135.82986450195312,Kelmarsh 5,-1.8453764915466309
2018-01-21 13:00:00,52.402308,-0.940537,142.901,9.297759056091309,146.96095275878906,141.31768798828125,Kelmarsh 5,-1.7376095056533813
2018-01-21 14:00:00,52.402308,-0.940537,142.901,10.414422988891602,158.0330047607422,155.47821044921875,Kelmarsh 5,-1.027521014213562
2018-01-21 15:00:00,52.402308,-0.940537,142.901,9.26133918762207,157.18370056152344,154.48846435546875,Kelmarsh 5,-1.4575220346450806
2018-01-21 16:00:00,52.402308,-0.940537,142.901,8.401171684265137,162.0690460205078,165.464111328125,Kelmarsh 5,-1.7669520378112793
2018-01-21 17:00:00,52.402308,-0.940537,142.901,7.597563743591309,168.31617736816406,165.464111328125,Kelmarsh 5,-1.162496566772461
2018-01-21 18:00:00,52.402308,-0.940537,142.901,4.078187942504883,194.3832092285156,195.0983581542968,Kelmarsh 5,-1.7173365354537964
2018-01-21 19:00:00,52.402308,-0.940537,142.901,7.397534370422363,212.0858154296875,212.7174377441406,Kelmarsh 5,-1.412708044052124
2018-01-21 20:00:00,52.402308,-0.940537,142.901,8.347901344299316,229.3686065673828,229.12286376953122,Kelmarsh 5,-1.182769536972046
2018-01-21 21:00:00,52.402308,-0.940537,142.901,5.942520618438721,250.3018798828125,253.26928710937503,Kelmarsh 5,-1.8699175119400024
2018-01-21 22:00:00,52.402308,-0.940537,142.901,9.270397186279297,250.70529174804688,253.26928710937503,Kelmarsh 5,-2.6701674461364746
2018-01-21 23:00:00,52.402308,-0.940537,142.901,8.48810863494873,254.70851135253906,253.26928710937503,Kelmarsh 5,-1.0547295808792114
2018-01-22 00:00:00,52.402308,-0.940537,142.901,8.045085906982422,259.6280212402344,253.26928710937503,Kelmarsh 5,-2.5074501037597656
2018-01-22 01:00:00,52.402308,-0.940537,142.901,6.429507255554199,252.6061859130859,258.7571105957031,Kelmarsh 5,-2.6637656688690186
2018-01-22 02:00:00,52.402308,-0.940537,142.901,6.585236549377441,254.3410491943359,258.7571105957031,Kelmarsh 5,-0.847984254360199
2018-01-22 03:00:00,52.402308,-0.940537,142.901,6.1434760093688965,250.77532958984375,258.7571105957031,Kelmarsh 5,-1.4479190111160278
2018-01-22 04:00:00,52.402308,-0.940537,142.901,5.397869110107422,251.65811157226565,258.7571105957031,Kelmarsh 5,-2.5127861499786377
2018-01-22 05:00:00,52.402308,-0.940537,142.901,6.4342041015625,254.1250762939453,258.7571105957031,Kelmarsh 5,-2.5453286170959473
2018-01-22 06:00:00,52.402308,-0.940537,142.901,7.105257511138916,256.88470458984375,258.7571105957031,Kelmarsh 5,-1.5514180660247803
2018-01-22 07:00:00,52.402308,-0.940537,142.901,5.7365336418151855,271.40338134765625,258.7571105957031,Kelmarsh 5,-1.3518890142440796
2018-01-22 08:00:00,52.402308,-0.940537,142.901,4.677562713623047,268.90155029296875,281.80596923828125,Kelmarsh 5,-1.8965924978256226
2018-01-22 09:00:00,52.402308,-0.940537,142.901,6.20829963684082,275.6449890136719,281.80596923828125,Kelmarsh 5,-1.5268770456314087
2018-01-22 10:00:00,52.402308,-0.940537,142.901,7.682028770446777,275.09375,270.830322265625,Kelmarsh 5,-1.4361820220947266
2018-01-22 11:00:00,52.402308,-0.940537,142.901,5.249561309814453,264.5480651855469,270.830322265625,Kelmarsh 5,-1.6746565103530884
2018-01-22 12:00:00,52.402308,-0.940537,142.901,7.350536346435547,278.82708740234375,281.80596923828125,Kelmarsh 5,-2.6269540786743164
2018-01-22 13:00:00,52.402308,-0.940537,142.901,7.7757368087768555,281.3101806640625,287.2937927246094,Kelmarsh 5,-2.761929512023926
2018-01-22 14:00:00,52.402308,-0.940537,142.901,10.732560157775879,277.15594482421875,281.80596923828125,Kelmarsh 5,-3.359982967376709
2018-01-22 15:00:00,52.402308,-0.940537,142.901,8.6712646484375,281.40347290039057,287.644775390625,Kelmarsh 5,-3.2207396030426025
2018-01-22 16:00:00,52.402308,-0.940537,142.901,5.855589389801025,275.35333251953125,282.9035339355469,Kelmarsh 5,-2.5191869735717773
2018-01-22 17:00:00,52.402308,-0.940537,142.901,6.201791286468506,263.42608642578125,263.1473693847656,Kelmarsh 5,-3.4426755905151367
2018-01-22 18:00:00,52.402308,-0.940537,142.901,8.690683364868164,257.05413818359375,251.07415771484375,Kelmarsh 5,-3.341844081878662
2018-01-22 19:00:00,52.402308,-0.940537,142.901,9.264822959899902,252.22286987304682,251.07415771484375,Kelmarsh 5,-3.3589160442352295
2018-01-22 20:00:00,52.402308,-0.940537,142.901,7.087076663970947,252.76644897460938,256.5619812011718,Kelmarsh 5,-3.297029972076416
2018-01-22 21:00:00,52.402308,-0.940537,142.901,5.511290073394775,264.4930419921875,264.24493408203125,Kelmarsh 5,-3.284759521484375
2018-01-22 22:00:00,52.402308,-0.940537,142.901,6.6376471519470215,249.0191650390625,253.26928710937503,Kelmarsh 5,-3.482154607772827
2018-01-22 23:00:00,52.402308,-0.940537,142.901,5.09850549697876,220.7127685546875,226.92773437499994,Kelmarsh 5,-3.449610948562622
2018-01-23 00:00:00,52.402308,-0.940537,142.901,4.14096212387085,194.01222229003906,208.53857421874997,Kelmarsh 5,-3.374387502670288
2018-01-23 01:00:00,52.402308,-0.940537,142.901,5.744297504425049,193.23431396484372,200.586181640625,Kelmarsh 5,-3.4154670238494873
2018-01-23 02:00:00,52.402308,-0.940537,142.901,7.311890125274658,196.44369506835932,200.586181640625,Kelmarsh 5,-3.280491590499878
2018-01-23 03:00:00,52.402308,-0.940537,142.901,9.39080810546875,204.6537475585937,200.586181640625,Kelmarsh 5,-2.2060225009918213
2018-01-23 04:00:00,52.402308,-0.940537,142.901,9.87907886505127,199.71542358398432,200.586181640625,Kelmarsh 5,-3.6475396156311035
2018-01-23 05:00:00,52.402308,-0.940537,142.901,11.046626091003418,201.56907653808588,198.3910522460937,Kelmarsh 5,3.5151424407958984
2018-01-23 06:00:00,52.402308,-0.940537,142.901,8.41358757019043,192.9962158203125,198.3910522460937,Kelmarsh 5,492.2748718261719
2018-01-23 07:00:00,52.402308,-0.940537,142.901,8.458670616149902,199.366943359375,189.28012084960935,Kelmarsh 5,1354.4036865234375
2018-01-23 08:00:00,52.402308,-0.940537,142.901,10.304152488708496,195.36851501464832,194.00079345703125,Kelmarsh 5,2030.2001953125
2018-01-23 09:00:00,52.402308,-0.940537,142.901,10.875346183776855,204.0919342041015,197.2934875488281,Kelmarsh 5,2056.47900390625
2018-01-23 10:00:00,52.402308,-0.940537,142.901,10.646489143371582,198.74963378906244,197.2934875488281,Kelmarsh 5,2024.0294189453125
2018-01-23 11:00:00,52.402308,-0.940537,142.901,11.207744598388672,205.07586669921872,203.87887573242182,Kelmarsh 5,2042.31298828125
2018-01-23 12:00:00,52.402308,-0.940537,142.901,10.553474426269531,213.72779846191403,203.87887573242182,Kelmarsh 5,2064.951904296875
2018-01-23 13:00:00,52.402308,-0.940537,142.901,13.817567825317383,225.930435180664,224.01905822753906,Kelmarsh 5,2060.697998046875
2018-01-23 14:00:00,52.402308,-0.940537,142.901,13.855810165405273,225.3155670166015,224.73300170898432,Kelmarsh 5,2048.567626953125
2018-01-23 15:00:00,52.402308,-0.940537,142.901,12.059263229370117,222.20518493652344,221.43991088867185,Kelmarsh 5,2059.211669921875
2018-01-23 16:00:00,52.402308,-0.940537,142.901,10.26581859588623,216.67619323730466,221.43991088867185,Kelmarsh 5,2050.5283203125
2018-01-23 17:00:00,52.402308,-0.940537,142.901,11.03036880493164,225.1735687255859,221.43991088867185,Kelmarsh 5,2061.043701171875
2018-01-23 18:00:00,52.402308,-0.940537,142.901,12.764779090881348,232.2031555175781,232.41555786132812,Kelmarsh 5,2051.657470703125
2018-01-23 19:00:00,52.402308,-0.940537,142.901,9.718585968017578,233.79013061523426,232.41555786132812,Kelmarsh 5,2052.828857421875
2018-01-23 20:00:00,52.402308,-0.940537,142.901,9.953767776489258,218.30722045898435,220.34234619140625,Kelmarsh 5,2024.8472900390625
2018-01-23 21:00:00,52.402308,-0.940537,142.901,7.506676197052002,213.41029357910156,211.56182861328122,Kelmarsh 5,2044.1884765625
2018-01-23 22:00:00,52.402308,-0.940537,142.901,9.296092987060547,211.53779602050776,207.1715698242187,Kelmarsh 5,2052.287353515625
2018-01-23 23:00:00,52.402308,-0.940537,142.901,9.974405288696289,206.13075256347653,207.1715698242187,Kelmarsh 5,2056.050048828125
2018-01-24 00:00:00,52.402308,-0.940537,142.901,10.992426872253418,201.78231811523438,201.9129791259765,Kelmarsh 5,2046.781982421875
2018-01-24 01:00:00,52.402308,-0.940537,142.901,12.326488494873047,192.91108703613276,199.4886169433594,Kelmarsh 5,1976.1884765625
2018-01-24 02:00:00,52.402308,-0.940537,142.901,11.655004501342773,188.97262573242176,196.74470520019528,Kelmarsh 5,2010.3692626953125
2018-01-24 03:00:00,52.402308,-0.940537,142.901,13.388214111328125,197.22244262695304,194.00079345703125,Kelmarsh 5,1917.1722412109375
2018-01-24 04:00:00,52.402308,-0.940537,142.901,13.978887557983398,201.48535156249994,203.87887573242182,Kelmarsh 5,1958.8353271484375
2018-01-24 05:00:00,52.402308,-0.940537,142.901,13.546152114868164,203.2032775878906,203.87887573242182,Kelmarsh 5,1963.3751220703125
2018-01-24 06:00:00,52.402308,-0.940537,142.901,15.575640678405762,208.53216552734372,203.87887573242182,Kelmarsh 5,2007.8909912109375
2018-01-24 07:00:00,52.402308,-0.940537,142.901,16.886255264282227,206.19566345214835,203.87887573242182,Kelmarsh 5,1802.285400390625
2018-01-24 08:00:00,52.402308,-0.940537,142.901,16.565536499023438,202.09384155273438,203.87887573242182,Kelmarsh 5,1487.67236328125
2018-01-24 09:00:00,52.402308,-0.940537,142.901,15.668336868286133,207.25387573242185,203.87887573242182,Kelmarsh 5,1309.20751953125
2018-01-24 10:00:00,52.402308,-0.940537,142.901,10.456219673156738,268.0820007324219,267.8822631835937,Kelmarsh 5,494.6459045410156
2018-01-24 11:00:00,52.402308,-0.940537,142.901,11.8530912399292,248.4712371826172,254.36685180664062,Kelmarsh 5,301.0382995605469
2018-01-24 12:00:00,52.402308,-0.940537,142.901,10.270340919494629,239.52702331542974,232.41555786132812,Kelmarsh 5,511.18707275390625
2018-01-24 13:00:00,52.402308,-0.940537,142.901,10.386427879333496,229.3152923583984,231.3179931640625,Kelmarsh 5,333.2359924316406
2018-01-24 14:00:00,52.402308,-0.940537,142.901,11.367584228515625,215.57742309570312,218.69886779785153,Kelmarsh 5,657.9904174804688
2018-01-24 15:00:00,52.402308,-0.940537,142.901,9.814834594726562,208.51751708984372,211.58062744140625,Kelmarsh 5,545.7696533203125
2018-01-24 16:00:00,52.402308,-0.940537,142.901,9.24471378326416,210.21533203125,210.46426391601562,Kelmarsh 5,532.2845458984375
2018-01-24 17:00:00,52.402308,-0.940537,142.901,9.532642364501953,211.9481048583984,202.78131103515625,Kelmarsh 5,798.1720581054688
2018-01-24 18:00:00,52.402308,-0.940537,142.901,9.490269660949707,224.6235198974609,216.38323974609375,Kelmarsh 5,394.2140808105469
2018-01-24 19:00:00,52.402308,-0.940537,142.901,8.990074157714844,211.8321533203125,210.46426391601562,Kelmarsh 5,575.3033447265625
2018-01-24 20:00:00,52.402308,-0.940537,142.901,10.480988502502441,207.85134887695312,199.4886169433594,Kelmarsh 5,171.02745056152344
2018-01-24 21:00:00,52.402308,-0.940537,142.901,9.576351165771484,211.75204467773435,212.65939331054685,Kelmarsh 5,130.36463928222656
2018-01-24 22:00:00,52.402308,-0.940537,142.901,8.529597282409668,210.52636718749997,201.46301269531244,Kelmarsh 5,297.99932861328125
2018-01-24 23:00:00,52.402308,-0.940537,142.901,9.329256057739258,206.7814636230468,206.07400512695307,Kelmarsh 5,213.4167938232422
2018-01-25 00:00:00,52.402308,-0.940537,142.901,9.148175239562988,214.31620788574216,213.75695800781241,Kelmarsh 5,253.27053833007812
2018-01-25 01:00:00,52.402308,-0.940537,142.901,9.999815940856934,207.1333618164062,203.87887573242182,Kelmarsh 5,253.7213592529297
2018-01-25 02:00:00,52.402308,-0.940537,142.901,8.753144264221191,214.66477966308597,208.26913452148432,Kelmarsh 5,152.5916748046875
2018-01-25 03:00:00,52.402308,-0.940537,142.901,9.3496675491333,215.09353637695307,208.26913452148432,Kelmarsh 5,129.3675537109375
2018-01-25 04:00:00,52.402308,-0.940537,142.901,10.1155366897583,209.96453857421875,218.14721679687494,Kelmarsh 5,128.67340087890625
2018-01-25 05:00:00,52.402308,-0.940537,142.901,9.173371315002441,207.36131286621085,213.75695800781241,Kelmarsh 5,271.96966552734375
2018-01-25 06:00:00,52.402308,-0.940537,142.901,10.714639663696289,226.65501403808588,231.3179931640625,Kelmarsh 5,249.30001831054688
2018-01-25 07:00:00,52.402308,-0.940537,142.901,6.850345134735107,204.28007507324216,208.26913452148432,Kelmarsh 5,235.07652282714844
2018-01-25 08:00:00,52.402308,-0.940537,142.901,7.271952152252197,215.5165252685547,211.77275085449213,Kelmarsh 5,394.4184265136719
2018-01-25 09:00:00,52.402308,-0.940537,142.901,7.166471481323242,203.32061767578122,198.3910522460937,Kelmarsh 5,338.0116882324219
2018-01-25 10:00:00,52.402308,-0.940537,142.901,7.717967510223389,206.62574768066406,207.1715698242187,Kelmarsh 5,394.2866516113281
2018-01-25 11:00:00,52.402308,-0.940537,142.901,8.211359977722168,207.16183471679682,207.1715698242187,Kelmarsh 5,347.03692626953125
2018-01-25 12:00:00,52.402308,-0.940537,142.901,8.424419403076172,215.4025115966796,210.13562011718744,Kelmarsh 5,142.769287109375
2018-01-25 13:00:00,52.402308,-0.940537,142.901,8.94416618347168,198.4128875732421,209.36669921875,Kelmarsh 5,157.44895935058594
2018-01-25 14:00:00,52.402308,-0.940537,142.901,7.5336594581604,204.33860778808588,209.36669921875,Kelmarsh 5,198.625
2018-01-25 15:00:00,52.402308,-0.940537,142.901,8.569283485412598,203.58340454101562,208.26913452148432,Kelmarsh 5,436.6257019042969
2018-01-25 16:00:00,52.402308,-0.940537,142.901,10.026759147644043,198.54953002929688,197.2934875488281,Kelmarsh 5,609.8385009765625
2018-01-25 17:00:00,52.402308,-0.940537,142.901,7.934826374053955,208.12733459472656,209.4278564453125,Kelmarsh 5,494.15081787109375
2018-01-25 18:00:00,52.402308,-0.940537,142.901,7.12237548828125,194.68823242187491,198.3910522460937,Kelmarsh 5,809.0748291015625
2018-01-25 19:00:00,52.402308,-0.940537,142.901,6.732482433319092,207.86166381835938,203.87887573242182,Kelmarsh 5,585.4229125976562
2018-01-25 20:00:00,52.402308,-0.940537,142.901,6.734414577484131,213.2217864990234,212.65939331054685,Kelmarsh 5,632.3034057617188
2018-01-25 21:00:00,52.402308,-0.940537,142.901,5.744709491729736,229.14727783203125,220.56550598144528,Kelmarsh 5,147.85597229003906
2018-01-25 22:00:00,52.402308,-0.940537,142.901,5.970027923583984,233.76033020019523,226.92773437499994,Kelmarsh 5,38.590667724609375
2018-01-25 23:00:00,52.402308,-0.940537,142.901,6.756338119506836,227.4013671875,226.92773437499994,Kelmarsh 5,135.30142211914062
2018-01-26 00:00:00,52.402308,-0.940537,142.901,3.2933285236358643,208.97715759277338,202.78131103515625,Kelmarsh 5,196.14993286132812
2018-01-26 01:00:00,52.402308,-0.940537,142.901,4.0185651779174805,223.53572082519526,223.63504028320312,Kelmarsh 5,178.81260681152344
2018-01-26 02:00:00,52.402308,-0.940537,142.901,3.4513139724731445,229.88401794433594,223.63504028320312,Kelmarsh 5,215.7802276611328
2018-01-26 03:00:00,52.402308,-0.940537,142.901,6.115218162536621,258.9896850585937,248.8790283203125,Kelmarsh 5,202.2156524658203
2018-01-26 04:00:00,52.402308,-0.940537,142.901,6.460740566253662,276.7339172363281,284.0010986328125,Kelmarsh 5,103.87525939941406
2018-01-26 05:00:00,52.402308,-0.940537,142.901,3.9652724266052246,293.7041320800781,284.0010986328125,Kelmarsh 5,104.06732177734375
2018-01-26 06:00:00,52.402308,-0.940537,142.901,6.080506324768066,331.4554138183594,334.48907470703125,Kelmarsh 5,125.69145965576172
2018-01-26 07:00:00,52.402308,-0.940537,142.901,4.890871047973633,339.21267700195307,334.48907470703125,Kelmarsh 5,101.38154602050781
2018-01-26 08:00:00,52.402308,-0.940537,142.901,4.736284255981445,336.7918090820313,338.87933349609375,Kelmarsh 5,302.3849182128906
2018-01-26 09:00:00,52.402308,-0.940537,142.901,5.49086856842041,328.06854248046875,327.9036865234375,Kelmarsh 5,301.7281799316406
2018-01-26 10:00:00,52.402308,-0.940537,142.901,6.175599575042725,324.0711669921875,327.9036865234375,Kelmarsh 5,339.44744873046875
2018-01-26 11:00:00,52.402308,-0.940537,142.901,6.0606818199157715,325.2318420410156,327.9036865234375,Kelmarsh 5,45.325321197509766
2018-01-26 12:00:00,52.402308,-0.940537,142.901,5.230993747711182,352.2101440429687,355.3428039550781,Kelmarsh 5,189.9624786376953
2018-01-26 13:00:00,52.402308,-0.940537,142.901,4.848266124725342,359.1041564941405,355.3428039550781,Kelmarsh 5,271.18072509765625
2018-01-26 14:00:00,52.402308,-0.940537,142.901,3.292510509490967,322.75787353515625,330.09881591796875,Kelmarsh 5,158.0758514404297
2018-01-26 15:00:00,52.402308,-0.940537,142.901,3.8030619621276855,325.97393798828125,316.92803955078125,Kelmarsh 5,277.89044189453125
2018-01-26 16:00:00,52.402308,-0.940537,142.901,2.555964708328247,333.3046569824219,316.92803955078125,Kelmarsh 5,375.1898498535156
2018-01-26 17:00:00,52.402308,-0.940537,142.901,2.665574550628662,301.8378295898437,315.30996704101557,Kelmarsh 5,349.64056396484375
2018-01-26 18:00:00,52.402308,-0.940537,142.901,2.7781662940979004,309.000244140625,285.0644226074219,Kelmarsh 5,669.0777587890625
2018-01-26 19:00:00,52.402308,-0.940537,142.901,4.815817832946777,282.6439208984375,288.391357421875,Kelmarsh 5,624.8093872070312
2018-01-26 20:00:00,52.402308,-0.940537,142.901,3.569518804550171,282.489013671875,288.391357421875,Kelmarsh 5,760.2447509765625
2018-01-26 21:00:00,52.402308,-0.940537,142.901,3.3674793243408203,280.1271057128906,288.391357421875,Kelmarsh 5,811.4692993164062
2018-01-26 22:00:00,52.402308,-0.940537,142.901,3.3035733699798584,226.6322021484375,224.73260498046872,Kelmarsh 5,504.1129150390625
2018-01-26 23:00:00,52.402308,-0.940537,142.901,4.926126956939697,199.10726928710935,204.9764404296875,Kelmarsh 5,379.55633544921875
2018-01-27 00:00:00,52.402308,-0.940537,142.901,7.371943473815918,199.634521484375,197.12603759765616,Kelmarsh 5,290.00164794921875
2018-01-27 01:00:00,52.402308,-0.940537,142.901,7.780664443969727,210.621597290039,204.8384857177734,Kelmarsh 5,246.36766052246094
2018-01-27 02:00:00,52.402308,-0.940537,142.901,8.299468040466309,206.75964355468747,210.46426391601562,Kelmarsh 5,290.9342346191406
2018-01-27 03:00:00,52.402308,-0.940537,142.901,7.500426292419434,207.0075225830078,207.1715698242187,Kelmarsh 5,247.89309692382812
2018-01-27 04:00:00,52.402308,-0.940537,142.901,7.676417350769043,195.87039184570307,198.3910522460937,Kelmarsh 5,153.77935791015625
2018-01-27 05:00:00,52.402308,-0.940537,142.901,8.243483543395996,194.14813232421875,198.3910522460937,Kelmarsh 5,119.34664916992188
2018-01-27 06:00:00,52.402308,-0.940537,142.901,8.633462905883789,199.8861694335937,198.3910522460937,Kelmarsh 5,196.58738708496094
2018-01-27 07:00:00,52.402308,-0.940537,142.901,8.842476844787598,194.9464111328125,198.3910522460937,Kelmarsh 5,250.7277374267578
2018-01-27 08:00:00,52.402308,-0.940537,142.901,10.454814910888672,196.94378662109372,198.3910522460937,Kelmarsh 5,186.60711669921875
2018-01-27 09:00:00,52.402308,-0.940537,142.901,10.108141899108887,196.4550628662109,198.3910522460937,Kelmarsh 5,245.6458282470703
2018-01-27 10:00:00,52.402308,-0.940537,142.901,8.913719177246094,194.73822021484372,191.36837768554682,Kelmarsh 5,318.64599609375
2018-01-27 11:00:00,52.402308,-0.940537,142.901,12.222920417785645,205.41744995117188,201.6837463378906,Kelmarsh 5,692.0165405273438
2018-01-27 12:00:00,52.402308,-0.940537,142.901,10.498795509338379,203.2092742919922,201.6837463378906,Kelmarsh 5,1009.6151733398438
2018-01-27 13:00:00,52.402308,-0.940537,142.901,11.518893241882324,211.33312988281244,213.75695800781241,Kelmarsh 5,1341.3897705078125
2018-01-27 14:00:00,52.402308,-0.940537,142.901,10.297731399536133,205.22903442382812,208.26913452148432,Kelmarsh 5,1518.4417724609375
2018-01-27 15:00:00,52.402308,-0.940537,142.901,9.303736686706543,214.16539001464844,217.04965209960932,Kelmarsh 5,1634.355224609375
2018-01-27 16:00:00,52.402308,-0.940537,142.901,7.616596221923828,215.8143005371093,217.04965209960932,Kelmarsh 5,1554.484619140625
2018-01-27 17:00:00,52.402308,-0.940537,142.901,10.269201278686523,230.9351501464843,226.3685760498047,Kelmarsh 5,1685.7109375
2018-01-27 18:00:00,52.402308,-0.940537,142.901,11.007638931274414,230.25439453125003,234.61068725585932,Kelmarsh 5,1453.4947509765625
2018-01-27 19:00:00,52.402308,-0.940537,142.901,8.774626731872559,233.04762268066398,234.61068725585932,Kelmarsh 5,1216.558837890625
2018-01-27 20:00:00,52.402308,-0.940537,142.901,8.403352737426758,233.58541870117188,239.82394409179688,Kelmarsh 5,1710.603515625
2018-01-27 21:00:00,52.402308,-0.940537,142.901,8.839823722839355,239.48701477050776,239.0009460449218,Kelmarsh 5,1615.7283935546875
2018-01-27 22:00:00,52.402308,-0.940537,142.901,11.779163360595703,248.19439697265622,243.39120483398438,Kelmarsh 5,1629.5704345703125
2018-01-27 23:00:00,52.402308,-0.940537,142.901,10.87220287322998,252.56781005859375,257.6595458984375,Kelmarsh 5,1663.14404296875
2018-01-28 00:00:00,52.402308,-0.940537,142.901,8.678281784057617,267.66888427734375,257.6595458984375,Kelmarsh 5,1382.415771484375
2018-01-28 01:00:00,52.402308,-0.940537,142.901,9.193521499633789,259.2901916503906,253.26928710937503,Kelmarsh 5,1826.6689453125
2018-01-28 02:00:00,52.402308,-0.940537,142.901,9.543890953063965,266.97637939453125,265.3424987792969,Kelmarsh 5,2020.36669921875
2018-01-28 03:00:00,52.402308,-0.940537,142.901,8.845451354980469,257.5147705078125,253.26928710937503,Kelmarsh 5,2005.92333984375
2018-01-28 04:00:00,52.402308,-0.940537,142.901,9.754945755004883,250.40390014648438,253.26928710937503,Kelmarsh 5,2014.0640869140625
2018-01-28 05:00:00,52.402308,-0.940537,142.901,9.438705444335938,246.8362426757812,253.26928710937503,Kelmarsh 5,1864.010986328125
2018-01-28 06:00:00,52.402308,-0.940537,142.901,8.718029975891113,235.2151641845703,237.90338134765614,Kelmarsh 5,1983.1383056640625
2018-01-28 07:00:00,52.402308,-0.940537,142.901,9.827658653259277,231.83639526367185,226.92773437499994,Kelmarsh 5,2053.133056640625
2018-01-28 08:00:00,52.402308,-0.940537,142.901,10.24781322479248,236.1985626220703,226.92773437499994,Kelmarsh 5,2059.41162109375
2018-01-28 09:00:00,52.402308,-0.940537,142.901,9.033011436462402,236.05989074707028,241.19607543945318,Kelmarsh 5,1945.9659423828125
2018-01-28 10:00:00,52.402308,-0.940537,142.901,10.0791654586792,243.01281738281247,241.19607543945318,Kelmarsh 5,2011.861572265625
2018-01-28 11:00:00,52.402308,-0.940537,142.901,11.017394065856934,246.47695922851562,241.19607543945318,Kelmarsh 5,1930.50732421875
2018-01-28 12:00:00,52.402308,-0.940537,142.901,11.50373363494873,250.14578247070312,247.78146362304682,Kelmarsh 5,1448.0313720703125
2018-01-28 13:00:00,52.402308,-0.940537,142.901,9.331375122070312,247.7663879394531,247.78146362304682,Kelmarsh 5,1660.794921875
2018-01-28 14:00:00,52.402308,-0.940537,142.901,10.828317642211914,243.91485595703125,243.0281219482422,Kelmarsh 5,692.5654907226562
2018-01-28 15:00:00,52.402308,-0.940537,142.901,10.598816871643066,253.47763061523438,257.6595458984375,Kelmarsh 5,704.006591796875
2018-01-28 16:00:00,52.402308,-0.940537,142.901,8.704977989196777,242.1951141357422,251.07415771484375,Kelmarsh 5,737.4132690429688
2018-01-28 17:00:00,52.402308,-0.940537,142.901,9.995928764343262,252.50221252441406,251.07415771484375,Kelmarsh 5,673.57763671875
2018-01-28 18:00:00,52.402308,-0.940537,142.901,8.55150318145752,243.95120239257804,250.74551391601562,Kelmarsh 5,848.8438720703125
2018-01-28 19:00:00,52.402308,-0.940537,142.901,8.355199813842773,228.6597442626953,232.23196411132807,Kelmarsh 5,1196.4478759765625
2018-01-28 20:00:00,52.402308,-0.940537,142.901,10.042972564697266,229.2358245849609,230.22042846679682,Kelmarsh 5,1393.7283935546875
2018-01-28 21:00:00,52.402308,-0.940537,142.901,9.756176948547363,234.4324340820312,227.96704101562494,Kelmarsh 5,1103.771484375
2018-01-28 22:00:00,52.402308,-0.940537,142.901,8.79859733581543,230.81352233886707,235.48834228515616,Kelmarsh 5,774.2185668945312
2018-01-28 23:00:00,52.402308,-0.940537,142.901,11.611714363098145,237.10281372070312,237.90338134765614,Kelmarsh 5,692.4758911132812
2018-01-29 00:00:00,52.402308,-0.940537,142.901,11.926627159118652,240.5962066650391,237.90338134765614,Kelmarsh 5,631.3088989257812
2018-01-29 01:00:00,52.402308,-0.940537,142.901,11.727961540222168,230.95335388183594,237.90338134765614,Kelmarsh 5,460.1595153808594
2018-01-29 02:00:00,52.402308,-0.940537,142.901,10.484482765197754,224.6937408447265,225.1709289550781,Kelmarsh 5,294.64178466796875
2018-01-29 03:00:00,52.402308,-0.940537,142.901,10.911417961120605,239.07328796386716,235.70825195312494,Kelmarsh 5,249.96530151367188
2018-01-29 04:00:00,52.402308,-0.940537,142.901,9.771402359008789,245.2178955078125,241.19607543945318,Kelmarsh 5,229.4530487060547
2018-01-29 05:00:00,52.402308,-0.940537,142.901,15.159647941589355,244.28102111816406,241.19607543945318,Kelmarsh 5,261.9788513183594
2018-01-29 06:00:00,52.402308,-0.940537,142.901,11.27023696899414,231.60801696777335,241.19607543945318,Kelmarsh 5,455.5278015136719
2018-01-29 07:00:00,52.402308,-0.940537,142.901,10.834250450134277,229.44546508789054,237.35595703125,Kelmarsh 5,477.2655334472656
2018-01-29 08:00:00,52.402308,-0.940537,142.901,11.633519172668457,234.8085174560546,227.56076049804685,Kelmarsh 5,520.717529296875
2018-01-29 09:00:00,52.402308,-0.940537,142.901,11.700586318969727,239.96444702148426,233.51312255859375,Kelmarsh 5,377.21783447265625
2018-01-29 10:00:00,52.402308,-0.940537,142.901,11.993486404418945,232.54833984375,233.51312255859375,Kelmarsh 5,413.32098388671875
2018-01-29 11:00:00,52.402308,-0.940537,142.901,10.361541748046875,241.29852294921875,233.51312255859375,Kelmarsh 5,600.1644287109375
2018-01-29 12:00:00,52.402308,-0.940537,142.901,10.189068794250488,261.46533203125,254.78997802734375,Kelmarsh 5,737.77978515625
2018-01-29 13:00:00,52.402308,-0.940537,142.901,7.367800712585449,309.0674133300781,304.10308837890625,Kelmarsh 5,364.6643981933594
2018-01-29 14:00:00,52.402308,-0.940537,142.901,6.800970554351807,299.7987976074219,314.2627868652344,Kelmarsh 5,232.9674530029297
2018-01-29 15:00:00,52.402308,-0.940537,142.901,4.9261956214904785,308.0541076660156,293.8791809082031,Kelmarsh 5,222.29415893554688
2018-01-29 16:00:00,52.402308,-0.940537,142.901,8.50267219543457,288.8751525878906,285.0986633300781,Kelmarsh 5,210.9495849609375
2018-01-29 17:00:00,52.402308,-0.940537,142.901,6.739694595336914,284.38482666015625,297.171875,Kelmarsh 5,199.62962341308594
2018-01-29 18:00:00,52.402308,-0.940537,142.901,3.545536518096924,309.77703857421875,290.58648681640625,Kelmarsh 5,449.0479736328125
2018-01-29 19:00:00,52.402308,-0.940537,142.901,4.17812967300415,300.41668701171875,318.0256042480469,Kelmarsh 5,441.512939453125
2018-01-29 20:00:00,52.402308,-0.940537,142.901,4.72276496887207,273.58758544921875,278.5132751464844,Kelmarsh 5,431.1319580078125
2018-01-29 21:00:00,52.402308,-0.940537,142.901,6.4630818367004395,278.3394775390624,278.5132751464844,Kelmarsh 5,304.642822265625
2018-01-29 22:00:00,52.402308,-0.940537,142.901,7.101389408111572,280.5874328613281,278.5132751464844,Kelmarsh 5,219.20599365234375
2018-01-29 23:00:00,52.402308,-0.940537,142.901,7.907175540924072,282.0432434082031,278.5132751464844,Kelmarsh 5,128.39651489257812
2018-01-30 00:00:00,52.402308,-0.940537,142.901,8.326327323913574,275.1986999511719,278.5132751464844,Kelmarsh 5,180.80545043945312
2018-01-30 01:00:00,52.402308,-0.940537,142.901,8.60387897491455,285.76544189453125,278.5132751464844,Kelmarsh 5,214.79957580566406
2018-01-30 02:00:00,52.402308,-0.940537,142.901,7.321168422698975,282.2218017578125,279.9355163574219,Kelmarsh 5,178.77317810058594
2018-01-30 03:00:00,52.402308,-0.940537,142.901,4.964176177978516,273.99261474609375,276.3181457519531,Kelmarsh 5,92.04256439208984
2018-01-30 04:00:00,52.402308,-0.940537,142.901,5.30017614364624,256.4721374511719,251.07415771484375,Kelmarsh 5,74.90219116210938
2018-01-30 05:00:00,52.402308,-0.940537,142.901,6.263402938842773,260.13659667968744,262.0498046875,Kelmarsh 5,144.86769104003906
2018-01-30 06:00:00,52.402308,-0.940537,142.901,5.137197494506836,256.5208435058594,262.0498046875,Kelmarsh 5,231.0360565185547
2018-01-30 07:00:00,52.402308,-0.940537,142.901,5.46890926361084,252.01298522949213,262.0498046875,Kelmarsh 5,144.31011962890625
2018-01-30 08:00:00,52.402308,-0.940537,142.901,3.7958154678344727,241.97862243652344,249.97659301757812,Kelmarsh 5,169.6556396484375
2018-01-30 09:00:00,52.402308,-0.940537,142.901,4.243988513946533,233.32049560546872,225.83016967773438,Kelmarsh 5,170.8748016357422
2018-01-30 10:00:00,52.402308,-0.940537,142.901,4.807861328125,230.61526489257812,225.83016967773438,Kelmarsh 5,236.72145080566406
2018-01-30 11:00:00,52.402308,-0.940537,142.901,3.86063551902771,230.49447631835932,225.83016967773438,Kelmarsh 5,162.17501831054688
2018-01-30 12:00:00,52.402308,-0.940537,142.901,5.328867435455322,212.4843139648437,225.83016967773438,Kelmarsh 5,199.90809631347656
2018-01-30 13:00:00,52.402308,-0.940537,142.901,6.151858806610107,227.0511932373047,233.68795776367188,Kelmarsh 5,204.4827117919922
2018-01-30 14:00:00,52.402308,-0.940537,142.901,6.29694938659668,213.08688354492185,222.53747558593741,Kelmarsh 5,104.28555297851562
2018-01-30 15:00:00,52.402308,-0.940537,142.901,5.704110622406006,207.86424255371088,222.53747558593741,Kelmarsh 5,73.18328857421875
2018-01-30 16:00:00,52.402308,-0.940537,142.901,4.685555934906006,201.0526733398437,198.3910522460937,Kelmarsh 5,79.37486267089844
2018-01-30 17:00:00,52.402308,-0.940537,142.901,6.276445388793945,202.27577209472648,198.3910522460937,Kelmarsh 5,48.15727615356445
2018-01-30 18:00:00,52.402308,-0.940537,142.901,5.199154376983643,211.21209716796875,219.24478149414062,Kelmarsh 5,41.86860275268555
2018-01-30 19:00:00,52.402308,-0.940537,142.901,6.886396884918213,203.57096862792963,206.07400512695307,Kelmarsh 5,80.5956039428711
2018-01-30 20:00:00,52.402308,-0.940537,142.901,6.875575542449951,198.4180297851562,199.4934539794921,Kelmarsh 5,94.56350708007812
2018-01-30 21:00:00,52.402308,-0.940537,142.901,5.062074661254883,188.5640869140625,186.31784057617185,Kelmarsh 5,108.76618957519531
2018-01-30 22:00:00,52.402308,-0.940537,142.901,6.239883899688721,194.85140991210938,186.31784057617185,Kelmarsh 5,86.0421371459961
2018-01-30 23:00:00,52.402308,-0.940537,142.901,9.252067565917969,212.53877258300776,210.55764770507807,Kelmarsh 5,110.18217468261719
2018-01-31 00:00:00,52.402308,-0.940537,142.901,10.284122467041016,222.27705383300773,220.34234619140625,Kelmarsh 5,79.29962921142578
2018-01-31 01:00:00,52.402308,-0.940537,142.901,10.94046401977539,220.9886016845703,228.02529907226562,Kelmarsh 5,104.6883773803711
2018-01-31 02:00:00,52.402308,-0.940537,142.901,11.573984146118164,252.5057373046875,255.4644165039062,Kelmarsh 5,127.43560028076172
2018-01-31 03:00:00,52.402308,-0.940537,142.901,11.221864700317383,244.89222717285148,252.33578491210938,Kelmarsh 5,243.0555419921875
2018-01-31 04:00:00,52.402308,-0.940537,142.901,10.353256225585938,221.611572265625,228.63513183593747,Kelmarsh 5,151.68893432617188
2018-01-31 05:00:00,52.402308,-0.940537,142.901,9.493583679199219,219.97572326660153,215.9520874023437,Kelmarsh 5,83.7071762084961
2018-01-31 06:00:00,52.402308,-0.940537,142.901,10.000571250915527,221.80516052246094,215.9520874023437,Kelmarsh 5,27.800355911254883
2018-01-31 07:00:00,52.402308,-0.940537,142.901,11.117411613464355,235.2638092041015,233.51312255859375,Kelmarsh 5,8.940021514892578
2018-01-31 08:00:00,52.402308,-0.940537,142.901,10.485406875610352,269.4927978515625,271.3197326660156,Kelmarsh 5,26.2359561920166
2018-01-31 09:00:00,52.402308,-0.940537,142.901,7.038240909576416,264.52569580078125,271.6144104003906,Kelmarsh 5,29.297452926635742
2018-01-31 10:00:00,52.402308,-0.940537,142.901,6.720244884490967,249.8097686767578,252.17172241210938,Kelmarsh 5,21.53032684326172
2018-01-31 11:00:00,52.402308,-0.940537,142.901,7.453647613525391,245.36422729492188,256.5619812011718,Kelmarsh 5,2.8446218967437744
2018-01-31 12:00:00,52.402308,-0.940537,142.901,7.589106559753418,253.9885559082031,250.74313354492185,Kelmarsh 5,10.590728759765625
2018-01-31 13:00:00,52.402308,-0.940537,142.901,10.196724891662598,265.38897705078125,259.3840637207031,Kelmarsh 5,-10.261013984680176
2018-01-31 14:00:00,52.402308,-0.940537,142.901,8.759979248046875,270.23590087890625,265.51177978515625,Kelmarsh 5,-3.843867540359497
2018-01-31 15:00:00,52.402308,-0.940537,142.901,10.178877830505371,269.246826171875,271.9278869628906,Kelmarsh 5,-3.395306348800659
2018-01-31 16:00:00,52.402308,-0.940537,142.901,6.786679744720459,263.74468994140625,270.830322265625,Kelmarsh 5,-4.577434539794922
2018-01-31 17:00:00,52.402308,-0.940537,142.901,8.82109260559082,248.3855133056641,252.17172241210938,Kelmarsh 5,1.5594675540924072
2018-01-31 18:00:00,52.402308,-0.940537,142.901,12.384461402893066,248.9479827880859,248.8790283203125,Kelmarsh 5,-1.2926769256591797
2018-01-31 19:00:00,52.402308,-0.940537,142.901,9.956912994384766,250.38136291503903,248.8790283203125,Kelmarsh 5,50.302616119384766
2018-01-31 20:00:00,52.402308,-0.940537,142.901,11.529862403869629,248.58328247070312,248.8790283203125,Kelmarsh 5,20.333595275878906
2018-01-31 21:00:00,52.402308,-0.940537,142.901,10.082897186279297,244.4625244140624,248.8790283203125,Kelmarsh 5,4.8398284912109375
2018-01-31 22:00:00,52.402308,-0.940537,142.901,8.394989967346191,229.31607055664062,231.1481323242187,Kelmarsh 5,-12.916863441467285
2018-01-31 23:00:00,52.402308,-0.940537,142.901,8.374200820922852,229.13183593749997,234.61068725585932,Kelmarsh 5,14.929039001464844
2018-02-01 00:00:00,52.402308,-0.940537,142.901,7.964321613311768,233.15525817871094,234.61068725585932,Kelmarsh 5,24.141984939575195
2018-02-01 01:00:00,52.402308,-0.940537,142.901,7.665743827819824,241.48899841308588,236.5886688232421,Kelmarsh 5,32.460845947265625
2018-02-01 02:00:00,52.402308,-0.940537,142.901,7.335071563720703,282.629150390625,282.9035339355469,Kelmarsh 5,54.510074615478516
2018-02-01 03:00:00,52.402308,-0.940537,142.901,10.890421867370605,312.932861328125,307.0499572753906,Kelmarsh 5,18.72754669189453
2018-02-01 04:00:00,52.402308,-0.940537,142.901,8.577552795410156,312.7469787597655,310.34265136718744,Kelmarsh 5,40.91836929321289
2018-02-01 05:00:00,52.402308,-0.940537,142.901,6.649651050567627,285.6312561035156,292.977783203125,Kelmarsh 5,96.53712463378906
2018-02-01 06:00:00,52.402308,-0.940537,142.901,9.463262557983398,285.3658447265625,279.61083984375,Kelmarsh 5,126.47471618652344
2018-02-01 07:00:00,52.402308,-0.940537,142.901,10.597412109375,276.79919433593744,279.61083984375,Kelmarsh 5,129.77516174316406
2018-02-01 08:00:00,52.402308,-0.940537,142.901,7.674523830413818,288.1573181152344,292.7816162109374,Kelmarsh 5,171.728515625
2018-02-01 09:00:00,52.402308,-0.940537,142.901,9.30234432220459,284.7946472167969,285.0986633300781,Kelmarsh 5,227.11569213867188
2018-02-01 10:00:00,52.402308,-0.940537,142.901,8.482152938842773,296.9039306640625,288.555908203125,Kelmarsh 5,228.7157745361328
2018-02-01 11:00:00,52.402308,-0.940537,142.901,9.377057075500488,291.3322143554687,291.6924133300781,Kelmarsh 5,239.5192413330078
2018-02-01 12:00:00,52.402308,-0.940537,142.901,8.725767135620117,289.7221374511719,293.7003173828125,Kelmarsh 5,274.4593200683594
2018-02-01 13:00:00,52.402308,-0.940537,142.901,10.252758979797363,290.6004028320312,292.2052001953125,Kelmarsh 5,147.67465209960938
2018-02-01 14:00:00,52.402308,-0.940537,142.901,9.96115779876709,302.7171936035156,303.75726318359375,Kelmarsh 5,92.9634017944336
2018-02-01 15:00:00,52.402308,-0.940537,142.901,6.763737678527832,319.87579345703125,314.73291015625,Kelmarsh 5,163.52481079101562
2018-02-01 16:00:00,52.402308,-0.940537,142.901,7.356045722961426,317.9504089355469,309.2450866699219,Kelmarsh 5,184.87579345703125
2018-02-01 17:00:00,52.402308,-0.940537,142.901,7.89807653427124,314.1380004882812,318.0256042480469,Kelmarsh 5,125.0902328491211
2018-02-01 18:00:00,52.402308,-0.940537,142.901,4.576147079467773,309.1064453125,318.0256042480469,Kelmarsh 5,127.17886352539062
2018-02-01 19:00:00,52.402308,-0.940537,142.901,5.147139072418213,309.25054931640625,304.8548278808594,Kelmarsh 5,100.74713134765625
2018-02-01 20:00:00,52.402308,-0.940537,142.901,5.308591842651367,307.17010498046875,300.8912048339844,Kelmarsh 5,131.24827575683594
2018-02-01 21:00:00,52.402308,-0.940537,142.901,3.9955663681030273,305.2187194824219,303.75726318359375,Kelmarsh 5,176.5922088623047
2018-02-01 22:00:00,52.402308,-0.940537,142.901,7.527601718902588,298.8035888671874,291.6840515136719,Kelmarsh 5,96.78784942626953
2018-02-01 23:00:00,52.402308,-0.940537,142.901,6.211504936218262,298.98736572265625,299.3670043945312,Kelmarsh 5,109.19627380371094
2018-02-02 00:00:00,52.402308,-0.940537,142.901,10.334861755371094,289.9067077636719,299.3670043945312,Kelmarsh 5,191.77706909179688
2018-02-02 01:00:00,52.402308,-0.940537,142.901,7.830189228057861,289.18231201171875,300.4645690917969,Kelmarsh 5,238.7957763671875
2018-02-02 02:00:00,52.402308,-0.940537,142.901,6.330441951751709,295.1526794433593,300.4645690917969,Kelmarsh 5,287.9006042480469
2018-02-02 03:00:00,52.402308,-0.940537,142.901,5.598846435546875,302.3649597167969,291.2279968261719,Kelmarsh 5,307.9939880371094
2018-02-02 04:00:00,52.402308,-0.940537,142.901,6.149967193603516,313.99554443359375,305.952392578125,Kelmarsh 5,233.837646484375
2018-02-02 05:00:00,52.402308,-0.940537,142.901,5.941454887390137,315.53765869140625,305.952392578125,Kelmarsh 5,447.8042907714844
2018-02-02 06:00:00,52.402308,-0.940537,142.901,10.070274353027344,311.65509033203125,305.952392578125,Kelmarsh 5,425.97381591796875
2018-02-02 07:00:00,52.402308,-0.940537,142.901,4.997941493988037,308.50668334960926,305.952392578125,Kelmarsh 5,349.5813293457031
2018-02-02 08:00:00,52.402308,-0.940537,142.901,7.6500773429870605,313.92578125,305.8153991699219,Kelmarsh 5,296.7444763183594
2018-02-02 09:00:00,52.402308,-0.940537,142.901,11.192099571228027,318.6225585937499,312.53778076171875,Kelmarsh 5,262.0737609863281
2018-02-02 10:00:00,52.402308,-0.940537,142.901,9.4815092086792,323.474365234375,312.53778076171875,Kelmarsh 5,270.9918518066406
2018-02-02 11:00:00,52.402308,-0.940537,142.901,8.91357421875,325.7621765136719,327.57504272460926,Kelmarsh 5,240.94216918945312
2018-02-02 12:00:00,52.402308,-0.940537,142.901,7.0777506828308105,326.6457214355469,327.9036865234375,Kelmarsh 5,241.6736602783203
2018-02-02 13:00:00,52.402308,-0.940537,142.901,6.858930587768555,322.70315551757807,330.84564208984375,Kelmarsh 5,290.4594421386719
2018-02-02 14:00:00,52.402308,-0.940537,142.901,5.432616710662842,335.711944580078,335.5866394042969,Kelmarsh 5,485.7171936035156
2018-02-02 15:00:00,52.402308,-0.940537,142.901,6.106606483459473,330.90298461914057,335.5866394042969,Kelmarsh 5,813.8734130859375
2018-02-02 16:00:00,52.402308,-0.940537,142.901,5.728722095489502,322.2056579589844,335.5866394042969,Kelmarsh 5,1037.87158203125
2018-02-02 17:00:00,52.402308,-0.940537,142.901,3.3998255729675293,324.3888244628906,335.5866394042969,Kelmarsh 5,915.6444091796875
2018-02-02 18:00:00,52.402308,-0.940537,142.901,3.158611536026001,318.39569091796875,301.56213378906244,Kelmarsh 5,1019.0357666015625
2018-02-02 19:00:00,52.402308,-0.940537,142.901,3.8253183364868164,297.51556396484375,301.56213378906244,Kelmarsh 5,1268.6046142578125
2018-02-02 20:00:00,52.402308,-0.940537,142.901,5.189918518066406,284.7734680175781,290.6037292480469,Kelmarsh 5,1236.0548095703125
2018-02-02 21:00:00,52.402308,-0.940537,142.901,5.666581153869629,277.82318115234375,281.80596923828125,Kelmarsh 5,1078.236083984375
2018-02-02 22:00:00,52.402308,-0.940537,142.901,5.880365371704102,290.1601867675781,281.80596923828125,Kelmarsh 5,1217.4765625
2018-02-02 23:00:00,52.402308,-0.940537,142.901,5.102206707000732,293.1430053710937,281.80596923828125,Kelmarsh 5,1320.0345458984375
2018-02-03 00:00:00,52.402308,-0.940537,142.901,4.834219932556152,273.3843078613281,281.80596923828125,Kelmarsh 5,1176.83740234375
2018-02-03 01:00:00,52.402308,-0.940537,142.901,5.45400333404541,258.8992004394531,253.26928710937503,Kelmarsh 5,1830.27294921875
2018-02-03 02:00:00,52.402308,-0.940537,142.901,4.8158063888549805,258.3788452148437,253.26928710937503,Kelmarsh 5,1898.2926025390625
2018-02-03 03:00:00,52.402308,-0.940537,142.901,6.939374923706055,252.06085205078125,253.26928710937503,Kelmarsh 5,1498.8541259765625
2018-02-03 04:00:00,52.402308,-0.940537,142.901,6.271533012390137,250.4761199951172,253.26928710937503,Kelmarsh 5,1262.0245361328125
2018-02-03 05:00:00,52.402308,-0.940537,142.901,6.861913204193115,254.40859985351562,253.26928710937503,Kelmarsh 5,988.3714599609375
2018-02-03 06:00:00,52.402308,-0.940537,142.901,5.205061912536621,252.52282714843753,253.26928710937503,Kelmarsh 5,975.1627197265625
2018-02-03 07:00:00,52.402308,-0.940537,142.901,3.0008761882781982,257.42349243164057,253.26928710937503,Kelmarsh 5,1436.7578125
2018-02-03 08:00:00,52.402308,-0.940537,142.901,2.8160247802734375,229.40414428710938,253.26928710937503,Kelmarsh 5,1243.2745361328125
2018-02-03 09:00:00,52.402308,-0.940537,142.901,3.0080082416534424,199.6898803710937,207.1715698242187,Kelmarsh 5,1174.6087646484375
2018-02-03 10:00:00,52.402308,-0.940537,142.901,2.311422348022461,212.45198059082028,207.1715698242187,Kelmarsh 5,1717.0379638671875
2018-02-03 11:00:00,52.402308,-0.940537,142.901,2.5825517177581787,196.77593994140622,202.78131103515625,Kelmarsh 5,1301.9925537109375
2018-02-03 12:00:00,52.402308,-0.940537,142.901,2.0577187538146973,169.49594116210938,202.78131103515625,Kelmarsh 5,962.3649291992188
2018-02-03 13:00:00,52.402308,-0.940537,142.901,1.3411312103271484,153.07737731933594,202.78131103515625,Kelmarsh 5,817.9144287109375
2018-02-03 14:00:00,52.402308,-0.940537,142.901,0.8772187232971191,127.01028442382812,202.78131103515625,Kelmarsh 5,1020.4122314453125
2018-02-03 15:00:00,52.402308,-0.940537,142.901,1.6586436033248901,86.87556457519531,202.78131103515625,Kelmarsh 5,1808.359619140625
2018-02-03 16:00:00,52.402308,-0.940537,142.901,1.9436250925064087,68.30083465576172,116.7861099243164,Kelmarsh 5,1335.2674560546875
2018-02-03 17:00:00,52.402308,-0.940537,142.901,2.5629374980926514,64.46929931640625,61.195919036865234,Kelmarsh 5,1268.618408203125
2018-02-03 18:00:00,52.402308,-0.940537,142.901,3.06510329246521,43.43146514892578,52.82571029663086,Kelmarsh 5,1135.713134765625
2018-02-03 19:00:00,52.402308,-0.940537,142.901,3.56716251373291,33.876609802246094,43.63494110107422,Kelmarsh 5,1059.3485107421875
2018-02-03 20:00:00,52.402308,-0.940537,142.901,4.391207695007324,24.946073532104492,25.261343002319336,Kelmarsh 5,965.4700317382812
2018-02-03 21:00:00,52.402308,-0.940537,142.901,5.276063442230225,19.59123420715332,27.171531677246094,Kelmarsh 5,851.2677001953125
2018-02-03 22:00:00,52.402308,-0.940537,142.901,6.34617280960083,20.076976776123047,27.171531677246094,Kelmarsh 5,1818.15380859375
2018-02-03 23:00:00,52.402308,-0.940537,142.901,6.651711463928223,16.00495147705078,12.903243064880371,Kelmarsh 5,1647.28857421875
2018-02-04 00:00:00,52.402308,-0.940537,142.901,7.559396266937256,17.518857955932617,23.878849029541016,Kelmarsh 5,1821.8323974609375
2018-02-04 01:00:00,52.402308,-0.940537,142.901,5.072098731994629,51.11439514160156,40.342262268066406,Kelmarsh 5,1442.316650390625
2018-02-04 02:00:00,52.402308,-0.940537,142.901,6.486338138580322,37.0855827331543,31.561771392822266,Kelmarsh 5,1515.4364013671875
2018-02-04 03:00:00,52.402308,-0.940537,142.901,7.860204696655273,26.42588233947754,26.34305763244629,Kelmarsh 5,1695.817138671875
2018-02-04 04:00:00,52.402308,-0.940537,142.901,9.607696533203125,35.662879943847656,37.04957962036133,Kelmarsh 5,1578.2066650390625
2018-02-04 05:00:00,52.402308,-0.940537,142.901,7.883426189422607,36.23564147949219,37.04957962036133,Kelmarsh 5,1562.6060791015625
2018-02-04 06:00:00,52.402308,-0.940537,142.901,5.820538520812988,15.120050430297852,22.781288146972656,Kelmarsh 5,1002.9732055664062
2018-02-04 07:00:00,52.402308,-0.940537,142.901,7.5252814292907715,12.276677131652832,12.903243064880371,Kelmarsh 5,813.3095092773438
2018-02-04 08:00:00,52.402308,-0.940537,142.901,6.899817943572998,13.617265701293945,12.903243064880371,Kelmarsh 5,822.921630859375
2018-02-04 09:00:00,52.402308,-0.940537,142.901,6.040077209472656,21.791606903076172,12.903243064880371,Kelmarsh 5,650.6361694335938
2018-02-04 10:00:00,52.402308,-0.940537,142.901,6.854783535003662,18.062753677368164,22.781288146972656,Kelmarsh 5,507.6475830078125
2018-02-04 11:00:00,52.402308,-0.940537,142.901,7.35610294342041,20.08686065673828,22.781288146972656,Kelmarsh 5,629.9149780273438
2018-02-04 12:00:00,52.402308,-0.940537,142.901,9.804849624633789,31.52640151977539,28.269092559814453,Kelmarsh 5,860.450927734375
2018-02-04 13:00:00,52.402308,-0.940537,142.901,7.7251996994018555,36.12248611450195,32.65933609008789,Kelmarsh 5,930.8287353515625
2018-02-04 14:00:00,52.402308,-0.940537,142.901,6.027825832366943,28.602691650390625,31.600908279418945,Kelmarsh 5,947.6414794921875
2018-02-04 15:00:00,52.402308,-0.940537,142.901,8.318865776062012,30.597326278686523,28.269092559814453,Kelmarsh 5,1114.101806640625
2018-02-04 16:00:00,52.402308,-0.940537,142.901,8.732345581054688,15.283432960510254,14.000802993774414,Kelmarsh 5,823.7811279296875
2018-02-04 17:00:00,52.402308,-0.940537,142.901,7.278957366943359,17.492521286010742,18.39104461669922,Kelmarsh 5,1068.7391357421875
2018-02-04 18:00:00,52.402308,-0.940537,142.901,6.54087495803833,30.262855529785156,33.755767822265625,Kelmarsh 5,1406.642578125
2018-02-04 19:00:00,52.402308,-0.940537,142.901,6.771885395050049,13.88672161102295,18.39104461669922,Kelmarsh 5,1649.4808349609375
2018-02-04 20:00:00,52.402308,-0.940537,142.901,6.321262359619141,19.940656661987305,18.39104461669922,Kelmarsh 5,1718.19140625
2018-02-04 21:00:00,52.402308,-0.940537,142.901,6.316770076751709,8.269774436950684,18.39104461669922,Kelmarsh 5,1491.9427490234375
2018-02-04 22:00:00,52.402308,-0.940537,142.901,5.923746109008789,15.614816665649414,18.39104461669922,Kelmarsh 5,1396.760986328125
2018-02-04 23:00:00,52.402308,-0.940537,142.901,5.442272186279297,18.19561004638672,28.269092559814453,Kelmarsh 5,1451.3494873046875
2018-02-05 00:00:00,52.402308,-0.940537,142.901,5.003324508666992,16.332225799560547,28.269092559814453,Kelmarsh 5,1236.759521484375
2018-02-05 01:00:00,52.402308,-0.940537,142.901,5.07358455657959,19.42156982421875,28.269092559814453,Kelmarsh 5,1196.3956298828125
2018-02-05 02:00:00,52.402308,-0.940537,142.901,3.7275795936584473,21.501907348632812,28.269092559814453,Kelmarsh 5,1081.5146484375
2018-02-05 03:00:00,52.402308,-0.940537,142.901,5.473030090332031,19.947755813598633,28.269092559814453,Kelmarsh 5,1100.9940185546875
2018-02-05 04:00:00,52.402308,-0.940537,142.901,4.509840488433838,23.149499893188477,28.269092559814453,Kelmarsh 5,1088.9190673828125
2018-02-05 05:00:00,52.402308,-0.940537,142.901,5.192476272583008,19.705856323242188,28.269092559814453,Kelmarsh 5,1163.173583984375
2018-02-05 06:00:00,52.402308,-0.940537,142.901,5.3025288581848145,22.737268447875977,28.269092559814453,Kelmarsh 5,1117.682373046875
2018-02-05 07:00:00,52.402308,-0.940537,142.901,5.495286464691162,21.160104751586914,28.269092559814453,Kelmarsh 5,1068.3134765625
2018-02-05 08:00:00,52.402308,-0.940537,142.901,4.460538387298584,11.348135948181152,22.732580184936523,Kelmarsh 5,999.6577758789062
2018-02-05 09:00:00,52.402308,-0.940537,142.901,4.303518295288086,20.93646812438965,28.269092559814453,Kelmarsh 5,1073.002685546875
2018-02-05 10:00:00,52.402308,-0.940537,142.901,4.4358320236206055,44.21226501464844,28.269092559814453,Kelmarsh 5,1094.6971435546875
2018-02-05 11:00:00,52.402308,-0.940537,142.901,4.232368469238281,39.452632904052734,41.65098190307617,Kelmarsh 5,937.119140625
2018-02-05 12:00:00,52.402308,-0.940537,142.901,6.15195369720459,44.293190002441406,40.342262268066406,Kelmarsh 5,1005.7555541992188
2018-02-05 13:00:00,52.402308,-0.940537,142.901,5.573482513427734,44.27774429321289,55.70811462402344,Kelmarsh 5,1162.9744873046875
2018-02-05 14:00:00,52.402308,-0.940537,142.901,5.400190830230713,38.21705627441406,41.439823150634766,Kelmarsh 5,1304.0045166015625
2018-02-05 15:00:00,52.402308,-0.940537,142.901,5.62307071685791,27.842632293701172,41.439823150634766,Kelmarsh 5,1361.8465576171875
2018-02-05 16:00:00,52.402308,-0.940537,142.901,4.517295837402344,32.87770462036133,41.439823150634766,Kelmarsh 5,1361.7275390625
2018-02-05 17:00:00,52.402308,-0.940537,142.901,4.0921101570129395,28.566322326660156,41.439823150634766,Kelmarsh 5,1039.3638916015625
2018-02-05 18:00:00,52.402308,-0.940537,142.901,3.9434244632720947,32.776405334472656,41.439823150634766,Kelmarsh 5,997.0386962890625
2018-02-05 19:00:00,52.402308,-0.940537,142.901,3.2505974769592285,32.17080307006836,41.439823150634766,Kelmarsh 5,890.1084594726562
2018-02-05 20:00:00,52.402308,-0.940537,142.901,3.815361738204956,35.83742904663086,41.439823150634766,Kelmarsh 5,981.3894653320312
2018-02-05 21:00:00,52.402308,-0.940537,142.901,4.376469135284424,33.35624313354492,41.439823150634766,Kelmarsh 5,1126.0203857421875
2018-02-05 22:00:00,52.402308,-0.940537,142.901,3.3250889778137207,51.110618591308594,41.439823150634766,Kelmarsh 5,1093.0843505859375
2018-02-05 23:00:00,52.402308,-0.940537,142.901,2.5019357204437256,48.88047409057617,41.439823150634766,Kelmarsh 5,1077.2421875
2018-02-06 00:00:00,52.402308,-0.940537,142.901,2.7394235134124756,62.69775390625,67.7812728881836,Kelmarsh 5,1275.9208984375
2018-02-06 01:00:00,52.402308,-0.940537,142.901,2.136977434158325,49.638450622558594,45.8300666809082,Kelmarsh 5,1104.6732177734375
2018-02-06 02:00:00,52.402308,-0.940537,142.901,2.623795986175537,32.04551315307617,21.683727264404297,Kelmarsh 5,1249.5440673828125
2018-02-06 03:00:00,52.402308,-0.940537,142.901,3.8046324253082275,354.6102905273437,6.317883491516113,Kelmarsh 5,1532.7548828125
2018-02-06 04:00:00,52.402308,-0.940537,142.901,3.0645642280578613,31.502243041992188,26.073970794677734,Kelmarsh 5,1420.09765625
2018-02-06 05:00:00,52.402308,-0.940537,142.901,3.4541540145874023,20.453773498535156,26.073970794677734,Kelmarsh 5,1543.8609619140625
2018-02-06 06:00:00,52.402308,-0.940537,142.901,2.4015626907348633,1.5989141464233398,14.000798225402832,Kelmarsh 5,1361.5205078125
2018-02-06 07:00:00,52.402308,-0.940537,142.901,6.1576738357543945,328.67742919921875,338.2463989257812,Kelmarsh 5,1242.44384765625
2018-02-06 08:00:00,52.402308,-0.940537,142.901,5.187130451202393,338.1248779296875,332.29339599609375,Kelmarsh 5,1105.9361572265625
2018-02-06 09:00:00,52.402308,-0.940537,142.901,3.4028284549713135,340.68890380859375,332.29339599609375,Kelmarsh 5,1520.7445068359375
2018-02-06 10:00:00,52.402308,-0.940537,142.901,2.127197265625,1.3054649829864502,348.756866455078,Kelmarsh 5,1444.376708984375
2018-02-06 11:00:00,52.402308,-0.940537,142.901,4.300492763519287,328.4794006347656,335.5860900878906,Kelmarsh 5,1565.7027587890625
2018-02-06 12:00:00,52.402308,-0.940537,142.901,4.130125999450684,333.5242004394531,335.5860900878906,Kelmarsh 5,1584.87255859375
2018-02-06 13:00:00,52.402308,-0.940537,142.901,3.764277696609497,350.0103454589844,356.4398193359375,Kelmarsh 5,1301.9306640625
2018-02-06 14:00:00,52.402308,-0.940537,142.901,3.2271902561187744,352.57647705078125,356.4398193359375,Kelmarsh 5,1190.4835205078125
2018-02-06 15:00:00,52.402308,-0.940537,142.901,3.629124164581299,325.8890380859375,342.1714782714843,Kelmarsh 5,1154.475341796875
2018-02-06 16:00:00,52.402308,-0.940537,142.901,3.7350046634674072,351.12957763671875,348.756866455078,Kelmarsh 5,1165.7852783203125
2018-02-06 17:00:00,52.402308,-0.940537,142.901,2.9645681381225586,314.9423828124999,319.12261962890625,Kelmarsh 5,1281.8682861328125
2018-02-06 18:00:00,52.402308,-0.940537,142.901,5.6130499839782715,318.40093994140625,319.12261962890625,Kelmarsh 5,1164.7987060546875
2018-02-06 19:00:00,52.402308,-0.940537,142.901,5.7585954666137695,317.5204772949219,319.12261962890625,Kelmarsh 5,1282.094482421875
2018-02-06 20:00:00,52.402308,-0.940537,142.901,6.196243762969971,321.9622802734375,319.12261962890625,Kelmarsh 5,1307.6705322265625
2018-02-06 21:00:00,52.402308,-0.940537,142.901,7.466030120849609,327.836181640625,325.7080078125,Kelmarsh 5,1305.2081298828125
2018-02-06 22:00:00,52.402308,-0.940537,142.901,8.205615997314453,332.85415649414057,333.611572265625,Kelmarsh 5,1227.9439697265625
2018-02-06 23:00:00,52.402308,-0.940537,142.901,7.1304755210876465,331.0682678222656,322.4153137207031,Kelmarsh 5,1302.302001953125
2018-02-07 00:00:00,52.402308,-0.940537,142.901,7.339637756347656,321.2062683105469,331.1958312988281,Kelmarsh 5,1408.140625
2018-02-07 01:00:00,52.402308,-0.940537,142.901,7.335721015930176,325.47274780273426,327.90313720703125,Kelmarsh 5,1643.765625
2018-02-07 02:00:00,52.402308,-0.940537,142.901,7.593294620513916,320.15472412109364,314.7323608398437,Kelmarsh 5,1455.2196044921875
2018-02-07 03:00:00,52.402308,-0.940537,142.901,7.113101005554199,325.092071533203,326.8055725097655,Kelmarsh 5,1442.99853515625
2018-02-07 04:00:00,52.402308,-0.940537,142.901,6.43065071105957,333.8843994140625,326.8055725097655,Kelmarsh 5,1503.4425048828125
2018-02-07 05:00:00,52.402308,-0.940537,142.901,8.095169067382812,320.3935241699219,323.51287841796875,Kelmarsh 5,1745.69775390625
2018-02-07 06:00:00,52.402308,-0.940537,142.901,7.162273406982422,324.1401062011719,323.51287841796875,Kelmarsh 5,1615.8148193359375
2018-02-07 07:00:00,52.402308,-0.940537,142.901,6.745396614074707,326.02029418945307,323.51287841796875,Kelmarsh 5,1425.4874267578125
2018-02-07 08:00:00,52.402308,-0.940537,142.901,5.120936393737793,343.5696105957031,342.6988525390625,Kelmarsh 5,1302.951904296875
2018-02-07 09:00:00,52.402308,-0.940537,142.901,6.260525703430176,324.2917175292969,331.42791748046864,Kelmarsh 5,1449.3443603515625
2018-02-07 10:00:00,52.402308,-0.940537,142.901,4.572656154632568,331.67138671875,324.6104431152344,Kelmarsh 5,1499.758544921875
2018-02-07 11:00:00,52.402308,-0.940537,142.901,4.313337802886963,327.74072265625,324.6104431152344,Kelmarsh 5,1669.5518798828125
2018-02-07 12:00:00,52.402308,-0.940537,142.901,4.784472942352295,324.2799987792969,324.6104431152344,Kelmarsh 5,1455.966064453125
2018-02-07 13:00:00,52.402308,-0.940537,142.901,3.960909366607666,323.69927978515625,324.6104431152344,Kelmarsh 5,1401.6156005859375
2018-02-07 14:00:00,52.402308,-0.940537,142.901,3.4994094371795654,319.98150634765625,324.6104431152344,Kelmarsh 5,1151.71533203125
2018-02-07 15:00:00,52.402308,-0.940537,142.901,2.2873151302337646,304.3028564453125,300.4640197753906,Kelmarsh 5,1349.427490234375
2018-02-07 16:00:00,52.402308,-0.940537,142.901,3.2561662197113037,283.99456787109375,281.805419921875,Kelmarsh 5,1339.083251953125
2018-02-07 17:00:00,52.402308,-0.940537,142.901,1.6620169878005981,311.39691162109364,281.805419921875,Kelmarsh 5,1212.113037109375
2018-02-07 18:00:00,52.402308,-0.940537,142.901,2.1485064029693604,312.76837158203125,297.1713256835937,Kelmarsh 5,1345.6612548828125
2018-02-07 19:00:00,52.402308,-0.940537,142.901,4.096564769744873,279.12774658203125,279.61029052734375,Kelmarsh 5,979.2304077148438
2018-02-07 20:00:00,52.402308,-0.940537,142.901,3.747311592102051,267.0359802246094,279.61029052734375,Kelmarsh 5,1111.939453125
2018-02-07 21:00:00,52.402308,-0.940537,142.901,4.340179443359375,234.45765686035153,248.70439147949216,Kelmarsh 5,1052.496826171875
2018-02-07 22:00:00,52.402308,-0.940537,142.901,5.047522068023682,233.7979888916015,229.12231445312491,Kelmarsh 5,1134.014892578125
2018-02-07 23:00:00,52.402308,-0.940537,142.901,5.282708644866943,224.38473510742188,229.12231445312491,Kelmarsh 5,1535.8878173828125
2018-02-08 00:00:00,52.402308,-0.940537,142.901,3.4830000400543213,242.68690490722645,229.12231445312491,Kelmarsh 5,1677.2005615234375
2018-02-08 01:00:00,52.402308,-0.940537,142.901,4.397110462188721,234.46598815917957,229.12231445312491,Kelmarsh 5,1437.3778076171875
2018-02-08 02:00:00,52.402308,-0.940537,142.901,5.062701225280762,235.16748046875,229.12231445312491,Kelmarsh 5,1167.249267578125
2018-02-08 03:00:00,52.402308,-0.940537,142.901,5.764869689941406,225.29101562499991,229.12231445312491,Kelmarsh 5,922.3430786132812
2018-02-08 04:00:00,52.402308,-0.940537,142.901,6.728597640991211,208.4967803955078,208.94969177246094,Kelmarsh 5,851.1000366210938
2018-02-08 05:00:00,52.402308,-0.940537,142.901,6.685235500335693,215.09347534179688,219.24423217773432,Kelmarsh 5,815.7781372070312
2018-02-08 06:00:00,52.402308,-0.940537,142.901,7.1657257080078125,207.11949157714838,217.0491027832031,Kelmarsh 5,732.2891845703125
2018-02-08 07:00:00,52.402308,-0.940537,142.901,7.718442916870117,198.7716827392578,197.9352569580078,Kelmarsh 5,832.9786987304688
2018-02-08 08:00:00,52.402308,-0.940537,142.901,7.663367748260498,196.77928161621088,202.78076171874994,Kelmarsh 5,1147.96142578125
2018-02-08 09:00:00,52.402308,-0.940537,142.901,7.822838306427002,195.46343994140625,202.78076171874994,Kelmarsh 5,1564.9114990234375
2018-02-08 10:00:00,52.402308,-0.940537,142.901,8.552938461303711,205.60400390625,211.74403381347653,Kelmarsh 5,1700.7928466796875
2018-02-08 11:00:00,52.402308,-0.940537,142.901,9.363358497619629,201.69058227539062,199.48806762695307,Kelmarsh 5,1566.9515380859375
2018-02-08 12:00:00,52.402308,-0.940537,142.901,8.724214553833008,199.51121520996088,199.48806762695307,Kelmarsh 5,1481.5926513671875
2018-02-08 13:00:00,52.402308,-0.940537,142.901,8.94182300567627,204.52853393554682,199.48806762695307,Kelmarsh 5,1679.77490234375
2018-02-08 14:00:00,52.402308,-0.940537,142.901,8.580986976623535,207.3316650390625,202.78076171874994,Kelmarsh 5,1755.032470703125
2018-02-08 15:00:00,52.402308,-0.940537,142.901,8.204798698425293,195.92375183105463,202.78076171874994,Kelmarsh 5,1628.058349609375
2018-02-08 16:00:00,52.402308,-0.940537,142.901,9.745059967041016,192.2408142089843,202.78076171874994,Kelmarsh 5,1808.2347412109375
2018-02-08 17:00:00,52.402308,-0.940537,142.901,9.560251235961914,192.91110229492185,195.09780883789057,Kelmarsh 5,1666.7374267578125
2018-02-08 18:00:00,52.402308,-0.940537,142.901,8.180890083312988,190.7731323242187,195.09780883789057,Kelmarsh 5,1820.5130615234375
2018-02-08 19:00:00,52.402308,-0.940537,142.901,11.249191284179688,195.9836883544922,195.09780883789057,Kelmarsh 5,1872.83740234375
2018-02-08 20:00:00,52.402308,-0.940537,142.901,11.619662284851074,194.6631317138672,202.78076171874994,Kelmarsh 5,1646.8670654296875
2018-02-08 21:00:00,52.402308,-0.940537,142.901,12.095173835754395,191.14138793945312,200.8621826171875,Kelmarsh 5,1818.6328125
2018-02-08 22:00:00,52.402308,-0.940537,142.901,11.461668968200684,195.5032501220703,195.09780883789057,Kelmarsh 5,1708.308837890625
2018-02-08 23:00:00,52.402308,-0.940537,142.901,10.813994407653809,198.24981689453125,195.09780883789057,Kelmarsh 5,1979.1591796875
2018-02-09 00:00:00,52.402308,-0.940537,142.901,9.790678024291992,194.06762695312497,195.09780883789057,Kelmarsh 5,1931.9169921875
2018-02-09 01:00:00,52.402308,-0.940537,142.901,7.695552825927734,189.48143005371085,192.90267944335938,Kelmarsh 5,1910.4769287109375
2018-02-09 02:00:00,52.402308,-0.940537,142.901,8.855725288391113,193.89410400390625,189.6099853515625,Kelmarsh 5,1647.0079345703125
2018-02-09 03:00:00,52.402308,-0.940537,142.901,9.012574195861816,202.41622924804685,202.78076171874994,Kelmarsh 5,1565.56884765625
2018-02-09 04:00:00,52.402308,-0.940537,142.901,8.970693588256836,208.6129302978515,207.04687499999994,Kelmarsh 5,1566.5350341796875
2018-02-09 05:00:00,52.402308,-0.940537,142.901,4.732524394989014,242.67720031738273,239.27676391601562,Kelmarsh 5,1508.291259765625
2018-02-09 06:00:00,52.402308,-0.940537,142.901,5.581715106964111,245.55902099609378,240.0979614257812,Kelmarsh 5,1923.808349609375
2018-02-09 07:00:00,52.402308,-0.940537,142.901,8.479690551757812,282.2561950683594,290.5859375,Kelmarsh 5,1836.70361328125
2018-02-09 08:00:00,52.402308,-0.940537,142.901,8.104636192321777,278.9010009765625,278.5127258300781,Kelmarsh 5,1887.25
2018-02-09 09:00:00,52.402308,-0.940537,142.901,9.55923080444336,282.54766845703125,273.02490234375,Kelmarsh 5,1912.6478271484375
2018-02-09 10:00:00,52.402308,-0.940537,142.901,9.067584037780762,276.46826171874994,280.7078552246094,Kelmarsh 5,1934.9581298828125
2018-02-09 11:00:00,52.402308,-0.940537,142.901,10.235313415527344,287.9888916015625,281.805419921875,Kelmarsh 5,1757.5352783203125
2018-02-09 12:00:00,52.402308,-0.940537,142.901,7.311126232147217,308.4346008300781,303.4505615234375,Kelmarsh 5,1795.5068359375
2018-02-09 13:00:00,52.402308,-0.940537,142.901,11.168375968933105,313.40588378906244,318.02505493164057,Kelmarsh 5,1622.600341796875
2018-02-09 14:00:00,52.402308,-0.940537,142.901,12.758180618286133,310.3592529296875,306.1557922363281,Kelmarsh 5,1623.095458984375
2018-02-09 15:00:00,52.402308,-0.940537,142.901,10.966713905334473,310.2107849121094,315.30401611328125,Kelmarsh 5,1663.8536376953125
2018-02-09 16:00:00,52.402308,-0.940537,142.901,10.637062072753906,312.34011840820307,302.6591491699219,Kelmarsh 5,1499.062255859375
2018-02-09 17:00:00,52.402308,-0.940537,142.901,8.667710304260254,299.76983642578125,307.0494079589844,Kelmarsh 5,1692.9403076171875
2018-02-09 18:00:00,52.402308,-0.940537,142.901,5.471155166625977,311.05496215820307,307.0494079589844,Kelmarsh 5,1561.882568359375
2018-02-09 19:00:00,52.402308,-0.940537,142.901,4.839863300323486,307.8946838378906,307.0494079589844,Kelmarsh 5,1351.374267578125
2018-02-09 20:00:00,52.402308,-0.940537,142.901,4.641281604766846,300.0186767578125,293.8786315917968,Kelmarsh 5,1615.864990234375
2018-02-09 21:00:00,52.402308,-0.940537,142.901,6.230231761932373,279.93188476562494,290.6186828613281,Kelmarsh 5,1397.6583251953125
2018-02-09 22:00:00,52.402308,-0.940537,142.901,8.085794448852539,281.37921142578125,278.0124206542969,Kelmarsh 5,1300.3145751953125
2018-02-09 23:00:00,52.402308,-0.940537,142.901,8.47876262664795,277.1154479980469,277.4151611328125,Kelmarsh 5,1233.827880859375
2018-02-10 00:00:00,52.402308,-0.940537,142.901,6.00091028213501,257.7281494140625,257.65899658203125,Kelmarsh 5,1130.549560546875
2018-02-10 01:00:00,52.402308,-0.940537,142.901,4.706603050231934,271.9836730957031,257.65899658203125,Kelmarsh 5,944.560302734375
2018-02-10 02:00:00,52.402308,-0.940537,142.901,5.463693141937256,264.1602478027344,282.68365478515614,Kelmarsh 5,950.9035034179688
2018-02-10 03:00:00,52.402308,-0.940537,142.901,4.069742202758789,217.74577331542966,233.5125732421874,Kelmarsh 5,885.7404174804688
2018-02-10 04:00:00,52.402308,-0.940537,142.901,6.065767765045166,219.4567413330078,211.56127929687494,Kelmarsh 5,944.1025390625
2018-02-10 05:00:00,52.402308,-0.940537,142.901,8.252300262451172,207.7234344482422,211.56127929687494,Kelmarsh 5,994.265380859375
2018-02-10 06:00:00,52.402308,-0.940537,142.901,9.35311222076416,201.0289764404297,207.17102050781241,Kelmarsh 5,1097.930908203125
2018-02-10 07:00:00,52.402308,-0.940537,142.901,7.650930881500244,193.32667541503903,198.3905029296875,Kelmarsh 5,1291.5743408203125
2018-02-10 08:00:00,52.402308,-0.940537,142.901,8.667394638061523,198.3005676269531,198.3905029296875,Kelmarsh 5,1341.85400390625
2018-02-10 09:00:00,52.402308,-0.940537,142.901,10.481378555297852,193.56127929687491,198.3905029296875,Kelmarsh 5,1502.767822265625
2018-02-10 10:00:00,52.402308,-0.940537,142.901,10.257617950439453,194.192642211914,198.3905029296875,Kelmarsh 5,1501.7149658203125
2018-02-10 11:00:00,52.402308,-0.940537,142.901,7.488899230957031,191.1578216552734,198.3905029296875,Kelmarsh 5,1772.4171142578125
2018-02-10 12:00:00,52.402308,-0.940537,142.901,8.475055694580078,188.01127624511716,198.3905029296875,Kelmarsh 5,1743.76416015625
2018-02-10 13:00:00,52.402308,-0.940537,142.901,11.01694393157959,199.37989807128898,197.29293823242182,Kelmarsh 5,1763.7269287109375
2018-02-10 14:00:00,52.402308,-0.940537,142.901,9.863080024719238,203.55529785156244,204.97589111328122,Kelmarsh 5,1793.753662109375
2018-02-10 15:00:00,52.402308,-0.940537,142.901,9.610391616821289,195.93713378906241,198.3905029296875,Kelmarsh 5,1811.9678955078125
2018-02-10 16:00:00,52.402308,-0.940537,142.901,9.776576042175293,208.16584777832023,206.07345581054685,Kelmarsh 5,1830.0440673828125
2018-02-10 17:00:00,52.402308,-0.940537,142.901,9.28829574584961,208.28143310546872,206.07345581054685,Kelmarsh 5,1754.7000732421875
2018-02-10 18:00:00,52.402308,-0.940537,142.901,8.358179092407227,206.40679931640622,206.07345581054685,Kelmarsh 5,1843.0120849609375
2018-02-10 19:00:00,52.402308,-0.940537,142.901,8.352545738220215,198.99119567871088,206.07345581054685,Kelmarsh 5,1935.3812255859375
2018-02-10 20:00:00,52.402308,-0.940537,142.901,10.00133228302002,206.0977935791015,206.07345581054685,Kelmarsh 5,1999.7930908203125
2018-02-10 21:00:00,52.402308,-0.940537,142.901,10.80411434173584,206.82810974121094,206.07345581054685,Kelmarsh 5,1881.2525634765625
2018-02-10 22:00:00,52.402308,-0.940537,142.901,10.283273696899414,199.3508758544922,201.6831970214843,Kelmarsh 5,1967.371826171875
2018-02-10 23:00:00,52.402308,-0.940537,142.901,11.655200958251953,213.264404296875,210.46371459960938,Kelmarsh 5,1875.779541015625
2018-02-11 00:00:00,52.402308,-0.940537,142.901,15.361625671386719,261.95062255859375,252.82867431640625,Kelmarsh 5,1962.0765380859375
2018-02-11 01:00:00,52.402308,-0.940537,142.901,12.614693641662598,269.17639160156244,266.43951416015625,Kelmarsh 5,1963.2257080078125
2018-02-11 02:00:00,52.402308,-0.940537,142.901,11.85871410369873,261.5015563964844,259.85412597656244,Kelmarsh 5,1909.836669921875
2018-02-11 03:00:00,52.402308,-0.940537,142.901,9.551471710205078,272.6355895996094,274.1224670410156,Kelmarsh 5,1840.7515869140625
2018-02-11 04:00:00,52.402308,-0.940537,142.901,11.512042999267578,273.6070861816406,277.4151611328125,Kelmarsh 5,1937.428955078125
2018-02-11 05:00:00,52.402308,-0.940537,142.901,9.06338882446289,275.82098388671875,277.4151611328125,Kelmarsh 5,1921.46240234375
2018-02-11 06:00:00,52.402308,-0.940537,142.901,9.765497207641602,257.899658203125,252.55433654785156,Kelmarsh 5,1867.1502685546875
2018-02-11 07:00:00,52.402308,-0.940537,142.901,10.946479797363281,257.4338684082031,252.17117309570312,Kelmarsh 5,1910.009033203125
2018-02-11 08:00:00,52.402308,-0.940537,142.901,9.585952758789062,257.1422119140625,255.4638671875,Kelmarsh 5,1897.643310546875
2018-02-11 09:00:00,52.402308,-0.940537,142.901,11.776167869567871,252.78436279296875,255.4638671875,Kelmarsh 5,1795.988037109375
2018-02-11 10:00:00,52.402308,-0.940537,142.901,12.148049354553223,253.9878692626953,255.4638671875,Kelmarsh 5,1608.9237060546875
2018-02-11 11:00:00,52.402308,-0.940537,142.901,8.476479530334473,268.04168701171875,266.43951416015625,Kelmarsh 5,1486.3870849609375
2018-02-11 12:00:00,52.402308,-0.940537,142.901,10.42203426361084,272.1567077636719,271.9273376464843,Kelmarsh 5,1524.89599609375
2018-02-11 13:00:00,52.402308,-0.940537,142.901,11.98154354095459,274.7548522949219,277.4024963378906,Kelmarsh 5,1643.0709228515625
2018-02-11 14:00:00,52.402308,-0.940537,142.901,10.070162773132324,319.66851806640625,312.9394226074219,Kelmarsh 5,1541.381103515625
2018-02-11 15:00:00,52.402308,-0.940537,142.901,7.252561092376709,308.0869445800781,303.75671386718744,Kelmarsh 5,1609.048583984375
2018-02-11 16:00:00,52.402308,-0.940537,142.901,8.38741683959961,285.328125,280.7846984863281,Kelmarsh 5,1472.9127197265625
2018-02-11 17:00:00,52.402308,-0.940537,142.901,10.381363868713379,280.3621520996094,285.0981140136719,Kelmarsh 5,1719.8358154296875
2018-02-11 18:00:00,52.402308,-0.940537,142.901,10.173036575317383,283.3667297363281,289.59619140625,Kelmarsh 5,1609.0341796875
2018-02-11 19:00:00,52.402308,-0.940537,142.901,10.264939308166504,278.6795654296875,279.61029052734375,Kelmarsh 5,1640.02880859375
2018-02-11 20:00:00,52.402308,-0.940537,142.901,9.317851066589355,274.8749084472656,271.9273376464843,Kelmarsh 5,1812.25927734375
2018-02-11 21:00:00,52.402308,-0.940537,142.901,10.32604694366455,278.084228515625,275.5399475097656,Kelmarsh 5,1717.952392578125
2018-02-11 22:00:00,52.402308,-0.940537,142.901,8.917617797851562,272.6923522949219,273.02490234375,Kelmarsh 5,1434.3880615234375
2018-02-11 23:00:00,52.402308,-0.940537,142.901,10.38509464263916,278.91021728515625,282.9029846191406,Kelmarsh 5,1313.1087646484375
2018-02-12 00:00:00,52.402308,-0.940537,142.901,8.510133743286133,275.46917724609375,276.3175964355469,Kelmarsh 5,1257.5059814453125
2018-02-12 01:00:00,52.402308,-0.940537,142.901,6.154199600219727,254.35035705566403,259.85412597656244,Kelmarsh 5,1324.0008544921875
2018-02-12 02:00:00,52.402308,-0.940537,142.901,6.379641056060791,267.2294921875,259.85412597656244,Kelmarsh 5,1430.857421875
2018-02-12 03:00:00,52.402308,-0.940537,142.901,7.199305534362793,272.48126220703125,267.1573791503906,Kelmarsh 5,1461.9608154296875
2018-02-12 04:00:00,52.402308,-0.940537,142.901,7.336352348327637,262.21630859375,264.244384765625,Kelmarsh 5,1549.23095703125
2018-02-12 05:00:00,52.402308,-0.940537,142.901,6.470096111297607,263.8276062011719,264.244384765625,Kelmarsh 5,1622.4830322265625
2018-02-12 06:00:00,52.402308,-0.940537,142.901,8.765386581420898,264.0152282714844,264.244384765625,Kelmarsh 5,1535.6119384765625
2018-02-12 07:00:00,52.402308,-0.940537,142.901,7.3904619216918945,255.73974609375,264.244384765625,Kelmarsh 5,1616.4593505859375
2018-02-12 08:00:00,52.402308,-0.940537,142.901,6.086576461791992,253.98806762695312,254.36630249023438,Kelmarsh 5,1497.7236328125
2018-02-12 09:00:00,52.402308,-0.940537,142.901,4.955488681793213,227.43934631347648,226.92718505859366,Kelmarsh 5,1589.635498046875
2018-02-12 10:00:00,52.402308,-0.940537,142.901,5.427886009216309,223.1392974853515,226.92718505859366,Kelmarsh 5,1587.0089111328125
2018-02-12 11:00:00,52.402308,-0.940537,142.901,3.888702154159546,238.7265167236328,226.92718505859366,Kelmarsh 5,1621.408935546875
2018-02-12 12:00:00,52.402308,-0.940537,142.901,7.320852756500244,254.68399047851565,255.4638671875,Kelmarsh 5,1489.2398681640625
2018-02-12 13:00:00,52.402308,-0.940537,142.901,6.8711018562316895,257.5898742675781,254.60133361816403,Kelmarsh 5,1511.1376953125
2018-02-12 14:00:00,52.402308,-0.940537,142.901,6.501856803894043,237.3110046386718,247.55905151367182,Kelmarsh 5,1570.2655029296875
2018-02-12 15:00:00,52.402308,-0.940537,142.901,7.478346824645996,256.3424072265624,247.14030456542966,Kelmarsh 5,1479.6287841796875
2018-02-12 16:00:00,52.402308,-0.940537,142.901,5.769083499908447,208.22834777832026,227.98085021972653,Kelmarsh 5,1737.6317138671875
2018-02-12 17:00:00,52.402308,-0.940537,142.901,6.92628812789917,204.63127136230466,200.4610748291015,Kelmarsh 5,1714.091796875
2018-02-12 18:00:00,52.402308,-0.940537,142.901,7.036226749420166,196.86520385742185,198.3905029296875,Kelmarsh 5,1547.85498046875
2018-02-12 19:00:00,52.402308,-0.940537,142.901,4.672187805175781,189.97425842285153,198.3905029296875,Kelmarsh 5,1315.5645751953125
2018-02-12 20:00:00,52.402308,-0.940537,142.901,7.609536647796631,192.6708374023437,198.3905029296875,Kelmarsh 5,1210.669189453125
2018-02-12 21:00:00,52.402308,-0.940537,142.901,7.311014652252197,191.1222686767578,198.3905029296875,Kelmarsh 5,1398.0030517578125
2018-02-12 22:00:00,52.402308,-0.940537,142.901,7.539583206176758,192.08065795898435,198.3905029296875,Kelmarsh 5,1506.258056640625
2018-02-12 23:00:00,52.402308,-0.940537,142.901,5.321095943450928,179.6891632080078,189.49830627441406,Kelmarsh 5,1358.903564453125
2018-02-13 00:00:00,52.402308,-0.940537,142.901,6.020141124725342,176.88748168945312,164.36599731445312,Kelmarsh 5,1388.2623291015625
2018-02-13 01:00:00,52.402308,-0.940537,142.901,5.49849796295166,184.6962432861328,188.51242065429676,Kelmarsh 5,1344.051025390625
2018-02-13 02:00:00,52.402308,-0.940537,142.901,7.87769079208374,169.00286865234375,174.29774475097656,Kelmarsh 5,1623.648681640625
2018-02-13 03:00:00,52.402308,-0.940537,142.901,9.691376686096191,162.65492248535156,169.85382080078125,Kelmarsh 5,1670.6807861328125
2018-02-13 04:00:00,52.402308,-0.940537,142.901,10.224918365478516,165.36878967285156,164.36599731445312,Kelmarsh 5,1493.651123046875
2018-02-13 05:00:00,52.402308,-0.940537,142.901,10.13141918182373,166.7696990966797,164.36599731445312,Kelmarsh 5,1422.7647705078125
2018-02-13 06:00:00,52.402308,-0.940537,142.901,10.642167091369629,161.63462829589844,164.36599731445312,Kelmarsh 5,1315.4002685546875
2018-02-13 07:00:00,52.402308,-0.940537,142.901,9.372788429260254,162.919921875,157.50831604003906,Kelmarsh 5,1437.6739501953125
2018-02-13 08:00:00,52.402308,-0.940537,142.901,10.437868118286133,167.7620086669922,166.56112670898438,Kelmarsh 5,1304.8182373046875
2018-02-13 09:00:00,52.402308,-0.940537,142.901,11.611927032470703,159.1565704345703,156.6239776611328,Kelmarsh 5,1346.2374267578125
2018-02-13 10:00:00,52.402308,-0.940537,142.901,10.717170715332031,163.6363525390625,163.2684326171875,Kelmarsh 5,1338.1341552734375
2018-02-13 11:00:00,52.402308,-0.940537,142.901,10.252632141113281,167.24380493164062,166.56112670898438,Kelmarsh 5,1446.45263671875
2018-02-13 12:00:00,52.402308,-0.940537,142.901,10.536211967468262,158.07369995117188,158.878173828125,Kelmarsh 5,1325.029541015625
2018-02-13 13:00:00,52.402308,-0.940537,142.901,8.970205307006836,160.90350341796875,163.2684326171875,Kelmarsh 5,1281.0909423828125
2018-02-13 14:00:00,52.402308,-0.940537,142.901,7.45155143737793,158.71372985839844,162.17086791992188,Kelmarsh 5,1336.32861328125
2018-02-13 15:00:00,52.402308,-0.940537,142.901,6.061795234680176,163.75146484375,162.17086791992188,Kelmarsh 5,1163.2476806640625
2018-02-13 16:00:00,52.402308,-0.940537,142.901,2.9956231117248535,188.31732177734375,164.74209594726562,Kelmarsh 5,889.2755737304688
2018-02-13 17:00:00,52.402308,-0.940537,142.901,2.7197368144989014,311.97589111328114,298.2688903808594,Kelmarsh 5,780.4779663085938
2018-02-13 18:00:00,52.402308,-0.940537,142.901,7.2254414558410645,333.4064636230468,336.68365478515625,Kelmarsh 5,705.166015625
2018-02-13 19:00:00,52.402308,-0.940537,142.901,6.637808322906494,322.0976257324219,334.2812194824219,Kelmarsh 5,777.9613037109375
2018-02-13 20:00:00,52.402308,-0.940537,142.901,6.721172332763672,321.8924255371094,322.4153137207031,Kelmarsh 5,919.5775756835938
2018-02-13 21:00:00,52.402308,-0.940537,142.901,6.226983070373535,326.6549987792969,322.4153137207031,Kelmarsh 5,896.2915649414062
2018-02-13 22:00:00,52.402308,-0.940537,142.901,5.600628852844238,329.6863098144531,322.4153137207031,Kelmarsh 5,1102.898193359375
2018-02-13 23:00:00,52.402308,-0.940537,142.901,4.029220104217529,298.9483337402344,322.4153137207031,Kelmarsh 5,984.6671142578125
2018-02-14 00:00:00,52.402308,-0.940537,142.901,3.2512288093566895,306.46624755859375,281.805419921875,Kelmarsh 5,887.036865234375
2018-02-14 01:00:00,52.402308,-0.940537,142.901,2.7145681381225586,306.48760986328125,305.9518432617187,Kelmarsh 5,824.8823852539062
2018-02-14 02:00:00,52.402308,-0.940537,142.901,3.4021389484405518,295.5326232910156,284.00054931640625,Kelmarsh 5,911.3515625
2018-02-14 03:00:00,52.402308,-0.940537,142.901,0.8967750072479248,271.3993225097656,284.00054931640625,Kelmarsh 5,844.8519897460938
2018-02-14 04:00:00,52.402308,-0.940537,142.901,2.790513277053833,184.14266967773432,169.85382080078125,Kelmarsh 5,813.0651245117188
2018-02-14 05:00:00,52.402308,-0.940537,142.901,5.206881046295166,165.67160034179688,156.68304443359375,Kelmarsh 5,654.4306640625
2018-02-14 06:00:00,52.402308,-0.940537,142.901,7.573692321777344,162.8366241455078,169.85382080078125,Kelmarsh 5,599.045654296875
2018-02-14 07:00:00,52.402308,-0.940537,142.901,7.433322906494141,164.6729278564453,158.878173828125,Kelmarsh 5,469.8237609863281
2018-02-14 08:00:00,52.402308,-0.940537,142.901,8.531944274902344,159.7755889892578,167.65869140625,Kelmarsh 5,564.6145629882812
2018-02-14 09:00:00,52.402308,-0.940537,142.901,8.499813079833984,158.80154418945312,162.17086791992188,Kelmarsh 5,763.92724609375
2018-02-14 10:00:00,52.402308,-0.940537,142.901,11.79189395904541,173.0201873779297,107.29277801513672,Kelmarsh 5,543.6717529296875
2018-02-14 11:00:00,52.402308,-0.940537,142.901,12.821737289428711,172.5452117919922,107.29277801513672,Kelmarsh 5,616.5316162109375
2018-02-14 12:00:00,52.402308,-0.940537,142.901,13.986225128173828,175.17111206054688,107.29277801513672,Kelmarsh 5,704.0285034179688
2018-02-14 13:00:00,52.402308,-0.940537,142.901,8.76993465423584,179.7584228515625,175.34164428710938,Kelmarsh 5,644.6846313476562
2018-02-14 14:00:00,52.402308,-0.940537,142.901,12.533035278320312,173.44088745117188,175.34164428710938,Kelmarsh 5,490.4720458984375
2018-02-14 15:00:00,52.402308,-0.940537,142.901,12.23150634765625,166.9441375732422,175.34164428710938,Kelmarsh 5,401.81640625
2018-02-14 16:00:00,52.402308,-0.940537,142.901,12.197853088378906,170.9330291748047,170.95138549804688,Kelmarsh 5,287.74267578125
2018-02-14 17:00:00,52.402308,-0.940537,142.901,11.301544189453125,176.0745391845703,172.81309509277344,Kelmarsh 5,282.72955322265625
2018-02-14 18:00:00,52.402308,-0.940537,142.901,11.678084373474121,172.35154724121094,168.75625610351562,Kelmarsh 5,287.298828125
2018-02-14 19:00:00,52.402308,-0.940537,142.901,10.250126838684082,170.7520751953125,168.75625610351562,Kelmarsh 5,289.5390930175781
2018-02-14 20:00:00,52.402308,-0.940537,142.901,8.860092163085938,171.57769775390625,175.20399475097656,Kelmarsh 5,274.4821472167969
2018-02-14 21:00:00,52.402308,-0.940537,142.901,5.786699295043945,190.2983703613281,179.73190307617188,Kelmarsh 5,301.9767761230469
2018-02-14 22:00:00,52.402308,-0.940537,142.901,7.669326305389404,190.82781982421872,190.7075500488281,Kelmarsh 5,209.4951629638672
2018-02-14 23:00:00,52.402308,-0.940537,142.901,7.499880790710449,198.62144470214844,190.7075500488281,Kelmarsh 5,229.726806640625
2018-02-15 00:00:00,52.402308,-0.940537,142.901,6.275786399841309,210.70845031738278,197.29293823242182,Kelmarsh 5,212.68093872070312
2018-02-15 01:00:00,52.402308,-0.940537,142.901,7.569211959838867,218.70471191406244,214.85397338867188,Kelmarsh 5,214.3488006591797
2018-02-15 02:00:00,52.402308,-0.940537,142.901,8.015385627746582,228.35397338867185,224.7320556640625,Kelmarsh 5,205.79251098632812
2018-02-15 03:00:00,52.402308,-0.940537,142.901,7.492230415344238,214.79885864257812,212.65884399414062,Kelmarsh 5,213.00418090820312
2018-02-15 04:00:00,52.402308,-0.940537,142.901,7.48897123336792,214.64877319335935,212.65884399414062,Kelmarsh 5,195.2247772216797
2018-02-15 05:00:00,52.402308,-0.940537,142.901,8.945364952087402,213.46640014648438,212.65884399414062,Kelmarsh 5,152.3675537109375
2018-02-15 06:00:00,52.402308,-0.940537,142.901,9.525567054748535,229.71516418457028,235.70770263671878,Kelmarsh 5,155.44284057617188
2018-02-15 07:00:00,52.402308,-0.940537,142.901,7.705885887145996,249.41297912597653,235.70770263671878,Kelmarsh 5,211.94142150878906
2018-02-15 08:00:00,52.402308,-0.940537,142.901,5.924533367156982,252.47003173828125,257.65899658203125,Kelmarsh 5,254.59368896484375
2018-02-15 09:00:00,52.402308,-0.940537,142.901,4.97760534286499,250.16676330566398,257.65899658203125,Kelmarsh 5,252.54019165039062
2018-02-15 10:00:00,52.402308,-0.940537,142.901,6.449759483337402,244.62950134277344,257.65899658203125,Kelmarsh 5,164.04989624023438
2018-02-15 11:00:00,52.402308,-0.940537,142.901,11.556954383850098,255.2587890625,257.65899658203125,Kelmarsh 5,164.34429931640625
2018-02-15 12:00:00,52.402308,-0.940537,142.901,12.224564552307129,259.1219787597656,243.39065551757804,Kelmarsh 5,255.51785278320312
2018-02-15 13:00:00,52.402308,-0.940537,142.901,10.750226974487305,268.775146484375,53.51298904418945,Kelmarsh 5,233.3932342529297
2018-02-15 14:00:00,52.402308,-0.940537,142.901,10.737488746643066,254.91409301757812,53.51298904418945,Kelmarsh 5,212.23435974121094
2018-02-15 15:00:00,52.402308,-0.940537,142.901,7.501720905303955,256.28369140625,53.51298904418945,Kelmarsh 5,276.617431640625
2018-02-15 16:00:00,52.402308,-0.940537,142.901,13.344836235046387,260.9910888671875,53.51298904418945,Kelmarsh 5,260.0826721191406
2018-02-15 17:00:00,52.402308,-0.940537,142.901,7.436980724334717,248.2764434814453,246.683349609375,Kelmarsh 5,222.27806091308594
2018-02-15 18:00:00,52.402308,-0.940537,142.901,8.308510780334473,244.48835754394528,242.2930908203124,Kelmarsh 5,247.95553588867188
2018-02-15 19:00:00,52.402308,-0.940537,142.901,5.4957275390625,244.08372497558594,255.4638671875,Kelmarsh 5,167.8780975341797
2018-02-15 20:00:00,52.402308,-0.940537,142.901,6.381422996520996,238.51046752929688,235.70770263671878,Kelmarsh 5,264.6253967285156
2018-02-15 21:00:00,52.402308,-0.940537,142.901,6.124926567077637,236.0591583251953,235.70770263671878,Kelmarsh 5,257.9501953125
2018-02-15 22:00:00,52.402308,-0.940537,142.901,6.325679779052734,231.875,235.70770263671878,Kelmarsh 5,276.9871826171875
2018-02-15 23:00:00,52.402308,-0.940537,142.901,5.568404197692871,244.3307647705078,232.41500854492188,Kelmarsh 5,336.4473571777344
2018-02-16 00:00:00,52.402308,-0.940537,142.901,5.6502275466918945,242.45857238769523,238.68884277343756,Kelmarsh 5,230.74099731445312
2018-02-16 01:00:00,52.402308,-0.940537,142.901,4.993802070617676,244.18948364257812,240.0979614257812,Kelmarsh 5,231.09317016601562
2018-02-16 02:00:00,52.402308,-0.940537,142.901,7.212150573730469,254.935791015625,253.18414306640625,Kelmarsh 5,272.5566711425781
2018-02-16 03:00:00,52.402308,-0.940537,142.901,6.589471817016602,251.64840698242188,257.65899658203125,Kelmarsh 5,351.0613708496094
2018-02-16 04:00:00,52.402308,-0.940537,142.901,7.127264499664307,249.22628784179688,257.65899658203125,Kelmarsh 5,391.940673828125
2018-02-16 05:00:00,52.402308,-0.940537,142.901,4.328800678253174,247.37483215332023,257.65899658203125,Kelmarsh 5,420.5311279296875
2018-02-16 06:00:00,52.402308,-0.940537,142.901,4.156245231628418,240.86610412597656,257.65899658203125,Kelmarsh 5,400.6730651855469
2018-02-16 07:00:00,52.402308,-0.940537,142.901,3.7354238033294678,238.4951629638672,239.00039672851557,Kelmarsh 5,218.35191345214844
2018-02-16 08:00:00,52.402308,-0.940537,142.901,3.6126034259796143,246.8358154296875,239.00039672851557,Kelmarsh 5,205.71612548828125
2018-02-16 09:00:00,52.402308,-0.940537,142.901,5.238358974456787,233.30581665039057,239.00039672851557,Kelmarsh 5,291.6950988769531
2018-02-16 10:00:00,52.402308,-0.940537,142.901,5.703393936157227,238.4760284423827,224.7320556640625,Kelmarsh 5,374.22900390625
2018-02-16 11:00:00,52.402308,-0.940537,142.901,4.860037326812744,217.57014465332026,224.7320556640625,Kelmarsh 5,362.1412658691406
2018-02-16 12:00:00,52.402308,-0.940537,142.901,6.422538757324219,222.76969909667963,224.7320556640625,Kelmarsh 5,344.7214050292969
2018-02-16 13:00:00,52.402308,-0.940537,142.901,5.657837390899658,225.02911376953122,224.7320556640625,Kelmarsh 5,451.7402038574219
2018-02-16 14:00:00,52.402308,-0.940537,142.901,6.18513298034668,226.2935028076172,224.7320556640625,Kelmarsh 5,289.4915771484375
2018-02-16 15:00:00,52.402308,-0.940537,142.901,5.1430206298828125,223.5548095703125,224.7320556640625,Kelmarsh 5,396.4122009277344
2018-02-16 16:00:00,52.402308,-0.940537,142.901,4.575135707855225,208.68603515624994,224.7320556640625,Kelmarsh 5,427.460693359375
2018-02-16 17:00:00,52.402308,-0.940537,142.901,4.624016284942627,193.3212585449218,211.56127929687494,Kelmarsh 5,402.1304931640625
2018-02-16 18:00:00,52.402308,-0.940537,142.901,2.6735479831695557,187.2077484130859,190.7075500488281,Kelmarsh 5,337.2124328613281
2018-02-16 19:00:00,52.402308,-0.940537,142.901,6.266273021697998,165.9156036376953,164.36599731445312,Kelmarsh 5,329.6025085449219
2018-02-16 20:00:00,52.402308,-0.940537,142.901,5.281711101531982,170.23776245117188,164.36599731445312,Kelmarsh 5,278.12982177734375
2018-02-16 21:00:00,52.402308,-0.940537,142.901,3.851755142211914,174.38619995117188,164.36599731445312,Kelmarsh 5,400.8837890625
2018-02-16 22:00:00,52.402308,-0.940537,142.901,3.927119493484497,191.98423767089844,194.00024414062497,Kelmarsh 5,407.0210266113281
2018-02-16 23:00:00,52.402308,-0.940537,142.901,6.430057048797607,200.6557922363281,194.00024414062497,Kelmarsh 5,249.00332641601562
2018-02-17 00:00:00,52.402308,-0.940537,142.901,5.3265533447265625,199.38548278808588,192.90267944335938,Kelmarsh 5,198.2963104248047
2018-02-17 01:00:00,52.402308,-0.940537,142.901,3.3733885288238525,199.0910034179687,192.90267944335938,Kelmarsh 5,196.67172241210938
2018-02-17 02:00:00,52.402308,-0.940537,142.901,4.114724159240723,193.72875976562491,192.90267944335938,Kelmarsh 5,228.04454040527344
2018-02-17 03:00:00,52.402308,-0.940537,142.901,3.814786195755005,169.77442932128906,167.65869140625,Kelmarsh 5,174.2099609375
2018-02-17 04:00:00,52.402308,-0.940537,142.901,3.1004269123077393,192.49819946289057,190.7075500488281,Kelmarsh 5,234.92501831054688
2018-02-17 05:00:00,52.402308,-0.940537,142.901,4.074316501617432,163.53518676757812,167.65869140625,Kelmarsh 5,559.9573974609375
2018-02-17 06:00:00,52.402308,-0.940537,142.901,4.591608047485352,181.7784576416015,167.65869140625,Kelmarsh 5,474.59625244140625
2018-02-17 07:00:00,52.402308,-0.940537,142.901,3.1664538383483887,186.39318847656247,186.31729125976557,Kelmarsh 5,400.1075134277344
2018-02-17 08:00:00,52.402308,-0.940537,142.901,5.690972328186035,198.4611663818359,186.31729125976557,Kelmarsh 5,489.7784729003906
2018-02-17 09:00:00,52.402308,-0.940537,142.901,7.105694770812988,184.0012969970703,186.97305297851557,Kelmarsh 5,311.99334716796875
2018-02-17 10:00:00,52.402308,-0.940537,142.901,6.109129905700684,195.02793884277344,186.31729125976557,Kelmarsh 5,223.12054443359375
2018-02-17 11:00:00,52.402308,-0.940537,142.901,4.670907497406006,191.6909027099609,186.31729125976557,Kelmarsh 5,370.8768005371094
2018-02-17 12:00:00,52.402308,-0.940537,142.901,5.936830043792725,199.9750213623047,199.65882873535148,Kelmarsh 5,305.51519775390625
2018-02-17 13:00:00,52.402308,-0.940537,142.901,5.3884782791137695,210.77806091308594,204.97589111328122,Kelmarsh 5,382.50994873046875
2018-02-17 14:00:00,52.402308,-0.940537,142.901,5.579556941986084,228.46383666992188,231.3174438476562,Kelmarsh 5,503.5857238769531
2018-02-17 15:00:00,52.402308,-0.940537,142.901,5.323115825653076,195.04475402832026,203.87832641601562,Kelmarsh 5,334.89642333984375
2018-02-17 16:00:00,52.402308,-0.940537,142.901,4.26537561416626,199.28575134277338,203.87832641601562,Kelmarsh 5,577.7362670898438
2018-02-17 17:00:00,52.402308,-0.940537,142.901,2.426206111907959,193.73968505859372,203.87832641601562,Kelmarsh 5,481.9520568847656
2018-02-17 18:00:00,52.402308,-0.940537,142.901,4.919804096221924,211.69473266601562,220.46304321289057,Kelmarsh 5,302.1939697265625
2018-02-17 19:00:00,52.402308,-0.940537,142.901,6.1416144371032715,213.17634582519528,211.56127929687494,Kelmarsh 5,353.7092590332031
2018-02-17 20:00:00,52.402308,-0.940537,142.901,4.962655067443848,197.9296112060547,211.56127929687494,Kelmarsh 5,234.49070739746094
2018-02-17 21:00:00,52.402308,-0.940537,142.901,4.504002094268799,201.5896453857421,211.56127929687494,Kelmarsh 5,166.9859161376953
2018-02-17 22:00:00,52.402308,-0.940537,142.901,5.651568412780762,193.75503540039062,200.5856323242187,Kelmarsh 5,122.19689178466797
2018-02-17 23:00:00,52.402308,-0.940537,142.901,6.580482006072998,194.75993347167966,200.5856323242187,Kelmarsh 5,177.23565673828125
2018-02-18 00:00:00,52.402308,-0.940537,142.901,5.094856262207031,197.21780395507812,200.5856323242187,Kelmarsh 5,209.52613830566406
2018-02-18 01:00:00,52.402308,-0.940537,142.901,7.140462398529053,204.3673400878906,200.5856323242187,Kelmarsh 5,251.36264038085938
2018-02-18 02:00:00,52.402308,-0.940537,142.901,5.526304244995117,190.81039428710935,200.5856323242187,Kelmarsh 5,198.48353576660156
2018-02-18 03:00:00,52.402308,-0.940537,142.901,5.968462944030762,202.34535217285153,200.5856323242187,Kelmarsh 5,162.07046508789062
2018-02-18 04:00:00,52.402308,-0.940537,142.901,2.681405782699585,191.65766906738273,200.5856323242187,Kelmarsh 5,289.2904357910156
2018-02-18 05:00:00,52.402308,-0.940537,142.901,3.610245943069458,190.96977233886716,200.5856323242187,Kelmarsh 5,146.20095825195312
2018-02-18 06:00:00,52.402308,-0.940537,142.901,5.810644626617432,193.36848449707028,200.5856323242187,Kelmarsh 5,92.96617126464844
2018-02-18 07:00:00,52.402308,-0.940537,142.901,4.15854549407959,191.8184051513672,200.5856323242187,Kelmarsh 5,117.19172668457031
2018-02-18 08:00:00,52.402308,-0.940537,142.901,5.37945556640625,175.64283752441406,176.439208984375,Kelmarsh 5,201.76426696777344
2018-02-18 09:00:00,52.402308,-0.940537,142.901,4.181711196899414,179.91195678710938,176.439208984375,Kelmarsh 5,70.2451171875
2018-02-18 10:00:00,52.402308,-0.940537,142.901,4.427849769592285,180.27371215820312,176.439208984375,Kelmarsh 5,41.91777801513672
2018-02-18 11:00:00,52.402308,-0.940537,142.901,3.6540164947509766,180.50367736816403,187.41485595703125,Kelmarsh 5,111.16120910644531
2018-02-18 12:00:00,52.402308,-0.940537,142.901,4.145421504974365,190.0876159667968,187.41485595703125,Kelmarsh 5,109.42190551757812
2018-02-18 13:00:00,52.402308,-0.940537,142.901,4.0668625831604,176.20492553710938,187.41485595703125,Kelmarsh 5,116.4117431640625
2018-02-18 14:00:00,52.402308,-0.940537,142.901,3.293483018875122,183.927734375,187.41485595703125,Kelmarsh 5,81.80781555175781
2018-02-18 15:00:00,52.402308,-0.940537,142.901,3.33535099029541,176.29881286621094,187.41485595703125,Kelmarsh 5,93.44789123535156
2018-02-18 16:00:00,52.402308,-0.940537,142.901,4.288264274597168,169.28550720214844,187.41485595703125,Kelmarsh 5,193.05062866210938
2018-02-18 17:00:00,52.402308,-0.940537,142.901,5.176137447357178,169.1634063720703,187.41485595703125,Kelmarsh 5,210.5654754638672
2018-02-18 18:00:00,52.402308,-0.940537,142.901,2.9299232959747314,188.4185791015625,187.41485595703125,Kelmarsh 5,99.12310028076172
2018-02-18 19:00:00,52.402308,-0.940537,142.901,5.489232540130615,194.06056213378898,187.41485595703125,Kelmarsh 5,172.56349182128906
2018-02-18 20:00:00,52.402308,-0.940537,142.901,4.891138076782227,199.3510437011718,187.41485595703125,Kelmarsh 5,109.58460998535156
2018-02-18 21:00:00,52.402308,-0.940537,142.901,5.034000396728516,202.5004730224609,187.41485595703125,Kelmarsh 5,84.3666763305664
2018-02-18 22:00:00,52.402308,-0.940537,142.901,6.036884784698486,198.88330078124994,209.3661499023437,Kelmarsh 5,71.24644470214844
2018-02-18 23:00:00,52.402308,-0.940537,142.901,5.583410739898682,200.5176391601562,209.3661499023437,Kelmarsh 5,139.46038818359375
2018-02-19 00:00:00,52.402308,-0.940537,142.901,5.567287445068359,198.9440460205078,209.3661499023437,Kelmarsh 5,130.1394805908203
2018-02-19 01:00:00,52.402308,-0.940537,142.901,5.696630477905273,202.52691650390616,209.3661499023437,Kelmarsh 5,190.58889770507812
2018-02-19 02:00:00,52.402308,-0.940537,142.901,5.422729015350342,215.09133911132812,209.3661499023437,Kelmarsh 5,100.110107421875
2018-02-19 03:00:00,52.402308,-0.940537,142.901,4.789105415344238,214.76419067382812,209.3661499023437,Kelmarsh 5,31.07590103149414
2018-02-19 04:00:00,52.402308,-0.940537,142.901,4.024504661560059,221.4087524414062,209.3661499023437,Kelmarsh 5,105.8743896484375
2018-02-19 05:00:00,52.402308,-0.940537,142.901,3.466611862182617,249.12402343749997,226.92718505859366,Kelmarsh 5,274.4673156738281
2018-02-19 06:00:00,52.402308,-0.940537,142.901,4.922083854675293,250.22531127929688,254.36630249023438,Kelmarsh 5,179.00210571289062
2018-02-19 07:00:00,52.402308,-0.940537,142.901,4.5602126121521,252.70652770996094,254.36630249023438,Kelmarsh 5,243.84353637695312
2018-02-19 08:00:00,52.402308,-0.940537,142.901,4.885021209716797,274.2199401855468,254.36630249023438,Kelmarsh 5,289.9797668457031
2018-02-19 09:00:00,52.402308,-0.940537,142.901,7.096756458282471,278.8774108886719,269.7322082519531,Kelmarsh 5,149.7490234375
2018-02-19 10:00:00,52.402308,-0.940537,142.901,7.568933010101318,283.7762145996094,278.5127258300781,Kelmarsh 5,265.3828125
2018-02-19 11:00:00,52.402308,-0.940537,142.901,4.3528313636779785,293.2824401855469,278.5127258300781,Kelmarsh 5,249.7230987548828
2018-02-19 12:00:00,52.402308,-0.940537,142.901,4.631519794464111,301.61175537109375,278.5127258300781,Kelmarsh 5,287.0079650878906
2018-02-19 13:00:00,52.402308,-0.940537,142.901,4.366919994354248,303.52789306640625,301.56158447265625,Kelmarsh 5,298.6747741699219
2018-02-19 14:00:00,52.402308,-0.940537,142.901,6.711353302001953,318.7986145019531,316.927490234375,Kelmarsh 5,121.57201385498047
2018-02-19 15:00:00,52.402308,-0.940537,142.901,5.525994777679443,309.64913940429676,316.927490234375,Kelmarsh 5,103.49324035644531
2018-02-19 16:00:00,52.402308,-0.940537,142.901,5.196625232696533,309.0513610839844,316.927490234375,Kelmarsh 5,106.5621566772461
2018-02-19 17:00:00,52.402308,-0.940537,142.901,7.439774990081787,319.6257019042969,316.927490234375,Kelmarsh 5,277.83758544921875
2018-02-19 18:00:00,52.402308,-0.940537,142.901,5.139110565185547,314.9811706542969,316.927490234375,Kelmarsh 5,261.7030944824219
2018-02-19 19:00:00,52.402308,-0.940537,142.901,3.834003448486328,307.0533142089844,316.927490234375,Kelmarsh 5,129.72874450683594
2018-02-19 20:00:00,52.402308,-0.940537,142.901,6.590626239776611,314.5780334472656,316.927490234375,Kelmarsh 5,109.79277038574219
2018-02-19 21:00:00,52.402308,-0.940537,142.901,7.429361343383789,315.7784423828125,316.927490234375,Kelmarsh 5,134.4665069580078
2018-02-19 22:00:00,52.402308,-0.940537,142.901,7.441612720489502,313.99658203125,316.927490234375,Kelmarsh 5,133.32579040527344
2018-02-19 23:00:00,52.402308,-0.940537,142.901,7.350929260253906,317.99462890625,316.927490234375,Kelmarsh 5,66.03724670410156
2018-02-20 00:00:00,52.402308,-0.940537,142.901,6.856021404266357,315.7471618652344,316.927490234375,Kelmarsh 5,62.46670913696289
2018-02-20 01:00:00,52.402308,-0.940537,142.901,6.958290100097656,316.74438476562494,316.927490234375,Kelmarsh 5,99.33969116210938
2018-02-20 02:00:00,52.402308,-0.940537,142.901,4.323809623718262,311.97650146484375,316.927490234375,Kelmarsh 5,129.5691680908203
2018-02-20 03:00:00,52.402308,-0.940537,142.901,7.528494834899902,318.4450988769531,316.927490234375,Kelmarsh 5,23.891334533691406
2018-02-20 04:00:00,52.402308,-0.940537,142.901,4.5107316970825195,311.2594909667969,316.927490234375,Kelmarsh 5,-2.083317518234253
2018-02-20 05:00:00,52.402308,-0.940537,142.901,4.520357131958008,315.9882507324219,316.927490234375,Kelmarsh 5,-2.6450929641723633
2018-02-20 06:00:00,52.402308,-0.940537,142.901,5.250946044921875,310.0379638671875,316.927490234375,Kelmarsh 5,46.52183532714844
2018-02-20 07:00:00,52.402308,-0.940537,142.901,9.184915542602539,312.94525146484375,316.927490234375,Kelmarsh 5,36.7938117980957
2018-02-20 08:00:00,52.402308,-0.940537,142.901,9.252826690673828,315.876953125,316.927490234375,Kelmarsh 5,18.565574645996094
2018-02-20 09:00:00,52.402308,-0.940537,142.901,9.443005561828613,324.4513244628906,326.8055725097655,Kelmarsh 5,53.83300018310547
2018-02-20 10:00:00,52.402308,-0.940537,142.901,10.295019149780273,337.29205322265625,334.488525390625,Kelmarsh 5,49.51214599609375
2018-02-20 11:00:00,52.402308,-0.940537,142.901,10.519379615783691,351.3265991210937,350.9519958496094,Kelmarsh 5,129.52061462402344
2018-02-20 12:00:00,52.402308,-0.940537,142.901,8.564112663269043,348.8165893554687,349.72393798828125,Kelmarsh 5,51.964012145996094
2018-02-20 13:00:00,52.402308,-0.940537,142.901,9.432372093200684,346.29254150390625,350.83856201171864,Kelmarsh 5,117.51238250732422
2018-02-20 14:00:00,52.402308,-0.940537,142.901,10.049149513244629,343.00897216796875,337.78121948242193,Kelmarsh 5,127.65486145019531
2018-02-20 15:00:00,52.402308,-0.940537,142.901,8.544508934020996,348.8351745605469,347.6593017578125,Kelmarsh 5,93.76900482177734
2018-02-20 16:00:00,52.402308,-0.940537,142.901,11.80489444732666,352.23742675781244,351.6112365722656,Kelmarsh 5,106.78727722167969
2018-02-20 17:00:00,52.402308,-0.940537,142.901,11.386750221252441,356.6631774902344,354.24468994140625,Kelmarsh 5,53.37656784057617
2018-02-20 18:00:00,52.402308,-0.940537,142.901,12.600662231445312,357.6585693359374,1.9276381731033325,Kelmarsh 5,95.08528900146484
2018-02-20 19:00:00,52.402308,-0.940537,142.901,12.989655494689941,356.9396362304687,1.9276381731033325,Kelmarsh 5,78.02245330810547
2018-02-20 20:00:00,52.402308,-0.940537,142.901,11.035487174987793,4.694404125213623,1.9276381731033325,Kelmarsh 5,127.17522430419922
2018-02-20 21:00:00,52.402308,-0.940537,142.901,8.047439575195312,359.94464111328125,1.9276381731033325,Kelmarsh 5,53.00606155395508
2018-02-20 22:00:00,52.402308,-0.940537,142.901,6.615134239196777,0.5986794829368591,1.9276381731033325,Kelmarsh 5,9.532493591308594
2018-02-20 23:00:00,52.402308,-0.940537,142.901,6.02647066116333,10.672385215759277,7.415438652038574,Kelmarsh 5,90.3027114868164
2018-02-21 00:00:00,52.402308,-0.940537,142.901,4.105478286743164,52.08537673950195,47.11859893798828,Kelmarsh 5,58.6924934387207
2018-02-21 01:00:00,52.402308,-0.940537,142.901,4.706860065460205,64.4267807006836,57.90323257446289,Kelmarsh 5,78.46478271484375
2018-02-21 02:00:00,52.402308,-0.940537,142.901,3.500857353210449,63.15188217163086,57.90323257446289,Kelmarsh 5,57.34489440917969
2018-02-21 03:00:00,52.402308,-0.940537,142.901,4.929798603057861,50.69221115112305,57.90323257446289,Kelmarsh 5,47.022621154785156
2018-02-21 04:00:00,52.402308,-0.940537,142.901,3.135540723800659,67.3117446899414,57.90323257446289,Kelmarsh 5,115.08265686035156
2018-02-21 05:00:00,52.402308,-0.940537,142.901,1.0768687725067139,38.57759475708008,57.90323257446289,Kelmarsh 5,116.65719604492188
2018-02-21 06:00:00,52.402308,-0.940537,142.901,2.528531074523926,26.716110229492188,27.171527862548828,Kelmarsh 5,159.60394287109375
2018-02-21 07:00:00,52.402308,-0.940537,142.901,2.3737499713897705,27.3349666595459,27.171527862548828,Kelmarsh 5,-2.0481014251708984
2018-02-21 08:00:00,52.402308,-0.940537,142.901,2.588531255722046,358.5768737792969,4.122759819030762,Kelmarsh 5,-3.6064600944519043
2018-02-21 09:00:00,52.402308,-0.940537,142.901,2.360062599182129,339.69903564453125,351.4962158203124,Kelmarsh 5,-2.309521436691284
2018-02-21 10:00:00,52.402308,-0.940537,142.901,3.4362547397613525,339.6464233398437,355.3422546386719,Kelmarsh 5,9.413954734802246
2018-02-21 11:00:00,52.402308,-0.940537,142.901,3.1294586658477783,1.7809300422668457,355.3422546386719,Kelmarsh 5,-6.631559371948242
2018-02-21 12:00:00,52.402308,-0.940537,142.901,4.789911270141602,21.41274642944336,32.659332275390625,Kelmarsh 5,-1.839508056640625
2018-02-21 13:00:00,52.402308,-0.940537,142.901,6.037692070007324,34.63327407836914,40.34225845336914,Kelmarsh 5,19.12101936340332
2018-02-21 14:00:00,52.402308,-0.940537,142.901,6.558784484863281,37.7060661315918,40.34225845336914,Kelmarsh 5,36.498634338378906
2018-02-21 15:00:00,52.402308,-0.940537,142.901,2.827632427215576,36.45973587036133,40.34225845336914,Kelmarsh 5,78.94754791259766
2018-02-21 16:00:00,52.402308,-0.940537,142.901,4.173312664031982,43.57518005371094,63.39103698730469,Kelmarsh 5,76.09902954101562
2018-02-21 17:00:00,52.402308,-0.940537,142.901,2.789752960205078,25.822423934936523,23.87884521484375,Kelmarsh 5,69.14010620117188
2018-02-21 18:00:00,52.402308,-0.940537,142.901,3.571650743484497,33.32764434814453,43.63494110107422,Kelmarsh 5,40.98927688598633
2018-02-21 19:00:00,52.402308,-0.940537,142.901,3.9188427925109863,41.8761100769043,33.756893157958984,Kelmarsh 5,39.685882568359375
2018-02-21 20:00:00,52.402308,-0.940537,142.901,5.544153690338135,47.02082443237305,33.756893157958984,Kelmarsh 5,78.60067749023438
2018-02-21 21:00:00,52.402308,-0.940537,142.901,4.214770793914795,66.37969970703125,53.7560920715332,Kelmarsh 5,134.4323272705078
2018-02-21 22:00:00,52.402308,-0.940537,142.901,5.2029643058776855,60.79863357543945,49.86903762817383,Kelmarsh 5,129.8640899658203
2018-02-21 23:00:00,52.402308,-0.940537,142.901,4.129788875579834,53.64290237426758,62.29347610473633,Kelmarsh 5,139.07347106933594
2018-02-22 00:00:00,52.402308,-0.940537,142.901,4.374185562133789,45.222991943359375,40.342254638671875,Kelmarsh 5,147.0680694580078
2018-02-22 01:00:00,52.402308,-0.940537,142.901,4.038501262664795,44.664451599121094,40.342254638671875,Kelmarsh 5,167.7638397216797
2018-02-22 02:00:00,52.402308,-0.940537,142.901,4.476829528808594,50.431209564208984,40.342254638671875,Kelmarsh 5,142.36007690429688
2018-02-22 03:00:00,52.402308,-0.940537,142.901,5.683083534240723,78.14613342285156,66.68370819091797,Kelmarsh 5,111.92902374267578
2018-02-22 04:00:00,52.402308,-0.940537,142.901,5.43241548538208,78.57417297363281,83.14706420898438,Kelmarsh 5,135.18563842773438
2018-02-22 05:00:00,52.402308,-0.940537,142.901,5.128973960876465,70.16289520263672,83.14706420898438,Kelmarsh 5,166.6390838623047
2018-02-22 06:00:00,52.402308,-0.940537,142.901,5.378026962280273,77.9644775390625,83.14706420898438,Kelmarsh 5,151.33206176757812
2018-02-22 07:00:00,52.402308,-0.940537,142.901,4.5914225578308105,70.40206146240234,83.14706420898438,Kelmarsh 5,209.66592407226562
2018-02-22 08:00:00,52.402308,-0.940537,142.901,4.043309211730957,76.26068115234375,83.14706420898438,Kelmarsh 5,197.3546600341797
2018-02-22 09:00:00,52.402308,-0.940537,142.901,3.9064478874206543,82.97984313964844,83.14706420898438,Kelmarsh 5,143.28631591796875
2018-02-22 10:00:00,52.402308,-0.940537,142.901,3.90470290184021,91.9645004272461,83.14706420898438,Kelmarsh 5,111.98712158203125
2018-02-22 11:00:00,52.402308,-0.940537,142.901,6.8624701499938965,88.61287689208984,83.6356201171875,Kelmarsh 5,140.82781982421875
2018-02-22 12:00:00,52.402308,-0.940537,142.901,3.9991674423217773,107.84608459472656,97.4153060913086,Kelmarsh 5,166.55636596679688
2018-02-22 13:00:00,52.402308,-0.940537,142.901,5.916790962219238,89.74305725097656,97.4153060913086,Kelmarsh 5,179.40711975097656
2018-02-22 14:00:00,52.402308,-0.940537,142.901,5.188578128814697,95.53337097167969,87.53729248046875,Kelmarsh 5,213.3751220703125
2018-02-22 15:00:00,52.402308,-0.940537,142.901,4.503871917724609,107.7121353149414,93.02507781982422,Kelmarsh 5,185.2412872314453
2018-02-22 16:00:00,52.402308,-0.940537,142.901,4.161032676696777,95.30664825439453,105.1003646850586,Kelmarsh 5,223.14508056640625
2018-02-22 17:00:00,52.402308,-0.940537,142.901,5.115683555603027,92.31143951416016,97.4153060913086,Kelmarsh 5,183.4273223876953
2018-02-22 18:00:00,52.402308,-0.940537,142.901,5.750576496124268,99.93568420410156,97.4153060913086,Kelmarsh 5,220.0836181640625
2018-02-22 19:00:00,52.402308,-0.940537,142.901,5.030221462249756,93.99185943603516,97.4153060913086,Kelmarsh 5,220.5900115966797
2018-02-22 20:00:00,52.402308,-0.940537,142.901,7.2518744468688965,96.93452453613281,97.4153060913086,Kelmarsh 5,171.5946502685547
2018-02-22 21:00:00,52.402308,-0.940537,142.901,7.019601821899414,94.51345825195312,97.4153060913086,Kelmarsh 5,227.076171875
2018-02-22 22:00:00,52.402308,-0.940537,142.901,6.569312572479248,92.1345443725586,85.34217834472656,Kelmarsh 5,205.95472717285156
2018-02-22 23:00:00,52.402308,-0.940537,142.901,6.620582580566406,83.27623748779297,85.34217834472656,Kelmarsh 5,216.7715301513672
2018-02-23 00:00:00,52.402308,-0.940537,142.901,7.377691268920898,92.61827087402344,85.34217834472656,Kelmarsh 5,339.8507385253906
2018-02-23 01:00:00,52.402308,-0.940537,142.901,7.603281021118164,90.42389678955078,94.12263488769531,Kelmarsh 5,339.6512145996094
2018-02-23 02:00:00,52.402308,-0.940537,142.901,6.1535868644714355,85.8969955444336,80.95195007324219,Kelmarsh 5,250.5440673828125
2018-02-23 03:00:00,52.402308,-0.940537,142.901,7.827887535095215,89.93119049072266,88.63484954833984,Kelmarsh 5,403.50634765625
2018-02-23 04:00:00,52.402308,-0.940537,142.901,8.554758071899414,96.83336639404297,101.80553436279297,Kelmarsh 5,303.46832275390625
2018-02-23 05:00:00,52.402308,-0.940537,142.901,7.702107906341553,93.61357879638672,101.80553436279297,Kelmarsh 5,250.4796142578125
2018-02-23 06:00:00,52.402308,-0.940537,142.901,7.015480995178223,93.65151977539062,97.4153060913086,Kelmarsh 5,315.56268310546875
2018-02-23 07:00:00,52.402308,-0.940537,142.901,6.300323486328125,76.19148254394531,83.14706420898438,Kelmarsh 5,355.8151550292969
2018-02-23 08:00:00,52.402308,-0.940537,142.901,5.79529333114624,78.86749267578125,83.14706420898438,Kelmarsh 5,322.83636474609375
2018-02-23 09:00:00,52.402308,-0.940537,142.901,4.975666522979736,87.74124908447266,83.14706420898438,Kelmarsh 5,399.2618713378906
2018-02-23 10:00:00,52.402308,-0.940537,142.901,6.865347385406494,92.41926574707031,94.12263488769531,Kelmarsh 5,419.3968505859375
2018-02-23 11:00:00,52.402308,-0.940537,142.901,6.9870991706848145,96.74946594238281,87.66043090820312,Kelmarsh 5,478.98724365234375
2018-02-23 12:00:00,52.402308,-0.940537,142.901,8.110928535461426,90.143310546875,94.12263488769531,Kelmarsh 5,674.4632568359375
2018-02-23 13:00:00,52.402308,-0.940537,142.901,7.869300365447998,97.1264877319336,100.70797729492188,Kelmarsh 5,743.5254516601562
2018-02-23 14:00:00,52.402308,-0.940537,142.901,7.1819682121276855,86.00115203857422,84.53240966796875,Kelmarsh 5,970.1304321289062
2018-02-23 15:00:00,52.402308,-0.940537,142.901,8.142261505126953,95.91046142578125,94.12263488769531,Kelmarsh 5,806.9583129882812
2018-02-23 16:00:00,52.402308,-0.940537,142.901,6.006460666656494,75.8690414428711,69.97637939453125,Kelmarsh 5,891.8082275390625
2018-02-23 17:00:00,52.402308,-0.940537,142.901,8.259112358093262,82.22747802734375,79.8543930053711,Kelmarsh 5,807.1290283203125
2018-02-23 18:00:00,52.402308,-0.940537,142.901,6.922501564025879,92.4071273803711,96.74862670898438,Kelmarsh 5,745.9598999023438
2018-02-23 19:00:00,52.402308,-0.940537,142.901,7.27919864654541,92.50949096679688,95.2201919555664,Kelmarsh 5,817.0708618164062
2018-02-23 20:00:00,52.402308,-0.940537,142.901,5.768006801605225,88.84561920166016,95.2201919555664,Kelmarsh 5,787.05859375
2018-02-23 21:00:00,52.402308,-0.940537,142.901,7.099940299987793,93.02190399169922,95.2201919555664,Kelmarsh 5,727.0781860351562
2018-02-23 22:00:00,52.402308,-0.940537,142.901,6.118040084838867,90.48214721679688,87.53729248046875,Kelmarsh 5,682.5702514648438
2018-02-23 23:00:00,52.402308,-0.940537,142.901,5.719484329223633,87.35012817382812,99.61042022705078,Kelmarsh 5,804.7105102539062
2018-02-24 00:00:00,52.402308,-0.940537,142.901,5.338059902191162,84.49727630615234,86.43973541259766,Kelmarsh 5,612.8838500976562
2018-02-24 01:00:00,52.402308,-0.940537,142.901,4.995621204376221,80.8712158203125,86.43973541259766,Kelmarsh 5,457.8982238769531
2018-02-24 02:00:00,52.402308,-0.940537,142.901,4.354694843292236,89.089599609375,86.43973541259766,Kelmarsh 5,638.7618408203125
2018-02-24 03:00:00,52.402308,-0.940537,142.901,5.09073543548584,93.73065948486328,86.43973541259766,Kelmarsh 5,671.88525390625
2018-02-24 04:00:00,52.402308,-0.940537,142.901,5.678201198577881,82.6781997680664,86.43973541259766,Kelmarsh 5,614.952392578125
2018-02-24 05:00:00,52.402308,-0.940537,142.901,6.308398246765137,77.06517028808594,86.43973541259766,Kelmarsh 5,630.8596801757812
2018-02-24 06:00:00,52.402308,-0.940537,142.901,6.617222785949707,75.77442932128906,86.43973541259766,Kelmarsh 5,594.0363159179688
2018-02-24 07:00:00,52.402308,-0.940537,142.901,6.122866153717041,68.0168228149414,69.97637939453125,Kelmarsh 5,425.3324279785156
2018-02-24 08:00:00,52.402308,-0.940537,142.901,5.090846538543701,72.1907730102539,69.97637939453125,Kelmarsh 5,358.4678649902344
2018-02-24 09:00:00,52.402308,-0.940537,142.901,5.921481609344482,80.14250946044922,69.97637939453125,Kelmarsh 5,247.597412109375
2018-02-24 10:00:00,52.402308,-0.940537,142.901,6.679314136505127,79.43303680419922,85.88837432861328,Kelmarsh 5,213.04049682617188
2018-02-24 11:00:00,52.402308,-0.940537,142.901,7.873050212860107,85.27996826171875,85.0666732788086,Kelmarsh 5,218.4105224609375
2018-02-24 12:00:00,52.402308,-0.940537,142.901,6.759095668792725,82.90816497802734,80.95195007324219,Kelmarsh 5,329.2911071777344
2018-02-24 13:00:00,52.402308,-0.940537,142.901,8.243446350097656,86.60913848876953,85.725341796875,Kelmarsh 5,287.9981994628906
2018-02-24 14:00:00,52.402308,-0.940537,142.901,8.61194896697998,88.80975341796875,87.53729248046875,Kelmarsh 5,321.5084228515625
2018-02-24 15:00:00,52.402308,-0.940537,142.901,8.257980346679688,82.11656951904297,81.33333587646484,Kelmarsh 5,314.32012939453125
2018-02-24 16:00:00,52.402308,-0.940537,142.901,8.378933906555176,79.71912384033203,80.90961456298828,Kelmarsh 5,355.8685302734375
2018-02-24 17:00:00,52.402308,-0.940537,142.901,7.964306831359863,75.77027893066406,78.7568359375,Kelmarsh 5,409.6230773925781
2018-02-24 18:00:00,52.402308,-0.940537,142.901,8.38010311126709,69.65132904052734,78.17777252197266,Kelmarsh 5,509.9444885253906
2018-02-24 19:00:00,52.402308,-0.940537,142.901,7.60978889465332,74.86858367919922,71.07393646240234,Kelmarsh 5,482.6339416503906
2018-02-24 20:00:00,52.402308,-0.940537,142.901,8.686087608337402,75.23612976074219,71.07393646240234,Kelmarsh 5,485.9813232421875
2018-02-24 21:00:00,52.402308,-0.940537,142.901,7.79995059967041,69.90864562988281,71.07393646240234,Kelmarsh 5,472.7982482910156
2018-02-24 22:00:00,52.402308,-0.940537,142.901,7.489455699920654,70.31217956542969,71.07393646240234,Kelmarsh 5,514.7141723632812
2018-02-24 23:00:00,52.402308,-0.940537,142.901,6.114401340484619,81.4406509399414,71.07393646240234,Kelmarsh 5,553.66650390625
2018-02-25 00:00:00,52.402308,-0.940537,142.901,5.576181888580322,71.28346252441406,71.07393646240234,Kelmarsh 5,460.6903076171875
2018-02-25 01:00:00,52.402308,-0.940537,142.901,6.153735637664795,69.43228912353516,71.07393646240234,Kelmarsh 5,338.4304504394531
2018-02-25 02:00:00,52.402308,-0.940537,142.901,6.60331916809082,71.98251342773438,71.07393646240234,Kelmarsh 5,232.6436004638672
2018-02-25 03:00:00,52.402308,-0.940537,142.901,6.0342488288879395,74.35005950927734,71.07393646240234,Kelmarsh 5,219.56455993652344
2018-02-25 04:00:00,52.402308,-0.940537,142.901,6.955450057983398,63.83530807495117,71.07393646240234,Kelmarsh 5,210.08099365234375
2018-02-25 05:00:00,52.402308,-0.940537,142.901,6.198916435241699,68.05715942382812,71.07393646240234,Kelmarsh 5,151.9829559326172
2018-02-25 06:00:00,52.402308,-0.940537,142.901,6.180335521697998,74.51793670654297,71.07393646240234,Kelmarsh 5,121.73690795898438
2018-02-25 07:00:00,52.402308,-0.940537,142.901,6.198526859283447,71.45268249511719,71.07393646240234,Kelmarsh 5,140.25958251953125
2018-02-25 08:00:00,52.402308,-0.940537,142.901,6.877673149108887,68.11659240722656,71.07393646240234,Kelmarsh 5,172.24708557128906
2018-02-25 09:00:00,52.402308,-0.940537,142.901,7.2354278564453125,75.40882873535156,71.07393646240234,Kelmarsh 5,119.19992065429688
2018-02-25 10:00:00,52.402308,-0.940537,142.901,8.012249946594238,72.6872787475586,75.62174224853516,Kelmarsh 5,58.4194221496582
2018-02-25 11:00:00,52.402308,-0.940537,142.901,7.753061771392822,77.4545669555664,75.46416473388672,Kelmarsh 5,19.004995346069336
2018-02-25 12:00:00,52.402308,-0.940537,142.901,8.302567481994629,85.43223571777344,85.34217834472656,Kelmarsh 5,3.4237759113311768
2018-02-25 13:00:00,52.402308,-0.940537,142.901,7.189875602722168,85.83349609375,77.1160888671875,Kelmarsh 5,-2.683074712753296
2018-02-25 14:00:00,52.402308,-0.940537,142.901,6.173305511474609,82.5270004272461,78.009521484375,Kelmarsh 5,-1.662919521331787
2018-02-25 15:00:00,52.402308,-0.940537,142.901,5.41154670715332,73.04537963867188,84.24462127685547,Kelmarsh 5,-3.5355045795440674
2018-02-25 16:00:00,52.402308,-0.940537,142.901,6.172242164611816,83.16497802734375,65.39675903320312,Kelmarsh 5,68.36663055419922
2018-02-25 17:00:00,52.402308,-0.940537,142.901,7.397794246673584,78.2171859741211,71.40335845947266,Kelmarsh 5,104.47553253173828
2018-02-25 18:00:00,52.402308,-0.940537,142.901,6.221377372741699,77.44393157958984,72.17149353027344,Kelmarsh 5,294.7944030761719
2018-02-25 19:00:00,52.402308,-0.940537,142.901,7.309900760650635,72.44091796875,72.17149353027344,Kelmarsh 5,469.3286437988281
2018-02-25 20:00:00,52.402308,-0.940537,142.901,7.730935573577881,79.1237564086914,72.17149353027344,Kelmarsh 5,643.3283081054688
2018-02-25 21:00:00,52.402308,-0.940537,142.901,6.40826416015625,69.6922607421875,72.17149353027344,Kelmarsh 5,565.5765380859375
2018-02-25 22:00:00,52.402308,-0.940537,142.901,6.07061243057251,66.89994049072266,72.17149353027344,Kelmarsh 5,357.1842041015625
2018-02-25 23:00:00,52.402308,-0.940537,142.901,7.0259504318237305,61.01982498168945,64.48859405517578,Kelmarsh 5,197.8588104248047
2018-02-26 00:00:00,52.402308,-0.940537,142.901,6.546555042266846,65.50010681152344,64.48859405517578,Kelmarsh 5,148.92681884765625
2018-02-26 01:00:00,52.402308,-0.940537,142.901,6.358313083648682,63.23588562011719,64.48859405517578,Kelmarsh 5,182.5570068359375
2018-02-26 02:00:00,52.402308,-0.940537,142.901,5.876539707183838,59.825958251953125,64.48859405517578,Kelmarsh 5,186.55113220214844
2018-02-26 03:00:00,52.402308,-0.940537,142.901,5.863919258117676,60.18155288696289,64.48859405517578,Kelmarsh 5,206.0517120361328
2018-02-26 04:00:00,52.402308,-0.940537,142.901,5.507853031158447,60.54762649536133,51.31786346435547,Kelmarsh 5,126.76067352294922
2018-02-26 05:00:00,52.402308,-0.940537,142.901,6.3653106689453125,66.39778900146484,72.17149353027344,Kelmarsh 5,203.6748504638672
2018-02-26 06:00:00,52.402308,-0.940537,142.901,4.780531406402588,71.86005401611328,59.000789642333984,Kelmarsh 5,220.64285278320312
2018-02-26 07:00:00,52.402308,-0.940537,142.901,5.4687418937683105,50.19783020019531,59.000789642333984,Kelmarsh 5,181.30113220214844
2018-02-26 08:00:00,52.402308,-0.940537,142.901,5.7367658615112305,63.06430435180664,59.000789642333984,Kelmarsh 5,218.44837951660156
2018-02-26 09:00:00,52.402308,-0.940537,142.901,7.735260486602783,60.81086349487305,64.51195526123047,Kelmarsh 5,168.6366729736328
2018-02-26 10:00:00,52.402308,-0.940537,142.901,6.888365268707275,78.16341400146484,77.3218765258789,Kelmarsh 5,162.12814331054688
2018-02-26 11:00:00,52.402308,-0.940537,142.901,7.483051776885986,68.84385681152344,68.06608581542969,Kelmarsh 5,130.4767608642578
2018-02-26 12:00:00,52.402308,-0.940537,142.901,7.094216823577881,78.47052001953125,79.19853973388672,Kelmarsh 5,151.89590454101562
2018-02-26 13:00:00,52.402308,-0.940537,142.901,7.039612293243408,35.87545394897461,32.659324645996094,Kelmarsh 5,125.2966537475586
2018-02-26 14:00:00,52.402308,-0.940537,142.901,7.706313610076904,55.34930419921875,59.000789642333984,Kelmarsh 5,165.4712371826172
2018-02-26 15:00:00,52.402308,-0.940537,142.901,6.747475624084473,69.50990295410156,60.09834671020508,Kelmarsh 5,193.8919677734375
2018-02-26 16:00:00,52.402308,-0.940537,142.901,7.7448015213012695,45.872257232666016,50.22030258178711,Kelmarsh 5,383.2792663574219
2018-02-26 17:00:00,52.402308,-0.940537,142.901,7.048712730407715,55.491695404052734,49.12274169921875,Kelmarsh 5,336.2066955566406
2018-02-26 18:00:00,52.402308,-0.940537,142.901,7.5415425300598145,30.519289016723633,29.30954933166504,Kelmarsh 5,193.46463012695312
2018-02-26 19:00:00,52.402308,-0.940537,142.901,6.952090263366699,38.46989822387695,33.75688934326172,Kelmarsh 5,90.47611999511719
2018-02-26 20:00:00,52.402308,-0.940537,142.901,6.890442848205566,43.54742431640625,38.14712905883789,Kelmarsh 5,155.51010131835938
2018-02-26 21:00:00,52.402308,-0.940537,142.901,6.642059326171875,45.73633575439453,38.14712905883789,Kelmarsh 5,168.07586669921875
2018-02-26 22:00:00,52.402308,-0.940537,142.901,6.135098934173584,42.40489196777344,28.269084930419922,Kelmarsh 5,146.7580108642578
2018-02-26 23:00:00,52.402308,-0.940537,142.901,5.450959205627441,25.132240295410156,33.75688934326172,Kelmarsh 5,188.37091064453125
2018-02-27 00:00:00,52.402308,-0.940537,142.901,5.683862686157227,14.524310111999512,27.366411209106445,Kelmarsh 5,182.1126708984375
2018-02-27 01:00:00,52.402308,-0.940537,142.901,4.310330867767334,15.795183181762695,7.415435314178467,Kelmarsh 5,152.10618591308594
2018-02-27 02:00:00,52.402308,-0.940537,142.901,5.608443737030029,16.06791114807129,7.415435314178467,Kelmarsh 5,171.39923095703125
2018-02-27 03:00:00,52.402308,-0.940537,142.901,4.94364595413208,17.571504592895508,7.415435314178467,Kelmarsh 5,102.86680603027344
2018-02-27 04:00:00,52.402308,-0.940537,142.901,5.170776844024658,340.78680419921875,341.0739135742187,Kelmarsh 5,129.08213806152344
2018-02-27 05:00:00,52.402308,-0.940537,142.901,5.461948394775391,354.27874755859375,6.317878246307373,Kelmarsh 5,89.2698745727539
2018-02-27 06:00:00,52.402308,-0.940537,142.901,5.252878665924072,348.2703857421875,342.1714782714843,Kelmarsh 5,26.495357513427734
2018-02-27 07:00:00,52.402308,-0.940537,142.901,4.317996978759766,345.32507324218744,342.1714782714843,Kelmarsh 5,58.70625686645508
2018-02-27 08:00:00,52.402308,-0.940537,142.901,4.053072929382324,9.335082054138184,359.7325134277344,Kelmarsh 5,49.24805450439453
2018-02-27 09:00:00,52.402308,-0.940537,142.901,3.5669026374816895,25.723398208618164,24.330562591552734,Kelmarsh 5,29.043752670288086
2018-02-27 10:00:00,52.402308,-0.940537,142.901,4.474776268005371,27.1076602935791,26.073965072631836,Kelmarsh 5,31.440441131591797
2018-02-27 11:00:00,52.402308,-0.940537,142.901,3.6932389736175537,60.26945877075195,56.80567169189453,Kelmarsh 5,45.307743072509766
2018-02-27 12:00:00,52.402308,-0.940537,142.901,4.032060146331787,64.26907348632812,57.903228759765625,Kelmarsh 5,107.7679443359375
2018-02-27 13:00:00,52.402308,-0.940537,142.901,3.891690492630005,50.82244873046875,61.1959114074707,Kelmarsh 5,76.96129608154297
2018-02-27 14:00:00,52.402308,-0.940537,142.901,5.743541240692139,31.615558624267578,31.561767578125,Kelmarsh 5,33.100955963134766
2018-02-27 15:00:00,52.402308,-0.940537,142.901,5.669866561889648,37.114349365234375,34.85445022583008,Kelmarsh 5,30.984527587890625
2018-02-27 16:00:00,52.402308,-0.940537,142.901,6.34617280960083,40.265865325927734,34.85445022583008,Kelmarsh 5,132.18984985351562
2018-02-27 17:00:00,52.402308,-0.940537,142.901,6.903512001037598,36.60063171386719,34.85445022583008,Kelmarsh 5,131.06581115722656
2018-02-27 18:00:00,52.402308,-0.940537,142.901,5.4737725257873535,26.850967407226562,34.85445022583008,Kelmarsh 5,77.85372161865234
2018-02-27 19:00:00,52.402308,-0.940537,142.901,5.575569152832031,26.7895565032959,34.85445022583008,Kelmarsh 5,192.55223083496094
2018-02-27 20:00:00,52.402308,-0.940537,142.901,5.0467610359191895,14.490272521972656,21.683719635009766,Kelmarsh 5,420.56854248046875
2018-02-27 21:00:00,52.402308,-0.940537,142.901,5.490348815917969,20.974130630493164,21.683719635009766,Kelmarsh 5,227.49392700195312
2018-02-27 22:00:00,52.402308,-0.940537,142.901,5.930966854095459,24.861671447753906,21.683719635009766,Kelmarsh 5,221.6715087890625
2018-02-27 23:00:00,52.402308,-0.940537,142.901,6.794144153594971,9.369877815246582,13.567558288574219,Kelmarsh 5,125.76883697509766
2018-02-28 00:00:00,52.402308,-0.940537,142.901,5.854935169219971,27.941431045532227,9.665431022644043,Kelmarsh 5,139.53932189941406
2018-02-28 01:00:00,52.402308,-0.940537,142.901,6.50050163269043,24.38979148864746,29.469968795776367,Kelmarsh 5,134.3479461669922
2018-02-28 02:00:00,52.402308,-0.940537,142.901,5.632946014404297,33.39384460449219,42.53738021850586,Kelmarsh 5,89.02808380126953
2018-02-28 03:00:00,52.402308,-0.940537,142.901,4.151769638061523,25.853731155395508,37.0495719909668,Kelmarsh 5,73.22853088378906
2018-02-28 04:00:00,52.402308,-0.940537,142.901,5.282968521118164,17.57432746887207,24.454147338867188,Kelmarsh 5,92.65454864501953
2018-02-28 05:00:00,52.402308,-0.940537,142.901,5.218482494354248,30.518522262573242,33.75688934326172,Kelmarsh 5,64.85745239257812
2018-02-28 06:00:00,52.402308,-0.940537,142.901,4.245120525360107,49.3680534362793,33.75688934326172,Kelmarsh 5,50.74870300292969
2018-02-28 07:00:00,52.402308,-0.940537,142.901,4.472993850708008,73.33739471435547,60.09834671020508,Kelmarsh 5,58.03138732910156
2018-02-28 08:00:00,52.402308,-0.940537,142.901,3.804780960083008,59.67451477050781,73.26905059814453,Kelmarsh 5,94.50109100341797
2018-02-28 09:00:00,52.402308,-0.940537,142.901,4.746178150177002,66.36701965332031,73.26905059814453,Kelmarsh 5,67.17778778076172
2018-02-28 10:00:00,52.402308,-0.940537,142.901,4.537443161010742,89.1698989868164,73.26905059814453,Kelmarsh 5,16.078327178955078
2018-02-28 11:00:00,52.402308,-0.940537,142.901,4.11410665512085,81.08003234863281,85.34217834472656,Kelmarsh 5,-6.615136623382568
2018-02-28 12:00:00,52.402308,-0.940537,142.901,5.78057336807251,85.84764099121094,85.34217834472656,Kelmarsh 5,-1.4031050205230713
2018-02-28 13:00:00,52.402308,-0.940537,142.901,8.202366828918457,72.48680877685547,67.7717514038086,Kelmarsh 5,-1.6677210330963135
2018-02-28 14:00:00,52.402308,-0.940537,142.901,10.121600151062012,75.18663024902344,75.46416473388672,Kelmarsh 5,-2.0678460597991943
2018-02-28 15:00:00,52.402308,-0.940537,142.901,10.206950187683105,72.97361755371094,64.18608856201172,Kelmarsh 5,-1.914731502532959
2018-02-28 16:00:00,52.402308,-0.940537,142.901,11.091449737548828,68.02915954589844,71.07393646240234,Kelmarsh 5,-2.4018170833587646
2018-02-28 17:00:00,52.402308,-0.940537,142.901,8.966102600097656,65.52767181396484,60.53841781616211,Kelmarsh 5,-1.9728829860687256
2018-02-28 18:00:00,52.402308,-0.940537,142.901,8.936884880065918,62.93968200683594,67.78126525878906,Kelmarsh 5,0.449289470911026
2018-02-28 19:00:00,52.402308,-0.940537,142.901,9.105730056762695,55.89797592163086,57.903228759765625,Kelmarsh 5,27.232194900512695
2018-02-28 20:00:00,52.402308,-0.940537,142.901,8.575213432312012,61.15835189819336,57.903228759765625,Kelmarsh 5,56.44572067260742
2018-02-28 21:00:00,52.402308,-0.940537,142.901,9.082062721252441,65.76449584960938,60.09834671020508,Kelmarsh 5,74.88090515136719
2018-02-28 22:00:00,52.402308,-0.940537,142.901,9.141908645629883,62.12633514404297,58.40681838989258,Kelmarsh 5,91.30579376220703
2018-02-28 23:00:00,52.402308,-0.940537,142.901,8.659937858581543,54.57957458496094,60.09834671020508,Kelmarsh 5,93.4911117553711
