latitude4,longitude4,elevation4,wind_speed4,wind_direction4,nacelle_position4,production4
0.0,0.6235670686318247,-0.4765530689943358,0.5220288978686549,0.7067211082944057,0.7292283917386372,0.988140612388424
0.0,0.6235670686318247,-0.4765530689943358,0.4396423394657224,0.6797910676768676,0.6953821225072692,0.9814727287465552
0.0,0.6235670686318247,-0.4765530689943358,0.4558518127258533,0.6229999937614442,0.6384517933590428,0.9912565684073152
0.0,0.6235670686318247,-0.4765530689943358,0.446640347445854,0.6111140303586494,0.6153818497785806,0.9884750836217412
0.0,0.6235670686318247,-0.4765530689943358,0.4566452932166086,0.6299463486999503,0.6399973183104846,0.9865938731743574
0.0,0.6235670686318247,-0.4765530689943358,0.3826960205977422,0.6183505956319783,0.6153818497785806,0.9541268664563272
0.0,0.6235670686318247,-0.4765530689943358,0.4386079895463716,0.6295966178441068,0.6369203847439968,0.8911327159310359
0.0,0.6235670686318247,-0.4765530689943358,0.4618466056493227,0.6022758490097091,0.5784586469807242,0.980105751723164
0.0,0.6235670686318247,-0.4765530689943358,0.3298349625206995,0.5662740482962162,0.5784586469807242,0.988224317999842
0.0,0.6235670686318247,-0.4765530689943358,0.2956711973350304,0.5859746185205178,0.5784586469807242,0.9833616073303696
0.0,0.6235670686318247,-0.4765530689943358,0.2919449918154175,0.5782806246605925,0.5784586469807242,0.9457788414406564
0.0,0.6235670686318247,-0.4765530689943358,0.2728304568300937,0.6315285919293192,0.6087138485633633,0.9402733536250416
0.0,0.6235670686318247,-0.4765530689943358,0.29597614868648,0.679762943062367,0.6707666539753647,0.9672666572456392
0.0,0.6235670686318247,-0.4765530689943358,0.2876203462877942,0.6998020707684737,0.7046129232067333,0.9563268606518114
0.0,0.6235670686318247,-0.4765530689943358,0.2210397524512045,0.7174489918381836,0.7046129232067333,0.988634534031184
0.0,0.6235670686318247,-0.4765530689943358,0.3414951214333879,0.693859195277856,0.6953821225072692,0.7857221224012887
0.0,0.6235670686318247,-0.4765530689943358,0.385141046168067,0.6789218811390038,0.6953821225072692,0.9163721821185474
0.0,0.6235670686318247,-0.4765530689943358,0.4265521602398283,0.7145134958207712,0.6953821225072692,0.9709149341248362
0.0,0.6235670686318247,-0.4765530689943358,0.4740415156538491,0.7567282872801598,0.7661515945364937,0.9798096797073924
0.0,0.6235670686318247,-0.4765530689943358,0.5568082861878151,0.7734748383270462,0.7790777954436843,0.9660224874759228
0.0,0.6235670686318247,-0.4765530689943358,0.4277091282439317,0.8058828910940168,0.8430749336986944,0.9819636650842928
0.0,0.6235670686318247,-0.4765530689943358,0.4458335047279141,0.8150005342468608,0.83200721264316,0.9827273763515468
0.0,0.6235670686318247,-0.4765530689943358,0.3447952858761172,0.774735942642504,0.7969209302013738,0.980672725535889
0.0,0.6235670686318247,-0.4765530689943358,0.4606526076823026,0.7654956047967938,0.7599977274035177,0.9544766154271132
0.0,0.6235670686318247,-0.4765530689943358,0.3837096284977703,0.7508962958436906,0.7372991718005926,0.9004000978228847
0.0,0.6235670686318247,-0.4765530689943358,0.3602822381852803,0.7368729891917931,0.7415361260045896,0.8774129564718418
0.0,0.6235670686318247,-0.4765530689943358,0.4360778125283019,0.7400300833802548,0.7415361260045896,0.625971367859042
0.0,0.6235670686318247,-0.4765530689943358,0.392083290866778,0.7214980866400178,0.7415361260045896,0.4948180793715998
0.0,0.6235670686318247,-0.4765530689943358,0.3982455919715547,0.7183924834376204,0.731880038588623,0.5689303252965787
0.0,0.6235670686318247,-0.4765530689943358,0.2489876366211312,0.674428145528465,0.701535989640245,0.8162784753694573
0.0,0.6235670686318247,-0.4765530689943358,0.3242380451952444,0.6529508388947588,0.6481071107930243,0.9445761147289012
0.0,0.6235670686318247,-0.4765530689943358,0.2952241085669606,0.6497721201915226,0.6707666539753647,0.7924236053585098
0.0,0.6235670686318247,-0.4765530689943358,0.2899773601950781,0.5793603209640908,0.590056158418866,0.8298795250524583
0.0,0.6235670686318247,-0.4765530689943358,0.3493022428367327,0.5880758076201649,0.6092279826456045,0.7049055252848512
0.0,0.6235670686318247,-0.4765530689943358,0.2293758608483861,0.5300000081118483,0.5138430420844757,0.8087634089904867
0.0,0.6235670686318247,-0.4765530689943358,0.2837327678578525,0.4925070930180852,0.5138430420844757,0.9267444780811168
0.0,0.6235670686318247,-0.4765530689943358,0.3090587734505995,0.4502749679594272,0.4707659721536436,0.5023796813876874
0.0,0.6235670686318247,-0.4765530689943358,0.3441038124530193,0.5023359660370215,0.5048030685870152,0.6803752153786905
0.0,0.6235670686318247,-0.4765530689943358,0.4022650023095694,0.6032250335069452,0.5852601545168232,0.8123994519726304
0.0,0.6235670686318247,-0.4765530689943358,0.4895373761144687,0.6819110348423892,0.6646127868423888,0.8634762648476715
0.0,0.6235670686318247,-0.4765530689943358,0.4024127291545544,0.688396987292463,0.6892282553742931,0.8806389004934287
0.0,0.6235670686318247,-0.4765530689943358,0.4366568423729673,0.6567290112393878,0.6523050525764367,0.9655315511381852
0.0,0.6235670686318247,-0.4765530689943358,0.3956477304693801,0.6148041327246384,0.6087398996205298,0.8746299497660601
0.0,0.6235670686318247,-0.4765530689943358,0.4136979160253016,0.5806736809832278,0.5723047798477482,0.8347995418712864
0.0,0.6235670686318247,-0.4765530689943358,0.5015354334387726,0.5436388317407405,0.5723047798477482,0.8098095535270367
0.0,0.6235670686318247,-0.4765530689943358,0.5854532768766134,0.5442564261833293,0.5507662448823321,0.8611468488991484
0.0,0.6235670686318247,-0.4765530689943358,0.3417655973653531,0.5842601641124094,0.5821540899652277,0.7438038155878601
0.0,0.6235670686318247,-0.4765530689943358,0.574150535707408,0.6959649301988796,0.6953821225072692,0.5407305486990998
0.0,0.6235670686318247,-0.4765530689943358,0.6391827050510179,0.7368070535396712,0.7292283917386372,0.371395501649467
0.0,0.6235670686318247,-0.4765530689943358,0.541133520352113,0.7459320039941677,0.7498838429205616,0.2302561776213757
0.0,0.6235670686318247,-0.4765530689943358,0.8319901674968277,0.7097369421456857,0.7321513289080818,0.2710380051536242
0.0,0.6235670686318247,-0.4765530689943358,0.7170446211926496,0.6976854598635948,0.7076898567732214,0.384056033911865
0.0,0.6235670686318247,-0.4765530689943358,0.5893686714461519,0.682640702899861,0.7076898567732214,0.45537429774495
0.0,0.6235670686318247,-0.4765530689943358,0.6079737387695066,0.7287437010717888,0.7076898567732214,0.4191776499520084
0.0,0.6235670686318247,-0.4765530689943358,0.617079528919484,0.7178395926021075,0.7046129232067333,0.5943998355770089
0.0,0.6235670686318247,-0.4765530689943358,0.734902582813713,0.7304685641363213,0.7384591924381015,0.5889550489635206
0.0,0.6235670686318247,-0.4765530689943358,0.6657902617660305,0.7294700978372415,0.7384591924381015,0.4063398139854245
0.0,0.6235670686318247,-0.4765530689943358,0.6159267529866542,0.7122064277454907,0.7384591924381015,0.3795281749557617
0.0,0.6235670686318247,-0.4765530689943358,0.578819280418739,0.7331251081615732,0.7384591924381015,0.4401619735775408
0.0,0.6235670686318247,-0.4765530689943358,0.580404232699431,0.724644474781872,0.7384591924381015,0.3837572107326413
0.0,0.6235670686318247,-0.4765530689943358,0.4634712079374772,0.7150238173757257,0.7199975910391733,0.4941117035213974
0.0,0.6235670686318247,-0.4765530689943358,0.5088882827852506,0.7371934058724017,0.7538438602705415,0.563725533792751
0.0,0.6235670686318247,-0.4765530689943358,0.466311554562384,0.7225497432976394,0.7271496114856547,0.5693926378273347
0.0,0.6235670686318247,-0.4765530689943358,0.677356928755836,0.7282553014217921,0.7384591924381015,0.3920574708679503
0.0,0.6235670686318247,-0.4765530689943358,0.6504912103182244,0.7090807719478605,0.7261514581721494,0.4051565210240124
0.0,0.6235670686318247,-0.4765530689943358,0.5915008636976846,0.7005604157365009,0.7261514581721494,0.3545468205819206
0.0,0.6235670686318247,-0.4765530689943358,0.5727963656838093,0.6859065144425622,0.6953821225072692,0.3694730822856927
0.0,0.6235670686318247,-0.4765530689943358,0.5265804829213706,0.691107061550752,0.6953821225072692,0.3215459125479844
0.0,0.6235670686318247,-0.4765530689943358,0.5398608337138948,0.6896718990092995,0.6944590424373227,0.3253955219100297
0.0,0.6235670686318247,-0.4765530689943358,0.5102086105667968,0.6859903784743208,0.6944344457905728,0.3194277800990516
0.0,0.6235670686318247,-0.4765530689943358,0.4877920771075616,0.67180227517643,0.6936497913708578,0.3962888187928375
0.0,0.6235670686318247,-0.4765530689943358,0.4249856356057766,0.6970618751330233,0.6923051889407812,0.4238221699455639
0.0,0.6235670686318247,-0.4765530689943358,0.4039078575747278,0.671349434895522,0.6923051889407812,0.4671752084993184
0.0,0.6235670686318247,-0.4765530689943358,0.3394949357595644,0.6647373890076275,0.6769205211083412,0.6375351517379872
0.0,0.6235670686318247,-0.4765530689943358,0.3464562194486431,0.6568580785790444,0.6553819861429249,0.3972264972468993
0.0,0.6235670686318247,-0.4765530689943358,0.2990743295284173,0.6257240453583597,0.6469388342375625,0.2853540939249324
0.0,0.6235670686318247,-0.4765530689943358,0.2494617773491384,0.5755346511587192,0.6030741155126284,0.4538819671783053
0.0,0.6235670686318247,-0.4765530689943358,0.2767513098257697,0.618033237821829,0.6030741155126284,0.3433509609131635
0.0,0.6235670686318247,-0.4765530689943358,0.2347799428952557,0.5581084360895079,0.6123049162120926,0.2337458528543227
0.0,0.6235670686318247,-0.4765530689943358,0.1221301778739508,0.475354434433419,0.4676890385871555,0.29030820760995
0.0,0.6235670686318247,-0.4765530689943358,0.2738936272394504,0.4150637153224077,0.4215350350898352,0.2483801985551979
0.0,0.6235670686318247,-0.4765530689943358,0.3451800394176968,0.43727825222111,0.4511199245775642,0.3468063636737431
0.0,0.6235670686318247,-0.4765530689943358,0.2847430570347891,0.561046651102884,0.5507660309984475,0.3418113044816017
0.0,0.6235670686318247,-0.4765530689943358,0.3285284991415424,0.6112714347343657,0.5907663812466765,0.2120530900059988
0.0,0.6235670686318247,-0.4765530689943358,0.5220111689005604,0.6525899346648769,0.6676897204088771,0.2738123778889973
0.0,0.6235670686318247,-0.4765530689943358,0.6311943638999084,0.6656461284399021,0.6676897204088771,0.3969189522941782
0.0,0.6235670686318247,-0.4765530689943358,0.5846574820131759,0.678120372110051,0.6676897204088771,0.5645132445709713
0.0,0.6235670686318247,-0.4765530689943358,0.8521802307682835,0.7260948042226851,0.7144590250659411,0.575385257180168
0.0,0.6235670686318247,-0.4765530689943358,0.6807379652402183,0.7468050566044178,0.7661515945364937,0.4282530942915213
0.0,0.6235670686318247,-0.4765530689943358,0.6025435654456996,0.740396043243257,0.7538438602705415,0.5937934674450639
0.0,0.6235670686318247,-0.4765530689943358,0.5869842562396579,0.7271165519247051,0.7199975910391733,0.7945711518422242
0.0,0.6235670686318247,-0.4765530689943358,0.5651784988315037,0.7095261774741795,0.6979718713609985,0.7527797497599528
0.0,0.6235670686318247,-0.4765530689943358,0.5579033338058146,0.6950218634425618,0.7138437239061973,0.707209361266808
0.0,0.6235670686318247,-0.4765530689943358,0.4899015186389533,0.6494189481064124,0.6769205211083412,0.6218039991182667
0.0,0.6235670686318247,-0.4765530689943358,0.2801875200815498,0.6880174749339539,0.6953821225072692,0.7032517248377191
0.0,0.6235670686318247,-0.4765530689943358,0.328046694783238,0.6537999303530778,0.6461511854434606,0.8182070409494545
0.0,0.6235670686318247,-0.4765530689943358,0.3251056729466515,0.6944008702550182,0.6799974546748291,0.93006173731516
0.0,0.6235670686318247,-0.4765530689943358,0.3184539911880915,0.6729491816614083,0.6799974546748291,0.9229503895389526
0.0,0.6235670686318247,-0.4765530689943358,0.297846816824913,0.6624317653989532,0.6799974546748291,0.7504797771139076
0.0,0.6235670686318247,-0.4765530689943358,0.2580648682855573,0.6184860781027369,0.6246126504780444,0.911151995806466
0.0,0.6235670686318247,-0.4765530689943358,0.1959964496649705,0.6487426828290425,0.6769205211083412,0.947222499828354
0.0,0.6235670686318247,-0.4765530689943358,0.158822471632996,0.5686764511674768,0.6030741155126284,0.9369241340666388
0.0,0.6235670686318247,-0.4765530689943358,0.2134016894221902,0.5443702841393131,0.52307384278394,0.9706542174861952
0.0,0.6235670686318247,-0.4765530689943358,0.2538162258834725,0.5191595836257565,0.52307384278394,0.9753087762995816
0.0,0.6235670686318247,-0.4765530689943358,0.1973001838310588,0.5637842551953065,0.5876894476801885,0.9459295115412092
0.0,0.6235670686318247,-0.4765530689943358,0.1635043820681705,0.5147735457459713,0.5390517389592142,0.9659667032467748
0.0,0.6235670686318247,-0.4765530689943358,0.2520916252284788,0.5461485074996354,0.5306079026254205,0.9474092862661412
0.0,0.6235670686318247,-0.4765530689943358,0.4195062491119142,0.553963369227014,0.544612377749356,0.984464765339312
0.0,0.6235670686318247,-0.4765530689943358,0.3820349396913779,0.5783832667582257,0.5530810673905614,0.98031097680962
0.0,0.6235670686318247,-0.4765530689943358,0.536279494823971,0.6775175197237034,0.6691613698665146,0.9835767834335678
0.0,0.6235670686318247,-0.4765530689943358,0.5548687982126406,0.7543534992116565,0.7692285281029818,0.9917578655095428
0.0,0.6235670686318247,-0.4765530689943358,0.3559224840607407,0.7571631566971194,0.7538438602705415,0.9966075227864656
0.0,0.6235670686318247,-0.4765530689943358,0.2823992088513489,0.7752932518464581,0.7538438602705415,0.9926232527537436
0.0,0.6235670686318247,-0.4765530689943358,0.2683792631508988,0.7614354640738565,0.7538438602705415,0.9837409752098112
0.0,0.6235670686318247,-0.4765530689943358,0.2805599157463542,0.7642680630877641,0.7538438602705415,0.9569365653011346
0.0,0.6235670686318247,-0.4765530689943358,0.2274779442466747,0.7535642256645411,0.7384591924381015,0.911361025693441
0.0,0.6235670686318247,-0.4765530689943358,0.2307187865141416,0.7652971180914367,0.7938439966348859,0.8346959927617768
0.0,0.6235670686318247,-0.4765530689943358,0.1838737437213908,0.7748435129203216,0.7938439966348859,0.7069978143579511
0.0,0.6235670686318247,-0.4765530689943358,0.1657077521965362,0.8230150297560187,0.7938439966348859,0.8178186586195525
0.0,0.6235670686318247,-0.4765530689943358,0.1003364290032992,0.8492010001343392,0.867691856641015,0.8064738556443244
0.0,0.6235670686318247,-0.4765530689943358,0.1548202444204623,0.9219939600770646,0.8705733003368114,0.8053706976353819
0.0,0.6235670686318247,-0.4765530689943358,0.0709008398727462,0.9725885271596224,0.9199997272713114,0.8255936221416678
0.0,0.6235670686318247,-0.4765530689943358,0.0579543810070525,0.934704756396064,0.9199997272713114,0.979599947395706
0.0,0.6235670686318247,-0.4765530689943358,0.0931189377081789,0.0052506381034122,0.0307692043268072,0.951042226872477
0.0,0.6235670686318247,-0.4765530689943358,0.0877913391283478,0.1054061654691222,0.0307692043268072,0.9289101705365372
0.0,0.6235670686318247,-0.4765530689943358,0.1486432928999325,0.0756017425168893,0.1199999622762298,0.8809617231836187
0.0,0.6235670686318247,-0.4765530689943358,0.21497607418988,0.0754004890207175,0.0559726129224942,0.920483591023997
0.0,0.6235670686318247,-0.4765530689943358,0.1669019248331927,0.0653615098371103,0.1076922707870547,0.8500446165908553
0.0,0.6235670686318247,-0.4765530689943358,0.1435002327909579,0.082879873378907,0.0430768904688852,0.9326274606436098
0.0,0.6235670686318247,-0.4765530689943358,0.2504614553456638,0.0571543904576422,0.0430768904688852,0.6816421554161282
0.0,0.6235670686318247,-0.4765530689943358,0.1918760366097077,0.0681072549858071,0.0430768904688852,0.5582599671148896
0.0,0.6235670686318247,-0.4765530689943358,0.2967276647970902,0.0957826297508425,0.0769230474112139,0.5213400560109805
0.0,0.6235670686318247,-0.4765530689943358,0.3483417781735792,0.1035675187961515,0.1076922707870547,0.6071054108240128
0.0,0.6235670686318247,-0.4765530689943358,0.3439874824751771,0.0937739289982768,0.1046153479147609,0.6417611144067553
0.0,0.6235670686318247,-0.4765530689943358,0.3716525328363633,0.1015543890540667,0.0799999649364106,0.94778994192422
0.0,0.6235670686318247,-0.4765530689943358,0.400845986183457,0.0819283522445145,0.0799999649364106,0.9252196896392754
0.0,0.6235670686318247,-0.4765530689943358,0.3641423061474891,0.1100332168505106,0.1226155589974351,0.9829640349438292
0.0,0.6235670686318247,-0.4765530689943358,0.368980960747628,0.0971454627512269,0.1138461165316422,0.9818398627289434
0.0,0.6235670686318247,-0.4765530689943358,0.2634976398202056,0.0779517622315351,0.0984615021701733,0.9368653059970756
0.0,0.6235670686318247,-0.4765530689943358,0.3139884745987118,0.0563418461286648,0.0584615048303541,0.8525958816773329
0.0,0.6235670686318247,-0.4765530689943358,0.3747268057718184,0.0653657370261477,0.0584615048303541,0.8944325316180843
0.0,0.6235670686318247,-0.4765530689943358,0.3279999706555011,0.076040993128517,0.0923076564255857,0.9024866504275096
0.0,0.6235670686318247,-0.4765530689943358,0.2956023338308798,0.0946768587008945,0.0861538213751924,0.7227152696958032
0.0,0.6235670686318247,-0.4765530689943358,0.3258427351448496,0.0823063404783329,0.0861538213751924,0.7162878494467361
0.0,0.6235670686318247,-0.4765530689943358,0.3229826508510298,0.0681283749993774,0.0861538213751924,0.6695500896189664
0.0,0.6235670686318247,-0.4765530689943358,0.3252214352481754,0.0842394244661945,0.0830768878087044,0.7301390793977102
0.0,0.6235670686318247,-0.4765530689943358,0.3634173834890208,0.085957251066563,0.0769230474112139,0.7335128838210051
0.0,0.6235670686318247,-0.4765530689943358,0.3162442456179973,0.0859828425539644,0.0769230474112139,0.7270142845345362
0.0,0.6235670686318247,-0.4765530689943358,0.3529969859880891,0.0587908489795785,0.0769230474112139,0.7344681814282397
0.0,0.6235670686318247,-0.4765530689943358,0.3807597640108411,0.0730893902463425,0.0769230474112139,0.6617463852190846
0.0,0.6235670686318247,-0.4765530689943358,0.3664363734845554,0.0999998243539228,0.0769230474112139,0.6799026591542294
0.0,0.6235670686318247,-0.4765530689943358,0.3711604011358068,0.1070810032563521,0.1138461165316422,0.6702968841577592
0.0,0.6235670686318247,-0.4765530689943358,0.3408851750630798,0.1058509124886064,0.1138461165316422,0.7768173087312054
0.0,0.6235670686318247,-0.4765530689943358,0.2652310612918374,0.1169942501187897,0.1138461165316422,0.8751224080240052
0.0,0.6235670686318247,-0.4765530689943358,0.294091987318635,0.1774455811710687,0.1507691909991676,0.9481875728461528
0.0,0.6235670686318247,-0.4765530689943358,0.2993616829139996,0.1814139345380718,0.1630768717941485,0.9835870271272728
0.0,0.6235670686318247,-0.4765530689943358,0.3026917813656668,0.1553475256346123,0.1568266499710778,0.9913303230019912
0.0,0.6235670686318247,-0.4765530689943358,0.2538272519042702,0.1566509018404447,0.1630768717941485,0.9897875641946218
0.0,0.6235670686318247,-0.4765530689943358,0.2805250691538924,0.1542240386265877,0.144769170544516,0.9782506480608798
0.0,0.6235670686318247,-0.4765530689943358,0.347079615380954,0.1313465765244626,0.1471618147042236,0.9045024337424812
0.0,0.6235670686318247,-0.4765530689943358,0.2790826909639118,0.1505551465533315,0.1576938635703188,0.8205640856032849
0.0,0.6235670686318247,-0.4765530689943358,0.2043184753227174,0.1391139407910987,0.1323076430712107,0.7898104683620538
0.0,0.6235670686318247,-0.4765530689943358,0.2482507272588648,0.1720521977710093,0.1597491914553352,0.9115329441415077
0.0,0.6235670686318247,-0.4765530689943358,0.2743000179822391,0.166608969651973,0.1723076511052241,0.9462971723421308
0.0,0.6235670686318247,-0.4765530689943358,0.2635073558187303,0.1602894388728238,0.1656922653256633,0.9869909772777568
0.0,0.6235670686318247,-0.4765530689943358,0.2713277521144415,0.1677505018714916,0.1798616021479896,0.9540176394137354
0.0,0.6235670686318247,-0.4765530689943358,0.2627406871171624,0.1726843006061238,0.1599999489218547,0.8877909303674932
0.0,0.6235670686318247,-0.4765530689943358,0.2402118847491311,0.1453825328802386,0.1599999489218547,0.7868892595943432
0.0,0.6235670686318247,-0.4765530689943358,0.2368449746715926,0.1628113076292439,0.1599999489218547,0.69468108972399
0.0,0.6235670686318247,-0.4765530689943358,0.2325997383274177,0.1507224816369627,0.1670572615841541,0.6693254307821671
0.0,0.6235670686318247,-0.4765530689943358,0.2388706839460351,0.1705792348130132,0.1599999489218547,0.563419276618667
0.0,0.6235670686318247,-0.4765530689943358,0.2575568416480884,0.1698996663803901,0.1599999489218547,0.3741734157760924
0.0,0.6235670686318247,-0.4765530689943358,0.3241105363606725,0.1919553119524581,0.1846152998176223,0.2761803979289402
0.0,0.6235670686318247,-0.4765530689943358,0.2245447607100215,0.1767395981175004,0.1538461031772672,0.2133798824823702
0.0,0.6235670686318247,-0.4765530689943358,0.2219268995344792,0.1711104267862057,0.1538461031772672,0.1743661750190019
0.0,0.6235670686318247,-0.4765530689943358,0.2160724318301526,0.1923451692409232,0.1538461031772672,0.22227420368333
0.0,0.6235670686318247,-0.4765530689943358,0.305029996453333,0.1962568697779619,0.1846152998176223,0.4200022087598705
0.0,0.6235670686318247,-0.4765530689943358,0.262364164882198,0.2049288100143032,0.1846152998176223,0.4621806761257104
0.0,0.6235670686318247,-0.4765530689943358,0.2890058695111268,0.2211963716862862,0.2304697375459156,0.3413290606496653
0.0,0.6235670686318247,-0.4765530689943358,0.2084279933594098,0.1948402941229806,0.2123075094205182,0.5169350335762487
0.0,0.6235670686318247,-0.4765530689943358,0.1705048790906209,0.183880722384069,0.2123075094205182,0.7756877512602002
0.0,0.6235670686318247,-0.4765530689943358,0.1535619461935425,0.1887802469000482,0.2123075094205182,0.8888508307213042
0.0,0.6235670686318247,-0.4765530689943358,0.1513860865329098,0.1871480421198443,0.2123075094205182,0.7883782243759132
0.0,0.6235670686318247,-0.4765530689943358,0.2015790877476498,0.1994439366484933,0.2123075094205182,0.7061023399219539
0.0,0.6235670686318247,-0.4765530689943358,0.2390653095883936,0.189153450338235,0.2123075094205182,0.5199971955693405
0.0,0.6235670686318247,-0.4765530689943358,0.2392106565595828,0.2088782578624956,0.2123075094205182,0.3906293536269881
0.0,0.6235670686318247,-0.4765530689943358,0.2740144331267254,0.2059256831516856,0.2123075094205182,0.5168562449378089
0.0,0.6235670686318247,-0.4765530689943358,0.2216484979677625,0.2209538924759212,0.2123075094205182,0.5421074767392331
0.0,0.6235670686318247,-0.4765530689943358,0.1921142859937571,0.2396239632299448,0.2123075094205182,0.408814017227544
0.0,0.6235670686318247,-0.4765530689943358,0.2353561343583297,0.2722367054118147,0.2415156210568135,0.2040447458735868
0.0,0.6235670686318247,-0.4765530689943358,0.216449827413299,0.2832116989559585,0.2799995773387081,0.1984999076402966
0.0,0.6235670686318247,-0.4765530689943358,0.2282454426290155,0.2772677613575425,0.2799995773387081,0.369906741741771
0.0,0.6235670686318247,-0.4765530689943358,0.2396006065228454,0.317392834481507,0.2799995773387081,0.4827935341498023
0.0,0.6235670686318247,-0.4765530689943358,0.2307154022899364,0.3171225917732929,0.3199994356540022,0.4854153929197557
0.0,0.6235670686318247,-0.4765530689943358,0.1734618613652336,0.3004248552008191,0.3199994356540022,0.605576290763119
0.0,0.6235670686318247,-0.4765530689943358,0.242737105516268,0.3023157894407029,0.3199994356540022,0.6218633540063633
0.0,0.6235670686318247,-0.4765530689943358,0.1556638769305689,0.3046770462558553,0.3199994356540022,0.6714634945322803
0.0,0.6235670686318247,-0.4765530689943358,0.239520040153056,0.2992620170988654,0.3323070629780119,0.5194496555069587
0.0,0.6235670686318247,-0.4765530689943358,0.2509450719014458,0.3220975047007994,0.3199994356540022,0.4917981213965727
0.0,0.6235670686318247,-0.4765530689943358,0.2171824792031781,0.368553802410773,0.393845584589053,0.4273627709700729
0.0,0.6235670686318247,-0.4765530689943358,0.1920961858526852,0.3483038250645366,0.3599493948589764,0.3063123400330614
0.0,0.6235670686318247,-0.4765530689943358,0.1391680437184126,0.3707632840215402,0.3599993153576848,0.2787188730321348
0.0,0.6235670686318247,-0.4765530689943358,0.1409877847409828,0.3769757224713809,0.3599993153576848,0.2749690079790801
0.0,0.6235670686318247,-0.4765530689943358,0.138336321494138,0.4274646310701583,0.3853015650436271,0.2221298846728743
0.0,0.6235670686318247,-0.4765530689943358,0.135611846339278,0.4361927780511886,0.4092302524214931,0.2765739021056947
0.0,0.6235670686318247,-0.4765530689943358,0.1619025305001569,0.6004888738811287,0.6000001335437504,0.4039105659248219
0.0,0.6235670686318247,-0.4765530689943358,0.0866410740715413,0.4062922768275163,0.4461534552193494,0.4755775250916259
0.0,0.6235670686318247,-0.4765530689943358,0.1162372173485027,0.3962562503035885,0.4030763852885171,0.4520110004246266
0.0,0.6235670686318247,-0.4765530689943358,0.1703824793429137,0.4005937710991448,0.4030763852885171,0.4313313535175781
0.0,0.6235670686318247,-0.4765530689943358,0.1663443575200998,0.388255689648745,0.4030763852885171,0.3607253776093482
0.0,0.6235670686318247,-0.4765530689943358,0.1562103963891594,0.3903983009525276,0.4030763852885171,0.3246262205127822
0.0,0.6235670686318247,-0.4765530689943358,0.1786423007763978,0.3719493610421219,0.4030763852885171,0.4776411610900479
0.0,0.6235670686318247,-0.4765530689943358,0.1843930802178165,0.4027748307052278,0.4030763852885171,0.4487398085445597
0.0,0.6235670686318247,-0.4765530689943358,0.1857351543690945,0.4404231534120466,0.4030763852885171,0.4380661138454924
0.0,0.6235670686318247,-0.4765530689943358,0.2265531776904604,0.3983398933824063,0.4030763852885171,0.3914101864965778
0.0,0.6235670686318247,-0.4765530689943358,0.285900287043347,0.3923355006081078,0.4030763852885171,0.3968470708320651
0.0,0.6235670686318247,-0.4765530689943358,0.2908816030690154,0.3950836408098899,0.4092302524214931,0.5687246319269819
0.0,0.6235670686318247,-0.4765530689943358,0.2581073130072024,0.3858657771651929,0.4092302524214931,0.5903340257423949
0.0,0.6235670686318247,-0.4765530689943358,0.2108404430425459,0.4006152256766716,0.4092302524214931,0.546917271413795
0.0,0.6235670686318247,-0.4765530689943358,0.2016654182154405,0.3856923137195651,0.4092302524214931,0.6244051363592397
0.0,0.6235670686318247,-0.4765530689943358,0.2588860557473865,0.3794822968755046,0.4092302524214931,0.7110884431990275
0.0,0.6235670686318247,-0.4765530689943358,0.179453008060043,0.4299442704205156,0.4092302524214931,0.6195160262277045
0.0,0.6235670686318247,-0.4765530689943358,0.1560247225656664,0.6845216108421281,0.6549364660109218,0.3723443896312117
0.0,0.6235670686318247,-0.4765530689943358,0.1823789864741947,0.7667562842691321,0.7569237026578627,0.3879471155995675
0.0,0.6235670686318247,-0.4765530689943358,0.2837571561058348,0.7671537674915891,0.7569237026578627,0.6369410760384884
0.0,0.6235670686318247,-0.4765530689943358,0.2628409256547513,0.7485233770849123,0.7569237026578627,0.5557061850065301
0.0,0.6235670686318247,-0.4765530689943358,0.2105665173852619,0.7564120340621211,0.7569237026578627,0.6228490900177498
0.0,0.6235670686318247,-0.4765530689943358,0.2086566577471617,0.7788299858463648,0.7569237026578627,0.7534561847568401
0.0,0.6235670686318247,-0.4765530689943358,0.1845076416655902,0.7829959125060184,0.7569237026578627,0.8239836061682007
0.0,0.6235670686318247,-0.4765530689943358,0.1065685542952268,0.8050768787279992,0.812308506854647,0.8392153933536493
0.0,0.6235670686318247,-0.4765530689943358,0.1394733444091349,0.7834529587338076,0.812308506854647,0.9077258022067936
0.0,0.6235670686318247,-0.4765530689943358,0.1879356861158686,0.7470715182088695,0.812308506854647,0.939694906875367
0.0,0.6235670686318247,-0.4765530689943358,0.2071506998095315,0.7519155794556186,0.7600006362243508,0.9584084377480654
0.0,0.6235670686318247,-0.4765530689943358,0.132438284632382,0.7761913702007492,0.7600006362243508,0.9858514687900096
0.0,0.6235670686318247,-0.4765530689943358,0.0242171754487503,0.9214635009582528,0.8492317096525034,0.9913883901114507
0.0,0.6235670686318247,-0.4765530689943358,0.0749760134921814,0.8650333737570234,0.8707702446179195,0.961353646026742
0.0,0.6235670686318247,-0.4765530689943358,0.1127578091082704,0.8731969042324469,0.8707702446179195,0.9333305877795228
0.0,0.6235670686318247,-0.4765530689943358,0.1325782932628086,0.8248059134412972,0.8400009089530394,0.9344184680509968
0.0,0.6235670686318247,-0.4765530689943358,0.150200516375846,0.9223759790099778,0.938462783080656,0.952930110354617
0.0,0.6235670686318247,-0.4765530689943358,0.1141225466448714,0.017736347891062,0.9907706537109524,0.8396687499693375
0.0,0.6235670686318247,-0.4765530689943358,0.2098351537839513,0.9669588460165846,0.9907706537109524,0.8514065010350904
0.0,0.6235670686318247,-0.4765530689943358,0.192895801614419,0.9638765242171268,0.9907706537109524,0.9013198059114182
0.0,0.6235670686318247,-0.4765530689943358,0.1576661149726201,0.9367605722505647,0.9907706537109524,0.7056464077489913
0.0,0.6235670686318247,-0.4765530689943358,0.1988250715905338,0.9224492219637526,0.8923087795833358,0.8803822813322696
0.0,0.6235670686318247,-0.4765530689943358,0.1161081146534986,0.9353742241835248,0.9815398530114884,0.9177332470672862
0.0,0.6235670686318247,-0.4765530689943358,0.1675022643734988,0.9407129727584366,0.8953857131498237,0.91904174723347
0.0,0.6235670686318247,-0.4765530689943358,0.23156233168943,0.9630898846973516,0.9846167865779764,0.9210768472279997
0.0,0.6235670686318247,-0.4765530689943358,0.1938996716822179,0.9607153515347197,0.9846167865779764,0.7231497779150742
0.0,0.6235670686318247,-0.4765530689943358,0.117733055364074,0.9615647828675342,0.9846167865779764,0.805316962144975
0.0,0.6235670686318247,-0.4765530689943358,0.1827148980186961,0.9248918999627272,0.9846167865779764,0.7756716540272351
0.0,0.6235670686318247,-0.4765530689943358,0.1630058530921809,0.925615407794968,0.9138473145487516,0.7455018687917979
0.0,0.6235670686318247,-0.4765530689943358,0.1901167421981842,0.8953153416175538,0.9138473145487516,0.7736686314278506
0.0,0.6235670686318247,-0.4765530689943358,0.1587126262654051,0.9554982780291876,0.9138473145487516,0.7213379319079216
0.0,0.6235670686318247,-0.4765530689943358,0.2021209347934666,0.9400817408517168,0.9753859858785124,0.7150938445084781
0.0,0.6235670686318247,-0.4765530689943358,0.1139750818043408,0.9331587522847749,0.9753859858785124,0.667645874762291
0.0,0.6235670686318247,-0.4765530689943358,0.0690922886237578,0.8471210531906599,0.8738471781844075,0.5074059399440847
0.0,0.6235670686318247,-0.4765530689943358,0.1669485179587023,0.8920452391593469,0.8738471781844075,0.5424085827987682
0.0,0.6235670686318247,-0.4765530689943358,0.1963162261018095,0.8949688395694176,0.8738471781844075,0.8603765231325304
0.0,0.6235670686318247,-0.4765530689943358,0.1436800551816315,0.9491771222251072,0.923078115248216,0.931638095437882
0.0,0.6235670686318247,-0.4765530689943358,0.1065724079440798,0.9811111350395147,0.9784629194450002,0.9891007098978516
0.0,0.6235670686318247,-0.4765530689943358,0.1414065661111037,0.8951031749637539,0.8584625103519673,0.9867423189299914
0.0,0.6235670686318247,-0.4765530689943358,0.1260445462593755,0.9408111115190048,0.9107703809822638,0.9657180448990096
0.0,0.6235670686318247,-0.4765530689943358,0.1361861819374653,0.9496530314873952,0.9107703809822638,0.9878802469621384
0.0,0.6235670686318247,-0.4765530689943358,0.1718496169538541,0.967532639133569,0.9405962320545894,0.9499518295791212
0.0,0.6235670686318247,-0.4765530689943358,0.0950787419454372,0.0565559989240476,0.0338475789359689,0.974337381459382
0.0,0.6235670686318247,-0.4765530689943358,0.1073515000235367,0.0950882767776663,0.0857188884954862,0.9180215924112346
0.0,0.6235670686318247,-0.4765530689943358,0.0663683593115117,0.0845562618435225,0.1015398794528836,0.9483351405708976
0.0,0.6235670686318247,-0.4765530689943358,0.0448590271931803,0.0248251168813453,0.1015398794528836,0.9887580437095702
0.0,0.6235670686318247,-0.4765530689943358,0.0432563950702289,0.0124707002130069,0.1015398794528836,0.987515922678595
0.0,0.6235670686318247,-0.4765530689943358,0.0013035076414035,0.1267722269320286,0.1015398794528836,0.9882451565996078
0.0,0.6235670686318247,-0.4765530689943358,0.0436140529844621,0.2675264697476589,0.2523088221462288,0.9670668174153022
0.0,0.6235670686318247,-0.4765530689943358,0.059417119126526,0.2860439580953705,0.2523088221462288,0.9442123172638912
0.0,0.6235670686318247,-0.4765530689943358,0.1198932493416919,0.3353219363510845,0.3292316052103289,0.9720882175341136
0.0,0.6235670686318247,-0.4765530689943358,0.0952039800747359,0.3186264514471433,0.3446161661008266,0.8965201963951688
0.0,0.6235670686318247,-0.4765530689943358,0.1021517923681071,0.4515966549037032,0.4307702417973258,0.9145859160779612
0.0,0.6235670686318247,-0.4765530689943358,0.0927648932720487,0.4495823887062742,0.418410063202825,0.5906845356732846
0.0,0.6235670686318247,-0.4765530689943358,0.0878470587423594,0.4509085789876153,0.4716945276510405,0.8319968087381985
0.0,0.6235670686318247,-0.4765530689943358,0.0795398472531496,0.4274758894128209,0.4246163746643498,0.7173716322407279
0.0,0.6235670686318247,-0.4765530689943358,0.1421578748015207,0.4129833435356089,0.3907701054329815,0.8627604355315642
0.0,0.6235670686318247,-0.4765530689943358,0.1291790474688317,0.4314372541105108,0.3907701054329815,0.983260809384312
0.0,0.6235670686318247,-0.4765530689943358,0.1569242275257164,0.3758868920408167,0.3907701054329815,0.9882618977218912
0.0,0.6235670686318247,-0.4765530689943358,0.1980832278110392,0.400979018839765,0.3907701054329815,0.9807077882360564
0.0,0.6235670686318247,-0.4765530689943358,0.230871404108946,0.364122391285842,0.3907701054329815,0.9844412341114868
0.0,0.6235670686318247,-0.4765530689943358,0.2273753695026989,0.3570691033341975,0.3907701054329815,0.9826580704467084
0.0,0.6235670686318247,-0.4765530689943358,0.1987518413454732,0.3731407910860075,0.3907701054329815,0.980736412043038
0.0,0.6235670686318247,-0.4765530689943358,0.1951132981496284,0.4184100771205367,0.3907701054329815,0.9932657372229228
0.0,0.6235670686318247,-0.4765530689943358,0.1819416355383541,0.393355081610219,0.3907701054329815,0.9906440540591472
0.0,0.6235670686318247,-0.4765530689943358,0.2287279019984564,0.4551238724177366,0.4430779760632779,0.9912942652001496
0.0,0.6235670686318247,-0.4765530689943358,0.2349109014551465,0.4592030036281084,0.4769242452946461,0.9864818364329208
0.0,0.6235670686318247,-0.4765530689943358,0.2861312658037812,0.468008599509795,0.4769242452946461,0.9811789981464876
0.0,0.6235670686318247,-0.4765530689943358,0.3155462220835345,0.4297970197953513,0.4369241089303018,0.9850565581584996
0.0,0.6235670686318247,-0.4765530689943358,0.2818487156585303,0.3852751602606822,0.3938470389994695,0.985590986292939
0.0,0.6235670686318247,-0.4765530689943358,0.342335238717062,0.3638958649346083,0.3653638654022577,0.9709125927091322
0.0,0.6235670686318247,-0.4765530689943358,0.3578412300165928,0.365287608509264,0.3600007697681013,0.9895432374659088
0.0,0.6235670686318247,-0.4765530689943358,0.3524563834634316,0.341297864636387,0.3600007697681013,0.7167964634730388
0.0,0.6235670686318247,-0.4765530689943358,0.3054408849392591,0.3643514242114798,0.3600007697681013,0.9525731615305414
0.0,0.6235670686318247,-0.4765530689943358,0.2931614129970105,0.3857035720622278,0.3621499605959546,0.988742707436709
0.0,0.6235670686318247,-0.4765530689943358,0.2992367941239737,0.3914933765769461,0.3815393047335175,0.9594552847093264
0.0,0.6235670686318247,-0.4765530689943358,0.3395375114834369,0.357295119873688,0.3815393047335175,0.9225804458577196
0.0,0.6235670686318247,-0.4765530689943358,0.3466263040070874,0.3709247244068905,0.3815393047335175,0.9844553411411034
0.0,0.6235670686318247,-0.4765530689943358,0.3648945646040541,0.3626929216421886,0.3693791503480656,0.9888271154728384
0.0,0.6235670686318247,-0.4765530689943358,0.306193580069915,0.3585101287106971,0.3784623711670294,0.9788127049006266
0.0,0.6235670686318247,-0.4765530689943358,0.251793769831008,0.3906880439599195,0.3784623711670294,0.2476436477101102
0.0,0.6235670686318247,-0.4765530689943358,0.3103557391682773,0.3692920947835673,0.3784623711670294,0.0033267769516877
0.0,0.6235670686318247,-0.4765530689943358,0.3610349333159363,0.3582609582212024,0.3784623711670294,0.7311193130821922
0.0,0.6235670686318247,-0.4765530689943358,0.3751395064552222,0.3471650755674496,0.3476930782789262,0.9881486902726028
0.0,0.6235670686318247,-0.4765530689943358,0.3605041996257354,0.3529704930668039,0.3476930782789262,1.0
0.0,0.6235670686318247,-0.4765530689943358,0.2184534846461459,0.3641717580563097,0.3630777033345893,0.9870083037539664
0.0,0.6235670686318247,-0.4765530689943358,0.2528077489040136,0.3541700163721129,0.3278436057400297,0.9873345800323198
0.0,0.6235670686318247,-0.4765530689943358,0.2564687808155448,0.3543493001684756,0.3876931718664935,0.995829236206454
0.0,0.6235670686318247,-0.4765530689943358,0.185649304242804,0.3437760595201386,0.3292316052103289,0.9914924660394938
0.0,0.6235670686318247,-0.4765530689943358,0.2230828413544687,0.3355663485976425,0.3292316052103289,0.992668559147616
0.0,0.6235670686318247,-0.4765530689943358,0.2077624802110219,0.3470896871559222,0.3569238362016133,0.9942706728430822
0.0,0.6235670686318247,-0.4765530689943358,0.1896262261917644,0.3473425112962433,0.3569238362016133,0.9842053950147008
0.0,0.6235670686318247,-0.4765530689943358,0.1543421954593405,0.3012070763521535,0.3242607084556991,0.9888033501034428
0.0,0.6235670686318247,-0.4765530689943358,0.1785947033004788,0.2867021887823246,0.3015394169958215,0.9902263454975524
0.0,0.6235670686318247,-0.4765530689943358,0.2377206808936832,0.3005136049284498,0.3015394169958215,0.988264590349951
0.0,0.6235670686318247,-0.4765530689943358,0.1329489531481014,0.3996411453726419,0.3753854376005414,0.9750217187342702
0.0,0.6235670686318247,-0.4765530689943358,0.156082909388292,0.3657537038954953,0.3753854376005414,0.9860732593925716
0.0,0.6235670686318247,-0.4765530689943358,0.0918291771130025,0.3611539274423685,0.3753854376005414,0.992050776614114
0.0,0.6235670686318247,-0.4765530689943358,0.1050949866582965,0.4416249921123559,0.3965947624904996,0.987801224182128
0.0,0.6235670686318247,-0.4765530689943358,0.1834334670691404,0.3538863273791716,0.3600007697681013,0.9844100347472308
0.0,0.6235670686318247,-0.4765530689943358,0.0754661583256238,0.3939507116635379,0.4246163746643498,0.9926133017370016
0.0,0.6235670686318247,-0.4765530689943358,0.0685103330626827,0.4915161039579058,0.446941360674113,0.9822624882635166
0.0,0.6235670686318247,-0.4765530689943358,0.1265148224216775,0.4414696694679241,0.4738473117281581,0.9785563784164304
0.0,0.6235670686318247,-0.4765530689943358,0.0989679142358111,0.5418665561840891,0.5783501650743624,0.990075324184644
0.0,0.6235670686318247,-0.4765530689943358,0.1288555811359238,0.5527671384558801,0.5692322522892866,0.9811140238607016
0.0,0.6235670686318247,-0.4765530689943358,0.1778535581995298,0.5313488000471385,0.5600014515898226,0.9869807921194444
0.0,0.6235670686318247,-0.4765530689943358,0.1740916764066822,0.5778994129296061,0.5600014515898226,0.989878879407078
0.0,0.6235670686318247,-0.4765530689943358,0.2276708668600783,0.5573539147095548,0.5600014515898226,0.9941463436691996
0.0,0.6235670686318247,-0.4765530689943358,0.2016088252532469,0.6090944961065405,0.587693853688215,0.98191970500445
0.0,0.6235670686318247,-0.4765530689943358,0.2765761816815743,0.5988584959263379,0.5967645836883074,0.9941312415379088
0.0,0.6235670686318247,-0.4765530689943358,0.2806262028733679,0.5642034903854741,0.5692322522892866,0.9981451304792864
0.0,0.6235670686318247,-0.4765530689943358,0.2850170481931867,0.5374759724829272,0.5200013152254783,0.9932856392564068
0.0,0.6235670686318247,-0.4765530689943358,0.3179569032366022,0.5393858972102452,0.5200013152254783,0.987659685602821
0.0,0.6235670686318247,-0.4765530689943358,0.4006350289300953,0.5541539963346632,0.5446167837573825,0.9884530743141234
0.0,0.6235670686318247,-0.4765530689943358,0.3983266823502533,0.5288656344988905,0.5446167837573825,0.9961285862042112
0.0,0.6235670686318247,-0.4765530689943358,0.4236924689526905,0.5621521353837267,0.5446167837573825,0.9867578893444232
0.0,0.6235670686318247,-0.4765530689943358,0.4018954886937654,0.5429360562527232,0.5446167837573825,0.9882752437914042
0.0,0.6235670686318247,-0.4765530689943358,0.4908828126562476,0.5296025248893907,0.5292321159249423,0.9836297579638708
0.0,0.6235670686318247,-0.4765530689943358,0.4727828025865428,0.5468348840432459,0.5569245180233346,0.9943367007659352
0.0,0.6235670686318247,-0.4765530689943358,0.5095820269136216,0.5695283890746956,0.5600014515898226,0.9884523718894124
0.0,0.6235670686318247,-0.4765530689943358,0.4795401594751248,0.5668706554887096,0.5815399865552389,0.990892829477698
0.0,0.6235670686318247,-0.4765530689943358,0.4826482309852232,0.5855986748442115,0.5815399865552389,0.9871452765726508
0.0,0.6235670686318247,-0.4765530689943358,0.4731765516143972,0.5919760373929817,0.5815399865552389,0.9913231816840942
0.0,0.6235670686318247,-0.4765530689943358,0.4147995574220753,0.6033735586614675,0.6123093222201189,0.9876544174174868
0.0,0.6235670686318247,-0.4765530689943358,0.4042387692008872,0.6028674855377062,0.6123093222201189,0.986741499434495
0.0,0.6235670686318247,-0.4765530689943358,0.4385081658491692,0.6052468619118982,0.6123093222201189,0.9811173603780796
0.0,0.6235670686318247,-0.4765530689943358,0.4320088396809589,0.6518607764191484,0.6387503752621997,0.9893275930795696
0.0,0.6235670686318247,-0.4765530689943358,0.3841906686764155,0.7309708136720087,0.7161618830030293,0.9880522239455976
0.0,0.6235670686318247,-0.4765530689943358,0.3945577482708361,0.8208945527787539,0.8059049944513524,0.990142405744564
0.0,0.6235670686318247,-0.4765530689943358,0.5579011941027687,0.7898784560079987,0.7828924573055658,0.9937666831127948
0.0,0.6235670686318247,-0.4765530689943358,0.5034467122676686,0.7869386265907692,0.7692328913342313,0.9851153862280628
0.0,0.6235670686318247,-0.4765530689943358,0.4341302460824439,0.7490925818962079,0.7507712899353031,0.989961297239859
0.0,0.6235670686318247,-0.4765530689943358,0.3649600220502949,0.7083602380174546,0.7046172864379826,0.9918453173860876
0.0,0.6235670686318247,-0.4765530689943358,0.3721640528665602,0.6757274432403519,0.6676940836401265,0.9867019295090972
0.0,0.6235670686318247,-0.4765530689943358,0.4399428149077391,0.6776952316005246,0.6492324822411983,0.9872931369743588
0.0,0.6235670686318247,-0.4765530689943358,0.5011860068311548,0.6722791190935805,0.6707710172066144,0.9884357478379138
0.0,0.6235670686318247,-0.4765530689943358,0.5366926758488748,0.6854631056789042,0.6984634193050067,0.9734057906861504
0.0,0.6235670686318247,-0.4765530689943358,0.5035782385038777,0.676628153137671,0.6861556850390547,0.9679159903557526
0.0,0.6235670686318247,-0.4765530689943358,0.4705201757840287,0.6730539904589502,0.6861556850390547,0.9759120420557184
0.0,0.6235670686318247,-0.4765530689943358,0.4297678719133583,0.6859213839517394,0.6861556850390547,0.9837632771943916
0.0,0.6235670686318247,-0.4765530689943358,0.3700219917805709,0.6925978785408385,0.6937554072331635,0.98365990369106
0.0,0.6235670686318247,-0.4765530689943358,0.4344095428310472,0.7011942391862487,0.723078887836911,0.9915649328555328
0.0,0.6235670686318247,-0.4765530689943358,0.4061721000713787,0.7110058210902274,0.6953864857385185,0.994263531525185
0.0,0.6235670686318247,-0.4765530689943358,0.493137710327351,0.7569179372486347,0.7353866221028631,0.9798875317795506
0.0,0.6235670686318247,-0.4765530689943358,0.3791473885972342,0.6884142359231085,0.7046172864379826,0.981771551925779
0.0,0.6235670686318247,-0.4765530689943358,0.4410178628523709,0.7046296056178801,0.6830787514725667,0.9918573756769632
0.0,0.6235670686318247,-0.4765530689943358,0.4503205930173891,0.6904923560413745,0.7015403528714947,0.9871293549458636
0.0,0.6235670686318247,-0.4765530689943358,0.4295664778225893,0.6820041604541491,0.7015403528714947,0.9796258200392352
0.0,0.6235670686318247,-0.4765530689943358,0.4882997980731668,0.6723571202902919,0.7015403528714947,0.9410043436078324
0.0,0.6235670686318247,-0.4765530689943358,0.3867272648036229,0.7078327952847905,0.7015403528714947,0.8580788333667966
0.0,0.6235670686318247,-0.4765530689943358,0.5367266054257455,0.7021194625315539,0.7032318321859126,0.9670703880742506
0.0,0.6235670686318247,-0.4765530689943358,0.4561189699347269,0.7147270219725529,0.7261558214033991,0.9910225439076996
0.0,0.6235670686318247,-0.4765530689943358,0.4983291975930176,0.6843840041557729,0.6861556850390547,0.994764945698198
0.0,0.6235670686318247,-0.4765530689943358,0.4015223506830063,0.7095074418926166,0.6861556850390547,0.993996961347284
0.0,0.6235670686318247,-0.4765530689943358,0.3906361965966146,0.6914520341636585,0.6830787514725667,0.9798414644255742
0.0,0.6235670686318247,-0.4765530689943358,0.4736415221864936,0.6904370839515477,0.6972583974981393,0.9982159583043324
0.0,0.6235670686318247,-0.4765530689943358,0.4869968062530332,0.6815843304836144,0.6830787514725667,0.9838218711223846
0.0,0.6235670686318247,-0.4765530689943358,0.4970662051196194,0.673013375456741,0.6830787514725667,0.9848587670669036
0.0,0.6235670686318247,-0.4765530689943358,0.4735947980587566,0.7140367368722444,0.7246929411850374,0.9942730142587862
0.0,0.6235670686318247,-0.4765530689943358,0.5111651888305405,0.6921175933944212,0.6646171500736386,0.9905190224605532
0.0,0.6235670686318247,-0.4765530689943358,0.4509350371308346,0.6869435564968787,0.7046172864379826,0.9939056461348276
0.0,0.6235670686318247,-0.4765530689943358,0.4629945344997423,0.6753591042558815,0.6861556850390547,0.9824592257180456
0.0,0.6235670686318247,-0.4765530689943358,0.4560942978485854,0.6959244851339181,0.6861556850390547,0.9916020442944412
0.0,0.6235670686318247,-0.4765530689943358,0.428931597361685,0.6913941280464921,0.6861556850390547,0.9900299007199864
0.0,0.6235670686318247,-0.4765530689943358,0.4403260400900003,0.7153022595561433,0.710771153570959,0.9954851651687502
0.0,0.6235670686318247,-0.4765530689943358,0.4627824855611529,0.6919776075865974,0.6738479507731024,0.9871485545546363
0.0,0.6235670686318247,-0.4765530689943358,0.4761123551955964,0.7167040719127274,0.6917254780594654,0.9886546702062384
0.0,0.6235670686318247,-0.4765530689943358,0.5502671703090962,0.7007736869824109,0.723078887836911,0.9848255189639068
0.0,0.6235670686318247,-0.4765530689943358,0.5542925194147483,0.7491319223690593,0.7492496344254032,0.9897773790363094
0.0,0.6235670686318247,-0.4765530689943358,0.442873334732437,0.7258139829207995,0.7491070166510297,0.9891709523689718
0.0,0.6235670686318247,-0.4765530689943358,0.423246275366507,0.7262129955784864,0.723078887836911,0.994971926846432
0.0,0.6235670686318247,-0.4765530689943358,0.3993184565457315,0.7419624398242747,0.7476943563688152,0.9905625727926478
0.0,0.6235670686318247,-0.4765530689943358,0.6095588657198351,0.7423425894474628,0.753848223501791,0.993153700481486
0.0,0.6235670686318247,-0.4765530689943358,0.6136603707869575,0.7298667313734599,0.7384635556693512,0.9901538786815136
0.0,0.6235670686318247,-0.4765530689943358,0.597272865499926,0.723139170641416,0.7384635556693512,0.9923592581331168
0.0,0.6235670686318247,-0.4765530689943358,0.5347912658544354,0.706391005190676,0.7261558214033991,0.9855329191834796
0.0,0.6235670686318247,-0.4765530689943358,0.4534808907487712,0.7153094818891722,0.7261558214033991,0.9853648640713246
0.0,0.6235670686318247,-0.4765530689943358,0.4992739856563041,0.7243352739596142,0.7202184903153773,0.9896265918649714
0.0,0.6235670686318247,-0.4765530689943358,0.4176636591175323,0.6969849785284221,0.6953864857385185,0.9907820805148984
0.0,0.6235670686318247,-0.4765530689943358,0.4577080706192833,0.6914783744370578,0.6953864857385185,0.9802845773475574
0.0,0.6235670686318247,-0.4765530689943358,0.5139895968511257,0.6871148957269098,0.6953864857385185,0.9907756416217124
0.0,0.6235670686318247,-0.4765530689943358,0.5142339596724489,0.6811344641045423,0.6744433607315614,0.9944904147069032
0.0,0.6235670686318247,-0.4765530689943358,0.4699152948331761,0.6725410773609672,0.6857141003705317,0.9896168749897996
0.0,0.6235670686318247,-0.4765530689943358,0.3457970162408701,0.636447765439568,0.6553863493741743,0.99151939232009
0.0,0.6235670686318247,-0.4765530689943358,0.3303823334937674,0.540427357633003,0.5323090067146538,0.998565180456585
0.0,0.6235670686318247,-0.4765530689943358,0.4394225177283131,0.5410212458295325,0.5323090067146538,0.9841808101498088
0.0,0.6235670686318247,-0.4765530689943358,0.4978345331827332,0.5778559514784974,0.58461687734495,0.9849567553141164
0.0,0.6235670686318247,-0.4765530689943358,0.6618928145016322,0.6430316442286503,0.6461555486747101,0.9873272045728522
0.0,0.6235670686318247,-0.4765530689943358,0.7530814998916612,0.6978977539703304,0.6861556850390547,0.986451632170339
0.0,0.6235670686318247,-0.4765530689943358,0.7580851736307888,0.7162348751717251,0.7049249797946319,0.9936361491872966
0.0,0.6235670686318247,-0.4765530689943358,0.9141487383568496,0.7208623513962329,0.7323096885363751,0.9925864925271908
0.0,0.6235670686318247,-0.4765530689943358,1.0,0.8118081780794936,0.7630790242012553,0.993674314263272
0.0,0.6235670686318247,-0.4765530689943358,0.7688888399813907,0.8191281400571496,0.7651376993690685,0.9967978798832012
0.0,0.6235670686318247,-0.4765530689943358,0.463118899280859,0.8132095655929584,0.8153868948315517,0.986047445284435
0.0,0.6235670686318247,-0.4765530689943358,,,,0.9885240192099548
0.0,0.6235670686318247,-0.4765530689943358,,,,0.9907126575392744
0.0,0.6235670686318247,-0.4765530689943358,0.4078939933470083,0.7199142714911069,0.7323096885363751,0.9893332124772594
0.0,0.6235670686318247,-0.4765530689943358,0.3701453085438692,0.7263037420687781,0.7323096885363751,0.977103471436702
0.0,0.6235670686318247,-0.4765530689943358,0.4482231600235001,0.7070505316491442,0.7092246447536471,0.9908781956295478
0.0,0.6235670686318247,-0.4765530689943358,0.3440553852963275,0.7269116925725579,0.7415404892358392,0.959729288882088
0.0,0.6235670686318247,-0.4765530689943358,0.3217461644949554,0.6965728807026594,0.710771153570959,0.9677061995086736
0.0,0.6235670686318247,-0.4765530689943358,0.3690453701760504,0.7278103207385922,0.7353866221028631,0.927094753870436
0.0,0.6235670686318247,-0.4765530689943358,0.2969231637876307,0.7656466790100321,0.7847032838276925,0.9195642926832116
0.0,0.6235670686318247,-0.4765530689943358,0.3314133210226174,0.7295268568779857,0.729232754969887,0.9364636361330534
0.0,0.6235670686318247,-0.4765530689943358,0.2053596591915922,0.837184737346842,0.8707716990283361,0.9496115633419366
0.0,0.6235670686318247,-0.4765530689943358,0.3168043674745225,0.7576950602825367,0.7384635556693512,0.9832290832015228
0.0,0.6235670686318247,-0.4765530689943358,0.4139111876513459,0.7605619016518634,0.7501182596582838,0.98125626486472
0.0,0.6235670686318247,-0.4765530689943358,0.4435252454828904,0.748620071378875,0.7661559577677434,0.9585301913646738
0.0,0.6235670686318247,-0.4765530689943358,0.3303993201159073,0.7227697270648352,0.7384635556693512,0.7961338712184705
0.0,0.6235670686318247,-0.4765530689943358,0.2858933439253001,0.7053936434837064,0.7164463485697906,0.8308292032620033
0.0,0.6235670686318247,-0.4765530689943358,0.3279072647459819,0.7014000331932585,0.7046172864379826,0.9436489141101148
0.0,0.6235670686318247,-0.4765530689943358,0.3744446269742145,0.6903009642161106,0.7046172864379826,0.7830163238783466
0.0,0.6235670686318247,-0.4765530689943358,0.353122748126297,0.6875847722169031,0.7046172864379826,0.6882001095906937
0.0,0.6235670686318247,-0.4765530689943358,0.2822547133946371,0.6816023013475626,0.7046172864379826,0.5982177480239612
0.0,0.6235670686318247,-0.4765530689943358,0.2256879298128493,0.677934248339467,0.7046172864379826,0.5065000462082048
0.0,0.6235670686318247,-0.4765530689943358,0.3405970574978382,0.6860747098335104,0.6923095521720306,0.5242526015405864
0.0,0.6235670686318247,-0.4765530689943358,0.4209097633077958,0.7011571078976181,0.6923095521720306,0.4560100506439802
0.0,0.6235670686318247,-0.4765530689943358,0.3744616135963544,0.6791705843010671,0.6923095521720306,0.4713730449119421
0.0,0.6235670686318247,-0.4765530689943358,0.3738879111755991,0.6767228506689725,0.6923095521720306,0.4649048254942327
0.0,0.6235670686318247,-0.4765530689943358,0.3425757151389755,0.6735577694298672,0.6923095521720306,0.6953132719640717
0.0,0.6235670686318247,-0.4765530689943358,0.3584799968769069,0.680157877226108,0.6923095521720306,0.7134733506997355
0.0,0.6235670686318247,-0.4765530689943358,0.3379519915264266,0.690658257279478,0.6923095521720306,0.5688336248280034
0.0,0.6235670686318247,-0.4765530689943358,0.3237918079416519,0.6845337188710294,0.6923095521720306,0.6210536339205254
0.0,0.6235670686318247,-0.4765530689943358,0.3819590457343623,0.6967776550861827,0.6999980789551016,0.5232164080207785
0.0,0.6235670686318247,-0.4765530689943358,0.3302336022983729,0.6728330295525801,0.6800018179060783,0.5080476049177676
0.0,0.6235670686318247,-0.4765530689943358,0.2972537915756311,0.6922651838940811,0.6800018179060783,0.3575378620730032
0.0,0.6235670686318247,-0.4765530689943358,0.3743970294982955,0.6980024777992485,0.7124255026429782,0.3599967583099578
0.0,0.6235670686318247,-0.4765530689943358,0.3202568656738969,0.6968979281732688,0.6879434976551786,0.4010356879203542
0.0,0.6235670686318247,-0.4765530689943358,0.3311795693817053,0.6859712180496385,0.6892326186055426,0.2306591498978833
0.0,0.6235670686318247,-0.4765530689943358,0.4227524843044048,0.7013431891838902,0.6984634193050067,0.1589207921859553
0.0,0.6235670686318247,-0.4765530689943358,0.459269704503516,0.6965999432093614,0.6984634193050067,0.1986380658006811
0.0,0.6235670686318247,-0.4765530689943358,0.4149167607480996,0.6632547290054323,0.6861556850390547,0.1553016512984249
0.0,0.6235670686318247,-0.4765530689943358,0.3991059709330511,0.6611693015855133,0.6861556850390547,0.1029231064119694
0.0,0.6235670686318247,-0.4765530689943358,0.3236235137469808,0.6567698386631569,0.6615402165071502,0.1898821661693725
0.0,0.6235670686318247,-0.4765530689943358,0.2641839168216205,0.5977272661524633,0.596924611610902,0.2221938492231382
0.0,0.6235670686318247,-0.4765530689943358,0.3040397942845824,0.6260934039663165,0.6307708808422703,0.2598797544746127
0.0,0.6235670686318247,-0.4765530689943358,0.2875524653003484,0.5824605286588727,0.58461687734495,0.3343207936998269
0.0,0.6235670686318247,-0.4765530689943358,0.3156764819648797,0.5385509530278006,0.5353859402811416,0.4094853596452752
0.0,0.6235670686318247,-0.4765530689943358,0.3118908014340726,0.5593805438417566,0.5692322095125096,0.3195531629100011
0.0,0.6235670686318247,-0.4765530689943358,0.3134742690228553,0.5573835262749729,0.5692322095125096,0.2881107889717403
0.0,0.6235670686318247,-0.4765530689943358,0.3319709101694147,0.5733820560416318,0.5692322095125096,0.3544887534724612
0.0,0.6235670686318247,-0.4765530689943358,0.1996352330315653,0.5898217853877288,0.5692322095125096,0.259689397377877
0.0,0.6235670686318247,-0.4765530689943358,0.1364524439644522,0.5672455370572179,0.5953401170156528,0.1866687926233464
0.0,0.6235670686318247,-0.4765530689943358,0.1121488670883715,0.5488533561875565,0.5507706081135816,0.0969468769690643
0.0,0.6235670686318247,-0.4765530689943358,0.0736031647343401,0.4145773549193838,0.4246163318875728,0.1443792689838957
0.0,0.6235670686318247,-0.4765530689943358,0.0969687001618401,0.3369305198538529,0.3443146326000595,0.1771244066198656
0.0,0.6235670686318247,-0.4765530689943358,0.0911722555273551,0.2709248748279074,0.3138470229314427,0.1177503481822344
0.0,0.6235670686318247,-0.4765530689943358,0.0738040675667567,0.1641375828792089,0.1600013605554943,0.0960854701315604
0.0,0.6235670686318247,-0.4765530689943358,0.0574935370051161,0.0907957362473705,0.1200013632156751,0.0991197473270023
0.0,0.6235670686318247,-0.4765530689943358,0.1037531417609162,0.1151277656004242,0.1200013632156751,0.0869145911513371
0.0,0.6235670686318247,-0.4765530689943358,0.0919430726327875,0.1082796131489545,0.1200013632156751,0.0436380583557108
0.0,0.6235670686318247,-0.4765530689943358,0.1549465305675793,0.0756094852827393,0.0874026145190806,0.0286004934321405
0.0,0.6235670686318247,-0.4765530689943358,0.1273792187848111,0.9928783547904532,0.0369244510108401,0.057603900605396
0.0,0.6235670686318247,-0.4765530689943358,0.2012178491058705,0.9212255888114208,0.9538474509130962,0.0792288794690889
0.0,0.6235670686318247,-0.4765530689943358,0.1050136124414387,0.8723307340807303,0.8738471781844075,0.1302384498118806
0.0,0.6235670686318247,-0.4765530689943358,0.1318049106970917,0.8658972497558954,0.8738471781844075,0.2081903979837074
0.0,0.6235670686318247,-0.4765530689943358,0.2075134449769248,0.8780179389821274,0.8738471781844075,0.183402722590132
0.0,0.6235670686318247,-0.4765530689943358,0.1494889996119714,0.8606689603920125,0.8738471781844075,0.2756060486567475
0.0,0.6235670686318247,-0.4765530689943358,0.2167575079778173,0.799050224174247,0.8372131463987776,0.262826279799623
0.0,0.6235670686318247,-0.4765530689943358,0.1655292616618401,0.8024375833333928,0.8369239753865513,0.3151976906851053
0.0,0.6235670686318247,-0.4765530689943358,0.1985294432309271,0.7947226022233717,0.8369239753865513,0.3671267788764045
0.0,0.6235670686318247,-0.4765530689943358,0.1146529091620949,0.7431308433710918,0.7671602709371304,0.3932836995398346
0.0,0.6235670686318247,-0.4765530689943358,0.1598014512776079,0.6452901952197017,0.6646156956632219,0.4208833127569843
0.0,0.6235670686318247,-0.4765530689943358,0.1135462678469792,0.6308026200069858,0.6646156956632219,0.5125588690900688
0.0,0.6235670686318247,-0.4765530689943358,0.1696158324750504,0.674825288876427,0.6646156956632219,0.5133839254487679
0.0,0.6235670686318247,-0.4765530689943358,0.1240006604258952,0.6072288825165696,0.5969231572004853,0.5815253857223536
0.0,0.6235670686318247,-0.4765530689943358,0.1547059886445522,0.4927390148769346,0.5230767516047727,0.526581490670576
0.0,0.6235670686318247,-0.4765530689943358,0.2006084267444715,0.4569659496988959,0.4615380802750126,0.3314405304392401
0.0,0.6235670686318247,-0.4765530689943358,0.2620802830556392,0.4236996713465406,0.4092302096447162,0.3600926978184294
0.0,0.6235670686318247,-0.4765530689943358,0.2925799159437309,0.4044934060915942,0.4092302096447162,0.3511507727094375
0.0,0.6235670686318247,-0.4765530689943358,0.3322921712981631,0.386693414045985,0.4092302096447162,0.2780672277740135
0.0,0.6235670686318247,-0.4765530689943358,0.388732079222811,0.4068387525319272,0.4092302096447162,0.4201206551267969
0.0,0.6235670686318247,-0.4765530689943358,0.401122051543787,0.4322256354870756,0.4357308935138745,0.4044335211223116
0.0,0.6235670686318247,-0.4765530689943358,0.3675583202265605,0.4418187205747764,0.4198148953348565,0.4448781408916387
0.0,0.6235670686318247,-0.4765530689943358,0.3336019315667072,0.4555174895678079,0.4492303460090605,0.5033301790927287
0.0,0.6235670686318247,-0.4765530689943358,0.3142035147548245,0.4697805776762627,0.4892304823734048,0.5244083642202954
0.0,0.6235670686318247,-0.4765530689943358,0.3651172683904639,0.5160349474516126,0.529230618737749,0.6345691633949375
0.0,0.6235670686318247,-0.4765530689943358,0.392208223324213,0.618146458513134,0.6183061985816646,0.7341698850675492
0.0,0.6235670686318247,-0.4765530689943358,0.42345330255305,0.6503599756157573,0.66769262922971,0.9658272719416012
0.0,0.6235670686318247,-0.4765530689943358,0.4033195702393332,0.688247060155647,0.6707695627961978,0.9917350367064288
0.0,0.6235670686318247,-0.4765530689943358,0.4264316818581216,0.7091765315869606,0.7107696991605424,0.9886434314108592
0.0,0.6235670686318247,-0.4765530689943358,0.386428929064652,0.7062204731625717,0.7107696991605424,0.9863966674366876
0.0,0.6235670686318247,-0.4765530689943358,0.3916053510741789,0.7371108163700014,0.7353851676924466,0.9958460943995228
0.0,0.6235670686318247,-0.4765530689943358,0.2888132307358823,0.7170518484902216,0.7353851676924466,0.97987986364312
0.0,0.6235670686318247,-0.4765530689943358,0.2684082146431321,0.7243919480317346,0.7074899181177262,0.989790725105822
0.0,0.6235670686318247,-0.4765530689943358,0.2906052538705263,0.7129547464159016,0.6953850313281021,0.9920281819525704
0.0,0.6235670686318247,-0.4765530689943358,0.2724797202002029,0.7057474528334954,0.7027807082961284,0.9946214169155424
0.0,0.6235670686318247,-0.4765530689943358,0.2992736057498449,0.7232605908049241,0.7323082341259586,0.9875871017159968
0.0,0.6235670686318247,-0.4765530689943358,0.2980756122148922,0.7304436683295279,0.7323082341259586,0.990547470661357
0.0,0.6235670686318247,-0.4765530689943358,0.2437006487317631,0.7398688979007763,0.7323082341259586,0.9925677612015584
0.0,0.6235670686318247,-0.4765530689943358,0.2218196960451388,0.7573339436310954,0.7600006362243508,0.99306823880829
0.0,0.6235670686318247,-0.4765530689943358,0.3362846825121721,0.7511125409914364,0.7600006362243508,0.9875318443053822
0.0,0.6235670686318247,-0.4765530689943358,0.3090062633911569,0.7672505467541758,0.7600006362243508,0.9924007011910776
0.0,0.6235670686318247,-0.4765530689943358,0.3148342031444552,0.7520878958248242,0.7415390348254226,0.9913878047575247
0.0,0.6235670686318247,-0.4765530689943358,0.2947670199622068,0.7824979114015245,0.7784622376232789,0.9952927007978808
0.0,0.6235670686318247,-0.4765530689943358,0.3056852040931733,0.8062829233751901,0.7971002504503759,0.994369948868932
0.0,0.6235670686318247,-0.4765530689943358,0.3929828394942371,0.7966527494831708,0.8017936328644999,0.9886677821341808
0.0,0.6235670686318247,-0.4765530689943358,0.3573677442997219,0.8115118924880637,0.8116882435887764,0.997627794679486
0.0,0.6235670686318247,-0.4765530689943358,0.3024358248472274,0.7605820392157203,0.7783141444214552,0.9845100717331846
0.0,0.6235670686318247,-0.4765530689943358,0.3781185407714302,0.7458516236759882,0.7456963386707265,0.9814356173076468
0.0,0.6235670686318247,-0.4765530689943358,0.4027635531192634,0.7268463517008029,0.7138466327270304,0.9821952310974188
0.0,0.6235670686318247,-0.4765530689943358,0.4369460516234364,0.7133738116688216,0.7138466327270304,0.9922451141175466
0.0,0.6235670686318247,-0.4765530689943358,0.3280341622368264,0.7343908007827197,0.7138466327270304,0.9810398595182772
0.0,0.6235670686318247,-0.4765530689943358,0.3671405104562921,0.7414343598269313,0.7476929019583987,0.9997108351605551
0.0,0.6235670686318247,-0.4765530689943358,0.306465759030835,0.6983404829849976,0.7138466327270304,0.99698132980361
0.0,0.6235670686318247,-0.4765530689943358,0.2137154834239825,0.6375015463127863,0.6769234299291742,0.985418072743198
0.0,0.6235670686318247,-0.4765530689943358,0.1747353558505202,0.549196969302481,0.5770439761899928,0.9756653739113016
0.0,0.6235670686318247,-0.4765530689943358,0.2407555658261302,0.5425148667842066,0.5415383530037009,0.9723985721856796
0.0,0.6235670686318247,-0.4765530689943358,0.289436299162625,0.561855679855049,0.5415383530037009,0.990409561276391
0.0,0.6235670686318247,-0.4765530689943358,0.4042518257562082,0.5620770656045387,0.5753846222350691,0.9734871548818648
0.0,0.6235670686318247,-0.4765530689943358,0.4052101943837249,0.5637390094030967,0.5507691537031653,0.9824574696562676
0.0,0.6235670686318247,-0.4765530689943358,0.4510999689350052,0.56192356978552,0.5599999544026292,0.9954542584814572
0.0,0.6235670686318247,-0.4765530689943358,0.3608319671984397,0.5371976577554455,0.5599999544026292,0.9776107976843676
0.0,0.6235670686318247,-0.4765530689943358,0.3351930409520823,0.5357344555681162,0.5199998180382849,0.993069526586927
0.0,0.6235670686318247,-0.4765530689943358,0.4215195350084675,0.5497800664837793,0.5599999544026292,0.9857396661901434
0.0,0.6235670686318247,-0.4765530689943358,0.4434496571977384,0.5665684220936088,0.5599999544026292,0.9911516729837756
0.0,0.6235670686318247,-0.4765530689943358,0.4342846977084305,0.5551633811019103,0.5599999544026292,0.9883138771505204
0.0,0.6235670686318247,-0.4765530689943358,0.4423467931135099,0.583275675151956,0.5599999544026292,0.988766004522964
0.0,0.6235670686318247,-0.4765530689943358,0.4237425118035191,0.588830881296173,0.5784615558015576,0.988412450751659
0.0,0.6235670686318247,-0.4765530689943358,0.600137054530201,0.6246680977852326,0.6307694264318539,0.9845257006830088
0.0,0.6235670686318247,-0.4765530689943358,0.5330879312276734,0.6286160799246633,0.6393238407340799,0.9886227098818788
0.0,0.6235670686318247,-0.4765530689943358,0.4941647241219729,0.6252692932834149,0.6333391557539675,0.989861318789298
0.0,0.6235670686318247,-0.4765530689943358,0.4011031872230559,0.6094842046999137,0.6276924928653657,0.9943788462486072
0.0,0.6235670686318247,-0.4765530689943358,0.4428463919410225,0.630492866888673,0.6276924928653657,0.9864844119901952
0.0,0.6235670686318247,-0.4765530689943358,0.5535510904756402,0.6592832105571901,0.6738464963626858,0.9935443656916996
0.0,0.6235670686318247,-0.4765530689943358,0.4198281215843898,0.6527456396681159,0.6738464963626858,0.9907219061313054
0.0,0.6235670686318247,-0.4765530689943358,0.4145051080825143,0.6126395145472743,0.6332550566104708,0.9848943565856046
0.0,0.6235670686318247,-0.4765530689943358,0.2641397254036113,0.59342143865361,0.6061539578999496,0.9900327104188312
0.0,0.6235670686318247,-0.4765530689943358,0.3700901129387668,0.5893669483441601,0.5723076886685812,0.9935657896453912
0.0,0.6235670686318247,-0.4765530689943358,0.4012885553746853,0.5855276410746573,0.5723076886685812,0.9935512728680264
0.0,0.6235670686318247,-0.4765530689943358,0.4617495329988934,0.563640403315097,0.5723076886685812,0.9861385263553208
0.0,0.6235670686318247,-0.4765530689943358,0.5111097748883926,0.5512129348723875,0.529230618737749,0.9911926477585958
0.0,0.6235670686318247,-0.4765530689943358,0.5325465426896522,0.5379608034507214,0.5507691537031653,0.9902371160097908
0.0,0.6235670686318247,-0.4765530689943358,0.5538718712628885,0.5533131468328597,0.5446152865701889,0.9888998164304478
0.0,0.6235670686318247,-0.4765530689943358,0.5973762262572655,0.5756047502734107,0.5753846222350691,0.9954831749654016
0.0,0.6235670686318247,-0.4765530689943358,0.6553678992316893,0.5750576797886328,0.5753846222350691,0.975125853197706
0.0,0.6235670686318247,-0.4765530689943358,0.6729570879497426,0.5708633736086071,0.5907692900675096,0.962381644591586
0.0,0.6235670686318247,-0.4765530689943358,0.7448643415168678,0.5706194286894802,0.5907692900675096,0.8192065913134947
0.0,0.6235670686318247,-0.4765530689943358,0.7345175236002696,0.5687516059152886,0.5907692900675096,0.7871860340348259
0.0,0.6235670686318247,-0.4765530689943358,0.6320895457864575,0.5897989288279082,0.5907692900675096,0.7354230107523333
0.0,0.6235670686318247,-0.4765530689943358,0.5425346328404942,0.7615397205753431,0.7784622376232789,0.5144551231333506
0.0,0.6235670686318247,-0.4765530689943358,0.5489750516738287,0.698835085344537,0.7200004998600064,0.3198885707096
0.0,0.6235670686318247,-0.4765530689943358,0.496859439937531,0.6563140669647256,0.6584618285302458,0.3168688761438396
0.0,0.6235670686318247,-0.4765530689943358,0.4542382582922009,0.6367833065352251,0.6584618285302458,0.4359876683927424
0.0,0.6235670686318247,-0.4765530689943358,0.4116066838035048,0.6172101892467259,0.6215386257323895,0.5973220394463937
0.0,0.6235670686318247,-0.4765530689943358,0.3873768611813938,0.5995840854898637,0.5907692900675096,0.5735631089439178
0.0,0.6235670686318247,-0.4765530689943358,0.3560137489457596,0.5921687887162274,0.5990654609672484,0.5831254506790787
0.0,0.6235670686318247,-0.4765530689943358,0.3651472242331064,0.5834589524736405,0.5753846222350691,0.5113218406382497
0.0,0.6235670686318247,-0.4765530689943358,0.351731766476827,0.6248420710426037,0.6030770243334616,0.4805337167830807
0.0,0.6235670686318247,-0.4765530689943358,0.356229291277077,0.5874011567466483,0.5969231572004853,0.8129934691367368
0.0,0.6235670686318247,-0.4765530689943358,0.4096610823910562,0.5822531627323212,0.56953566796824,0.4347258794698536
0.0,0.6235670686318247,-0.4765530689943358,0.3810133406554845,0.5849494720735434,0.5815384893680454,0.3861685176954119
0.0,0.6235670686318247,-0.4765530689943358,0.3486913357834243,0.5851595145117469,0.5815384893680454,0.3483007137114324
0.0,0.6235670686318247,-0.4765530689943358,0.3880886399497231,0.5754482805525565,0.5815384893680454,0.4828214262643762
0.0,0.6235670686318247,-0.4765530689943358,0.3507861487327675,0.6036690370509705,0.5979374801356803,0.3740623741363299
0.0,0.6235670686318247,-0.4765530689943358,0.3868068704904121,0.5761831741803961,0.5723076886685812,0.3075186374037654
0.0,0.6235670686318247,-0.4765530689943358,0.3634527977578008,0.6001502739150123,0.5907692900675096,0.3077568179162554
0.0,0.6235670686318247,-0.4765530689943358,0.3781176674232482,0.5945869532672157,0.5907692900675096,0.2157085521046376
0.0,0.6235670686318247,-0.4765530689943358,0.380725659764334,0.5876637947630258,0.6061539578999496,0.2659019927361016
0.0,0.6235670686318247,-0.4765530689943358,0.3682720203608902,0.5922789505370731,0.6061539578999496,0.4216073370280556
0.0,0.6235670686318247,-0.4765530689943358,0.430885670251499,0.639726279791538,0.6400002271313178,0.4211036107070349
0.0,0.6235670686318247,-0.4765530689943358,0.255309651274691,0.5743750418644724,0.5815384893680454,0.3758775566608606
0.0,0.6235670686318247,-0.4765530689943358,0.2942500415058723,0.6099179270404511,0.5950793925601023,0.3779355439938968
0.0,0.6235670686318247,-0.4765530689943358,0.3018428432653545,0.5570063505536202,0.5661538215356051,0.3757826415217595
0.0,0.6235670686318247,-0.4765530689943358,0.2654831532445715,0.5909396750876561,0.5661538215356051,0.3565150146227081
0.0,0.6235670686318247,-0.4765530689943358,0.317382130964324,0.5798189391114216,0.5846154229345334,0.369278422837601
0.0,0.6235670686318247,-0.4765530689943358,0.3292671552001727,0.5957997104356918,0.5846154229345334,0.1829593608927303
0.0,0.6235670686318247,-0.4765530689943358,0.3528227530257803,0.5644979916358028,0.5723076886685812,0.1541357872501595
0.0,0.6235670686318247,-0.4765530689943358,0.309335493822066,0.5929543661282042,0.5723076886685812,0.1473370770058296
0.0,0.6235670686318247,-0.4765530689943358,0.3571750836907729,0.5625796125304096,0.5876923565010214,0.2344765208924541
0.0,0.6235670686318247,-0.4765530689943358,0.4178391584347051,0.5580486181783044,0.5507691537031653,0.3048156778473644
0.0,0.6235670686318247,-0.4765530689943358,0.3057896128683313,0.5845251387659437,0.6000000907669736,0.2747180374833069
0.0,0.6235670686318247,-0.4765530689943358,0.310690231521983,0.5546499157078721,0.5507691537031653,0.3672695466989563
0.0,0.6235670686318247,-0.4765530689943358,0.2635076833242986,0.5792432342003998,0.6042416648628819,0.3437285727308271
0.0,0.6235670686318247,-0.4765530689943358,0.2448532718286609,0.6003238648135757,0.5846154229345334,0.3541853352649183
0.0,0.6235670686318247,-0.4765530689943358,0.2405633200575676,0.6407443313584192,0.646154094264294,0.1574929529881079
0.0,0.6235670686318247,-0.4765530689943358,0.2972464336171977,0.6593939671584027,0.646154094264294,0.0599374213483252
0.0,0.6235670686318247,-0.4765530689943358,0.3040659510626333,0.6415764715762766,0.6307694264318539,0.0932899149009901
0.0,0.6235670686318247,-0.4765530689943358,0.1384672145529151,0.6014010120583578,0.5599999544026292,0.0932527741943853
0.0,0.6235670686318247,-0.4765530689943358,0.177078199683551,0.6414759536942402,0.6276924928653657,0.0959708578328493
0.0,0.6235670686318247,-0.4765530689943358,0.1439173766332375,0.6352743487439425,0.6669374052325411,0.122447074429065
0.0,0.6235670686318247,-0.4765530689943358,0.2098314857215869,0.7241618529982984,0.6972651134521217,0.0969476598799402
0.0,0.6235670686318247,-0.4765530689943358,0.2914746719857065,0.7894672078684748,0.784616104756255,0.059919260742771
0.0,0.6235670686318247,-0.4765530689943358,0.1217191256352407,0.8614078475451741,0.812308506854647,0.062582339404501
0.0,0.6235670686318247,-0.4765530689943358,0.1858344540573879,0.946352595230467,0.8953857131498237,0.1179514611573603
0.0,0.6235670686318247,-0.4765530689943358,0.1476371957942695,0.977058471555478,0.9815398530114884,0.1468842179409785
0.0,0.6235670686318247,-0.4765530689943358,0.1484558723800755,0.9584229830313687,0.9815398530114884,0.1779983253975377
0.0,0.6235670686318247,-0.4765530689943358,0.2073770716583056,0.9260408456946784,0.9815398530114884,0.1632762058754585
0.0,0.6235670686318247,-0.4765530689943358,0.2235695801300013,0.9240438281278948,0.9263899788737496,0.1979833620682966
0.0,0.6235670686318247,-0.4765530689943358,0.2269814458052082,0.922439960383751,0.8984626467163118,0.1607278090232183
0.0,0.6235670686318247,-0.4765530689943358,0.1598501841061635,0.9946099303762714,0.9784629194450002,0.1003808118744077
0.0,0.6235670686318247,-0.4765530689943358,0.147038035274009,0.0214819732698454,0.0400014166599108,0.1336441999256871
0.0,0.6235670686318247,-0.4765530689943358,0.1218321696405482,0.9259928384221922,0.966155185179048,0.1332095161002383
0.0,0.6235670686318247,-0.4765530689943358,0.1420325384205515,0.9189414622645852,0.966155185179048,0.1855106113453598
0.0,0.6235670686318247,-0.4765530689943358,0.0466510721615288,0.9368126580169962,0.9178302602511804,0.2506901953872259
0.0,0.6235670686318247,-0.4765530689943358,0.1018901481696325,0.8454800541578856,0.8676933110514315,0.2442291904566544
0.0,0.6235670686318247,-0.4765530689943358,0.0984569291313757,0.8615579871035497,0.8830779788838715,0.3653558491086795
0.0,0.6235670686318247,-0.4765530689943358,0.1378566240883227,0.8120343645562318,0.8412681281936015,0.2771966016121752
0.0,0.6235670686318247,-0.4765530689943358,0.1047515861531344,0.824648891424388,0.793846905455719,0.3270541515270513
0.0,0.6235670686318247,-0.4765530689943358,0.1431119312723888,0.7776925958472597,0.793846905455719,0.346609333542251
0.0,0.6235670686318247,-0.4765530689943358,0.0988020217486404,0.6490149222999175,0.6584618285302458,0.2336882979295486
0.0,0.6235670686318247,-0.4765530689943358,0.1941335761590618,0.5760996075388214,0.5815384893680454,0.1366902354181175
0.0,0.6235670686318247,-0.4765530689943358,0.3024066768516532,0.5566625250171359,0.5653978703332283,0.1380697390155253
0.0,0.6235670686318247,-0.4765530689943358,0.3267005595629137,0.5911521391316393,0.5815384893680454,0.1223227598890305
0.0,0.6235670686318247,-0.4765530689943358,0.3425234889176919,0.586259348379102,0.5815384893680454,0.1724028394158002
0.0,0.6235670686318247,-0.4765530689943358,0.2914409825795858,0.5883805051053577,0.5815384893680454,0.1458278882461162
0.0,0.6235670686318247,-0.4765530689943358,0.3207676870255482,0.5588597286617539,0.5723076886685812,0.1125690440046874
0.0,0.6235670686318247,-0.4765530689943358,0.3223987302565452,0.5517288643565172,0.5723076886685812,0.0936319664676491
0.0,0.6235670686318247,-0.4765530689943358,0.3657292234615906,0.5622617024242051,0.5723076886685812,0.1647792923204934
0.0,0.6235670686318247,-0.4765530689943358,0.3558128351964907,0.5432447472632378,0.5723076886685812,0.1792857235546891
0.0,0.6235670686318247,-0.4765530689943358,0.41083355232539,0.5527022224272445,0.5476922201366771,0.2151093545582862
0.0,0.6235670686318247,-0.4765530689943358,0.3697775416244294,0.5579865910828803,0.5476922201366771,0.2803736393132447
0.0,0.6235670686318247,-0.4765530689943358,0.3757620727067602,0.544872193800505,0.5415383530037009,0.3312151399100332
0.0,0.6235670686318247,-0.4765530689943358,0.4819433080001227,0.5646882363846444,0.5723076886685812,0.3077969731955791
0.0,0.6235670686318247,-0.4765530689943358,0.4619645076538925,0.5592628622976986,0.5723076886685812,0.4967412011600851
0.0,0.6235670686318247,-0.4765530689943358,0.4524704705696073,0.5884650064017949,0.5723076886685812,0.5819626451050767
0.0,0.6235670686318247,-0.4765530689943358,0.4116387793491932,0.588373792584072,0.5907692900675096,0.7109320951653925
0.0,0.6235670686318247,-0.4765530689943358,0.362725036717741,0.6061379278704087,0.6246155592988778,0.8148752064026539
0.0,0.6235670686318247,-0.4765530689943358,0.2966316838318885,0.6150223321507334,0.624026651410516,0.6469173215347249
0.0,0.6235670686318247,-0.4765530689943358,0.4359591681777773,0.6487736963767544,0.6400002271313178,0.8132557076955854
0.0,0.6235670686318247,-0.4765530689943358,0.4793552716649956,0.6690107584921627,0.6553848949637578,0.7665712736104746
0.0,0.6235670686318247,-0.4765530689943358,0.4248607468157506,0.6588778252527131,0.6553848949637578,0.6882187823809331
0.0,0.6235670686318247,-0.4765530689943358,0.422720607095762,0.6629209297665642,0.6830772970621501,0.7763649472171914
0.0,0.6235670686318247,-0.4765530689943358,0.4480210672541855,0.6666609511990764,0.6830772970621501,0.7696330258558183
0.0,0.6235670686318247,-0.4765530689943358,0.5420197504197967,0.7021868426502816,0.6830772970621501,0.8382065943975783
0.0,0.6235670686318247,-0.4765530689943358,0.4981876715201246,0.7060662975945624,0.7169235662935183,0.6845454523537031
0.0,0.6235670686318247,-0.4765530689943358,0.4686290276307278,0.7512766154041267,0.7353851676924466,0.6506510600871183
0.0,0.6235670686318247,-0.4765530689943358,0.449952651428313,0.7376435696416574,0.7353851676924466,0.8431118602974711
0.0,0.6235670686318247,-0.4765530689943358,0.5313286149824452,0.7458461007154368,0.7630775697908385,0.988618144121256
0.0,0.6235670686318247,-0.4765530689943358,0.3889716822965424,0.7169867625243384,0.7261543669929825,0.977419679627528
0.0,0.6235670686318247,-0.4765530689943358,0.4180406835277013,0.7077240354462387,0.7261543669929825,0.9756341745470456
0.0,0.6235670686318247,-0.4765530689943358,0.463533128323581,0.695400781020704,0.6830772970621501,0.99436585139145
0.0,0.6235670686318247,-0.4765530689943358,0.4572269867732291,0.6593735322043621,0.6830772970621501,0.9876374421536328
0.0,0.6235670686318247,-0.4765530689943358,0.4229627865466302,0.640827940484306,0.6492310278307819,0.9924063205887672
0.0,0.6235670686318247,-0.4765530689943358,0.4377921513421571,0.6693420086723146,0.6492310278307819,0.9842066242579454
0.0,0.6235670686318247,-0.4765530689943358,0.4422116424823455,0.6688781224703039,0.6473807611203014,0.9928916960642078
0.0,0.6235670686318247,-0.4765530689943358,0.493831847462404,0.6712782736730325,0.6615387620967337,0.988315984424654
0.0,0.6235670686318247,-0.4765530689943358,0.562942290811495,0.6859896562410178,0.6769234299291742,0.992788322560876
0.0,0.6235670686318247,-0.4765530689943358,0.5979095799920124,0.7045025350408847,0.7046158320275662,0.9535891018045096
0.0,0.6235670686318247,-0.4765530689943358,0.3978151186526473,0.7083656760093823,0.7138466327270304,0.9277509941568762
0.0,0.6235670686318247,-0.4765530689943358,0.4994106209793779,0.685432771880183,0.6892311641951262,0.6588323763046637
0.0,0.6235670686318247,-0.4765530689943358,0.4794199430978725,0.7189810610951582,0.7234333362107733,0.7144494283713431
0.0,0.6235670686318247,-0.4765530689943358,0.4777004515297436,0.7032149205147799,0.6769234299291742,0.822048952907373
0.0,0.6235670686318247,-0.4765530689943358,0.4490396969062601,0.7140245863590312,0.7135417198608838,0.640404673754032
0.0,0.6235670686318247,-0.4765530689943358,0.3854958875344132,0.6828069440124598,0.687854436405555,0.7940950249588146
0.0,0.6235670686318247,-0.4765530689943358,0.3638174206237854,0.6462228108352833,0.6646156956632219,0.7128913332911122
0.0,0.6235670686318247,-0.4765530689943358,0.422014243086161,0.6484436357573371,0.6683741488401823,0.6426521986883075
0.0,0.6235670686318247,-0.4765530689943358,0.4399192781742343,0.6531379822888295,0.6615387620967337,0.5862589673157501
0.0,0.6235670686318247,-0.4765530689943358,0.4156051774525604,0.6595092270966806,0.6615387620967337,0.4677477724420368
0.0,0.6235670686318247,-0.4765530689943358,0.4794394624297403,0.6633187528635173,0.6615387620967337,0.336444516278753
0.0,0.6235670686318247,-0.4765530689943358,0.5308712862069415,0.6746638909753884,0.6615387620967337,0.4002287775333611
0.0,0.6235670686318247,-0.4765530689943358,0.5199668791435459,0.651292761168587,0.6615387620967337,0.3536945159979661
0.0,0.6235670686318247,-0.4765530689943358,0.4016879374983134,0.6312747056811997,0.6400002271313178,0.3458981285221592
0.0,0.6235670686318247,-0.4765530689943358,0.4643236394305176,0.673541073095277,0.6721648984837453,0.3332178698324548
0.0,0.6235670686318247,-0.4765530689943358,0.4943359003656447,0.6804779115479094,0.6738464963626858,0.345456771661954
0.0,0.6235670686318247,-0.4765530689943358,0.6207232685370117,0.7045036396329949,0.6738464963626858,0.3009657758083561
0.0,0.6235670686318247,-0.4765530689943358,0.5192446201970325,0.6716992082356771,0.6738464963626858,0.3358366554942967
0.0,0.6235670686318247,-0.4765530689943358,0.4836886506744388,0.6601122069359642,0.6400002271313178,0.2896258898061064
0.0,0.6235670686318247,-0.4765530689943358,0.5113074135819791,0.6591440319512933,0.6400002271313178,0.3855527253652583
0.0,0.6235670686318247,-0.4765530689943358,0.4847473233406582,0.6587731439081069,0.66769262922971,0.368059833034451
0.0,0.6235670686318247,-0.4765530689943358,0.5808235271616088,0.6532417289785729,0.66769262922971,0.3137588321996009
0.0,0.6235670686318247,-0.4765530689943358,0.5280015514157105,0.6705188241128947,0.66769262922971,0.3446503880934943
0.0,0.6235670686318247,-0.4765530689943358,0.4523192066644851,0.7183375087379774,0.7000320437160052,0.3772358119107546
0.0,0.6235670686318247,-0.4765530689943358,0.3840676139175719,0.883149958895167,0.8738471781844075,0.3126004167800439
0.0,0.6235670686318247,-0.4765530689943358,0.4018553146773935,0.8692696544372401,0.8520382084350718,0.2278546021676248
0.0,0.6235670686318247,-0.4765530689943358,0.253536841800051,0.8588748478990269,0.8523086432189915,0.1960090364451342
0.0,0.6235670686318247,-0.4765530689943358,0.3494659519534485,0.8071815515412244,0.8111874986377224,0.1658407584960564
0.0,0.6235670686318247,-0.4765530689943358,0.2638969564427201,0.8347446084065834,0.8523086432189915,0.1761672797816123
0.0,0.6235670686318247,-0.4765530689943358,0.213217674960243,0.8602906800785497,0.8523086432189915,0.2314888012849016
0.0,0.6235670686318247,-0.4765530689943358,0.185847641614936,0.8460093237159632,0.8523086432189915,0.1890678217875192
0.0,0.6235670686318247,-0.4765530689943358,0.1617827726307002,0.7739456494719021,0.81442664174243,0.1725504656759378
0.0,0.6235670686318247,-0.4765530689943358,0.2547554245183943,0.7859291143705861,0.7815391711897669,0.1115451721850218
0.0,0.6235670686318247,-0.4765530689943358,0.2388168638643194,0.7995313165225911,0.826711789870149,0.1038822307704951
0.0,0.6235670686318247,-0.4765530689943358,0.2417405934069024,0.8021091796021406,0.8480234368105873,0.1268529017254452
0.0,0.6235670686318247,-0.4765530689943358,0.3617966239328668,0.7753773707840881,0.7870486489546688,0.1324169322505841
0.0,0.6235670686318247,-0.4765530689943358,0.2163819245921485,0.8242602449388131,0.8092315732881591,0.0651998336292437
0.0,0.6235670686318247,-0.4765530689943358,0.2714651297834699,0.7920877251972063,0.787420892467745,0.0511076061500107
0.0,0.6235670686318247,-0.4765530689943358,0.2607979022526008,0.7522668397466914,0.7692314369238148,0.0722878843191962
0.0,0.6235670686318247,-0.4765530689943358,0.2077301663282879,0.7175956476829807,0.6892311641951262,0.077543396740712
0.0,0.6235670686318247,-0.4765530689943358,0.2643003559679855,0.7356981280295621,0.7384621012589344,0.0789182760421044
0.0,0.6235670686318247,-0.4765530689943358,0.2099170956771273,0.7116031505160239,0.7323082341259586,0.0891115049217856
0.0,0.6235670686318247,-0.4765530689943358,0.2490318280391403,0.7077666896954208,0.6830772970621501,0.1163150457218305
0.0,0.6235670686318247,-0.4765530689943358,0.2716269175341853,0.6899785082885292,0.6830772970621501,0.1362179718706195
0.0,0.6235670686318247,-0.4765530689943358,0.2785344903100709,0.6686774690650381,0.6738464963626858,0.1298521454884159
0.0,0.6235670686318247,-0.4765530689943358,0.2247538402647922,0.654210286322051,0.6738464963626858,0.1047786783573943
0.0,0.6235670686318247,-0.4765530689943358,0.1726782060415257,0.6560076276227437,0.6738464963626858,0.0720637815686265
0.0,0.6235670686318247,-0.4765530689943358,0.1580491654852449,0.6078523397942054,0.6030770243334616,0.0704215345446089
0.0,0.6235670686318247,-0.4765530689943358,0.2616864903603758,0.6465083054114819,0.6347396674315263,0.0773010748491955
0.0,0.6235670686318247,-0.4765530689943358,0.2560094651729269,0.6294704819219741,0.6149750426297235,0.0394681213745853
0.0,0.6235670686318247,-0.4765530689943358,0.2169528104650168,0.587655382869263,0.6310296375660808,0.0168603195499032
0.0,0.6235670686318247,-0.4765530689943358,0.1624805996618221,0.577486295480357,0.5476922201366771,0.0034365258967546
0.0,0.6235670686318247,-0.4765530689943358,0.2318513226028535,0.5750445521362451,0.5476922201366771,0.019847529716617
0.0,0.6235670686318247,-0.4765530689943358,0.2173327605915956,0.603306773323107,0.6061539578999496,0.0383807788970309
0.0,0.6235670686318247,-0.4765530689943358,0.2694773456538308,0.5747034455957245,0.6061539578999496,0.0579810075552984
0.0,0.6235670686318247,-0.4765530689943358,0.2503838583596932,0.5475261462827288,0.5692307551020932,0.0658887878832234
0.0,0.6235670686318247,-0.4765530689943358,0.2792456359009683,0.5207913210785291,0.535447367732851,0.0615326205505405
0.0,0.6235670686318247,-0.4765530689943358,0.2834227074195382,0.530436576901285,0.5305646980806945,0.0748010867666356
0.0,0.6235670686318247,-0.4765530689943358,0.3498881721320359,0.5979256678891965,0.5728996764848836,0.0536562627530556
0.0,0.6235670686318247,-0.4765530689943358,0.4284019990241208,0.6218791301596814,0.6492310278307819,0.0564579751752351
0.0,0.6235670686318247,-0.4765530689943358,0.4507009798180589,0.6347149578087037,0.6400002271313178,0.0523635451921016
0.0,0.6235670686318247,-0.4765530689943358,0.4932118575880027,0.723360853781089,0.7107696991605424,0.0438222582608374
0.0,0.6235670686318247,-0.4765530689943358,0.5563264599958062,0.6892999063740027,0.7011063824692702,0.0400066250357344
0.0,0.6235670686318247,-0.4765530689943358,0.4436272525505479,0.6269203610981176,0.631384299823828,0.0225048005698625
0.0,0.6235670686318247,-0.4765530689943358,0.3725046586575398,0.6184079069687776,0.6307694264318539,0.0056993680112925
0.0,0.6235670686318247,-0.4765530689943358,0.36040791298867,0.6179933875372348,0.6092308914664376,0.0020906176132564
0.0,0.6235670686318247,-0.4765530689943358,0.4971114008880379,0.6607888120878297,0.66769262922971,0.0
0.0,0.6235670686318247,-0.4765530689943358,0.4767068869704923,0.7627077842476648,0.7617026386258998,0.0055169078191917
0.0,0.6235670686318247,-0.4765530689943358,0.3420798280412364,0.7447377699856947,0.7486845532018064,0.0067466821124251
0.0,0.6235670686318247,-0.4765530689943358,0.3330642984258685,0.7139757294003067,0.7169235662935183,0.010340217195501
0.0,0.6235670686318247,-0.4765530689943358,0.3133320879388258,0.7033671418044404,0.7200004998600064,0.0009442255005318
0.0,0.6235670686318247,-0.4765530689943358,0.3676137778361175,0.6998447250176557,0.6993938569805896,0.0060380271547003
0.0,0.6235670686318247,-0.4765530689943358,0.4713199443816944,0.7336683125739648,0.7563856563573027,0.0026175875155246
0.0,0.6235670686318247,-0.4765530689943358,0.4331453276701945,0.7415224722898829,0.7439904863592512,0.004418637872803
0.0,0.6235670686318247,-0.4765530689943358,0.5172950013829468,0.7479477996268264,0.7692314369238148,0.0042377696404507
0.0,0.6235670686318247,-0.4765530689943358,0.2794991688782026,0.7403399639515037,0.7600097049010655,0.0039338495662287
0.0,0.6235670686318247,-0.4765530689943358,0.4490207452507108,0.6785461923685686,0.6892311641951262,0.0069060063049276
0.0,0.6235670686318247,-0.4765530689943358,0.584153865784026,0.7110151676388531,0.6892311641951262,0.0003445132543024
0.0,0.6235670686318247,-0.4765530689943358,0.4092841016482962,0.7111713399695236,0.6892311641951262,0.0041305789607087
0.0,0.6235670686318247,-0.4765530689943358,0.5194700313628066,0.7057804631438684,0.6892311641951262,0.0041605104963781
0.0,0.6235670686318247,-0.4765530689943358,0.4952405144125594,0.6860357517194664,0.6892311641951262,0.0041295556774441
0.0,0.6235670686318247,-0.4765530689943358,0.3781980154559921,0.6529720810507259,0.66769262922971,0.0037281663145659
0.0,0.6235670686318247,-0.4765530689943358,0.3878840581380897,0.6625052632585994,0.6523079613972699,0.0038586370172671
0.0,0.6235670686318247,-0.4765530689943358,0.3990141820391231,0.6671630307975162,0.6523079613972699,0.0086727359295796
0.0,0.6235670686318247,-0.4765530689943358,0.4197716596244236,0.6750462922671093,0.6861542306286382,0.0206029509088942
0.0,0.6235670686318247,-0.4765530689943358,0.2783483361450778,0.8008082250020885,0.7676949806490876,0.0370670324962853
0.0,0.6235670686318247,-0.4765530689943358,0.4684610827753293,0.8653567643394673,0.8738471781844075,0.0197727260579515
0.0,0.6235670686318247,-0.4765530689943358,0.436488504510887,0.8602560978486351,0.8738471781844075,0.0142061583893896
0.0,0.6235670686318247,-0.4765530689943358,0.221125406074154,0.844187851326092,0.8646163774849434,0.0424890744512865
0.0,0.6235670686318247,-0.4765530689943358,0.2879034857683984,0.8095063780588933,0.812987716519164,0.0536217415052697
0.0,0.6235670686318247,-0.4765530689943358,0.3983163331742966,0.7808063560375484,0.7753853040567908,0.0634987292679666
0.0,0.6235670686318247,-0.4765530689943358,0.2436091436759941,0.8493104397218821,0.8523086432189915,0.0754500832982416
0.0,0.6235670686318247,-0.4765530689943358,0.3497850297117418,0.8087911121831673,0.8034622693800229,0.0781274555711522
0.0,0.6235670686318247,-0.4765530689943358,0.3643090283154327,0.8531167791653238,0.8430778425195273,0.1122407921568339
0.0,0.6235670686318247,-0.4765530689943358,0.4496904286366678,0.8109250142030032,0.823387435425744,0.0315930458680446
0.0,0.6235670686318247,-0.4765530689943358,0.3695706017727047,0.8257072606032954,0.8299963619119843,0.1678767657891712
0.0,0.6235670686318247,-0.4765530689943358,0.413582284726005,0.8209118863780231,0.8430778425195273,0.1095401593822888
0.0,0.6235670686318247,-0.4765530689943358,0.4977652766719007,0.8518896622994133,0.8676933110514315,0.0576304976244087
0.0,0.6235670686318247,-0.4765530689943358,0.4132321594398414,0.8727290669894263,0.8861964914775615,0.0765184566501315
0.0,0.6235670686318247,-0.4765530689943358,0.3991685463302914,0.8751558558557374,0.8769241117508956,0.0879182463097834
0.0,0.6235670686318247,-0.4765530689943358,0.3615406455807228,0.8781637451406858,0.8773024295662998,0.0610040569307472
0.0,0.6235670686318247,-0.4765530689943358,0.2598749915612732,0.8547712032406694,0.8461547760860154,0.0797405153850346
0.0,0.6235670686318247,-0.4765530689943358,0.3074860917118646,0.8612920353108409,0.8461547760860154,0.0387141269825027
0.0,0.6235670686318247,-0.4765530689943358,0.3042672578185841,0.8558524289793973,0.8461547760860154,0.0375273328729207
0.0,0.6235670686318247,-0.4765530689943358,0.2329503657887858,0.8529161682443701,0.8615394439184555,0.0658238245728234
0.0,0.6235670686318247,-0.4765530689943358,0.4194758565951805,0.8482993130978457,0.8307701082535753,0.0644356357865385
0.0,0.6235670686318247,-0.4765530689943358,0.3678760879625809,0.8551042802462342,0.8307701082535753,0.0670280768632484
0.0,0.6235670686318247,-0.4765530689943358,0.4206338726171023,0.8334397452498334,0.8307701082535753,0.1034524419672526
0.0,0.6235670686318247,-0.4765530689943358,0.3280194681536642,0.8346866598051049,0.8523086432189915,0.1220658626847565
0.0,0.6235670686318247,-0.4765530689943358,0.3015127176525589,0.850589642354224,0.8523086432189915,0.1452013546714204
0.0,0.6235670686318247,-0.4765530689943358,0.3763094000124191,0.8344614929518533,0.8523086432189915,0.118751698509597
0.0,0.6235670686318247,-0.4765530689943358,0.3585344064686455,0.8615743010793325,0.8523086432189915,0.1156606785679533
0.0,0.6235670686318247,-0.4765530689943358,0.3299360962401749,0.8562390362179992,0.8523086432189915,0.2412253589822887
0.0,0.6235670686318247,-0.4765530689943358,0.4699051639942649,0.8653458883556121,0.8953857131498237,0.2278172565871459
0.0,0.6235670686318247,-0.4765530689943358,0.3118625267866804,0.8688454910668878,0.8584625103519673,0.1702932092326425
0.0,0.6235670686318247,-0.4765530689943358,0.3932370274826078,0.862572512472541,0.8738471781844075,0.1505867717629641
0.0,0.6235670686318247,-0.4765530689943358,0.4364757536274299,0.8898256037980274,0.8738471781844075,0.1352585621520548
0.0,0.6235670686318247,-0.4765530689943358,0.4036081244786657,0.8973504251278303,0.9076934474157756,0.1316716742658471
0.0,0.6235670686318247,-0.4765530689943358,0.3559006066887816,0.925936759130439,0.9262283682104072,0.1223480398617096
0.0,0.6235670686318247,-0.4765530689943358,0.2914415939233132,0.9210466448895536,0.933775560522414,0.1328048023958009
0.0,0.6235670686318247,-0.4765530689943358,0.2277227655757936,0.9169320392787164,0.8953857131498237,0.150198667476177
0.0,0.6235670686318247,-0.4765530689943358,0.1923819453778353,0.9457749785254084,0.926155048814704,0.1844657399535989
0.0,0.6235670686318247,-0.4765530689943358,0.2001501154522629,0.9201159835523208,0.923078115248216,0.3621721676405498
0.0,0.6235670686318247,-0.4765530689943358,0.2398956017050202,0.9012153929217416,0.923078115248216,0.5271001142490134
0.0,0.6235670686318247,-0.4765530689943358,0.1364311888530728,0.901086495519333,0.923078115248216,0.3969253619196679
0.0,0.6235670686318247,-0.4765530689943358,0.1815946324719413,0.8823123382010702,0.8490638535797257,0.4243776122859467
0.0,0.6235670686318247,-0.4765530689943358,0.1126948843717574,0.8549510818173992,0.8646163774849434,0.6594213008896139
0.0,0.6235670686318247,-0.4765530689943358,0.1949215545562705,0.79443396380809,0.8551680996514321,0.6017353153714823
0.0,0.6235670686318247,-0.4765530689943358,0.2161774956164471,0.7744366831492387,0.793846905455719,0.5081578855974263
0.0,0.6235670686318247,-0.4765530689943358,0.1747685430814361,0.8477855078293121,0.793846905455719,0.4196678253296421
0.0,0.6235670686318247,-0.4765530689943358,0.1473585977242118,0.8456624817933316,0.793846905455719,0.5245391322873642
0.0,0.6235670686318247,-0.4765530689943358,0.2544808656836784,0.76362663494618,0.793846905455719,0.6216496998233727
0.0,0.6235670686318247,-0.4765530689943358,0.2148960973301134,0.7210523412392031,0.7538467690913746,0.801409256405774
0.0,0.6235670686318247,-0.4765530689943358,0.1850313885703351,0.7166395807272111,0.7076927655940544,0.7275761072327125
0.0,0.6235670686318247,-0.4765530689943358,0.2484419686770181,0.7052282095730342,0.7076927655940544,0.7134383465349606
0.0,0.6235670686318247,-0.4765530689943358,0.2536530189419614,0.712446294170672,0.7076927655940544,0.6494219924486928
0.0,0.6235670686318247,-0.4765530689943358,0.2893543572694489,0.722523572961488,0.7076927655940544,0.5635615176226854
0.0,0.6235670686318247,-0.4765530689943358,0.2158098160318255,0.7124804515574671,0.7076927655940544,0.4823094757206953
0.0,0.6235670686318247,-0.4765530689943358,0.1398259041533557,0.713368373676894,0.7076927655940544,0.7137854614130795
0.0,0.6235670686318247,-0.4765530689943358,0.0785040453924464,0.6559609373639278,0.7076927655940544,0.6757823528691047
0.0,0.6235670686318247,-0.4765530689943358,0.1127118819107495,0.5542791976019338,0.5846154229345334,0.6509775705070419
0.0,0.6235670686318247,-0.4765530689943358,0.0640876432847777,0.5691336673325139,0.5846154229345334,0.8157373742002615
0.0,0.6235670686318247,-0.4765530689943358,0.098134106892752,0.5472494884434128,0.5661538215356051,0.7288328035764451
0.0,0.6235670686318247,-0.4765530689943358,0.0627873260934515,0.4971227586038753,0.5099885978200247,0.4692109231154703
0.0,0.6235670686318247,-0.4765530689943358,0.0145410288932399,0.4742886304999232,0.4984612830728688,0.4725309920483583
0.0,0.6235670686318247,-0.4765530689943358,0.0089734233161432,0.3655454033140813,0.4984612830728688,0.556892287666787
0.0,0.6235670686318247,-0.4765530689943358,0.0339963225054752,0.2601839698425218,0.4984612830728688,0.8976776167130516
0.0,0.6235670686318247,-0.4765530689943358,0.053801899698232,0.2086822777315427,0.4984612830728688,0.7339432360274014
0.0,0.6235670686318247,-0.4765530689943358,0.0816725525967392,0.2010340607177262,0.1753845205065467,0.779798106528583
0.0,0.6235670686318247,-0.4765530689943358,0.0961158101610043,0.1253100549892637,0.1568999265900044,0.5887357753828404
0.0,0.6235670686318247,-0.4765530689943358,0.1404727167337965,0.1077336791195208,0.1169229859329648,0.5745498985923713
0.0,0.6235670686318247,-0.4765530689943358,0.1634239248669039,0.0867354627609585,0.1169229859329648,0.5403946140809675
0.0,0.6235670686318247,-0.4765530689943358,0.2082664894468535,0.0712034957079619,0.1169229859329648,0.4775163050976317
0.0,0.6235670686318247,-0.4765530689943358,0.2577208782703724,0.0813846751941522,0.0399999141256202,0.6624392101259
0.0,0.6235670686318247,-0.4765530689943358,0.2825887472405473,0.0510154604885257,0.0553845284870891,0.7646282497885052
0.0,0.6235670686318247,-0.4765530689943358,0.2837268290902149,0.0669853133446292,0.0553845284870891,0.8347850250939215
0.0,0.6235670686318247,-0.4765530689943358,0.1656312468957931,0.1400649096294361,0.1598551923086336,0.7000522388135874
0.0,0.6235670686318247,-0.4765530689943358,0.2638354290632983,0.1034867242559305,0.1107691401883772,0.6899510787895421
0.0,0.6235670686318247,-0.4765530689943358,0.3139791297731644,0.0830832564012145,0.0738460657208518,0.8068793888442582
0.0,0.6235670686318247,-0.4765530689943358,0.4258164953987214,0.0941560435208919,0.1107691401883772,0.75664730021983
0.0,0.6235670686318247,-0.4765530689943358,0.3204141120140658,0.1089916395958954,0.1015383715714959,0.6352699491151466
0.0,0.6235670686318247,-0.4765530689943358,0.2463808451337956,0.0690693547138713,0.0676922199762643,0.516105821204675
0.0,0.6235670686318247,-0.4765530689943358,0.3302318992694181,0.058443279513105,0.036922993926875,0.3726723927036467
0.0,0.6235670686318247,-0.4765530689943358,0.2975138746642304,0.0564611951819662,0.0686495802858443,0.3224664108643181
0.0,0.6235670686318247,-0.4765530689943358,0.2632940186915725,0.0653950087170705,0.0461537598702078,0.2571550490198608
0.0,0.6235670686318247,-0.4765530689943358,0.2936500076374298,0.058949575679504,0.0664735256420622,0.189121835321041
0.0,0.6235670686318247,-0.4765530689943358,0.2937129105402383,0.0612474459012505,0.0769229885931456,0.2536679200764919
0.0,0.6235670686318247,-0.4765530689943358,0.369378072165983,0.0974659856426153,0.1050590928105201,0.3691356550150492
0.0,0.6235670686318247,-0.4765530689943358,0.3444609245246388,0.1073288567321768,0.1015383715714959,0.440547546208598
0.0,0.6235670686318247,-0.4765530689943358,0.2689606292019511,0.0866664523067602,0.0904610578237291,0.428046874103391
0.0,0.6235670686318247,-0.4765530689943358,0.3521130266256787,0.0942534812903132,0.086153757210027,0.5084068366221547
0.0,0.6235670686318247,-0.4765530689943358,0.3808090645157149,0.0573060647617866,0.0564489858048771,0.4030238425300185
0.0,0.6235670686318247,-0.4765530689943358,0.31097856742427,0.0586044437504277,0.0738460657208518,0.5098569339030383
0.0,0.6235670686318247,-0.4765530689943358,0.3010547775333276,0.0908531219317157,0.0864577717638575,0.6795764414112688
0.0,0.6235670686318247,-0.4765530689943358,0.2614810788679696,0.0642270140817557,0.0461537598702078,0.8188614666387243
0.0,0.6235670686318247,-0.4765530689943358,0.2185576969179629,0.0654635199806035,0.0461537598702078,0.8426114412261323
0.0,0.6235670686318247,-0.4765530689943358,0.221227391308107,0.0529074196624349,0.0461537598702078,0.7501156869719345
0.0,0.6235670686318247,-0.4765530689943358,0.2180392337697192,0.0590243427579694,0.0461537598702078,0.6972535446225888
0.0,0.6235670686318247,-0.4765530689943358,0.2208806065787397,0.063405622394818,0.1046152944437897,0.7175353557338305
0.0,0.6235670686318247,-0.4765530689943358,0.1922959205819084,0.0701793582633957,0.1046152944437897,0.6338305638111088
0.0,0.6235670686318247,-0.4765530689943358,0.1848735963875524,0.0687232350245425,0.1046152944437897,0.5540769694242901
0.0,0.6235670686318247,-0.4765530689943358,0.1475680921193689,0.0757753227943748,0.1046152944437897,0.4727384707474296
0.0,0.6235670686318247,-0.4765530689943358,0.206433156943201,0.0674758690734565,0.1046152944437897,0.4399498705824541
0.0,0.6235670686318247,-0.4765530689943358,0.173646203332749,0.079785677214264,0.1046152944437897,0.499019983994009
0.0,0.6235670686318247,-0.4765530689943358,0.2012221066782577,0.0674601551885798,0.1046152944437897,0.5332627789173501
0.0,0.6235670686318247,-0.4765530689943358,0.2043133662358527,0.0763748348516967,0.1046152944437897,0.5227088476315426
0.0,0.6235670686318247,-0.4765530689943358,0.1948457697677776,0.0737236650919046,0.0492306880895987,0.4796210622093555
0.0,0.6235670686318247,-0.4765530689943358,0.1387583670030891,0.051303068659243,0.1107691401883772,0.4325193293103982
0.0,0.6235670686318247,-0.4765530689943358,0.169575876795724,0.0735001551268183,0.0523076056147953,0.3981879118026605
0.0,0.6235670686318247,-0.4765530689943358,0.1446944163444667,0.1149392414662157,0.1201537447893887,0.4096572780933418
0.0,0.6235670686318247,-0.4765530689943358,0.1442405372942817,0.1251483490769638,0.1199999088052586,0.4038591425824226
0.0,0.6235670686318247,-0.4765530689943358,0.2054746354797524,0.1405184509014907,0.1257189500004708,0.4379832277295705
0.0,0.6235670686318247,-0.4765530689943358,0.1508558986853228,0.178800766995305,0.1969229057532435,0.4686217351212534
0.0,0.6235670686318247,-0.4765530689943358,0.2005242796471359,0.1067575383263623,0.0892306800823208,0.5297548699096081
0.0,0.6235670686318247,-0.4765530689943358,0.2289916968168292,0.0944451492636049,0.0892306800823208,0.5702883464049023
0.0,0.6235670686318247,-0.4765530689943358,0.1839995495270077,0.1094421857239587,0.0892306800823208,0.6165863883634595
0.0,0.6235670686318247,-0.4765530689943358,0.1518917987976965,0.0873742090803517,0.0892306800823208,0.4882590715599674
0.0,0.6235670686318247,-0.4765530689943358,0.1665245510837508,0.0915428122516572,0.0892306800823208,0.4058237659642615
0.0,0.6235670686318247,-0.4765530689943358,0.1343632641108831,0.0942349899935438,0.0892306800823208,0.4004416414885516
0.0,0.6235670686318247,-0.4765530689943358,0.1272381293860091,0.1113360195181319,0.0892306800823208,0.3917394480799537
0.0,0.6235670686318247,-0.4765530689943358,0.14500039388003,0.0912630424364918,0.0892306800823208,0.4480257645579268
0.0,0.6235670686318247,-0.4765530689943358,0.0804959342585409,0.1629494878538102,0.1108041208977335,0.4530783640409942
0.0,0.6235670686318247,-0.4765530689943358,0.0675673353631691,0.1407185520107013,0.1507691375281964,0.4688389599631926
0.0,0.6235670686318247,-0.4765530689943358,0.0868467694021067,0.1870230532741336,0.1507691375281964,0.4644098209467094
0.0,0.6235670686318247,-0.4765530689943358,0.0704639583615533,0.1251306437399652,0.1507691375281964,0.4218117718867116
0.0,0.6235670686318247,-0.4765530689943358,0.0814008867278761,0.0915630560262938,0.0584614513593829,0.5390322613535915
0.0,0.6235670686318247,-0.4765530689943358,0.0601991041718357,0.0064519796045085,0.009230712138168,0.5611249233703114
0.0,0.6235670686318247,-0.4765530689943358,0.1164233605966435,0.0850872413951554,0.0646152971039705,0.5357464941607671
0.0,0.6235670686318247,-0.4765530689943358,0.0857894285918649,0.058239551305763,0.0646152971039705,0.5378963235247929
0.0,0.6235670686318247,-0.4765530689943358,0.0573356247369584,0.0169622983316013,0.987692265734048,0.4856300422044204
0.0,0.6235670686318247,-0.4765530689943358,0.1777541056753047,0.9249212141379616,0.987692265734048,0.5136164865635683
0.0,0.6235670686318247,-0.4765530689943358,0.1169401207159324,0.958680268024443,0.987692265734048,0.5178552684833158
0.0,0.6235670686318247,-0.4765530689943358,0.096924628829206,0.956413814951372,0.987692265734048,0.657777275853046
0.0,0.6235670686318247,-0.4765530689943358,0.0469139499643106,0.0159456991971339,0.987692265734048,0.6613107062919616
0.0,0.6235670686318247,-0.4765530689943358,0.1421301132461854,0.938421114066829,0.9292305279707752,0.6334754881195963
0.0,0.6235670686318247,-0.4765530689943358,0.1283277622452803,0.9561229673518696,0.9784614650345836,0.6544495387837274
0.0,0.6235670686318247,-0.4765530689943358,0.1110074665156124,0.9880463590882936,0.9784614650345836,0.5055994791930514
0.0,0.6235670686318247,-0.4765530689943358,0.0822380127940268,0.0003577353316928,0.9784614650345836,0.4857531128673623
0.0,0.6235670686318247,-0.4765530689943358,0.1642318374363667,0.9088795627946894,0.930720186451512,0.4264233364542331
0.0,0.6235670686318247,-0.4765530689943358,0.1304347038175009,0.9875145404715,0.9565867901558426,0.5148898069587994
0.0,0.6235670686318247,-0.4765530689943358,0.2036300149508475,0.8758183562160406,0.9292305279707752,0.4957593284846102
0.0,0.6235670686318247,-0.4765530689943358,0.228574367388061,0.8932709965272752,0.9292305279707752,0.414298754246482
0.0,0.6235670686318247,-0.4765530689943358,0.249246868195253,0.8817116100303192,0.8892303916064311,0.5567241740192393
0.0,0.6235670686318247,-0.4765530689943358,0.2350798943283634,0.9160752156756254,0.8892303916064311,0.5841490590894777
0.0,0.6235670686318247,-0.4765530689943358,0.2795110682471823,0.9158399375561336,0.944029410619572,0.6213478328037337
0.0,0.6235670686318247,-0.4765530689943358,0.2603429751845974,0.9560693521502086,0.961572252403026,0.5849150532370432
0.0,0.6235670686318247,-0.4765530689943358,0.2354657613888751,0.935551893576034,0.9507690629361916,0.6329448647856759
0.0,0.6235670686318247,-0.4765530689943358,0.2887083852866333,0.8983861076841649,0.9292305279707752,0.6792520968008714
0.0,0.6235670686318247,-0.4765530689943358,0.2762736102039207,0.9151810908466562,0.931275942337732,0.7839987819077476
0.0,0.6235670686318247,-0.4765530689943358,0.3264853010697555,0.8926253199544975,0.9015381258723832,0.7203757271243603
0.0,0.6235670686318247,-0.4765530689943358,0.2653933948851665,0.9168154623267688,0.9015381258723832,0.685614308622582
0.0,0.6235670686318247,-0.4765530689943358,0.1880113180684298,0.94617475590071,0.9569229300691676,0.7547016423051935
0.0,0.6235670686318247,-0.4765530689943358,0.3260212256795457,0.9012258440624776,0.9046150594388712,0.7702715884536933
0.0,0.6235670686318247,-0.4765530689943358,0.2745303635652413,0.9166326948168276,0.9046150594388712,0.6627301310271227
0.0,0.6235670686318247,-0.4765530689943358,0.2325359839101317,0.9273531011217048,0.9046150594388712,0.6270909157779125
0.0,0.6235670686318247,-0.4765530689943358,0.2182100606741182,0.9626482177904826,0.987692265734048,0.561802646145836
0.0,0.6235670686318247,-0.4765530689943358,0.2294676715760188,0.9127328049185064,0.9107689265718474,0.628665166626501
0.0,0.6235670686318247,-0.4765530689943358,0.1826141354721979,0.9238671783588718,0.9107689265718474,0.6339406103491971
0.0,0.6235670686318247,-0.4765530689943358,0.1273229860787426,0.938707458329266,0.9107689265718474,0.7131569083673391
0.0,0.6235670686318247,-0.4765530689943358,0.1570731115570427,0.9334883455767612,0.9107689265718474,0.6041545246122539
0.0,0.6235670686318247,-0.4765530689943358,0.1977815078478631,0.8980923711514512,0.9107689265718474,0.6979320283582172
0.0,0.6235670686318247,-0.4765530689943358,0.115516454010751,0.922040267977073,0.9107689265718474,0.5834979699175862
0.0,0.6235670686318247,-0.4765530689943358,0.1046200817506299,0.8629660871383,0.8984611923058953,0.6482691964268255
0.0,0.6235670686318247,-0.4765530689943358,0.0670046698800639,0.8258310598882719,0.8153839860107184,0.6228626702288331
0.0,0.6235670686318247,-0.4765530689943358,0.0710266347615108,0.8641987269647621,0.8153839860107184,0.6681155627525146
0.0,0.6235670686318247,-0.4765530689943358,0.0785801358528031,0.8565261451980513,0.8923073251729192,0.6246292683775057
0.0,0.6235670686318247,-0.4765530689943358,0.2018927070798057,0.7796823910810146,0.8184609195772067,0.5147063570383905
0.0,0.6235670686318247,-0.4765530689943358,0.1875336402802854,0.746191243265591,0.7446145139814941,0.4916569047619247
0.0,0.6235670686318247,-0.4765530689943358,0.2006364830548182,0.6678768946909484,0.6769219755187577,0.4387686556274794
0.0,0.6235670686318247,-0.4765530689943358,0.2291279172995166,0.660393962892712,0.6769219755187577,0.4662879290182854
0.0,0.6235670686318247,-0.4765530689943358,0.2601687422222886,0.6551991936509456,0.6769219755187577,0.5920002942281509
0.0,0.6235670686318247,-0.4765530689943358,0.2450965647984614,0.6646265899221024,0.6769219755187577,0.7075841633856268
0.0,0.6235670686318247,-0.4765530689943358,0.2340667449361307,0.6680745741943787,0.6769219755187577,0.5584267929838
0.0,0.6235670686318247,-0.4765530689943358,0.3012553637770283,0.6645526247350251,0.6769219755187577,0.4718501961647223
0.0,0.6235670686318247,-0.4765530689943358,0.2491363678165256,0.6392385174062202,0.6399987727209013,0.4450044310011736
0.0,0.6235670686318247,-0.4765530689943358,0.3108955120121619,0.5926561687427376,0.590767835657093,0.3723528479954425
0.0,0.6235670686318247,-0.4765530689943358,0.3396221389222726,0.6125894255435038,0.6307679720214371,0.3187196189193749
0.0,0.6235670686318247,-0.4765530689943358,0.3119256480265344,0.5973794046063454,0.590767835657093,0.2244879975976196
0.0,0.6235670686318247,-0.4765530689943358,0.3245729087219274,0.5524001589693915,0.5599984999922127,0.2504950091206007
0.0,0.6235670686318247,-0.4765530689943358,0.3342836234901666,0.5615982249247271,0.5599984999922127,0.2912596711489692
0.0,0.6235670686318247,-0.4765530689943358,0.3325004211721608,0.5611127566922537,0.5599984999922127,0.4095472608229498
0.0,0.6235670686318247,-0.4765530689943358,0.3637488627914985,0.5814615950323615,0.5938447692235811,0.5294648270392743
0.0,0.6235670686318247,-0.4765530689943358,0.3945859137497056,0.5603491011852348,0.5753831678246526,0.5028419939184434
0.0,0.6235670686318247,-0.4765530689943358,0.4043756665284158,0.5523671486590186,0.5753831678246526,0.5874353531008354
0.0,0.6235670686318247,-0.4765530689943358,0.3782872716401924,0.5661457031898625,0.5753831678246526,0.8581632414029261
0.0,0.6235670686318247,-0.4765530689943358,0.3494854712853161,0.5717218540998634,0.5753831678246526,0.7530573245916626
0.0,0.6235670686318247,-0.4765530689943358,0.3657921045306946,0.5581675742517205,0.5753831678246526,0.4467557806800739
0.0,0.6235670686318247,-0.4765530689943358,0.4292469197227959,0.5509522086500467,0.5547659590813279,0.5550816709028791
0.0,0.6235670686318247,-0.4765530689943358,0.3902792591946315,0.5367037776292094,0.5538446328592367,0.3878678001425943
0.0,0.6235670686318247,-0.4765530689943358,0.4044292027719721,0.531672997831509,0.5538446328592367,0.3577402189252219
0.0,0.6235670686318247,-0.4765530689943358,0.4492500864833038,0.5587758221456839,0.5538446328592367,0.5618362454611885
0.0,0.6235670686318247,-0.4765530689943358,0.4461975599175804,0.5706511219861831,0.5538446328592367,0.5840301151717141
0.0,0.6235670686318247,-0.4765530689943358,0.4706014844997728,0.5424471043066713,0.5538446328592367,0.5177723823673939
0.0,0.6235670686318247,-0.4765530689943358,0.4992225454483844,0.5464968363731846,0.5538446328592367,0.6332196299185411
0.0,0.6235670686318247,-0.4765530689943358,0.4503864434703119,0.5474350174336299,0.5538446328592367,0.4747611612387278
0.0,0.6235670686318247,-0.4765530689943358,0.4385163753220799,0.5348610630833708,0.5538446328592367,0.5201877868076465
0.0,0.6235670686318247,-0.4765530689943358,0.3689572930118958,0.5251456231772991,0.5168942240312361,0.4794248808410561
0.0,0.6235670686318247,-0.4765530689943358,0.4155251787590893,0.5277617221375897,0.5446138321597728,0.6384666254404335
0.0,0.6235670686318247,-0.4765530689943358,0.3942518144026818,0.5587388607943009,0.5723062342581647,0.5091525775238807
0.0,0.6235670686318247,-0.4765530689943358,0.3856305141566684,0.5885955606923692,0.5816694290823095,0.4959473441656418
0.0,0.6235670686318247,-0.4765530689943358,0.2721211671040831,0.6753459766034937,0.6606061000287491,0.3285843544927082
0.0,0.6235670686318247,-0.4765530689943358,0.2930150398417074,0.676181303144746,0.6799989090852455,0.481053306195496
0.0,0.6235670686318247,-0.4765530689943358,0.3260495003269379,0.7997094107582198,0.8229782327773772,0.4676582425590549
0.0,0.6235670686318247,-0.4765530689943358,0.3163806844377301,0.7857584124052341,0.8017849919555547,0.4934009667844463
0.0,0.6235670686318247,-0.4765530689943358,0.3921057795824645,0.7792910255994758,0.7972673365411685,0.5467404945281426
0.0,0.6235670686318247,-0.4765530689943358,0.3334838112250918,0.7778887034311485,0.7723069160798863,0.4829585454215421
0.0,0.6235670686318247,-0.4765530689943358,0.4645479152436549,0.8141704757602884,0.8246147867101827,0.3924077173895733
0.0,0.6235670686318247,-0.4765530689943358,0.4307785104295677,0.8523009104389374,0.842796285773599,0.387723510399835
0.0,0.6235670686318247,-0.4765530689943358,0.4709744041734864,0.8723644666244063,0.873845723773991,0.3680670036200445
0.0,0.6235670686318247,-0.4765530689943358,0.5749922250178098,0.8746809662169358,0.864614923074527,0.4346578320759559
0.0,0.6235670686318247,-0.4765530689943358,0.4588136857502852,0.8814762469422033,0.8793569981635251,0.474836379218219
0.0,0.6235670686318247,-0.4765530689943358,0.4485297489027909,0.8642173350933894,0.8769226573404791,0.4601623465211609
0.0,0.6235670686318247,-0.4765530689943358,0.4312681094203964,0.8591266099315499,0.8430763881091109,0.6134111359918643
0.0,0.6235670686318247,-0.4765530689943358,0.3449351962548734,0.8591500612717377,0.8553841223750629,0.5563342697691298
0.0,0.6235670686318247,-0.4765530689943358,0.2635065043042529,0.8476787022691096,0.8553841223750629,0.5104553412215896
0.0,0.6235670686318247,-0.4765530689943358,0.2295161205664152,0.8439758546095398,0.8553841223750629,0.4074271089029723
0.0,0.6235670686318247,-0.4765530689943358,0.1834963699719489,0.79554356906719,0.8553841223750629,0.352360933416053
0.0,0.6235670686318247,-0.4765530689943358,0.2699355259438121,0.7970958608566455,0.7999993181782785,0.3232451657274705
0.0,0.6235670686318247,-0.4765530689943358,0.3405060982846831,0.776876982026745,0.7753838496463743,0.3155906680433264
0.0,0.6235670686318247,-0.4765530689943358,0.2704735520913326,0.726582524123691,0.7292298461490541,0.2921502871473805
0.0,0.6235670686318247,-0.4765530689943358,0.275933637590373,0.7410329680477761,0.7630761153804223,0.3178947967022462
0.0,0.6235670686318247,-0.4765530689943358,0.2702117659737784,0.7469322546343489,0.7138451783166139,0.2273585293491867
0.0,0.6235670686318247,-0.4765530689943358,0.2115736625087433,0.6226568904582629,0.636697218298614,0.1746882806506324
0.0,0.6235670686318247,-0.4765530689943358,0.30540566717382,0.6148146263496865,0.6215371713219732,0.1983382036182387
0.0,0.6235670686318247,-0.4765530689943358,0.3681108002864932,0.5892273024108322,0.5991632914561484,0.2105730665056484
0.0,0.6235670686318247,-0.4765530689943358,0.3853392962053807,0.5690674767745204,0.5846139685241168,0.2009629013547332
0.0,0.6235670686318247,-0.4765530689943358,0.3611777694111022,0.5345910327967165,0.5446138321597728,0.2622237750035895
0.0,0.6235670686318247,-0.4765530689943358,0.3331540349515689,0.5536776197449438,0.5446138321597728,0.2753448344672694
0.0,0.6235670686318247,-0.4765530689943358,0.4352773015846815,0.5487716163713948,0.5446138321597728,0.3432227976710655
0.0,0.6235670686318247,-0.4765530689943358,0.42354159805425,0.5484350981365631,0.5446138321597728,0.3198430009064608
0.0,0.6235670686318247,-0.4765530689943358,0.3759728552904857,0.5216135624517055,0.5169214300613805,0.3573943332903476
0.0,0.6235670686318247,-0.4765530689943358,0.4275802220522686,0.5187007530568659,0.5169214300613805,0.4064047882712107
0.0,0.6235670686318247,-0.4765530689943358,0.4549791632223997,0.5454758958730915,0.5384599650267964,0.3735246094845123
0.0,0.6235670686318247,-0.4765530689943358,0.4431045099962123,0.5668994598522009,0.5753831678246526,0.3752914417747553
0.0,0.6235670686318247,-0.4765530689943358,0.4220282603244821,0.558226669929621,0.5753831678246526,0.3941950077995301
0.0,0.6235670686318247,-0.4765530689943358,0.4214238160477205,0.5785693055601863,0.5753831678246526,0.3890293179379592
0.0,0.6235670686318247,-0.4765530689943358,0.351464390930908,0.5988753197138639,0.5880022314732951,0.4389019699841262
0.0,0.6235670686318247,-0.4765530689943358,0.3020418356486231,0.585987193876851,0.590767835657093,0.4170262694000787
0.0,0.6235670686318247,-0.4765530689943358,0.3007515728782421,0.5693276082164941,0.5599984999922127,0.4719492087813054
0.0,0.6235670686318247,-0.4765530689943358,0.4002528954330615,0.5802729264687517,0.5723161584704186,0.4809655616419884
0.0,0.6235670686318247,-0.4765530689943358,0.4346393644051403,0.5835290091040204,0.599998636356557,0.5502447158061506
0.0,0.6235670686318247,-0.4765530689943358,0.4101019922207384,0.5685697305758981,0.5507676992927485,0.4617690259772499
0.0,0.6235670686318247,-0.4765530689943358,0.5062088505628771,0.5918753495736971,0.5938447692235811,0.4451910418327829
0.0,0.6235670686318247,-0.4765530689943358,0.7748847245900875,0.7337179342503044,0.716922111883102,0.4594431806876754
0.0,0.6235670686318247,-0.4765530689943358,0.6152540128820604,0.7489233243974618,0.7630761153804223,0.5196126180399575
0.0,0.6235670686318247,-0.4765530689943358,0.6197999648390022,0.7444801451181251,0.7281492192095764,0.4815660176992807
0.0,0.6235670686318247,-0.4765530689943358,0.4603927429307486,0.7693301538233598,0.7479238965539643,0.4525948324304206
0.0,0.6235670686318247,-0.4765530689943358,0.5253015518436511,0.7772740404060829,0.7876915839123264,0.4580309265381079
0.0,0.6235670686318247,-0.4765530689943358,0.4403999690136066,0.7683508054646502,0.7876915839123264,0.4530190091528975
0.0,0.6235670686318247,-0.4765530689943358,0.4420616449320871,0.7115802089875793,0.7323067797155419,0.4797602886406549
0.0,0.6235670686318247,-0.4765530689943358,0.4850912478547294,0.7164139040622161,0.7323067797155419,0.4264148780900024
0.0,0.6235670686318247,-0.4765530689943358,0.4642649067652781,0.7246618933497652,0.7323067797155419,0.3854595662879352
0.0,0.6235670686318247,-0.4765530689943358,0.5269385556759902,0.7166048285600489,0.7323067797155419,0.3788100334916467
0.0,0.6235670686318247,-0.4765530689943358,0.5126636359738055,0.7260661697964413,0.7181533986310206,0.3829608074486199
0.0,0.6235670686318247,-0.4765530689943358,0.4743172753423153,0.7485489526406969,0.7569222482474462,0.3853833532067698
0.0,0.6235670686318247,-0.4765530689943358,0.4754485232424588,0.7649229162719193,0.7569222482474462,0.3200118755141122
0.0,0.6235670686318247,-0.4765530689943358,0.5817255211639775,0.7790921140509994,0.7782951515324864,0.307244633231004
0.0,0.6235670686318247,-0.4765530689943358,0.4283578512735207,0.893277624079937,0.8814936981725071,0.2801370099886586
0.0,0.6235670686318247,-0.4765530689943358,0.4557679276329723,0.8629855449531663,0.864614923074527,0.2604088558883256
0.0,0.6235670686318247,-0.4765530689943358,0.3147296415333653,0.8042378135672967,0.8027330964400206,0.326265650521031
0.0,0.6235670686318247,-0.4765530689943358,0.4155576236440506,0.7839251293766454,0.8061531853112546,0.3279260654675269
0.0,0.6235670686318247,-0.4765530689943358,0.3586619153032173,0.8117147125932379,0.8047891194476624,0.4649565415135949
0.0,0.6235670686318247,-0.4765530689943358,0.3883608625780522,0.7843295800262599,0.7753838496463743,0.3487266757633837
0.0,0.6235670686318247,-0.4765530689943358,0.3923021082537778,0.7720490648185311,0.7753838496463743,0.3299513022484033
0.0,0.6235670686318247,-0.4765530689943358,0.4252640590061978,0.7766556387615673,0.7723069160798863,0.2899779216572036
0.0,0.6235670686318247,-0.4765530689943358,0.416223114958734,0.7601471697987608,0.7723069160798863,0.2994291924849058
0.0,0.6235670686318247,-0.4765530689943358,0.3493787481374759,0.7914690686468189,0.8215378531436947,0.2618279879465236
0.0,0.6235670686318247,-0.4765530689943358,0.3416790048931079,0.7659082974029235,0.7588983642357332,0.3019715016563156
0.0,0.6235670686318247,-0.4765530689943358,0.2654290929921057,0.7137461441786138,0.726152912582566,0.2656919092120597
0.0,0.6235670686318247,-0.4765530689943358,0.3751662309095913,0.7383853457280305,0.7630761153804223,0.2504983163702826
0.0,0.6235670686318247,-0.4765530689943358,0.3618585443189705,0.7556958335315326,0.7538453146809581,0.2597641178065312
0.0,0.6235670686318247,-0.4765530689943358,0.4150706010303587,0.7362746401425105,0.7538453146809581,0.2920126411716813
0.0,0.6235670686318247,-0.4765530689943358,0.3609655458028764,0.7469896934240843,0.7538453146809581,0.2795199006121715
0.0,0.6235670686318247,-0.4765530689943358,0.4440547564856364,0.7367949879950819,0.7538453146809581,0.2748961021475966
0.0,0.6235670686318247,-0.4765530689943358,0.3332815001187317,0.7242859921577705,0.7507945605019672,0.3191770730125451
0.0,0.6235670686318247,-0.4765530689943358,0.2540184933224235,0.7048546025338841,0.7076913111836378,0.3065341599033197
0.0,0.6235670686318247,-0.4765530689943358,0.2022454305768106,0.6496833704638914,0.7076913111836378,0.2715888231979916
0.0,0.6235670686318247,-0.4765530689943358,0.2415012741713301,0.6307784889178071,0.6276910384549492,0.2877449427679893
0.0,0.6235670686318247,-0.4765530689943358,0.1880597670588262,0.6669236741840783,0.6984605104841738,0.2870764393167993
0.0,0.6235670686318247,-0.4765530689943358,0.2493922151664422,0.6952245985791125,0.7046143776171497,0.3095338939002034
0.0,0.6235670686318247,-0.4765530689943358,0.3471510115948325,0.7224256891067913,0.7076913111836378,0.3809838916343349
0.0,0.6235670686318247,-0.4765530689943358,0.3400751882916847,0.6773514910326643,0.6707681083857814,0.3091547308946359
0.0,0.6235670686318247,-0.4765530689943358,0.3140853725795046,0.7072253545927539,0.7053420961467354,0.3005057754256078
0.0,0.6235670686318247,-0.4765530689943358,0.1934705520529926,0.5977848323951342,0.6523065069868534,0.2974628130412888
0.0,0.6235670686318247,-0.4765530689943358,0.2652004504380584,0.5629360134232263,0.5692293006916768,0.3075552220241405
0.0,0.6235670686318247,-0.4765530689943358,0.2476404533829884,0.5603211040236702,0.5692293006916768,0.4190259262143888
0.0,0.6235670686318247,-0.4765530689943358,0.2911494589564345,0.5158508629280012,0.5230752971943565,0.3953087021791405
0.0,0.6235670686318247,-0.4765530689943358,0.3345904307065029,0.5376559360282808,0.5230752971943565,0.5285332948014355
0.0,0.6235670686318247,-0.4765530689943358,0.3232189570353742,0.5354038426526435,0.5230752971943565,0.5439610584813095
0.0,0.6235670686318247,-0.4765530689943358,0.3309533285351584,0.5313407705121829,0.5230752971943565,0.540375648613765
0.0,0.6235670686318247,-0.4765530689943358,0.3052186833280539,0.4997139192730601,0.5015238436422992,0.5035678327866853
0.0,0.6235670686318247,-0.4765530689943358,0.3346915644259784,0.4899492400494568,0.4861520943965002,0.4895285578869832
0.0,0.6235670686318247,-0.4765530689943358,0.352701182958846,0.5100591041349338,0.5169214300613805,0.3155658490368639
0.0,0.6235670686318247,-0.4765530689943358,0.4208791524540167,0.4819394602989236,0.4953828950959643,0.3126812541572247
0.0,0.6235670686318247,-0.4765530689943358,0.4127688918967001,0.4681156599758694,0.464613559431084,0.2721307145949876
0.0,0.6235670686318247,-0.4765530689943358,0.4448503330120286,0.4539810869110158,0.464613559431084,0.3026648241139681
0.0,0.6235670686318247,-0.4765530689943358,0.4196883858752699,0.4676011324740331,0.464613559431084,0.2501199435925152
0.0,0.6235670686318247,-0.4765530689943358,0.4744268805391563,0.4564678211414663,0.464613559431084,0.2405164368425082
0.0,0.6235670686318247,-0.4765530689943358,0.4137369983564461,0.4519665658077152,0.45538275873162,0.2478844037798746
0.0,0.6235670686318247,-0.4765530689943358,0.4756669912901859,0.4725569699454812,0.45538275873162,0.2242546608888673
0.0,0.6235670686318247,-0.4765530689943358,0.4758947604960513,0.4398859392876373,0.45538275873162,0.2076564674001051
0.0,0.6235670686318247,-0.4765530689943358,0.516339689474067,0.4515079476603844,0.45538275873162,0.2478408827154764
0.0,0.6235670686318247,-0.4765530689943358,0.450917264495331,0.4828461179999135,0.4676904929975721,0.2478647066202647
0.0,0.6235670686318247,-0.4765530689943358,0.4534390573708534,0.4519244213702764,0.4547245096878119,0.2334004647702855
0.0,0.6235670686318247,-0.4765530689943358,0.3556173798733593,0.4499780875876303,0.461536625864596,0.2264635963655711
0.0,0.6235670686318247,-0.4765530689943358,0.284083810159607,0.4489280878181741,0.4461519580321559,0.2433665104743615
0.0,0.6235670686318247,-0.4765530689943358,0.2143725469287095,0.4640536074588952,0.4338442237662038,0.1981685973181797
0.0,0.6235670686318247,-0.4765530689943358,0.1648254958630806,0.5103452784601231,0.5107675629284041,0.2114454487292648
0.0,0.6235670686318247,-0.4765530689943358,0.0778718068097927,0.886817034764088,0.8006370343691475,0.2018514247128591
0.0,0.6235670686318247,-0.4765530689943358,0.2342783790343336,0.9471246201469375,0.9353843951037512,0.13783104631835
0.0,0.6235670686318247,-0.4765530689943358,0.2635710884023117,0.9077607809242112,0.9290228039418742,0.1832412966111889
0.0,0.6235670686318247,-0.4765530689943358,0.2640700103849833,0.9097787857410906,0.8923073251729192,0.2416907299873081
0.0,0.6235670686318247,-0.4765530689943358,0.2144685933950249,0.919480248308536,0.8923073251729192,0.2591971732615024
0.0,0.6235670686318247,-0.4765530689943358,0.2113943204595698,0.9156626930067436,0.8923073251729192,0.5479498357392617
0.0,0.6235670686318247,-0.4765530689943358,0.1393218730838195,0.8474056980806197,0.8923073251729192,0.4516878557897775
0.0,0.6235670686318247,-0.4765530689943358,0.1696175355040053,0.8511410037545073,0.8923073251729192,0.4360598132641221
0.0,0.6235670686318247,-0.4765530689943358,0.1095217593389522,0.8486618742158928,0.8923073251729192,0.323071988768463
0.0,0.6235670686318247,-0.4765530689943358,0.1244213959125733,0.8347632165352107,0.8030762517447666,0.3130368566672706
0.0,0.6235670686318247,-0.4765530689943358,0.0,0.8111674296869005,0.8030762517447666,0.3222788634664272
0.0,0.6235670686318247,-0.4765530689943358,0.0703544623332352,0.4902826569295172,0.8030762517447666,0.3498355117054084
0.0,0.6235670686318247,-0.4765530689943358,0.1767001709229727,0.4583983507600728,0.4290458671414284,0.3330428782762766
0.0,0.6235670686318247,-0.4765530689943358,0.2670184993485259,0.4688064548879211,0.4738443601305481,0.3106347982965308
0.0,0.6235670686318247,-0.4765530689943358,0.3066474591201,0.4592926455262898,0.4738443601305481,0.2873417217160632
0.0,0.6235670686318247,-0.4765530689943358,0.3313359860411013,0.4593457084318957,0.4738443601305481,0.352117865198281
0.0,0.6235670686318247,-0.4765530689943358,0.3416084820274114,0.4531647508571983,0.4369211573326919,0.4435779820189005
0.0,0.6235670686318247,-0.4765530689943358,0.4251934924730923,0.4601481521157108,0.4523058251651319,0.4527061374794498
0.0,0.6235670686318247,-0.4765530689943358,0.4425053058085427,0.4760293402128073,0.45615834447462,0.4233741985859949
0.0,0.6235670686318247,-0.4765530689943358,0.4938644233495925,0.4859084721727617,0.464613559431084,0.5077403526420093
0.0,0.6235670686318247,-0.4765530689943358,0.4616240765325492,0.4921016652292962,0.494345344370882,0.4338053518858236
0.0,0.6235670686318247,-0.4765530689943358,0.5793235953264344,0.4943311994352963,0.4799982272635242,0.3056479340593534
0.0,0.6235670686318247,-0.4765530689943358,0.5340339419784148,0.4778674239686448,0.4799982272635242,0.2277548285909378
0.0,0.6235670686318247,-0.4765530689943358,0.5287829360341451,0.4873047190844825,0.4799982272635242,0.2412765335492694
0.0,0.6235670686318247,-0.4765530689943358,0.5100293995198506,0.4884302559605579,0.4799982272635242,0.1776557909138897
0.0,0.6235670686318247,-0.4765530689943358,0.5217496011200515,0.4717471764757014,0.4861520943965002,0.1740694152123673
0.0,0.6235670686318247,-0.4765530689943358,0.4365726516082227,0.479526563802615,0.4799982272635242,0.1906878180454247
0.0,0.6235670686318247,-0.4765530689943358,0.387474370505914,0.4862061172621734,0.4799982272635242,0.1547357603904629
0.0,0.6235670686318247,-0.4765530689943358,0.3102631424272809,0.5096938240209227,0.5049312705875542,0.2102898283747044
0.0,0.6235670686318247,-0.4765530689943358,0.3087611363901743,0.5265279352347055,0.5323060978938204,0.1263253514996363
0.0,0.6235670686318247,-0.4765530689943358,0.2919521532705099,0.5477983432692919,0.5323060978938204,0.0884255725574489
0.0,0.6235670686318247,-0.4765530689943358,0.2664118498676048,0.5902487527226685,0.5723062342581647,0.0544207166881034
0.0,0.6235670686318247,-0.4765530689943358,0.2865899046015581,0.6120729012790066,0.6092294370560212,0.0561226003017945
0.0,0.6235670686318247,-0.4765530689943358,0.3221821180737048,0.6399371294316679,0.6584603741198294,0.0691420679331547
0.0,0.6235670686318247,-0.4765530689943358,0.3377425189649741,0.6100240528516631,0.6092294370560212,0.0942692412868869
0.0,0.6235670686318247,-0.4765530689943358,0.3156131423879802,0.6029462939363445,0.6092294370560212,0.1263074616202729
0.0,0.6235670686318247,-0.4765530689943358,0.3953261200013589,0.5947533218327505,0.6092294370560212,0.0805495330461613
0.0,0.6235670686318247,-0.4765530689943358,0.4332890807809514,0.6534762848647621,0.6646142412528055,0.0587989518637967
0.0,0.6235670686318247,-0.4765530689943358,0.3989217381340584,0.6967864918230651,0.6646142412528055,0.0424233465223206
0.0,0.6235670686318247,-0.4765530689943358,0.3721887686201108,0.6936688230760782,0.6953835769176858,0.0609516019020534
0.0,0.6235670686318247,-0.4765530689943358,0.269557584518052,0.6894613892436651,0.6953835769176858,0.1041455083325625
0.0,0.6235670686318247,-0.4765530689943358,0.2817248530526183,0.6751146070406995,0.6615373076863176,0.0848136388401324
0.0,0.6235670686318247,-0.4765530689943358,0.4334665014641247,0.6966704246828606,0.7052211661982791,0.0769923006532297
0.0,0.6235670686318247,-0.4765530689943358,0.491822273295624,0.7178773186711049,0.710768244750126,0.1454620127746689
0.0,0.6235670686318247,-0.4765530689943358,0.4237630354857959,0.7003532622315093,0.7126429370002487,0.168950012212495
0.0,0.6235670686318247,-0.4765530689943358,0.4795394171291701,0.6942005992085599,0.6803498497633976,0.1662823641316801
0.0,0.6235670686318247,-0.4765530689943358,0.3590621271076184,0.7022831545854367,0.6769219755187577,0.1939134547562006
0.0,0.6235670686318247,-0.4765530689943358,0.467498522076539,0.7206517141776626,0.7046143776171497,0.1634632410886642
0.0,0.6235670686318247,-0.4765530689943358,0.4060349844068049,0.698701854542311,0.6738450419522694,0.1348387170486303
0.0,0.6235670686318247,-0.4765530689943358,0.4256915629412865,0.6817890198985139,0.6769219755187577,0.1634744798840434
0.0,0.6235670686318247,-0.4765530689943358,0.3311959883275269,0.6781849907485031,0.6980983622904592,0.1422563219989216
0.0,0.6235670686318247,-0.4765530689943358,0.3898190047027179,0.6758593995132195,0.6615373076863176,0.1110081684933081
0.0,0.6235670686318247,-0.4765530689943358,0.2801442893465408,0.6641387000838495,0.6615373076863176,0.1367611364124044
0.0,0.6235670686318247,-0.4765530689943358,0.3707294911428084,0.6615058198203448,0.6615373076863176,0.162731036496477
0.0,0.6235670686318247,-0.4765530689943358,0.3030708581440635,0.6845483759586465,0.6707522382015305,0.1920327711273503
0.0,0.6235670686318247,-0.4765530689943358,0.3932319620631523,0.677167364024741,0.6707681083857814,0.1620878349687384
0.0,0.6235670686318247,-0.4765530689943358,0.2928969413337965,0.6841648275905038,0.6707681083857814,0.1627612114913624
0.0,0.6235670686318247,-0.4765530689943358,0.3830835251860952,0.6943444086044575,0.7046143776171497,0.2080292207801829
0.0,0.6235670686318247,-0.4765530689943358,0.3359682247984247,0.7093867439624114,0.7046143776171497,0.217577733528842
0.0,0.6235670686318247,-0.4765530689943358,0.3458891981414801,0.6965895345529377,0.7046143776171497,0.175396441830309
0.0,0.6235670686318247,-0.4765530689943358,0.3041834382268167,0.6878912540431972,0.7046143776171497,0.2172996172447505
0.0,0.6235670686318247,-0.4765530689943358,0.301146893932824,0.6763848454832231,0.6615373076863176,0.2125330509576238
0.0,0.6235670686318247,-0.4765530689943358,0.3063226390975099,0.6800614803223296,0.6615373076863176,0.1774180933183887
0.0,0.6235670686318247,-0.4765530689943358,0.2682314053036863,0.6788179645120125,0.6923066433511978,0.1441109281103685
0.0,0.6235670686318247,-0.4765530689943358,0.2635352156257361,0.6371372433379495,0.6523065069868534,0.1851966860348451
0.0,0.6235670686318247,-0.4765530689943358,0.2316945347704801,0.6326822109355833,0.6246141048884613,0.2437971114561764
0.0,0.6235670686318247,-0.4765530689943358,0.1612027821030346,0.6411025165923375,0.6246141048884613,0.2891973521968806
0.0,0.6235670686318247,-0.4765530689943358,0.264017281988495,0.6466344838179267,0.2153844215986177,0.2306813933470714
0.0,0.6235670686318247,-0.4765530689943358,0.2530244702553766,0.6447330559529952,0.2153844215986177,0.2426580858854182
0.0,0.6235670686318247,-0.4765530689943358,0.2659481019829632,0.6579706577399798,0.2153844215986177,0.1990029022689097
0.0,0.6235670686318247,-0.4765530689943358,0.2142561296160491,0.6453175976008991,0.2153844215986177,0.1988811047507569
0.0,0.6235670686318247,-0.4765530689943358,0.2037014766658396,0.6096027359302104,0.2153844215986177,0.1860744681484289
0.0,0.6235670686318247,-0.4765530689943358,0.1678032856581294,0.5398369956343635,0.5107690601155979,0.1710741738068656
0.0,0.6235670686318247,-0.4765530689943358,0.2340920938671132,0.5087065735801936,0.5107690601155979,0.1815095123872652
0.0,0.6235670686318247,-0.4765530689943358,0.2372327630981048,0.471131238921278,0.4369226545198854,0.1904483351204493
0.0,0.6235670686318247,-0.4765530689943358,0.2290457352355905,0.4750629495692378,0.4829146195860941,0.2131213170194072
0.0,0.6235670686318247,-0.4765530689943358,0.2464586386231072,0.49438443227815,0.4861535915836937,0.1966286921111994
0.0,0.6235670686318247,-0.4765530689943358,0.2528866995796663,0.5255990157542623,0.544615329346966,0.1719213419101195
0.0,0.6235670686318247,-0.4765530689943358,0.2488182507412324,0.5651620214313358,0.544615329346966,0.1257557582280923
0.0,0.6235670686318247,-0.4765530689943358,0.1909688243519516,0.5530951598283247,0.544615329346966,0.144166185520983
0.0,0.6235670686318247,-0.4765530689943358,0.2164472728698666,0.5310216708452443,0.544615329346966,0.1208501045312236
0.0,0.6235670686318247,-0.4765530689943358,0.1568717611336827,0.5414236147478622,0.544615329346966,0.131178425780102
0.0,0.6235670686318247,-0.4765530689943358,0.1518900957687416,0.4773715045954357,0.4738458573177416,0.1349474758080813
0.0,0.6235670686318247,-0.4765530689943358,0.2304332016586279,0.516961232904716,0.5261537279480377,0.1806501396546542
0.0,0.6235670686318247,-0.4765530689943358,0.1516047510839779,0.4664190914630851,0.4430765216528614,0.2157013815190441
0.0,0.6235670686318247,-0.4765530689943358,0.1917043581908313,0.485619196492801,0.4923074587166697,0.2657416057603772
0.0,0.6235670686318247,-0.4765530689943358,0.2558170010673188,0.5187062335331056,0.4923074587166697,0.1806872364597146
0.0,0.6235670686318247,-0.4765530689943358,0.2889565690062529,0.5364552019200814,0.5261537279480377,0.1662624181966516
0.0,0.6235670686318247,-0.4765530689943358,0.2983627909308381,0.5648043460091611,0.5261537279480377,0.2456611417658319
0.0,0.6235670686318247,-0.4765530689943358,0.2695468860028225,0.5917080888376116,0.4923074587166697,0.2876579591745855
0.0,0.6235670686318247,-0.4765530689943358,0.1895773623609815,0.5528355381980943,0.3396170366734055,0.2119924619731132
0.0,0.6235670686318247,-0.4765530689943358,0.2610813692387732,0.5676268337568278,0.3599978181704913,0.0955765634282947
0.0,0.6235670686318247,-0.4765530689943358,0.2542572448816775,0.5974664124771867,0.3599978181704913,0.2083439070508013
0.0,0.6235670686318247,-0.4765530689943358,0.1874875493299803,0.6367557342167797,0.3599978181704913,0.1664049079760885
0.0,0.6235670686318247,-0.4765530689943358,0.2237233767448514,0.5751988126728785,0.3599978181704913,0.1711195387361307
0.0,0.6235670686318247,-0.4765530689943358,0.1691042032763307,0.5625989853766515,0.5733279575757732,0.143465692477737
0.0,0.6235670686318247,-0.4765530689943358,0.1405980421979134,0.5348284351318052,0.5846139685241168,0.1901564337514005
0.0,0.6235670686318247,-0.4765530689943358,0.172264588342531,0.6141512763031445,0.5846139685241168,0.1223613786142984
0.0,0.6235670686318247,-0.4765530689943358,0.2638000584619273,0.6017708804780579,0.6153833041889972,0.1987250493940849
0.0,0.6235670686318247,-0.4765530689943358,0.2149296775677113,0.5799672943286961,0.6153833041889972,0.0893980576193356
0.0,0.6235670686318247,-0.4765530689943358,0.2070470988814418,0.5922665451179882,0.6153833041889972,0.160974930816928
0.0,0.6235670686318247,-0.4765530689943358,0.2398199915861636,0.5529406443858197,0.5630754335587008,0.2052249364591911
0.0,0.6235670686318247,-0.4765530689943358,0.3026402974903379,0.5529350789409563,0.5630754335587008,0.2149632063168117
0.0,0.6235670686318247,-0.4765530689943358,0.2441240697641008,0.5582035584639287,0.5630754335587008,0.2267624195447949
0.0,0.6235670686318247,-0.4765530689943358,0.2991929302115328,0.5737885459382194,0.5630754335587008,0.2883799347069158
0.0,0.6235670686318247,-0.4765530689943358,0.2485024698723261,0.5467815237474565,0.5630754335587008,0.1842053013580726
0.0,0.6235670686318247,-0.4765530689943358,0.2512272506990498,0.5747009815056323,0.5630754335587008,0.2622593352545941
0.0,0.6235670686318247,-0.4765530689943358,0.2213168221619437,0.524544979975172,0.5630754335587008,0.2088046830275015
0.0,0.6235670686318247,-0.4765530689943358,0.2909090043682256,0.5184772430917797,0.5076906293619162,0.1908075521909883
0.0,0.6235670686318247,-0.4765530689943358,0.303585937068102,0.5327625080110642,0.5446138321597728,0.1344127403628308
0.0,0.6235670686318247,-0.4765530689943358,0.2187336329092267,0.5289187823731204,0.5446138321597728,0.1601892541436006
0.0,0.6235670686318247,-0.4765530689943358,0.2635039060934114,0.5059131875862014,0.5446138321597728,0.1234264373995823
0.0,0.6235670686318247,-0.4765530689943358,0.2332287018543889,0.503870796774272,0.4892290279629883,0.1970168110318347
0.0,0.6235670686318247,-0.4765530689943358,0.2150958538930412,0.4927573256153782,0.4892290279629883,0.0786550131138852
0.0,0.6235670686318247,-0.4765530689943358,0.1409019346146923,0.502477906123194,0.4892290279629883,0.0881436734236106
0.0,0.6235670686318247,-0.4765530689943358,0.1904319772244768,0.5240803290555468,0.4892290279629883,0.0533438666796727
0.0,0.6235670686318247,-0.4765530689943358,0.1633494501006839,0.5079617811076734,0.5538446328592367,0.1361363588994867
0.0,0.6235670686318247,-0.4765530689943358,0.1632008062401077,0.5091907672833088,0.5538446328592367,0.173214886283494
0.0,0.6235670686318247,-0.4765530689943358,0.1553488384076172,0.4942363319667471,0.4861520943965002,0.0902226310610458
0.0,0.6235670686318247,-0.4765530689943358,0.1739011773344837,0.4792423437557745,0.4861520943965002,0.1702473760202366
0.0,0.6235670686318247,-0.4765530689943358,0.208854492944089,0.4810168709809583,0.4861520943965002,0.2127766020923849
0.0,0.6235670686318247,-0.4765530689943358,0.2120447028507045,0.498233256033526,0.4861520943965002,0.2255811899559719
0.0,0.6235670686318247,-0.4765530689943358,0.210149799300221,0.5359828613399962,0.4945502451325041,0.1226660553327822
0.0,0.6235670686318247,-0.4765530689943358,0.1870498708885715,0.5475875361134738,0.5353830314603084,0.1490432666293389
0.0,0.6235670686318247,-0.4765530689943358,0.1710029713925196,0.5676151080867343,0.5353830314603084,0.1038479582981277
0.0,0.6235670686318247,-0.4765530689943358,0.1942693381339536,0.5664594498334976,0.5353830314603084,0.126674595602661
0.0,0.6235670686318247,-0.4765530689943358,0.1952694746382744,0.5797693174350824,0.5353830314603084,0.0617119656765433
0.0,0.6235670686318247,-0.4765530689943358,0.2117114113507491,0.5814827522197048,0.5353830314603084,0.1719686824088849
0.0,0.6235670686318247,-0.4765530689943358,0.2185690504443289,0.5843612342905011,0.5353830314603084,0.1865393562364593
0.0,0.6235670686318247,-0.4765530689943358,0.2191791278168644,0.6063752877211858,0.5784601013911408,0.0798835466168531
0.0,0.6235670686318247,-0.4765530689943358,0.2006973554231035,0.5985966226275751,0.5784601013911408,0.0706556468473132
0.0,0.6235670686318247,-0.4765530689943358,0.2105375440593241,0.6237011548456081,0.6307679720214371,0.1069656264772526
0.0,0.6235670686318247,-0.4765530689943358,0.1853900071675685,0.685003510392399,0.6953835769176858,0.1983712175796652
0.0,0.6235670686318247,-0.4765530689943358,0.1526538605876043,0.7149467508338772,0.6953835769176858,0.2112326140417706
0.0,0.6235670686318247,-0.4765530689943358,0.1807364368808998,0.7242497105553786,0.6953835769176858,0.1648601589653705
0.0,0.6235670686318247,-0.4765530689943358,0.2146717996832715,0.7637542578192307,0.7599991818139342,0.122658914014885
0.0,0.6235670686318247,-0.4765530689943358,0.3123222572696848,0.8043802209809005,0.7599991818139342,0.2228472944445818
0.0,0.6235670686318247,-0.4765530689943358,0.2307513187339211,0.8300950403398698,0.8169127424655935,0.2052428482893267
0.0,0.6235670686318247,-0.4765530689943358,0.1909417287246051,0.8705030589813167,0.8092301188777425,0.254429085054168
0.0,0.6235670686318247,-0.4765530689943358,0.2018326862259978,0.8551294309588994,0.8769226573404791,0.2410347677439826
0.0,0.6235670686318247,-0.4765530689943358,0.2505562572908198,0.8413042711378633,0.8769226573404791,0.1682272318185165
0.0,0.6235670686318247,-0.4765530689943358,0.3111230628809818,0.8752263798135482,0.8769226573404791,0.1558230553080108
0.0,0.6235670686318247,-0.4765530689943358,0.3079184427293633,0.8783356366667721,0.8769226573404791,0.0767428008591956
0.0,0.6235670686318247,-0.4765530689943358,0.2707888089513298,0.8711563827302424,0.8769226573404791,0.0770808354345374
0.0,0.6235670686318247,-0.4765530689943358,0.3149139179997672,0.8779650884980811,0.8769226573404791,0.1574320615459556
0.0,0.6235670686318247,-0.4765530689943358,0.2930569823881479,0.8789327111866967,0.8769226573404791,0.172153917658768
0.0,0.6235670686318247,-0.4765530689943358,0.2348427366295415,0.8667293474894406,0.8769226573404791,0.1246429418793708
0.0,0.6235670686318247,-0.4765530689943358,0.3108769533632944,0.8772256065645527,0.8769226573404791,0.1516114045427335
0.0,0.6235670686318247,-0.4765530689943358,0.3453502986457776,0.870165393670063,0.8769226573404791,0.1429780487558333
0.0,0.6235670686318247,-0.4765530689943358,0.3435844322891845,0.8713792554306498,0.8769226573404791,0.1183523261597343
0.0,0.6235670686318247,-0.4765530689943358,0.2895690044188798,0.8945073749731872,0.883076524473455,0.1036936736370819
0.0,0.6235670686318247,-0.4765530689943358,0.2900055256739475,0.8828506994019018,0.883076524473455,0.0826008619782892
0.0,0.6235670686318247,-0.4765530689943358,0.2663188601199264,0.8849148421815417,0.9111404001029384,0.0940643015604698
0.0,0.6235670686318247,-0.4765530689943358,0.2065549016797717,0.8799500405202755,0.9076919930053592,0.0773954924374595
0.0,0.6235670686318247,-0.4765530689943358,0.3085556375629499,0.8907405459398443,0.9009485763323672,0.0664383547335741
0.0,0.6235670686318247,-0.4765530689943358,0.2489205198133445,0.8675179412875648,0.8707687902075031,0.0543306673035122
0.0,0.6235670686318247,-0.4765530689943358,0.2377788240488998,0.8768989022057779,0.8707687902075031,0.0427096065429076
0.0,0.6235670686318247,-0.4765530689943358,0.282048428554049,0.8586974334123896,0.8707687902075031,0.041548597273766
0.0,0.6235670686318247,-0.4765530689943358,0.3989335720019245,0.8826873047382022,0.8707687902075031,0.0521199245465618
0.0,0.6235670686318247,-0.4765530689943358,0.382872917272006,0.9007407581888116,0.8707687902075031,0.0647142240122329
0.0,0.6235670686318247,-0.4765530689943358,0.3746940552149934,0.9099589192236922,0.9033750462284534,0.0692075836713224
0.0,0.6235670686318247,-0.4765530689943358,0.3668048827499499,0.9593359708948368,0.9575539730828312,0.0601876308839945
0.0,0.6235670686318247,-0.4765530689943358,0.4115222747017145,0.9883469780795407,0.0,0.058357346228173
0.0,0.6235670686318247,-0.4765530689943358,0.3316610899018505,0.9793486308746086,0.97255185329803,0.0226038186741387
0.0,0.6235670686318247,-0.4765530689943358,0.4050465726018274,0.9740680858070464,0.9784614650345836,0.0407350431197128
0.0,0.6235670686318247,-0.4765530689943358,0.4271199238929461,0.959574647759284,0.9815383986010716,0.0703312437015231
0.0,0.6235670686318247,-0.4765530689943358,0.3556452833477742,0.980561812886204,0.9599998636356556,0.0433727466887507
0.0,0.6235670686318247,-0.4765530689943358,0.4914593534585943,0.9908235585594388,0.9846153321675596,0.052949367401244
0.0,0.6235670686318247,-0.4765530689943358,0.4054502777989565,1.0,0.0015384470658233,0.0506088553373611
0.0,0.6235670686318247,-0.4765530689943358,0.4671553399084224,0.0081929322745515,0.0138461432337084,0.0488112224552243
0.0,0.6235670686318247,-0.4765530689943358,0.5059593786546892,0.0,0.0148420079896465,0.0613064361350714
0.0,0.6235670686318247,-0.4765530689943358,0.3855586812686989,0.0226001311519917,0.0153846046698553,0.0474679888504564
0.0,0.6235670686318247,-0.4765530689943358,0.2078187675013517,0.0343402220144907,0.046153813341179,0.0305569182005534
0.0,0.6235670686318247,-0.4765530689943358,0.1742397307572356,0.0209608527338508,0.0184615262053748,0.0213940018629547
0.0,0.6235670686318247,-0.4765530689943358,0.2001060113690719,0.0609640755406487,0.0184615262053748,0.0487441518706907
0.0,0.6235670686318247,-0.4765530689943358,0.1132036315214764,0.1644916577559473,0.1107691936593485,0.0447412383154255
0.0,0.6235670686318247,-0.4765530689943358,0.178743543664396,0.1975768998340726,0.2184613337767173,0.0503313390410438
0.0,0.6235670686318247,-0.4765530689943358,0.1252112083409642,0.1916395897883183,0.2184613337767173,0.0532223581800209
0.0,0.6235670686318247,-0.4765530689943358,0.1349318792784781,0.1411816734950971,0.1661537839722481,0.0458891941920173
0.0,0.6235670686318247,-0.4765530689943358,0.119108360413677,0.1700130039035528,0.1661537839722481,0.0691221073642781
0.0,0.6235670686318247,-0.4765530689943358,0.0325084701673431,0.1236037469479685,0.1661537839722481,0.0821676854391999
0.0,0.6235670686318247,-0.4765530689943358,0.0697775394410589,0.0920748539110884,0.0676922627530412,0.0715390629924347
0.0,0.6235670686318247,-0.4765530689943358,0.0710790684029876,0.0879888933475731,0.0676922627530412,0.0212568406334754
0.0,0.6235670686318247,-0.4765530689943358,0.0688709166933256,0.017455896999271,0.0030769145174545,0.0032244197005136
0.0,0.6235670686318247,-0.4765530689943358,0.059499137437668,0.941648392338606,0.0030769145174545,0.0080113314953195
0.0,0.6235670686318247,-0.4765530689943358,0.0892343504957604,0.9547498743901532,0.9797582858047996,0.0071503986573034
0.0,0.6235670686318247,-0.4765530689943358,0.0804886090506644,0.0113295915089728,1.0,0.0026728879130681
0.0,0.6235670686318247,-0.4765530689943358,0.1703595321194317,0.0942261851198955,0.073846119191823,0.0031752820965993
0.0,0.6235670686318247,-0.4765530689943358,0.2644439125754016,0.1081843633215978,0.0787600372795467,0.016358048382158
0.0,0.6235670686318247,-0.4765530689943358,0.2481480433463663,0.1211531881091302,0.079201236957077,0.0232349966663911
0.0,0.6235670686318247,-0.4765530689943358,0.0941335062912072,0.1019631412402646,0.1199999622762298,0.0382661446475476
0.0,0.6235670686318247,-0.4765530689943358,0.1255251005944269,0.1187024487119661,0.1199999622762298,0.0361043082111147
0.0,0.6235670686318247,-0.4765530689943358,0.0958759778333751,0.0518238944603235,0.1124335845797584,0.0295785978917168
0.0,0.6235670686318247,-0.4765530689943358,0.1161986371925628,0.1046819460246561,0.0646153505749417,0.0261580035681931
0.0,0.6235670686318247,-0.4765530689943358,0.1323550654674897,0.1056822497702272,0.1230768851485236,0.0245991383817033
0.0,0.6235670686318247,-0.4765530689943358,0.2185386360938908,0.1109606175168025,0.1230768851485236,0.0358484390346733
0.0,0.6235670686318247,-0.4765530689943358,0.1625693100034086,0.1911599419065801,0.1832902463746147,0.0642969727583929
0.0,0.6235670686318247,-0.4765530689943358,0.1422874905885816,0.1858384419623135,0.2030767728862196,0.073974625558514
0.0,0.6235670686318247,-0.4765530689943358,0.097212768228152,0.1789530732535894,0.1384614888157982,0.0789625580666064
0.0,0.6235670686318247,-0.4765530689943358,0.1431262541825736,0.122978080486112,0.1384614888157982,0.0644537707828585
0.0,0.6235670686318247,-0.4765530689943358,0.1722770335541245,0.121463036817145,0.1384614888157982,0.0699177716389679
0.0,0.6235670686318247,-0.4765530689943358,0.1374034109661265,0.1240032694173986,0.1384614888157982,0.0676860585776185
0.0,0.6235670686318247,-0.4765530689943358,0.2632413121287888,0.214200458797909,0.2153844215986177,0.0540553716936516
0.0,0.6235670686318247,-0.4765530689943358,0.2036759093978116,0.2281288979812574,0.2153844215986177,0.0537609240350247
0.0,0.6235670686318247,-0.4765530689943358,0.1951398479343612,0.1927405919742517,0.1969229485300205,0.0715623600786895
0.0,0.6235670686318247,-0.4765530689943358,0.1937680362774861,0.2300301559089412,0.1969229485300205,0.0893051546343551
0.0,0.6235670686318247,-0.4765530689943358,0.1667803984336675,0.2153117421873305,0.1969229485300205,0.0910024029766447
0.0,0.6235670686318247,-0.4765530689943358,0.1782513246290213,0.2230114714293672,0.1969229485300205,0.0635767642632267
0.0,0.6235670686318247,-0.4765530689943358,0.1603428616493337,0.2471317058663505,0.2676919286263099,0.0574163568659672
0.0,0.6235670686318247,-0.4765530689943358,0.1899024443880261,0.2447648198798667,0.2676919286263099,0.0451183708745622
0.0,0.6235670686318247,-0.4765530689943358,0.2272867028285215,0.2460403476192262,0.2672306024752215,0.0610874515728922
0.0,0.6235670686318247,-0.4765530689943358,0.2216540655624227,0.3001033339281003,0.2780326369690784,0.0807784722835446
0.0,0.6235670686318247,-0.4765530689943358,0.2176048958851064,0.2866109324802897,0.2923072260511063,0.0718210133447414
0.0,0.6235670686318247,-0.4765530689943358,0.1960195497243844,0.2631687689039339,0.2923072260511063,0.0744955027495665
0.0,0.6235670686318247,-0.4765530689943358,0.1963210950179241,0.2937136721710257,0.2923072260511063,0.0706862974422634
0.0,0.6235670686318247,-0.4765530689943358,0.153397058056781,0.2939443619848289,0.3076917869416041,0.0922568018062178
0.0,0.6235670686318247,-0.4765530689943358,0.2213982400462106,0.2697919881658674,0.2799995773387081,0.0837930889039969
0.0,0.6235670686318247,-0.4765530689943358,0.2439355357253117,0.2844650923688002,0.2799995773387081,0.0995403680243788
0.0,0.6235670686318247,-0.4765530689943358,0.2175453990402078,0.2650641215122589,0.2799995773387081,0.1151376867858432
0.0,0.6235670686318247,-0.4765530689943358,0.3304766550974233,0.2734891854119499,0.2799995773387081,0.0819103199517852
0.0,0.6235670686318247,-0.4765530689943358,0.3046871636244893,0.271659109948912,0.2799995773387081,0.0946291900498334
0.0,0.6235670686318247,-0.4765530689943358,0.295490152256902,0.2530935081179348,0.2461535433796132,0.1049671696384908
0.0,0.6235670686318247,-0.4765530689943358,0.2691374167076922,0.2321419448444154,0.2461535433796132,0.1034661099814247
0.0,0.6235670686318247,-0.4765530689943358,0.3021605673339658,0.2482036700250767,0.2461535433796132,0.1318262077023115
0.0,0.6235670686318247,-0.4765530689943358,0.3199610844783583,0.2479126949726387,0.2461535433796132,0.1444194535309158
0.0,0.6235670686318247,-0.4765530689943358,0.2746485057405613,0.2318922857853335,0.2461535433796132,0.1485917246108213
0.0,0.6235670686318247,-0.4765530689943358,0.3312696989140876,0.2502299167984712,0.2461535433796132,0.2698235420956525
0.0,0.6235670686318247,-0.4765530689943358,0.3766323641701223,0.2741934478508848,0.2830764895168077,0.1898478644293088
0.0,0.6235670686318247,-0.4765530689943358,0.3181336907423434,0.2661289058222682,0.2830764895168077,0.1342444072075609
0.0,0.6235670686318247,-0.4765530689943358,0.2940035826489122,0.2636451030093413,0.2707688408044095,0.1714623805305898
0.0,0.6235670686318247,-0.4765530689943358,0.2708577161228895,0.2191327387183895,0.2246151581329163,0.1690180742402408
0.0,0.6235670686318247,-0.4765530689943358,0.221008093579607,0.2380096018607533,0.2246151581329163,0.1559343310893436
0.0,0.6235670686318247,-0.4765530689943358,0.1712655871908467,0.247969390286915,0.2246151581329163,0.1540881979759756
0.0,0.6235670686318247,-0.4765530689943358,0.2443315991258483,0.2647850208250065,0.2707688408044095,0.162039221325184
0.0,0.6235670686318247,-0.4765530689943358,0.3458879754540254,0.2618810481670492,0.2590702906190963,0.1819173138336624
0.0,0.6235670686318247,-0.4765530689943358,0.3254007772973489,0.2505895040146831,0.273845752982509,0.2854874082815792
0.0,0.6235670686318247,-0.4765530689943358,0.3301401103754899,0.268259706487333,0.2553842799139118,0.3120094141886564
0.0,0.6235670686318247,-0.4765530689943358,0.3424975068092775,0.2532876614234745,0.2662389084550368,0.3238832600422048
0.0,0.6235670686318247,-0.4765530689943358,0.2905714771295875,0.2651179916197915,0.2646150164482104,0.2949000457501653
0.0,0.6235670686318247,-0.4765530689943358,0.3330101945059937,0.2262156807197641,0.2092305972424187,0.3321054924991778
0.0,0.6235670686318247,-0.4765530689943358,0.3064562177019467,0.234979641975755,0.2307689824891154,0.3255503187557608
0.0,0.6235670686318247,-0.4765530689943358,0.2930813924698348,0.2678229040341805,0.2567972610219536,0.3936813011940711
0.0,0.6235670686318247,-0.4765530689943358,0.2752485614427084,0.2602043623122502,0.2707688408044095,0.3551112188373712
0.0,0.6235670686318247,-0.4765530689943358,0.2431136277512323,0.2525593741061408,0.2707688408044095,0.350695630764275
0.0,0.6235670686318247,-0.4765530689943358,0.3258937386786784,0.2534268612715272,0.2707688408044095,0.3173677440272744
0.0,0.6235670686318247,-0.4765530689943358,0.307591308334091,0.2604017444254969,0.2707688408044095,0.2831740895660212
0.0,0.6235670686318247,-0.4765530689943358,0.2584722415450508,0.2444268146941174,0.2707688408044095,0.3600379379586519
0.0,0.6235670686318247,-0.4765530689943358,0.2469335871981829,0.2457432123415577,0.2461535433796132,0.2776448656487071
0.0,0.6235670686318247,-0.4765530689943358,0.217198636144545,0.2293879205654304,0.2461535433796132,0.2355633475268611
0.0,0.6235670686318247,-0.4765530689943358,0.180513056249649,0.2601047578429202,0.2461535433796132,0.2864115065245579
0.0,0.6235670686318247,-0.4765530689943358,0.2089592073911107,0.2561142276650874,0.2461535433796132,0.2575296169971092
0.0,0.6235670686318247,-0.4765530689943358,0.2439754695709336,0.2364499602853333,0.2461535433796132,0.2234699939510622
0.0,0.6235670686318247,-0.4765530689943358,0.2508039825026438,0.2313037718542636,0.2461535433796132,0.2402685248209984
0.0,0.6235670686318247,-0.4765530689943358,0.2747972369359557,0.2140624909949024,0.2085490990203346,0.2512594520802624
0.0,0.6235670686318247,-0.4765530689943358,0.2727667024128077,0.1984455765601932,0.1969229485300205,0.1725783577905117
0.0,0.6235670686318247,-0.4765530689943358,0.2265778279428973,0.2147429197348422,0.1969229485300205,0.1365239656354368
0.0,0.6235670686318247,-0.4765530689943358,0.2885649160140354,0.2226775022532517,0.2127983729360951,0.1267925224679781
0.0,0.6235670686318247,-0.4765530689943358,0.3150832165448476,0.2392409034313892,0.2461535433796132,0.130719435132876
0.0,0.6235670686318247,-0.4765530689943358,0.3043772341884023,0.2416845160852263,0.2292267085727223,0.1412478157198135
0.0,0.6235670686318247,-0.4765530689943358,0.3793327130814544,0.2397623346339148,0.2540070601914057,0.1604399758639552
0.0,0.6235670686318247,-0.4765530689943358,0.4060984768196363,0.2498340479798675,0.2513343671671575,0.1864073296584496
0.0,0.6235670686318247,-0.4765530689943358,0.4131667019936006,0.2398761713477428,0.2492304555577127,0.1951315323746653
0.0,0.6235670686318247,-0.4765530689943358,0.3885531301803193,0.2410819823312181,0.2323683634027457,0.1761378511129825
0.0,0.6235670686318247,-0.4765530689943358,0.3526731484822039,0.2251270839529155,0.2215382459548168,0.1554451947149286
0.0,0.6235670686318247,-0.4765530689943358,0.3429121725260906,0.2117230711160842,0.2215382459548168,0.1161830703622894
0.0,0.6235670686318247,-0.4765530689943358,0.391472558483106,0.2077844355252791,0.2215382459548168,0.1605602221942041
0.0,0.6235670686318247,-0.4765530689943358,0.3453801234861929,0.2087594717263273,0.2215382459548168,0.1516461891997861
0.0,0.6235670686318247,-0.4765530689943358,0.3725237413153165,0.21522409705181,0.2215382459548168,0.1658528021530839
0.0,0.6235670686318247,-0.4765530689943358,0.3367152868333067,0.2066270778995649,0.2112289999315,0.1576630861067003
0.0,0.6235670686318247,-0.4765530689943358,0.3319853204144177,0.2069498312173298,0.2061536850643191,0.1983103554052091
0.0,0.6235670686318247,-0.4765530689943358,0.2665136167645122,0.230241706540218,0.2061536850643191,0.2233001096078885
0.0,0.6235670686318247,-0.4765530689943358,0.2385706451781093,0.2079664808019176,0.2061536850643191,0.1614656330130951
0.0,0.6235670686318247,-0.4765530689943358,0.2587161676922831,0.2200005232739595,0.2061536850643191,0.1466004822591974
0.0,0.6235670686318247,-0.4765530689943358,0.2770887060621805,0.2054058238687015,0.2061536850643191,0.1124398783439911
0.0,0.6235670686318247,-0.4765530689943358,0.2634299990035098,0.2091959980314522,0.2061536850643191,0.0931561103104302
0.0,0.6235670686318247,-0.4765530689943358,0.2778995661817576,0.195418760514278,0.2061536850643191,0.1077006627190568
0.0,0.6235670686318247,-0.4765530689943358,0.2746910377970246,0.199996338914419,0.2061536850643191,0.0872804446720121
0.0,0.6235670686318247,-0.4765530689943358,0.2833715510497776,0.2113839188539127,0.2061536850643191,0.0480927590464501
0.0,0.6235670686318247,-0.4765530689943358,0.2680843334698377,0.2105207863304995,0.2061536850643191,0.0569151658591386
0.0,0.6235670686318247,-0.4765530689943358,0.2698896314968481,0.196878224082157,0.2061536850643191,0.0758824769264549
0.0,0.6235670686318247,-0.4765530689943358,0.2736506617752182,0.2169918692713963,0.2061536850643191,0.0500650395893335
0.0,0.6235670686318247,-0.4765530689943358,0.2894750539882013,0.226606281483688,0.2215382459548168,0.0404436246676529
0.0,0.6235670686318247,-0.4765530689943358,0.3582827948574115,0.2084637384309526,0.1951732714105533,0.0209837821731508
0.0,0.6235670686318247,-0.4765530689943358,0.3830852282150501,0.2363853841311931,0.235490340915369,0.0124655216019506
0.0,0.6235670686318247,-0.4765530689943358,0.3325922100660889,0.221909109745452,0.2129529468196278,0.0114071934722003
0.0,0.6235670686318247,-0.4765530689943358,0.2860403939254442,0.2400586839518125,0.2340082539241537,0.0070601567461474
0.0,0.6235670686318247,-0.4765530689943358,0.2411655372964651,0.2167873922780565,0.2215382459548168,0.0139082178141323
0.0,0.6235670686318247,-0.4765530689943358,0.274527809021809,0.2387855990603893,0.19999986070812,0.0704939720929515
0.0,0.6235670686318247,-0.4765530689943358,0.3128359388366321,0.2058349154192379,0.2153844215986177,0.095064934829273
0.0,0.6235670686318247,-0.4765530689943358,0.2447854781760332,0.2127089195745196,0.2153844215986177,0.134177896367719
0.0,0.6235670686318247,-0.4765530689943358,0.3115049343735609,0.2053521874248845,0.2153844215986177,0.179765186955477
0.0,0.6235670686318247,-0.4765530689943358,0.3237816116016271,0.2093902575477718,0.2153844215986177,0.2046009491740734
0.0,0.6235670686318247,-0.4765530689943358,0.2822377267724973,0.201196541968719,0.2153844215986177,0.214350033445477
0.0,0.6235670686318247,-0.4765530689943358,0.2563686077790695,0.1918256073481227,0.2153844215986177,0.2592094656939484
0.0,0.6235670686318247,-0.4765530689943358,0.2572772173939168,0.1832949699332749,0.2153844215986177,0.3016798197949891
0.0,0.6235670686318247,-0.4765530689943358,0.2695989375544697,0.1938348603967435,0.2153844215986177,0.2008920296281426
0.0,0.6235670686318247,-0.4765530689943358,0.2175505081270725,0.1970492021955366,0.1753845632833237,0.2140985361311704
0.0,0.6235670686318247,-0.4765530689943358,0.1361392176389783,0.1886159600657982,0.1753845632833237,0.2451681274216572
0.0,0.6235670686318247,-0.4765530689943358,0.2140903681311056,0.1829009279400842,0.1753845632833237,0.1861300182360064
0.0,0.6235670686318247,-0.4765530689943358,0.1813188072823614,0.1743574815051883,0.1753845632833237,0.172179761034601
0.0,0.6235670686318247,-0.4765530689943358,0.2780678603764288,0.1822133830778955,0.1753845632833237,0.2623509431440134
0.0,0.6235670686318247,-0.4765530689943358,0.2260863730871819,0.217860482271049,0.1753845632833237,0.201463817976909
0.0,0.6235670686318247,-0.4765530689943358,0.1591019430512357,0.1370479818071236,0.1753845632833237,0.1483325591600841
0.0,0.6235670686318247,-0.4765530689943358,0.2365392591404839,0.1905462135363772,0.1753845632833237,0.1581693879849953
0.0,0.6235670686318247,-0.4765530689943358,0.2648511111652587,0.1931837458320384,0.1766010920431923,0.1787198326467272
0.0,0.6235670686318247,-0.4765530689943358,0.3790173470529346,0.2402141128070242,0.2215382459548168,0.1788825171366111
0.0,0.6235670686318247,-0.4765530689943358,0.3409667457832785,0.2090059444620141,0.1876922119957218,0.1509700176121655
0.0,0.6235670686318247,-0.4765530689943358,0.3427237913232334,0.2083657483654761,0.2123075094205182,0.1765702374242718
0.0,0.6235670686318247,-0.4765530689943358,0.261536318140481,0.1144763430244576,0.0973364408536321,0.1450390945631328
0.0,0.6235670686318247,-0.4765530689943358,0.2377602217326232,0.1684915982088736,0.1497978801132027,0.191550249252299
0.0,0.6235670686318247,-0.4765530689943358,0.2670703325631276,0.1913559857640009,0.1850849460518288,0.1616355027224207
0.0,0.6235670686318247,-0.4765530689943358,0.2158981988678438,0.1520249975354784,0.1643056988773922,0.1278967414309115
0.0,0.6235670686318247,-0.4765530689943358,0.2278766495254619,0.150614284715544,0.1876922119957218,0.142170626184155
0.0,0.6235670686318247,-0.4765530689943358,0.3074463107021746,0.0900307106212915,0.09083323717164,0.1371420408459018
0.0,0.6235670686318247,-0.4765530689943358,0.2983842316287062,0.1121698272452325,0.0799999595893135,0.1269913232950963
0.0,0.6235670686318247,-0.4765530689943358,0.2871198304446906,0.1106189693013048,0.1014649452338499,0.1082241154673837
0.0,0.6235670686318247,-0.4765530689943358,0.2520312987028072,0.1318934239666029,0.113846105837448,0.0849670966887578
0.0,0.6235670686318247,-0.4765530689943358,0.2268532164583862,0.1077805074523504,0.1323076430712107,0.0892419583611192
0.0,0.6235670686318247,-0.4765530689943358,0.2109072760121734,0.0853235922435239,0.0923076457313915,0.106650918255862
0.0,0.6235670686318247,-0.4765530689943358,0.2133007522060556,0.0587167138552531,0.0923076457313915,0.0564994145747339
0.0,0.6235670686318247,-0.4765530689943358,0.1763907873294995,0.0504129851504464,0.0923076457313915,0.0319694229547705
0.0,0.6235670686318247,-0.4765530689943358,0.2409717413348795,0.0547457795663,0.0923076457313915,0.0454397082291648
0.0,0.6235670686318247,-0.4765530689943358,0.2228635436259687,0.0505148519093869,0.0923076457313915,0.0282410440492621
0.0,0.6235670686318247,-0.4765530689943358,0.1490104703093495,0.9635771797552382,0.9599998636356556,0.0075475841614832
0.0,0.6235670686318247,-0.4765530689943358,0.1714619158621601,0.9959554935038546,0.0307692043268072,0.0039387102331898
0.0,0.6235670686318247,-0.4765530689943358,0.1872089512599226,0.9721692070008312,0.9692306643351196,0.0037749822813366
0.0,0.6235670686318247,-0.4765530689943358,0.1530460375887311,0.979703119973388,0.9692306643351196,0.0038954758435904
0.0,0.6235670686318247,-0.4765530689943358,0.1232102148200723,0.0528113838753074,0.0492307362134728,0.0040827397106733
0.0,0.6235670686318247,-0.4765530689943358,0.1205957597024398,0.0882724973718905,0.0492307362134728,0.0040893911376383
0.0,0.6235670686318247,-0.4765530689943358,0.1482463561512139,0.0900856853209345,0.0776451247533384,0.0039353845197073
0.0,0.6235670686318247,-0.4765530689943358,0.1335991608695997,0.1837438166888608,0.14461534525458,0.0040113645454083
0.0,0.6235670686318247,-0.4765530689943358,0.1536673593191098,0.175638670279113,0.2184613337767173,0.0040847863057842
0.0,0.6235670686318247,-0.4765530689943358,0.1070333174471299,0.1447859044455893,0.1661537839722481,0.0037693541376362
0.0,0.6235670686318247,-0.4765530689943358,0.2238639421347441,0.0930402992787174,0.0830768771145101,0.0039658277255908
0.0,0.6235670686318247,-0.4765530689943358,0.2675786212050511,0.0999920922091507,0.1046153372205666,0.003847124923341
0.0,0.6235670686318247,-0.4765530689943358,0.2360743322357966,0.1044254363702748,0.1046153372205666,0.0038811494205784
0.0,0.6235670686318247,-0.4765530689943358,0.2793096304890042,0.1052986695388504,0.1046153372205666,0.0040876003776345
0.0,0.6235670686318247,-0.4765530689943358,0.2259743661828405,0.0813256751059535,0.1046153372205666,0.0176924714957241
0.0,0.6235670686318247,-0.4765530689943358,0.2099289950461071,0.080755004585896,0.1046153372205666,0.1513596438191602
0.0,0.6235670686318247,-0.4765530689943358,0.1921879747466133,0.053792601543742,0.0676922627530412,0.1797971472798367
0.0,0.6235670686318247,-0.4765530689943358,0.1933821473832698,0.0645957141828776,0.0676922627530412,0.1892850173617621
0.0,0.6235670686318247,-0.4765530689943358,0.2439644217164313,0.0903439049688712,0.0850796323406468,0.1647567708281905
0.0,0.6235670686318247,-0.4765530689943358,0.2461863723273689,0.050724931521363,0.0861537999868039,0.1324711799256763
0.0,0.6235670686318247,-0.4765530689943358,0.2436159557918137,0.0802312579883699,0.0892307228590977,0.1516126923213707
0.0,0.6235670686318247,-0.4765530689943358,0.2727437551893257,0.0733320765677282,0.0892307228590977,0.1249284482567781
0.0,0.6235670686318247,-0.4765530689943358,0.2036456042158962,0.1060474873999264,0.0892307228590977,0.1158494259413926
0.0,0.6235670686318247,-0.4765530689943358,0.1660987283439126,0.0822573188928997,0.0892307228590977,0.0722316025392111
0.0,0.6235670686318247,-0.4765530689943358,0.2097054615789244,0.0575904866091088,0.0892307228590977,0.0922693503310065
0.0,0.6235670686318247,-0.4765530689943358,0.203303229894848,0.0886095147973874,0.0892307228590977,0.0442149539174816
0.0,0.6235670686318247,-0.4765530689943358,0.1228115859592511,0.1280101348131702,0.0892307228590977,0.0447821728471632
0.0,0.6235670686318247,-0.4765530689943358,0.1583981772524763,0.2156046290338056,0.1964380951516059,0.0744868468283857
0.0,0.6235670686318247,-0.4765530689943358,0.1195182445491938,0.1964705021405236,0.2123075094205182,0.0500552788126174
0.0,0.6235670686318247,-0.4765530689943358,0.1800770371697859,0.2058565186918566,0.2123075094205182,0.0314259657360225
0.0,0.6235670686318247,-0.4765530689943358,0.2017337577106819,0.2477187116043467,0.2123075094205182,0.0149107196424213
0.0,0.6235670686318247,-0.4765530689943358,0.224100226485384,0.2437904634278095,0.2123075094205182,0.004095516060469
0.0,0.6235670686318247,-0.4765530689943358,0.2793844327607925,0.2419319872022436,0.2496734946366522,0.0033907331560849
0.0,0.6235670686318247,-0.4765530689943358,0.3705017219369431,0.2099529835014976,0.19999986070812,0.0028905937284382
0.0,0.6235670686318247,-0.4765530689943358,0.4567674746272703,0.2224407371828418,0.2243246610406041,0.0264903785027629
0.0,0.6235670686318247,-0.4765530689943358,0.4661016453268405,0.2082866213344985,0.2038695548935562,0.0153566568970974
0.0,0.6235670686318247,-0.4765530689943358,0.4752658188027847,0.1959689111116712,0.2153844215986177,0.0229484714073064
0.0,0.6235670686318247,-0.4765530689943358,0.3304239922020487,0.1896389185707083,0.1642763433142057,0.0146732653346457
0.0,0.6235670686318247,-0.4765530689943358,0.4298495299683751,0.1932794629868263,0.1876922119957218,0.0132569868768369
0.0,0.6235670686318247,-0.4765530689943358,0.3145295792985739,0.1722959408896544,0.1876922119957218,0.0377941518262404
0.0,0.6235670686318247,-0.4765530689943358,0.3694792058854585,0.1981764384440894,0.1876922119957218,0.0488707566079607
0.0,0.6235670686318247,-0.4765530689943358,0.3582896069732311,0.1860641398694645,0.1876922119957218,0.0442119173939905
0.0,0.6235670686318247,-0.4765530689943358,0.2946163892345164,0.2014757276245952,0.1743069948833985,0.0399667441410635
0.0,0.6235670686318247,-0.4765530689943358,0.3210115258379623,0.1733399609922058,0.1712380071032302,0.0320663776864576
