data_time,latitude6,longitude6,elevation6,wind_speed6,wind_direction6,nacelle_position6,title_of_turbine6,production6
2018-01-01 00:00:00,52.400687,-0.936093,135.039,11.665904998779297,255.8137969970703,253.7536926269531,Kelmarsh 6,2030.053466796875
2018-01-01 01:00:00,52.400687,-0.936093,135.039,9.934802055358887,246.90113830566406,253.7536926269531,Kelmarsh 6,1996.1533203125
2018-01-01 02:00:00,52.400687,-0.936093,135.039,9.763917922973633,220.2799377441406,227.4121398925781,Kelmarsh 6,2029.94091796875
2018-01-01 03:00:00,52.400687,-0.936093,135.039,10.59721565246582,218.98171997070304,213.143798828125,Kelmarsh 6,2045.0592041015625
2018-01-01 04:00:00,52.400687,-0.936093,135.039,9.2083101272583,224.13179016113276,224.11944580078125,Kelmarsh 6,1938.1876220703125
2018-01-01 05:00:00,52.400687,-0.936093,135.039,7.780845642089844,221.3963775634766,221.92431640625,Kelmarsh 6,1788.831298828125
2018-01-01 06:00:00,52.400687,-0.936093,135.039,9.12604808807373,221.8367462158203,229.6072692871093,Kelmarsh 6,1289.53515625
2018-01-01 07:00:00,52.400687,-0.936093,135.039,10.157563209533691,211.59890747070312,210.94866943359375,Kelmarsh 6,1940.567626953125
2018-01-01 08:00:00,52.400687,-0.936093,135.039,8.199694633483887,203.55723571777344,207.3351287841796,Kelmarsh 6,1889.71923828125
2018-01-01 09:00:00,52.400687,-0.936093,135.039,7.5070037841796875,210.52960205078125,216.11653137207028,Kelmarsh 6,1055.2349853515625
2018-01-01 10:00:00,52.400687,-0.936093,135.039,6.969370365142822,212.2146301269531,202.1681518554687,Kelmarsh 6,962.3040771484375
2018-01-01 11:00:00,52.400687,-0.936093,135.039,5.684524059295654,226.68482971191406,212.04623413085935,Kelmarsh 6,1793.897705078125
2018-01-01 12:00:00,52.400687,-0.936093,135.039,5.330160140991211,246.58818054199216,232.89996337890625,Kelmarsh 6,1985.4527587890625
2018-01-01 13:00:00,52.400687,-0.936093,135.039,6.59224796295166,250.44712829589844,259.24151611328125,Kelmarsh 6,1948.3843994140625
2018-01-01 14:00:00,52.400687,-0.936093,135.039,6.315449237823486,255.49658203125,259.24151611328125,Kelmarsh 6,1931.045166015625
2018-01-01 15:00:00,52.400687,-0.936093,135.039,7.362608909606934,251.38809204101562,259.24151611328125,Kelmarsh 6,1514.9620361328125
2018-01-01 16:00:00,52.400687,-0.936093,135.039,7.753672122955322,247.98570251464844,243.87561035156253,Kelmarsh 6,1750.7247314453125
2018-01-01 17:00:00,52.400687,-0.936093,135.039,9.178805351257324,251.78855895996094,247.3882293701172,Kelmarsh 6,1975.07763671875
2018-01-01 18:00:00,52.400687,-0.936093,135.039,9.680075645446777,268.51739501953125,268.02203369140625,Kelmarsh 6,1985.8209228515625
2018-01-01 19:00:00,52.400687,-0.936093,135.039,12.204687118530273,281.6767578125,282.2903747558594,Kelmarsh 6,1887.644287109375
2018-01-01 20:00:00,52.400687,-0.936093,135.039,9.187417030334473,296.59783935546875,292.16845703124994,Kelmarsh 6,1868.6094970703125
2018-01-01 21:00:00,52.400687,-0.936093,135.039,11.624407768249512,287.29309082031244,296.5587158203125,Kelmarsh 6,1922.2098388671875
2018-01-01 22:00:00,52.400687,-0.936093,135.039,7.0238542556762695,286.8460388183594,284.4855041503906,Kelmarsh 6,1831.7459716796875
2018-01-01 23:00:00,52.400687,-0.936093,135.039,8.865828514099121,279.6258850097656,273.5098571777344,Kelmarsh 6,1649.1895751953125
2018-01-02 00:00:00,52.400687,-0.936093,135.039,5.59641695022583,269.4259948730469,252.6561279296875,Kelmarsh 6,1709.4100341796875
2018-01-02 01:00:00,52.400687,-0.936093,135.039,5.898942470550537,272.716796875,260.3390808105469,Kelmarsh 6,1502.6156005859375
2018-01-02 02:00:00,52.400687,-0.936093,135.039,7.331120491027832,268.2190246582031,270.21716308593744,Kelmarsh 6,1059.4151611328125
2018-01-02 03:00:00,52.400687,-0.936093,135.039,7.46576452255249,259.3941650390625,270.21716308593744,Kelmarsh 6,954.7219848632812
2018-01-02 04:00:00,52.400687,-0.936093,135.039,8.784375190734863,252.46209716796875,257.31622314453125,Kelmarsh 6,942.251708984375
2018-01-02 05:00:00,52.400687,-0.936093,135.039,3.7896065711975098,239.27113342285156,250.4609985351562,Kelmarsh 6,1126.2796630859375
2018-01-02 06:00:00,52.400687,-0.936093,135.039,5.376762866973877,230.1430358886718,250.4609985351562,Kelmarsh 6,1409.7269287109375
2018-01-02 07:00:00,52.400687,-0.936093,135.039,4.290187358856201,234.38226318359375,242.77804565429688,Kelmarsh 6,1015.3660888671875
2018-01-02 08:00:00,52.400687,-0.936093,135.039,6.838891983032227,204.4344024658203,204.5742034912109,Kelmarsh 6,1099.3314208984375
2018-01-02 09:00:00,52.400687,-0.936093,135.039,8.203763961791992,208.68687438964844,214.24136352539062,Kelmarsh 6,1064.4031982421875
2018-01-02 10:00:00,52.400687,-0.936093,135.039,5.243316650390625,184.61907958984375,183.5095520019531,Kelmarsh 6,936.7664794921875
2018-01-02 11:00:00,52.400687,-0.936093,135.039,6.149182319641113,181.28330993652344,183.5095520019531,Kelmarsh 6,1391.212158203125
2018-01-02 12:00:00,52.400687,-0.936093,135.039,6.661499977111816,165.55810546875,164.8509521484375,Kelmarsh 6,878.4982299804688
2018-01-02 13:00:00,52.400687,-0.936093,135.039,8.214860916137695,179.61399841308594,181.5437774658203,Kelmarsh 6,1271.582763671875
2018-01-02 14:00:00,52.400687,-0.936093,135.039,8.99303150177002,214.71551513671872,203.8143157958984,Kelmarsh 6,1573.430419921875
2018-01-02 15:00:00,52.400687,-0.936093,135.039,10.621723175048828,246.9527587890625,245.41549682617188,Kelmarsh 6,1628.7296142578125
2018-01-02 16:00:00,52.400687,-0.936093,135.039,8.106168746948242,248.21327209472656,252.6561279296875,Kelmarsh 6,1597.2164306640625
2018-01-02 17:00:00,52.400687,-0.936093,135.039,6.796268463134766,240.96807861328114,246.07073974609375,Kelmarsh 6,1991.7196044921875
2018-01-02 18:00:00,52.400687,-0.936093,135.039,9.019364356994629,218.25874328613278,227.4121398925781,Kelmarsh 6,1842.1456298828125
2018-01-02 19:00:00,52.400687,-0.936093,135.039,9.362977981567383,208.213623046875,204.36328125,Kelmarsh 6,1615.8607177734375
2018-01-02 20:00:00,52.400687,-0.936093,135.039,11.556017875671387,193.9246368408203,191.1925048828125,Kelmarsh 6,1779.3194580078125
2018-01-02 21:00:00,52.400687,-0.936093,135.039,12.79037094116211,197.76475524902338,203.4280242919921,Kelmarsh 6,1527.0792236328125
2018-01-02 22:00:00,52.400687,-0.936093,135.039,8.615694999694824,208.73651123046866,210.94866943359375,Kelmarsh 6,1433.1943359375
2018-01-02 23:00:00,52.400687,-0.936093,135.039,12.763416290283203,247.09104919433588,252.6561279296875,Kelmarsh 6,1123.8153076171875
2018-01-03 00:00:00,52.400687,-0.936093,135.039,13.706636428833008,261.7517395019531,261.7384948730468,Kelmarsh 6,741.8240356445312
2018-01-03 01:00:00,52.400687,-0.936093,135.039,12.756133079528809,268.0396423339844,268.2308654785156,Kelmarsh 6,423.4325256347656
2018-01-03 02:00:00,52.400687,-0.936093,135.039,17.461193084716797,252.47027587890625,257.9266052246094,Kelmarsh 6,663.6367797851562
2018-01-03 03:00:00,52.400687,-0.936093,135.039,14.700889587402344,252.79591369628906,246.83950805664062,Kelmarsh 6,824.9357299804688
2018-01-03 04:00:00,52.400687,-0.936093,135.039,12.219955444335938,243.70919799804685,251.55856323242188,Kelmarsh 6,756.5708618164062
2018-01-03 05:00:00,52.400687,-0.936093,135.039,13.98917293548584,253.29849243164062,262.9832458496094,Kelmarsh 6,819.2855834960938
2018-01-03 06:00:00,52.400687,-0.936093,135.039,14.317530632019043,256.6387634277344,261.4366455078125,Kelmarsh 6,1095.7152099609375
2018-01-03 07:00:00,52.400687,-0.936093,135.039,15.778496742248535,266.4347839355468,261.4366455078125,Kelmarsh 6,1160.09619140625
2018-01-03 08:00:00,52.400687,-0.936093,135.039,13.22563362121582,260.53106689453125,261.4366455078125,Kelmarsh 6,931.859130859375
2018-01-03 09:00:00,52.400687,-0.936093,135.039,13.313740730285645,252.50772094726562,261.4366455078125,Kelmarsh 6,704.427001953125
2018-01-03 10:00:00,52.400687,-0.936093,135.039,11.633997917175293,265.15362548828125,261.4366455078125,Kelmarsh 6,813.9742431640625
2018-01-03 11:00:00,52.400687,-0.936093,135.039,12.396535873413086,267.3514404296875,261.4366455078125,Kelmarsh 6,662.1023559570312
2018-01-03 12:00:00,52.400687,-0.936093,135.039,11.005239486694336,259.4758605957031,255.4510955810547,Kelmarsh 6,841.177001953125
2018-01-03 13:00:00,52.400687,-0.936093,135.039,9.052058219909668,270.2295837402343,271.314727783203,Kelmarsh 6,923.1746826171875
2018-01-03 14:00:00,52.400687,-0.936093,135.039,9.613390922546387,257.9571533203125,260.3390808105469,Kelmarsh 6,915.0116577148438
2018-01-03 15:00:00,52.400687,-0.936093,135.039,13.967194557189941,261.74249267578125,263.63177490234375,Kelmarsh 6,633.6777954101562
2018-01-03 16:00:00,52.400687,-0.936093,135.039,13.70267105102539,254.3077850341797,254.85125732421875,Kelmarsh 6,620.9541015625
2018-01-03 17:00:00,52.400687,-0.936093,135.039,12.550966262817383,253.28971862792966,254.85125732421875,Kelmarsh 6,379.9154052734375
2018-01-03 18:00:00,52.400687,-0.936093,135.039,12.078948974609375,248.6622772216797,241.68048095703116,Kelmarsh 6,398.40338134765625
2018-01-03 19:00:00,52.400687,-0.936093,135.039,10.866012573242188,250.33528137207028,249.36343383789057,Kelmarsh 6,167.23179626464844
2018-01-03 20:00:00,52.400687,-0.936093,135.039,11.970480918884277,246.9765167236328,249.36343383789057,Kelmarsh 6,171.64366149902344
2018-01-03 21:00:00,52.400687,-0.936093,135.039,11.992504119873047,246.26965332031244,249.36343383789057,Kelmarsh 6,203.4513397216797
2018-01-03 22:00:00,52.400687,-0.936093,135.039,10.712020874023438,241.28047180175787,249.36343383789057,Kelmarsh 6,272.478271484375
2018-01-03 23:00:00,52.400687,-0.936093,135.039,9.975249290466309,252.60670471191403,249.36343383789057,Kelmarsh 6,405.9459533691406
2018-01-04 00:00:00,52.400687,-0.936093,135.039,7.059798717498779,244.17938232421872,249.36343383789057,Kelmarsh 6,720.2628173828125
2018-01-04 01:00:00,52.400687,-0.936093,135.039,5.615316867828369,244.72909545898438,249.36343383789057,Kelmarsh 6,1043.4737548828125
2018-01-04 02:00:00,52.400687,-0.936093,135.039,4.631359100341797,239.57147216796864,249.36343383789057,Kelmarsh 6,655.84716796875
2018-01-04 03:00:00,52.400687,-0.936093,135.039,6.437023162841797,217.15431213378906,224.11944580078125,Kelmarsh 6,282.2253723144531
2018-01-04 04:00:00,52.400687,-0.936093,135.039,5.367846488952637,203.9158325195312,197.7778930664062,Kelmarsh 6,756.699951171875
2018-01-04 05:00:00,52.400687,-0.936093,135.039,5.857359409332275,217.30290222167966,215.33892822265625,Kelmarsh 6,500.8712158203125
2018-01-04 06:00:00,52.400687,-0.936093,135.039,5.812527656555176,200.21334838867185,215.33892822265625,Kelmarsh 6,335.90478515625
2018-01-04 07:00:00,52.400687,-0.936093,135.039,3.1849560737609863,168.27239990234375,183.8735656738281,Kelmarsh 6,454.57275390625
2018-01-04 08:00:00,52.400687,-0.936093,135.039,6.312180995941162,150.81314086914062,157.94998168945312,Kelmarsh 6,296.4099426269531
2018-01-04 09:00:00,52.400687,-0.936093,135.039,8.156747817993164,158.65489196777344,160.0218505859375,Kelmarsh 6,561.72705078125
2018-01-04 10:00:00,52.400687,-0.936093,135.039,6.384189605712891,199.30723571777338,196.68032836914054,Kelmarsh 6,600.02783203125
2018-01-04 11:00:00,52.400687,-0.936093,135.039,7.161082744598389,212.166015625,214.24136352539062,Kelmarsh 6,462.7966003417969
2018-01-04 12:00:00,52.400687,-0.936093,135.039,10.311192512512207,235.9006805419922,236.1926574707031,Kelmarsh 6,498.60687255859375
2018-01-04 13:00:00,52.400687,-0.936093,135.039,13.3512601852417,236.76910400390614,240.58291625976557,Kelmarsh 6,701.6046142578125
2018-01-04 14:00:00,52.400687,-0.936093,135.039,12.398357391357422,243.68357849121088,240.58291625976557,Kelmarsh 6,981.5040893554688
2018-01-04 15:00:00,52.400687,-0.936093,135.039,18.271047592163086,261.4067077636719,253.6324462890625,Kelmarsh 6,1008.5405883789062
2018-01-04 16:00:00,52.400687,-0.936093,135.039,13.21275520324707,268.21600341796875,270.21716308593744,Kelmarsh 6,717.0723266601562
2018-01-04 17:00:00,52.400687,-0.936093,135.039,11.628037452697754,269.0331115722656,270.21716308593744,Kelmarsh 6,752.8307495117188
2018-01-04 18:00:00,52.400687,-0.936093,135.039,12.87657642364502,259.2171325683594,264.7293395996094,Kelmarsh 6,1311.6767578125
2018-01-04 19:00:00,52.400687,-0.936093,135.039,12.329865455627441,248.97148132324216,253.7536926269531,Kelmarsh 6,1207.249267578125
2018-01-04 20:00:00,52.400687,-0.936093,135.039,12.155726432800293,247.7307891845703,253.7536926269531,Kelmarsh 6,1008.2418212890625
2018-01-04 21:00:00,52.400687,-0.936093,135.039,8.616064071655273,232.753662109375,238.03631591796875,Kelmarsh 6,742.6915283203125
2018-01-04 22:00:00,52.400687,-0.936093,135.039,5.631260871887207,253.49493408203125,235.0950927734375,Kelmarsh 6,856.9487915039062
2018-01-04 23:00:00,52.400687,-0.936093,135.039,5.559200286865234,238.06039428710932,230.99110412597656,Kelmarsh 6,1042.070556640625
2018-01-05 00:00:00,52.400687,-0.936093,135.039,6.938327312469482,249.14547729492185,247.20442199707028,Kelmarsh 6,1596.5826416015625
2018-01-05 01:00:00,52.400687,-0.936093,135.039,4.0835466384887695,251.6199188232422,242.77804565429688,Kelmarsh 6,1481.2401123046875
2018-01-05 02:00:00,52.400687,-0.936093,135.039,3.899416923522949,242.74993896484364,242.77804565429688,Kelmarsh 6,977.7407836914062
2018-01-05 03:00:00,52.400687,-0.936093,135.039,6.186447620391846,224.57527160644523,228.32756042480466,Kelmarsh 6,1436.326171875
2018-01-05 04:00:00,52.400687,-0.936093,135.039,4.219361782073975,223.63258361816406,238.94125366210938,Kelmarsh 6,1559.722900390625
2018-01-05 05:00:00,52.400687,-0.936093,135.039,3.8543436527252197,200.33363342285156,185.7046813964843,Kelmarsh 6,1494.9364013671875
2018-01-05 06:00:00,52.400687,-0.936093,135.039,5.154891490936279,195.9698333740234,185.7046813964843,Kelmarsh 6,1716.556640625
2018-01-05 07:00:00,52.400687,-0.936093,135.039,5.947187900543213,187.26986694335938,185.7046813964843,Kelmarsh 6,1947.4603271484375
2018-01-05 08:00:00,52.400687,-0.936093,135.039,5.410585403442383,195.7884979248047,201.07058715820307,Kelmarsh 6,1873.0831298828125
2018-01-05 09:00:00,52.400687,-0.936093,135.039,4.145102024078369,182.1926727294922,187.7162322998047,Kelmarsh 6,1657.930908203125
2018-01-05 10:00:00,52.400687,-0.936093,135.039,5.967789173126221,199.65237426757807,179.6931610107422,Kelmarsh 6,1775.118408203125
2018-01-05 11:00:00,52.400687,-0.936093,135.039,8.540703773498535,204.31315612792963,197.7778930664062,Kelmarsh 6,1703.3953857421875
2018-01-05 12:00:00,52.400687,-0.936093,135.039,9.397459983825684,209.44348144531241,199.97302246093741,Kelmarsh 6,1558.415771484375
2018-01-05 13:00:00,52.400687,-0.936093,135.039,10.931968688964844,244.01914978027335,238.99302673339844,Kelmarsh 6,1842.5709228515625
2018-01-05 14:00:00,52.400687,-0.936093,135.039,9.907293319702148,273.2423095703125,266.7024841308594,Kelmarsh 6,1839.6326904296875
2018-01-05 15:00:00,52.400687,-0.936093,135.039,6.692031383514404,273.64215087890625,267.4732360839844,Kelmarsh 6,1960.8184814453125
2018-01-05 16:00:00,52.400687,-0.936093,135.039,5.684609413146973,275.150390625,272.41229248046875,Kelmarsh 6,1904.693359375
2018-01-05 17:00:00,52.400687,-0.936093,135.039,5.3693318367004395,274.9429931640625,272.41229248046875,Kelmarsh 6,1990.1014404296875
2018-01-05 18:00:00,52.400687,-0.936093,135.039,5.667735576629639,272.9139404296875,272.41229248046875,Kelmarsh 6,1877.5899658203125
2018-01-05 19:00:00,52.400687,-0.936093,135.039,3.800185203552246,270.70303344726557,272.41229248046875,Kelmarsh 6,2019.9024658203125
2018-01-05 20:00:00,52.400687,-0.936093,135.039,3.602071523666382,273.98107910156244,289.97332763671875,Kelmarsh 6,1915.420654296875
2018-01-05 21:00:00,52.400687,-0.936093,135.039,3.653243064880371,281.48175048828125,307.2223205566406,Kelmarsh 6,1659.90185546875
2018-01-05 22:00:00,52.400687,-0.936093,135.039,3.8849923610687256,279.6624755859375,285.5835876464844,Kelmarsh 6,1893.9630126953125
2018-01-05 23:00:00,52.400687,-0.936093,135.039,3.5305802822113037,304.7651062011719,287.33148193359375,Kelmarsh 6,1584.802734375
2018-01-06 00:00:00,52.400687,-0.936093,135.039,3.8767855167388916,312.6549377441406,317.2933044433594,Kelmarsh 6,1676.1212158203125
2018-01-06 01:00:00,52.400687,-0.936093,135.039,3.367931365966797,334.0336608886719,341.55938720703114,Kelmarsh 6,1936.9534912109375
2018-01-06 02:00:00,52.400687,-0.936093,135.039,2.550299882888794,322.21539306640625,322.9007873535156,Kelmarsh 6,1977.129638671875
2018-01-06 03:00:00,52.400687,-0.936093,135.039,2.838456630706787,345.09918212890625,346.5014343261719,Kelmarsh 6,1864.754638671875
2018-01-06 04:00:00,52.400687,-0.936093,135.039,2.4540188312530518,27.190322875976562,12.659029960632324,Kelmarsh 6,1978.113525390625
2018-01-06 05:00:00,52.400687,-0.936093,135.039,2.8220250606536865,24.50164222717285,24.36431312561035,Kelmarsh 6,1973.60302734375
2018-01-06 06:00:00,52.400687,-0.936093,135.039,4.034287929534912,24.416561126708984,6.803345680236816,Kelmarsh 6,1966.887939453125
2018-01-06 07:00:00,52.400687,-0.936093,135.039,3.0959348678588867,21.968107223510742,22.169191360473633,Kelmarsh 6,1788.107177734375
2018-01-06 08:00:00,52.400687,-0.936093,135.039,3.2834904193878174,25.606346130371094,22.169191360473633,Kelmarsh 6,1784.3037109375
2018-01-06 09:00:00,52.400687,-0.936093,135.039,5.496474742889404,13.742805480957031,22.169191360473633,Kelmarsh 6,1037.390380859375
2018-01-06 10:00:00,52.400687,-0.936093,135.039,4.169497013092041,22.7547550201416,22.169191360473633,Kelmarsh 6,1174.969482421875
2018-01-06 11:00:00,52.400687,-0.936093,135.039,6.6864237785339355,29.74504280090332,22.169191360473633,Kelmarsh 6,747.707763671875
2018-01-06 12:00:00,52.400687,-0.936093,135.039,6.715399742126465,33.222599029541016,38.632606506347656,Kelmarsh 6,760.033447265625
2018-01-06 13:00:00,52.400687,-0.936093,135.039,7.119434356689453,31.82357406616211,32.047237396240234,Kelmarsh 6,703.34765625
2018-01-06 14:00:00,52.400687,-0.936093,135.039,9.233742713928223,30.79944610595703,28.75455665588379,Kelmarsh 6,1279.1141357421875
2018-01-06 15:00:00,52.400687,-0.936093,135.039,8.214635848999023,25.562191009521484,28.75455665588379,Kelmarsh 6,1377.4517822265625
2018-01-06 16:00:00,52.400687,-0.936093,135.039,8.15628719329834,42.174957275390625,39.29130935668945,Kelmarsh 6,1617.506103515625
2018-01-06 17:00:00,52.400687,-0.936093,135.039,8.048851013183594,30.823453903198242,39.73016357421875,Kelmarsh 6,1394.55615234375
2018-01-06 18:00:00,52.400687,-0.936093,135.039,5.734805107116699,29.72957420349121,30.949676513671875,Kelmarsh 6,1245.49560546875
2018-01-06 19:00:00,52.400687,-0.936093,135.039,6.513012409210205,11.655028343200684,19.97406768798828,Kelmarsh 6,616.6093139648438
2018-01-06 20:00:00,52.400687,-0.936093,135.039,7.343647480010986,14.340045928955078,19.97406768798828,Kelmarsh 6,985.4976806640625
2018-01-06 21:00:00,52.400687,-0.936093,135.039,6.231846332550049,26.619787216186523,19.97406768798828,Kelmarsh 6,795.3384399414062
2018-01-06 22:00:00,52.400687,-0.936093,135.039,6.10016393661499,33.61570358276367,19.97406768798828,Kelmarsh 6,546.9706420898438
2018-01-06 23:00:00,52.400687,-0.936093,135.039,7.211686611175537,27.914091110229492,33.144798278808594,Kelmarsh 6,457.4201965332031
2018-01-07 00:00:00,52.400687,-0.936093,135.039,5.5813422203063965,16.905330657958984,16.681385040283203,Kelmarsh 6,428.73370361328125
2018-01-07 01:00:00,52.400687,-0.936093,135.039,7.0439558029174805,28.59819984436035,30.26718521118164,Kelmarsh 6,536.0070190429688
2018-01-07 02:00:00,52.400687,-0.936093,135.039,6.729934215545654,21.938596725463867,22.169191360473633,Kelmarsh 6,535.4857788085938
2018-01-07 03:00:00,52.400687,-0.936093,135.039,6.137660503387451,23.92255401611328,22.169191360473633,Kelmarsh 6,653.5690307617188
2018-01-07 04:00:00,52.400687,-0.936093,135.039,6.78324556350708,12.87106990814209,22.169191360473633,Kelmarsh 6,631.39697265625
2018-01-07 05:00:00,52.400687,-0.936093,135.039,7.295997619628906,16.32886505126953,21.07162857055664,Kelmarsh 6,480.5392761230469
2018-01-07 06:00:00,52.400687,-0.936093,135.039,7.4710235595703125,29.316312789916992,35.33992004394531,Kelmarsh 6,687.0855712890625
2018-01-07 07:00:00,52.400687,-0.936093,135.039,7.180854320526123,36.4793701171875,37.5350456237793,Kelmarsh 6,576.0684814453125
2018-01-07 08:00:00,52.400687,-0.936093,135.039,6.935791969299316,38.50920867919922,37.5350456237793,Kelmarsh 6,484.189208984375
2018-01-07 09:00:00,52.400687,-0.936093,135.039,5.473753929138184,41.328773498535156,37.5350456237793,Kelmarsh 6,506.63336181640625
2018-01-07 10:00:00,52.400687,-0.936093,135.039,7.921962261199951,59.622291564941406,56.19357681274414,Kelmarsh 6,843.275390625
2018-01-07 11:00:00,52.400687,-0.936093,135.039,8.222489356994629,60.554481506347656,58.55873489379883,Kelmarsh 6,864.722412109375
2018-01-07 12:00:00,52.400687,-0.936093,135.039,8.73279094696045,54.062782287597656,61.68138122558594,Kelmarsh 6,1045.7022705078125
2018-01-07 13:00:00,52.400687,-0.936093,135.039,7.379714488983154,55.18111038208008,58.38869857788086,Kelmarsh 6,967.2781982421875
2018-01-07 14:00:00,52.400687,-0.936093,135.039,7.773517608642578,52.6987190246582,49.60820770263672,Kelmarsh 6,736.705810546875
2018-01-07 15:00:00,52.400687,-0.936093,135.039,8.194476127624512,44.90435028076172,49.60820770263672,Kelmarsh 6,828.263916015625
2018-01-07 16:00:00,52.400687,-0.936093,135.039,6.470021724700928,47.25485610961914,49.60820770263672,Kelmarsh 6,576.4953002929688
2018-01-07 17:00:00,52.400687,-0.936093,135.039,6.607421398162842,54.29079818725586,49.60820770263672,Kelmarsh 6,918.8328247070312
2018-01-07 18:00:00,52.400687,-0.936093,135.039,8.333585739135742,54.275150299072266,59.48625183105469,Kelmarsh 6,1316.4833984375
2018-01-07 19:00:00,52.400687,-0.936093,135.039,8.503357887268066,51.94551086425781,59.48625183105469,Kelmarsh 6,1287.7557373046875
2018-01-07 20:00:00,52.400687,-0.936093,135.039,8.15338134765625,52.198143005371094,59.48625183105469,Kelmarsh 6,1344.333251953125
2018-01-07 21:00:00,52.400687,-0.936093,135.039,9.114603042602539,57.76541519165039,59.48625183105469,Kelmarsh 6,1479.87158203125
2018-01-07 22:00:00,52.400687,-0.936093,135.039,8.382201194763184,59.8494873046875,56.193572998046875,Kelmarsh 6,1167.0875244140625
2018-01-07 23:00:00,52.400687,-0.936093,135.039,8.007683753967285,56.63242721557617,56.193572998046875,Kelmarsh 6,1230.8138427734375
2018-01-08 00:00:00,52.400687,-0.936093,135.039,7.095114231109619,55.262393951416016,56.193572998046875,Kelmarsh 6,818.595703125
2018-01-08 01:00:00,52.400687,-0.936093,135.039,7.761693477630615,52.50638961791992,56.193572998046875,Kelmarsh 6,854.6796875
2018-01-08 02:00:00,52.400687,-0.936093,135.039,7.104376792907715,54.88264083862305,56.193572998046875,Kelmarsh 6,529.870361328125
2018-01-08 03:00:00,52.400687,-0.936093,135.039,7.827627658843994,55.06046676635742,56.193572998046875,Kelmarsh 6,417.1741943359375
2018-01-08 04:00:00,52.400687,-0.936093,135.039,8.15263843536377,62.83685302734375,63.87649917602539,Kelmarsh 6,228.51992797851562
2018-01-08 05:00:00,52.400687,-0.936093,135.039,6.710424900054932,54.151126861572266,56.193572998046875,Kelmarsh 6,98.78221130371094
2018-01-08 06:00:00,52.400687,-0.936093,135.039,7.226350784301758,51.79738235473633,56.193572998046875,Kelmarsh 6,52.56377410888672
2018-01-08 07:00:00,52.400687,-0.936093,135.039,6.461037635803223,56.35255432128906,56.193572998046875,Kelmarsh 6,79.04781341552734
2018-01-08 08:00:00,52.400687,-0.936093,135.039,6.3499040603637695,69.36418914794922,64.97406005859375,Kelmarsh 6,293.9034118652344
2018-01-08 09:00:00,52.400687,-0.936093,135.039,6.150728225708008,70.9927978515625,64.97406005859375,Kelmarsh 6,279.7332763671875
2018-01-08 10:00:00,52.400687,-0.936093,135.039,6.446800231933594,76.16871643066406,81.43741607666016,Kelmarsh 6,113.87262725830078
2018-01-08 11:00:00,52.400687,-0.936093,135.039,4.755867958068848,69.99202728271484,81.43741607666016,Kelmarsh 6,257.17010498046875
2018-01-08 12:00:00,52.400687,-0.936093,135.039,4.091404438018799,64.78751373291016,81.43741607666016,Kelmarsh 6,369.35833740234375
2018-01-08 13:00:00,52.400687,-0.936093,135.039,3.804354190826416,66.24429321289062,81.43741607666016,Kelmarsh 6,515.8549194335938
2018-01-08 14:00:00,52.400687,-0.936093,135.039,3.815157413482666,62.51260757446289,61.68138122558594,Kelmarsh 6,253.480712890625
2018-01-08 15:00:00,52.400687,-0.936093,135.039,4.096747398376465,73.72999572753906,61.68138122558594,Kelmarsh 6,277.2982482910156
2018-01-08 16:00:00,52.400687,-0.936093,135.039,5.0397257804870605,68.30644989013672,61.68138122558594,Kelmarsh 6,159.4422607421875
2018-01-08 17:00:00,52.400687,-0.936093,135.039,4.9343647956848145,77.13343048095703,61.68138122558594,Kelmarsh 6,162.13662719726562
2018-01-08 18:00:00,52.400687,-0.936093,135.039,4.863307476043701,76.89363861083984,61.68138122558594,Kelmarsh 6,470.165283203125
2018-01-08 19:00:00,52.400687,-0.936093,135.039,5.360658645629883,79.78041076660156,82.53497314453125,Kelmarsh 6,558.631591796875
2018-01-08 20:00:00,52.400687,-0.936093,135.039,4.6503400802612305,82.01834869384766,82.53497314453125,Kelmarsh 6,594.3392944335938
2018-01-08 21:00:00,52.400687,-0.936093,135.039,5.139127731323242,95.67173767089844,82.53497314453125,Kelmarsh 6,334.0918273925781
2018-01-08 22:00:00,52.400687,-0.936093,135.039,5.223995685577393,100.2376480102539,97.90077209472656,Kelmarsh 6,314.7991943359375
2018-01-08 23:00:00,52.400687,-0.936093,135.039,5.533209800720215,102.75161743164062,97.90077209472656,Kelmarsh 6,648.0202026367188
2018-01-09 00:00:00,52.400687,-0.936093,135.039,4.831640243530273,114.54901885986328,97.90077209472656,Kelmarsh 6,760.4779052734375
2018-01-09 01:00:00,52.400687,-0.936093,135.039,5.054687023162842,116.65827941894531,112.27876281738281,Kelmarsh 6,735.4087524414062
2018-01-09 02:00:00,52.400687,-0.936093,135.039,4.1591949462890625,110.08505249023438,101.19344329833984,Kelmarsh 6,964.8745727539062
2018-01-09 03:00:00,52.400687,-0.936093,135.039,4.999314785003662,119.27310943603516,101.19344329833984,Kelmarsh 6,1113.1180419921875
2018-01-09 04:00:00,52.400687,-0.936093,135.039,3.745269775390625,111.25344848632812,101.19344329833984,Kelmarsh 6,1094.700439453125
2018-01-09 05:00:00,52.400687,-0.936093,135.039,4.5025434494018555,105.5456314086914,101.19344329833984,Kelmarsh 6,981.05615234375
2018-01-09 06:00:00,52.400687,-0.936093,135.039,5.56066370010376,117.63812255859375,120.73661041259766,Kelmarsh 6,909.81396484375
2018-01-09 07:00:00,52.400687,-0.936093,135.039,4.594318389892578,132.90045166015625,130.82749938964844,Kelmarsh 6,558.8401489257812
2018-01-09 08:00:00,52.400687,-0.936093,135.039,4.157320022583008,121.6723403930664,130.82749938964844,Kelmarsh 6,507.86956787109375
2018-01-09 09:00:00,52.400687,-0.936093,135.039,2.8255162239074707,137.30088806152344,130.82749938964844,Kelmarsh 6,366.3092346191406
2018-01-09 10:00:00,52.400687,-0.936093,135.039,3.483297109603882,137.14492797851562,130.82749938964844,Kelmarsh 6,442.5399475097656
2018-01-09 11:00:00,52.400687,-0.936093,135.039,2.986124038696289,142.74166870117188,130.82749938964844,Kelmarsh 6,253.25721740722656
2018-01-09 12:00:00,52.400687,-0.936093,135.039,3.7405176162719727,158.5417938232422,159.3641815185547,Kelmarsh 6,401.8964538574219
2018-01-09 13:00:00,52.400687,-0.936093,135.039,3.957179307937622,217.25540161132812,217.5351104736328,Kelmarsh 6,626.3593139648438
2018-01-09 14:00:00,52.400687,-0.936093,135.039,2.234250068664551,145.31961059570312,142.9007110595703,Kelmarsh 6,868.0574951171875
2018-01-09 15:00:00,52.400687,-0.936093,135.039,3.244342088699341,143.9840850830078,142.9007110595703,Kelmarsh 6,809.5352783203125
2018-01-09 16:00:00,52.400687,-0.936093,135.039,3.6704812049865723,146.1400146484375,142.9007110595703,Kelmarsh 6,593.3336181640625
2018-01-09 17:00:00,52.400687,-0.936093,135.039,4.368858337402344,136.35459899902344,142.9007110595703,Kelmarsh 6,451.0434265136719
2018-01-09 18:00:00,52.400687,-0.936093,135.039,4.057750701904297,137.7722930908203,142.9007110595703,Kelmarsh 6,408.9331970214844
2018-01-09 19:00:00,52.400687,-0.936093,135.039,4.306302547454834,134.57772827148438,142.9007110595703,Kelmarsh 6,603.8335571289062
2018-01-09 20:00:00,52.400687,-0.936093,135.039,4.173748016357422,142.7736053466797,142.9007110595703,Kelmarsh 6,555.8533935546875
2018-01-09 21:00:00,52.400687,-0.936093,135.039,5.138886451721191,156.9093475341797,142.9007110595703,Kelmarsh 6,582.707763671875
2018-01-09 22:00:00,52.400687,-0.936093,135.039,5.18245267868042,145.7006072998047,142.9007110595703,Kelmarsh 6,629.6950073242188
2018-01-09 23:00:00,52.400687,-0.936093,135.039,6.635889053344727,141.8068389892578,142.9007110595703,Kelmarsh 6,609.92333984375
2018-01-10 00:00:00,52.400687,-0.936093,135.039,6.757084846496582,141.7378387451172,149.48609924316406,Kelmarsh 6,826.6371459960938
2018-01-10 01:00:00,52.400687,-0.936093,135.039,6.071147441864014,138.79092407226562,131.92506408691406,Kelmarsh 6,699.8797607421875
2018-01-10 02:00:00,52.400687,-0.936093,135.039,5.106273174285889,146.14181518554688,152.77879333496094,Kelmarsh 6,570.6915283203125
2018-01-10 03:00:00,52.400687,-0.936093,135.039,5.988283157348633,139.28140258789062,152.77879333496094,Kelmarsh 6,757.1556396484375
2018-01-10 04:00:00,52.400687,-0.936093,135.039,5.826221942901611,134.571533203125,132.25799560546875,Kelmarsh 6,875.4058227539062
2018-01-10 05:00:00,52.400687,-0.936093,135.039,4.294107437133789,157.4441680908203,148.38853454589844,Kelmarsh 6,1094.2186279296875
2018-01-10 06:00:00,52.400687,-0.936093,135.039,4.057902812957764,243.73785400390625,216.52996826171872,Kelmarsh 6,786.906494140625
2018-01-10 07:00:00,52.400687,-0.936093,135.039,4.056463718414307,273.2887268066406,278.99871826171875,Kelmarsh 6,679.09326171875
2018-01-10 08:00:00,52.400687,-0.936093,135.039,5.304781436920166,274.04248046875,278.99871826171875,Kelmarsh 6,1454.784912109375
2018-01-10 09:00:00,52.400687,-0.936093,135.039,5.068070411682129,275.7911682128906,278.99871826171875,Kelmarsh 6,1133.214599609375
2018-01-10 10:00:00,52.400687,-0.936093,135.039,4.598196506500244,270.412109375,278.99871826171875,Kelmarsh 6,1078.944091796875
2018-01-10 11:00:00,52.400687,-0.936093,135.039,4.259322643280029,283.2037658691406,278.99871826171875,Kelmarsh 6,1385.37109375
2018-01-10 12:00:00,52.400687,-0.936093,135.039,3.7095088958740234,283.60321044921875,278.99871826171875,Kelmarsh 6,1617.6434326171875
2018-01-10 13:00:00,52.400687,-0.936093,135.039,3.362839698791504,289.0133361816406,278.99871826171875,Kelmarsh 6,1466.83203125
2018-01-10 14:00:00,52.400687,-0.936093,135.039,2.827545166015625,289.9328918457031,278.99871826171875,Kelmarsh 6,1417.4417724609375
2018-01-10 15:00:00,52.400687,-0.936093,135.039,4.547084808349609,261.073486328125,278.99871826171875,Kelmarsh 6,1100.7960205078125
2018-01-10 16:00:00,52.400687,-0.936093,135.039,3.4347403049468994,268.6897888183594,264.7303771972656,Kelmarsh 6,1279.6348876953125
2018-01-10 17:00:00,52.400687,-0.936093,135.039,3.136887311935425,277.2186584472656,264.7303771972656,Kelmarsh 6,1953.978515625
2018-01-10 18:00:00,52.400687,-0.936093,135.039,0.9578004479408264,26.223249435424805,264.7303771972656,Kelmarsh 6,1952.0130615234375
2018-01-10 19:00:00,52.400687,-0.936093,135.039,3.1024742126464844,291.9478759765625,285.5841064453125,Kelmarsh 6,1968.395751953125
2018-01-10 20:00:00,52.400687,-0.936093,135.039,2.6836466789245605,301.74169921875,307.53540039062494,Kelmarsh 6,1689.408935546875
2018-01-10 21:00:00,52.400687,-0.936093,135.039,2.9028782844543457,286.73959350585926,282.29141235351557,Kelmarsh 6,1794.455810546875
2018-01-10 22:00:00,52.400687,-0.936093,135.039,2.995889902114868,319.3125,321.8037414550781,Kelmarsh 6,1438.81298828125
2018-01-10 23:00:00,52.400687,-0.936093,135.039,3.629176616668701,357.0499572753906,352.7629089355469,Kelmarsh 6,1170.3260498046875
2018-01-11 00:00:00,52.400687,-0.936093,135.039,5.824314594268799,343.18746948242193,356.9258117675781,Kelmarsh 6,1429.777099609375
2018-01-11 01:00:00,52.400687,-0.936093,135.039,5.501741886138916,342.74310302734375,341.3563842773437,Kelmarsh 6,1589.3153076171875
2018-01-11 02:00:00,52.400687,-0.936093,135.039,6.249102592468262,332.6543273925781,343.75503540039057,Kelmarsh 6,803.6786499023438
2018-01-11 03:00:00,52.400687,-0.936093,135.039,5.918554782867432,330.7640991210937,343.75503540039057,Kelmarsh 6,727.1358032226562
2018-01-11 04:00:00,52.400687,-0.936093,135.039,4.852580547332764,335.86328125,343.75503540039057,Kelmarsh 6,842.8591918945312
2018-01-11 05:00:00,52.400687,-0.936093,135.039,5.303220748901367,328.9601135253906,343.75503540039057,Kelmarsh 6,746.8936157226562
2018-01-11 06:00:00,52.400687,-0.936093,135.039,5.879579544067383,340.7578430175781,343.75503540039057,Kelmarsh 6,797.7542724609375
2018-01-11 07:00:00,52.400687,-0.936093,135.039,6.071476459503174,339.8680114746094,343.75503540039057,Kelmarsh 6,846.1788940429688
2018-01-11 08:00:00,52.400687,-0.936093,135.039,4.114930629730225,342.314208984375,343.75503540039057,Kelmarsh 6,718.7881469726562
2018-01-11 09:00:00,52.400687,-0.936093,135.039,4.524052619934082,339.0354309082031,343.75503540039057,Kelmarsh 6,941.9278564453125
2018-01-11 10:00:00,52.400687,-0.936093,135.039,4.071949481964111,327.6383056640625,328.0024108886718,Kelmarsh 6,1060.0772705078125
2018-01-11 11:00:00,52.400687,-0.936093,135.039,5.080682277679443,320.1991882324218,327.29156494140625,Kelmarsh 6,1333.838134765625
2018-01-11 12:00:00,52.400687,-0.936093,135.039,4.421818733215332,338.7708740234375,327.29156494140625,Kelmarsh 6,1259.40966796875
2018-01-11 13:00:00,52.400687,-0.936093,135.039,4.874906539916992,336.09960937499994,352.5355529785156,Kelmarsh 6,1257.6265869140625
2018-01-11 14:00:00,52.400687,-0.936093,135.039,3.9318606853485107,338.64404296875,352.5355529785156,Kelmarsh 6,1305.491455078125
2018-01-11 15:00:00,52.400687,-0.936093,135.039,1.5640230178833008,308.0064392089843,322.90130615234375,Kelmarsh 6,816.7940063476562
2018-01-11 16:00:00,52.400687,-0.936093,135.039,4.1621785163879395,319.2489929199219,318.51104736328125,Kelmarsh 6,1069.8692626953125
2018-01-11 17:00:00,52.400687,-0.936093,135.039,5.507906913757324,317.2306213378906,318.51104736328125,Kelmarsh 6,1679.3543701171875
2018-01-11 18:00:00,52.400687,-0.936093,135.039,4.302383899688721,335.7630615234374,318.51104736328125,Kelmarsh 6,1956.124267578125
2018-01-11 19:00:00,52.400687,-0.936093,135.039,3.019125461578369,346.2123107910156,342.65747070312494,Kelmarsh 6,1924.2960205078125
2018-01-11 20:00:00,52.400687,-0.936093,135.039,3.8848278522491455,317.8155212402344,311.9256591796875,Kelmarsh 6,1938.2841796875
2018-01-11 21:00:00,52.400687,-0.936093,135.039,4.698021411895752,331.0088806152344,332.7793884277344,Kelmarsh 6,2007.1680908203125
2018-01-11 22:00:00,52.400687,-0.936093,135.039,4.908710479736328,328.4324035644531,332.7793884277344,Kelmarsh 6,1953.6951904296875
2018-01-11 23:00:00,52.400687,-0.936093,135.039,4.477634906768799,342.1955871582031,332.7793884277344,Kelmarsh 6,2021.6060791015625
2018-01-12 00:00:00,52.400687,-0.936093,135.039,2.7165682315826416,14.719715118408203,18.87702751159668,Kelmarsh 6,2025.632568359375
2018-01-12 01:00:00,52.400687,-0.936093,135.039,2.786165237426758,30.334884643554688,18.87702751159668,Kelmarsh 6,1884.5797119140625
2018-01-12 02:00:00,52.400687,-0.936093,135.039,2.3288040161132812,26.743770599365234,44.12092590332031,Kelmarsh 6,2043.498046875
2018-01-12 03:00:00,52.400687,-0.936093,135.039,1.8245421648025513,8.14750862121582,350.34042358398426,Kelmarsh 6,2003.2322998046875
2018-01-12 04:00:00,52.400687,-0.936093,135.039,0.343481183052063,344.86248779296875,350.34042358398426,Kelmarsh 6,2024.99072265625
2018-01-12 05:00:00,52.400687,-0.936093,135.039,0.8741484880447388,44.08082962036133,350.34042358398426,Kelmarsh 6,2041.75439453125
2018-01-12 06:00:00,52.400687,-0.936093,135.039,1.6663308143615723,89.402099609375,90.21839141845703,Kelmarsh 6,2004.6060791015625
2018-01-12 07:00:00,52.400687,-0.936093,135.039,1.690163016319275,99.3062515258789,90.21839141845703,Kelmarsh 6,2013.9588623046875
2018-01-12 08:00:00,52.400687,-0.936093,135.039,2.341041326522827,117.13668823242188,131.9255828857422,Kelmarsh 6,1867.03076171875
2018-01-12 09:00:00,52.400687,-0.936093,135.039,2.7644078731536865,130.9591827392578,112.1695327758789,Kelmarsh 6,1853.8577880859375
2018-01-12 10:00:00,52.400687,-0.936093,135.039,2.9154257774353027,165.29994201660156,156.07200622558594,Kelmarsh 6,1927.2415771484375
2018-01-12 11:00:00,52.400687,-0.936093,135.039,2.61650013923645,163.25184631347656,139.60853576660156,Kelmarsh 6,1274.44677734375
2018-01-12 12:00:00,52.400687,-0.936093,135.039,2.335242509841919,162.4713134765625,145.0963592529297,Kelmarsh 6,1650.46142578125
2018-01-12 13:00:00,52.400687,-0.936093,135.039,3.015307903289795,151.41920471191406,145.0963592529297,Kelmarsh 6,1226.3914794921875
2018-01-12 14:00:00,52.400687,-0.936093,135.039,3.7112298011779785,151.9248809814453,145.0963592529297,Kelmarsh 6,1442.0040283203125
2018-01-12 15:00:00,52.400687,-0.936093,135.039,3.9522573947906494,155.6739959716797,145.0963592529297,Kelmarsh 6,1982.293701171875
2018-01-12 16:00:00,52.400687,-0.936093,135.039,3.7121832370758057,135.9770050048828,145.0963592529297,Kelmarsh 6,2014.370849609375
2018-01-12 17:00:00,52.400687,-0.936093,135.039,5.0689520835876465,144.5478973388672,145.0963592529297,Kelmarsh 6,2049.281982421875
2018-01-12 18:00:00,52.400687,-0.936093,135.039,5.408044338226318,130.43649291992188,145.0963592529297,Kelmarsh 6,2054.58056640625
2018-01-12 19:00:00,52.400687,-0.936093,135.039,5.394723892211914,126.93567657470703,145.0963592529297,Kelmarsh 6,1990.4791259765625
2018-01-12 20:00:00,52.400687,-0.936093,135.039,4.87150764465332,133.97682189941406,145.0963592529297,Kelmarsh 6,2025.9559326171875
2018-01-12 21:00:00,52.400687,-0.936093,135.039,4.909689903259277,147.11166381835938,145.0963592529297,Kelmarsh 6,2038.8802490234375
2018-01-12 22:00:00,52.400687,-0.936093,135.039,4.485443115234375,140.4852294921875,145.0963592529297,Kelmarsh 6,2053.259033203125
2018-01-12 23:00:00,52.400687,-0.936093,135.039,5.7185211181640625,168.427734375,145.0963592529297,Kelmarsh 6,2017.099365234375
2018-01-13 00:00:00,52.400687,-0.936093,135.039,5.530958652496338,166.1378936767578,164.85252380371094,Kelmarsh 6,2031.66748046875
2018-01-13 01:00:00,52.400687,-0.936093,135.039,5.449027061462402,167.20166015625,164.85252380371094,Kelmarsh 6,2039.6944580078125
2018-01-13 02:00:00,52.400687,-0.936093,135.039,7.697667598724365,152.602294921875,159.3647003173828,Kelmarsh 6,2044.382568359375
2018-01-13 03:00:00,52.400687,-0.936093,135.039,6.2477264404296875,141.37014770507812,135.21827697753906,Kelmarsh 6,2026.279296875
2018-01-13 04:00:00,52.400687,-0.936093,135.039,7.626619338989258,127.58920288085938,135.21827697753906,Kelmarsh 6,2034.3116455078125
2018-01-13 05:00:00,52.400687,-0.936093,135.039,7.653163433074951,128.85694885253906,135.21827697753906,Kelmarsh 6,2015.039794921875
2018-01-13 06:00:00,52.400687,-0.936093,135.039,7.877159118652344,122.12842559814453,123.14509582519531,Kelmarsh 6,1084.7803955078125
2018-01-13 07:00:00,52.400687,-0.936093,135.039,7.404231548309326,133.09674072265625,129.09893798828125,Kelmarsh 6,1553.8038330078125
2018-01-13 08:00:00,52.400687,-0.936093,135.039,7.127300262451172,136.21099853515625,133.0231475830078,Kelmarsh 6,1916.25830078125
2018-01-13 09:00:00,52.400687,-0.936093,135.039,7.450023651123047,132.53048706054688,133.0231475830078,Kelmarsh 6,2015.510498046875
2018-01-13 10:00:00,52.400687,-0.936093,135.039,8.138418197631836,130.19869995117188,133.0231475830078,Kelmarsh 6,2008.688720703125
2018-01-13 11:00:00,52.400687,-0.936093,135.039,8.427400588989258,134.08523559570312,133.0231475830078,Kelmarsh 6,2055.11669921875
2018-01-13 12:00:00,52.400687,-0.936093,135.039,7.750826358795166,131.20828247070312,133.0231475830078,Kelmarsh 6,2040.11865234375
2018-01-13 13:00:00,52.400687,-0.936093,135.039,6.9303059577941895,130.5998077392578,133.0231475830078,Kelmarsh 6,2044.3890380859375
2018-01-13 14:00:00,52.400687,-0.936093,135.039,6.0361833572387695,141.09495544433594,131.9255828857422,Kelmarsh 6,2029.7904052734375
2018-01-13 15:00:00,52.400687,-0.936093,135.039,7.742822170257568,134.86672973632812,140.7061004638672,Kelmarsh 6,2063.317138671875
2018-01-13 16:00:00,52.400687,-0.936093,135.039,8.041295051574707,131.64773559570312,126.43778228759766,Kelmarsh 6,2063.563720703125
2018-01-13 17:00:00,52.400687,-0.936093,135.039,8.261993408203125,126.15966796875,126.43778228759766,Kelmarsh 6,2061.448486328125
2018-01-13 18:00:00,52.400687,-0.936093,135.039,7.987443923950195,126.21566772460938,126.43778228759766,Kelmarsh 6,2046.630126953125
2018-01-13 19:00:00,52.400687,-0.936093,135.039,5.53521203994751,133.4550323486328,126.43778228759766,Kelmarsh 6,2065.028076171875
2018-01-13 20:00:00,52.400687,-0.936093,135.039,6.271271228790283,122.46045684814453,126.43778228759766,Kelmarsh 6,2052.259765625
2018-01-13 21:00:00,52.400687,-0.936093,135.039,5.694455146789551,127.32085418701172,135.21827697753906,Kelmarsh 6,2043.9281005859375
2018-01-13 22:00:00,52.400687,-0.936093,135.039,5.164520740509033,125.15079498291016,130.82801818847656,Kelmarsh 6,2057.80419921875
2018-01-13 23:00:00,52.400687,-0.936093,135.039,5.193388938903809,121.38768005371094,130.82801818847656,Kelmarsh 6,2027.8857421875
2018-01-14 00:00:00,52.400687,-0.936093,135.039,5.011420726776123,125.16410064697266,130.82801818847656,Kelmarsh 6,2045.1754150390625
2018-01-14 01:00:00,52.400687,-0.936093,135.039,3.9458189010620117,126.31932067871094,130.82801818847656,Kelmarsh 6,2036.823486328125
2018-01-14 02:00:00,52.400687,-0.936093,135.039,3.696951389312744,110.1095962524414,119.40306091308594,Kelmarsh 6,2039.1923828125
2018-01-14 03:00:00,52.400687,-0.936093,135.039,3.94516921043396,109.03710174560547,116.55975341796875,Kelmarsh 6,1987.58203125
2018-01-14 04:00:00,52.400687,-0.936093,135.039,5.442086219787598,110.51182556152344,116.55975341796875,Kelmarsh 6,2055.212890625
2018-01-14 05:00:00,52.400687,-0.936093,135.039,2.9146721363067627,146.49778747558594,153.8768768310547,Kelmarsh 6,2079.380859375
2018-01-14 06:00:00,52.400687,-0.936093,135.039,3.2458083629608154,137.640625,142.90122985839844,Kelmarsh 6,2017.410400390625
2018-01-14 07:00:00,52.400687,-0.936093,135.039,2.183725118637085,132.3360137939453,124.2426528930664,Kelmarsh 6,2037.825439453125
2018-01-14 08:00:00,52.400687,-0.936093,135.039,2.396681308746338,152.36561584472656,153.8768768310547,Kelmarsh 6,2064.044921875
2018-01-14 09:00:00,52.400687,-0.936093,135.039,4.368375778198242,135.46377563476562,140.7061004638672,Kelmarsh 6,2030.9957275390625
2018-01-14 10:00:00,52.400687,-0.936093,135.039,2.2567315101623535,133.90444946289062,149.4866180419922,Kelmarsh 6,2046.039794921875
2018-01-14 11:00:00,52.400687,-0.936093,135.039,1.5353623628616333,168.93698120117188,174.73060607910156,Kelmarsh 6,2058.203857421875
2018-01-14 12:00:00,52.400687,-0.936093,135.039,2.731443166732788,165.6117401123047,163.6332550048828,Kelmarsh 6,2039.0152587890625
2018-01-14 13:00:00,52.400687,-0.936093,135.039,2.8617374897003174,201.3531188964843,191.18304443359375,Kelmarsh 6,2065.976806640625
2018-01-14 14:00:00,52.400687,-0.936093,135.039,3.2505977153778076,202.9049835205078,210.95024108886716,Kelmarsh 6,2045.3446044921875
2018-01-14 15:00:00,52.400687,-0.936093,135.039,4.517580986022949,198.7838897705078,182.41355895996094,Kelmarsh 6,2051.733154296875
2018-01-14 16:00:00,52.400687,-0.936093,135.039,4.776602268218994,207.1102600097656,197.7794647216797,Kelmarsh 6,2032.8043212890625
2018-01-14 17:00:00,52.400687,-0.936093,135.039,5.569777965545654,203.38522338867185,214.24293518066406,Kelmarsh 6,2065.475341796875
2018-01-14 18:00:00,52.400687,-0.936093,135.039,5.121975898742676,222.12512207031253,207.94409179687497,Kelmarsh 6,2033.0994873046875
2018-01-14 19:00:00,52.400687,-0.936093,135.039,6.592422962188721,210.37248229980463,213.14537048339844,Kelmarsh 6,2063.7119140625
2018-01-14 20:00:00,52.400687,-0.936093,135.039,6.888661861419678,202.7521362304687,207.00790405273435,Kelmarsh 6,2049.708251953125
2018-01-14 21:00:00,52.400687,-0.936093,135.039,7.349735736846924,190.58648681640622,197.7794647216797,Kelmarsh 6,2064.45458984375
2018-01-14 22:00:00,52.400687,-0.936093,135.039,7.940487384796143,192.8501281738281,183.51112365722653,Kelmarsh 6,2056.3935546875
2018-01-14 23:00:00,52.400687,-0.936093,135.039,8.737153053283691,199.315933227539,196.02023315429688,Kelmarsh 6,2041.5126953125
2018-01-15 00:00:00,52.400687,-0.936093,135.039,9.289441108703613,193.51219177246088,194.48677062988278,Kelmarsh 6,2039.3092041015625
2018-01-15 01:00:00,52.400687,-0.936093,135.039,10.541353225708008,199.24263000488278,206.55998229980463,Kelmarsh 6,2054.911376953125
2018-01-15 02:00:00,52.400687,-0.936093,135.039,10.24901294708252,191.27545166015622,198.87702941894528,Kelmarsh 6,2062.3408203125
2018-01-15 03:00:00,52.400687,-0.936093,135.039,9.603761672973633,189.437271118164,184.6086883544922,Kelmarsh 6,2062.69677734375
2018-01-15 04:00:00,52.400687,-0.936093,135.039,11.361906051635742,194.59706115722653,193.3892059326172,Kelmarsh 6,2056.667236328125
2018-01-15 05:00:00,52.400687,-0.936093,135.039,10.201210975646973,209.85397338867188,199.9745941162109,Kelmarsh 6,2064.9716796875
2018-01-15 06:00:00,52.400687,-0.936093,135.039,11.229265213012695,206.14120483398438,210.95507812499997,Kelmarsh 6,2029.05419921875
2018-01-15 07:00:00,52.400687,-0.936093,135.039,10.907265663146973,210.63095092773435,210.40794372558594,Kelmarsh 6,2049.426513671875
2018-01-15 08:00:00,52.400687,-0.936093,135.039,10.383890151977539,211.2741241455078,206.3379974365234,Kelmarsh 6,2049.73388671875
2018-01-15 09:00:00,52.400687,-0.936093,135.039,9.212148666381836,217.86810302734372,214.24293518066406,Kelmarsh 6,2036.06103515625
2018-01-15 10:00:00,52.400687,-0.936093,135.039,8.031243324279785,212.20417785644528,214.24293518066406,Kelmarsh 6,2025.2415771484375
2018-01-15 11:00:00,52.400687,-0.936093,135.039,9.575057029724121,216.6932983398437,213.0520782470703,Kelmarsh 6,2011.6124267578125
2018-01-15 12:00:00,52.400687,-0.936093,135.039,7.3066301345825195,235.85824584960932,225.49513244628903,Kelmarsh 6,2047.8746337890625
2018-01-15 13:00:00,52.400687,-0.936093,135.039,8.645647048950195,261.9606628417969,257.0479431152344,Kelmarsh 6,1988.2943115234375
2018-01-15 14:00:00,52.400687,-0.936093,135.039,7.965178966522217,292.31927490234375,287.83264160156244,Kelmarsh 6,2061.41455078125
2018-01-15 15:00:00,52.400687,-0.936093,135.039,12.487936973571777,284.6434020996094,279.8296203613281,Kelmarsh 6,2029.455322265625
2018-01-15 16:00:00,52.400687,-0.936093,135.039,10.40680980682373,283.00588989257807,278.9992370605469,Kelmarsh 6,2054.553955078125
2018-01-15 17:00:00,52.400687,-0.936093,135.039,8.012075424194336,273.60400390625,264.73089599609375,Kelmarsh 6,2058.188232421875
2018-01-15 18:00:00,52.400687,-0.936093,135.039,8.188754081726074,247.7935028076172,251.56011962890625,Kelmarsh 6,2050.54541015625
2018-01-15 19:00:00,52.400687,-0.936093,135.039,7.1435956954956055,245.58383178710938,251.56011962890625,Kelmarsh 6,1977.6466064453125
2018-01-15 20:00:00,52.400687,-0.936093,135.039,7.8589348793029785,247.23226928710935,239.48690795898435,Kelmarsh 6,1971.3402099609375
2018-01-15 21:00:00,52.400687,-0.936093,135.039,9.442612648010254,244.45777893066403,237.29177856445312,Kelmarsh 6,2066.92919921875
2018-01-15 22:00:00,52.400687,-0.936093,135.039,11.543598175048828,245.69361877441406,246.07229614257812,Kelmarsh 6,1952.5145263671875
2018-01-15 23:00:00,52.400687,-0.936093,135.039,10.82919692993164,241.42440795898438,246.07229614257812,Kelmarsh 6,1945.1143798828125
2018-01-16 00:00:00,52.400687,-0.936093,135.039,9.56035041809082,242.2627716064452,246.07229614257812,Kelmarsh 6,2022.056396484375
2018-01-16 01:00:00,52.400687,-0.936093,135.039,9.657102584838867,251.317642211914,246.07229614257812,Kelmarsh 6,1984.2960205078125
2018-01-16 02:00:00,52.400687,-0.936093,135.039,7.8128581047058105,251.16720581054688,246.07229614257812,Kelmarsh 6,1974.4998779296875
2018-01-16 03:00:00,52.400687,-0.936093,135.039,9.238907814025879,251.83509826660156,255.95037841796866,Kelmarsh 6,1702.8096923828125
2018-01-16 04:00:00,52.400687,-0.936093,135.039,9.231929779052734,253.6107025146484,255.95037841796866,Kelmarsh 6,1681.5274658203125
2018-01-16 05:00:00,52.400687,-0.936093,135.039,9.220733642578125,268.5283203125,275.70654296875,Kelmarsh 6,1434.9801025390625
2018-01-16 06:00:00,52.400687,-0.936093,135.039,7.905823707580566,250.8718719482422,244.9747314453125,Kelmarsh 6,1994.837646484375
2018-01-16 07:00:00,52.400687,-0.936093,135.039,9.629295349121094,251.86500549316406,244.9747314453125,Kelmarsh 6,1971.85302734375
2018-01-16 08:00:00,52.400687,-0.936093,135.039,9.754220008850098,247.57186889648435,244.9747314453125,Kelmarsh 6,2042.696044921875
2018-01-16 09:00:00,52.400687,-0.936093,135.039,10.422205924987793,249.18150329589844,244.9747314453125,Kelmarsh 6,1889.843505859375
2018-01-16 10:00:00,52.400687,-0.936093,135.039,10.321954727172852,250.42004394531253,244.9747314453125,Kelmarsh 6,2012.119873046875
2018-01-16 11:00:00,52.400687,-0.936093,135.039,9.721145629882812,257.0158386230469,254.85281372070312,Kelmarsh 6,1668.8411865234375
2018-01-16 12:00:00,52.400687,-0.936093,135.039,11.479634284973145,250.31101989746094,254.85281372070312,Kelmarsh 6,1873.6214599609375
2018-01-16 13:00:00,52.400687,-0.936093,135.039,10.50652027130127,258.5390930175781,257.0479431152344,Kelmarsh 6,2025.6827392578125
2018-01-16 14:00:00,52.400687,-0.936093,135.039,10.92306900024414,251.84234619140625,238.38934326171875,Kelmarsh 6,2041.256103515625
2018-01-16 15:00:00,52.400687,-0.936093,135.039,9.595166206359863,253.5907592773437,252.60281372070312,Kelmarsh 6,2025.9324951171875
2018-01-16 16:00:00,52.400687,-0.936093,135.039,8.793654441833496,250.73983764648438,249.37631225585938,Kelmarsh 6,2061.06884765625
2018-01-16 17:00:00,52.400687,-0.936093,135.039,10.596410751342773,247.14132690429688,244.9747314453125,Kelmarsh 6,2049.498291015625
2018-01-16 18:00:00,52.400687,-0.936093,135.039,10.27422046661377,244.7289123535156,244.9747314453125,Kelmarsh 6,2040.56201171875
2018-01-16 19:00:00,52.400687,-0.936093,135.039,10.155104637145996,243.520034790039,244.9747314453125,Kelmarsh 6,2061.664306640625
2018-01-16 20:00:00,52.400687,-0.936093,135.039,10.663049697875977,253.88992309570315,257.8778381347656,Kelmarsh 6,2050.240234375
2018-01-16 21:00:00,52.400687,-0.936093,135.039,11.069642066955566,246.5381317138672,249.364990234375,Kelmarsh 6,2059.723388671875
2018-01-16 22:00:00,52.400687,-0.936093,135.039,10.078924179077148,245.8412322998047,249.364990234375,Kelmarsh 6,2055.44921875
2018-01-16 23:00:00,52.400687,-0.936093,135.039,9.323594093322754,245.3053436279296,249.364990234375,Kelmarsh 6,2038.1551513671875
2018-01-17 00:00:00,52.400687,-0.936093,135.039,11.521397590637207,245.5823516845703,249.364990234375,Kelmarsh 6,2064.2001953125
2018-01-17 01:00:00,52.400687,-0.936093,135.039,9.83432674407959,246.97103881835938,249.364990234375,Kelmarsh 6,2066.85400390625
2018-01-17 02:00:00,52.400687,-0.936093,135.039,10.15024185180664,252.00170898437497,261.6680908203125,Kelmarsh 6,2052.930908203125
2018-01-17 03:00:00,52.400687,-0.936093,135.039,10.116791725158691,247.20236206054688,250.4625549316406,Kelmarsh 6,2042.3984375
2018-01-17 04:00:00,52.400687,-0.936093,135.039,10.558004379272461,252.39077758789062,250.4625549316406,Kelmarsh 6,2054.688232421875
2018-01-17 05:00:00,52.400687,-0.936093,135.039,10.732565879821777,254.45516967773438,257.7107849121093,Kelmarsh 6,2070.99365234375
2018-01-17 06:00:00,52.400687,-0.936093,135.039,11.88232707977295,262.24383544921875,268.2445983886719,Kelmarsh 6,2058.589599609375
2018-01-17 07:00:00,52.400687,-0.936093,135.039,9.685473442077637,258.1418151855468,265.77691650390625,Kelmarsh 6,2066.258544921875
2018-01-17 08:00:00,52.400687,-0.936093,135.039,9.208083152770996,256.74468994140625,263.6333312988281,Kelmarsh 6,2049.131103515625
2018-01-17 09:00:00,52.400687,-0.936093,135.039,7.920310020446777,267.1766357421875,271.72998046875,Kelmarsh 6,2054.928466796875
2018-01-17 10:00:00,52.400687,-0.936093,135.039,13.135887145996094,265.63055419921875,269.12115478515625,Kelmarsh 6,2020.3485107421875
2018-01-17 11:00:00,52.400687,-0.936093,135.039,12.073577880859375,267.7280578613281,261.4382019042968,Kelmarsh 6,2049.5888671875
2018-01-17 12:00:00,52.400687,-0.936093,135.039,12.382004737854004,261.7017822265625,261.4382019042968,Kelmarsh 6,2057.939208984375
2018-01-17 13:00:00,52.400687,-0.936093,135.039,11.56437873840332,252.8046112060547,261.4382019042968,Kelmarsh 6,2054.6044921875
2018-01-17 14:00:00,52.400687,-0.936093,135.039,10.158965110778809,258.12506103515625,257.0479431152344,Kelmarsh 6,2037.53369140625
2018-01-17 15:00:00,52.400687,-0.936093,135.039,10.844637870788574,258.20562744140625,257.71063232421875,Kelmarsh 6,2008.6534423828125
2018-01-17 16:00:00,52.400687,-0.936093,135.039,9.7673921585083,250.06494140624994,255.95037841796866,Kelmarsh 6,2030.732666015625
2018-01-17 17:00:00,52.400687,-0.936093,135.039,10.278911590576172,247.61727905273438,255.7231903076172,Kelmarsh 6,2014.54638671875
2018-01-17 18:00:00,52.400687,-0.936093,135.039,10.644769668579102,246.9174346923828,246.07229614257812,Kelmarsh 6,2055.099609375
2018-01-17 19:00:00,52.400687,-0.936093,135.039,10.134718894958496,240.73760986328116,246.07229614257812,Kelmarsh 6,2061.210205078125
2018-01-17 20:00:00,52.400687,-0.936093,135.039,9.51125431060791,245.4893951416015,246.07229614257812,Kelmarsh 6,2049.43896484375
2018-01-17 21:00:00,52.400687,-0.936093,135.039,6.251651287078857,229.97166442871094,229.60882568359375,Kelmarsh 6,2028.8226318359375
2018-01-17 22:00:00,52.400687,-0.936093,135.039,9.018906593322754,194.6114959716797,197.77944946289054,Kelmarsh 6,2037.9765625
2018-01-17 23:00:00,52.400687,-0.936093,135.039,11.37778377532959,196.57406616210938,190.09649658203114,Kelmarsh 6,2052.529052734375
2018-01-18 00:00:00,52.400687,-0.936093,135.039,11.0144624710083,206.97334289550776,202.1697082519531,Kelmarsh 6,2054.432373046875
2018-01-18 01:00:00,52.400687,-0.936093,135.039,13.293355941772461,232.68710327148426,231.80395507812494,Kelmarsh 6,2037.5443115234375
2018-01-18 02:00:00,52.400687,-0.936093,135.039,15.738207817077637,247.46731567382812,246.80352783203125,Kelmarsh 6,1990.28759765625
2018-01-18 03:00:00,52.400687,-0.936093,135.039,17.962697982788086,255.4922332763672,250.4625549316406,Kelmarsh 6,1995.099609375
2018-01-18 04:00:00,52.400687,-0.936093,135.039,18.803955078125,259.31201171874994,257.0479431152344,Kelmarsh 6,1964.798583984375
2018-01-18 05:00:00,52.400687,-0.936093,135.039,20.972429275512695,288.929931640625,280.3119201660156,Kelmarsh 6,2038.2197265625
2018-01-18 06:00:00,52.400687,-0.936093,135.039,16.79303550720215,295.47711181640625,283.3894958496094,Kelmarsh 6,2053.281494140625
2018-01-18 07:00:00,52.400687,-0.936093,135.039,11.161758422851562,295.2397155761719,289.9748840332031,Kelmarsh 6,2057.263671875
2018-01-18 08:00:00,52.400687,-0.936093,135.039,NaN,NaN,NaN,Kelmarsh 6,2046.7823486328125
2018-01-18 09:00:00,52.400687,-0.936093,135.039,NaN,NaN,NaN,Kelmarsh 6,2050.374267578125
2018-01-18 10:00:00,52.400687,-0.936093,135.039,8.731097221374512,260.4374694824219,262.5357666015625,Kelmarsh 6,2003.6900634765625
2018-01-18 11:00:00,52.400687,-0.936093,135.039,8.147503852844238,261.8233642578125,262.5735778808594,Kelmarsh 6,1969.1688232421875
2018-01-18 12:00:00,52.400687,-0.936093,135.039,9.379414558410645,255.33302307128906,252.65768432617182,Kelmarsh 6,1792.96826171875
2018-01-18 13:00:00,52.400687,-0.936093,135.039,8.00592041015625,262.4486389160156,259.2430725097656,Kelmarsh 6,1720.1324462890625
2018-01-18 14:00:00,52.400687,-0.936093,135.039,7.574329853057861,251.44268798828125,252.32705688476562,Kelmarsh 6,1872.624267578125
2018-01-18 15:00:00,52.400687,-0.936093,135.039,7.752098083496094,268.88629150390625,258.0140075683594,Kelmarsh 6,1771.6226806640625
2018-01-18 16:00:00,52.400687,-0.936093,135.039,6.500099182128906,277.8980407714844,276.3672790527344,Kelmarsh 6,1743.4813232421875
2018-01-18 17:00:00,52.400687,-0.936093,135.039,6.3640360832214355,261.6946716308594,255.95037841796866,Kelmarsh 6,1754.71875
2018-01-18 18:00:00,52.400687,-0.936093,135.039,4.284621715545654,299.4876403808594,307.5353698730469,Kelmarsh 6,1716.024169921875
2018-01-18 19:00:00,52.400687,-0.936093,135.039,5.900895595550537,279.15509033203125,262.3039245605469,Kelmarsh 6,1812.0772705078125
2018-01-18 20:00:00,52.400687,-0.936093,135.039,7.446743488311768,275.5464782714844,272.4132995605469,Kelmarsh 6,1965.1982421875
2018-01-18 21:00:00,52.400687,-0.936093,135.039,6.948785781860352,272.2240295410156,272.4132995605469,Kelmarsh 6,1858.84423828125
2018-01-18 22:00:00,52.400687,-0.936093,135.039,6.012394428253174,259.35113525390625,264.7303466796875,Kelmarsh 6,1169.6448974609375
2018-01-18 23:00:00,52.400687,-0.936093,135.039,6.283431529998779,254.82781982421875,258.3062438964844,Kelmarsh 6,817.23583984375
2018-01-19 00:00:00,52.400687,-0.936093,135.039,6.482960224151611,249.80934143066403,254.85226440429685,Kelmarsh 6,1279.576171875
2018-01-19 01:00:00,52.400687,-0.936093,135.039,7.731752395629883,248.46244812011713,254.85226440429685,Kelmarsh 6,687.6671752929688
2018-01-19 02:00:00,52.400687,-0.936093,135.039,7.40378999710083,247.72093200683594,254.85226440429685,Kelmarsh 6,446.9186706542969
2018-01-19 03:00:00,52.400687,-0.936093,135.039,5.101018905639648,249.75692749023438,254.85226440429685,Kelmarsh 6,379.11566162109375
2018-01-19 04:00:00,52.400687,-0.936093,135.039,4.287536144256592,243.81126403808594,254.85226440429685,Kelmarsh 6,300.9369201660156
2018-01-19 05:00:00,52.400687,-0.936093,135.039,6.754343509674072,246.27647399902344,254.85226440429685,Kelmarsh 6,346.97235107421875
2018-01-19 06:00:00,52.400687,-0.936093,135.039,8.596783638000488,251.71078491210935,254.85226440429685,Kelmarsh 6,465.9209899902344
2018-01-19 07:00:00,52.400687,-0.936093,135.039,7.782855033874512,250.69825744628906,252.65713500976562,Kelmarsh 6,662.573974609375
2018-01-19 08:00:00,52.400687,-0.936093,135.039,7.729580402374268,248.36764526367188,252.65713500976562,Kelmarsh 6,377.956787109375
2018-01-19 09:00:00,52.400687,-0.936093,135.039,5.41030740737915,250.16410827636722,252.65713500976562,Kelmarsh 6,401.53466796875
2018-01-19 10:00:00,52.400687,-0.936093,135.039,7.435197830200195,247.21202087402344,252.65713500976562,Kelmarsh 6,336.3086242675781
2018-01-19 11:00:00,52.400687,-0.936093,135.039,7.641686916351318,248.23619079589847,252.65713500976562,Kelmarsh 6,246.59176635742188
2018-01-19 12:00:00,52.400687,-0.936093,135.039,6.219929218292236,252.2576446533203,252.65713500976562,Kelmarsh 6,443.3946533203125
2018-01-19 13:00:00,52.400687,-0.936093,135.039,8.069644927978516,252.00660705566406,257.04739379882807,Kelmarsh 6,433.5915222167969
2018-01-19 14:00:00,52.400687,-0.936093,135.039,6.157930850982666,249.45265197753906,240.58392333984375,Kelmarsh 6,304.498291015625
2018-01-19 15:00:00,52.400687,-0.936093,135.039,6.954280376434326,250.61973571777344,249.76202392578125,Kelmarsh 6,377.0503234863281
2018-01-19 16:00:00,52.400687,-0.936093,135.039,8.824711799621582,250.82984924316403,253.75469970703125,Kelmarsh 6,362.75640869140625
2018-01-19 17:00:00,52.400687,-0.936093,135.039,6.637140274047852,248.75706481933582,253.75469970703125,Kelmarsh 6,477.2196044921875
2018-01-19 18:00:00,52.400687,-0.936093,135.039,6.823266506195068,248.1574249267578,253.75469970703125,Kelmarsh 6,324.22198486328125
2018-01-19 19:00:00,52.400687,-0.936093,135.039,9.086699485778809,253.670913696289,248.2668762207031,Kelmarsh 6,259.3368225097656
2018-01-19 20:00:00,52.400687,-0.936093,135.039,9.729095458984375,251.21607971191406,248.2668762207031,Kelmarsh 6,261.31781005859375
2018-01-19 21:00:00,52.400687,-0.936093,135.039,4.847288131713867,246.2172393798828,248.2668762207031,Kelmarsh 6,180.57388305664062
2018-01-19 22:00:00,52.400687,-0.936093,135.039,5.292119979858398,243.63075256347653,248.2668762207031,Kelmarsh 6,148.27003479003906
2018-01-19 23:00:00,52.400687,-0.936093,135.039,4.448955535888672,244.8698730468749,248.2668762207031,Kelmarsh 6,277.296142578125
2018-01-20 00:00:00,52.400687,-0.936093,135.039,6.4124040603637695,207.48652648925784,218.6326293945312,Kelmarsh 6,357.2514343261719
2018-01-20 01:00:00,52.400687,-0.936093,135.039,6.160956382751465,215.5028533935547,222.32344055175784,Kelmarsh 6,431.7076416015625
2018-01-20 02:00:00,52.400687,-0.936093,135.039,6.8819050788879395,200.3395385742187,198.87646484375,Kelmarsh 6,557.6461181640625
2018-01-20 03:00:00,52.400687,-0.936093,135.039,7.72677755355835,191.6305389404297,198.87646484375,Kelmarsh 6,647.0284423828125
2018-01-20 04:00:00,52.400687,-0.936093,135.039,6.748143672943115,199.23408508300776,198.87646484375,Kelmarsh 6,628.01806640625
2018-01-20 05:00:00,52.400687,-0.936093,135.039,5.973474979400635,199.5071105957031,214.24237060546875,Kelmarsh 6,458.87408447265625
2018-01-20 06:00:00,52.400687,-0.936093,135.039,6.5321879386901855,204.7833099365234,199.9740295410156,Kelmarsh 6,361.3158874511719
2018-01-20 07:00:00,52.400687,-0.936093,135.039,4.662220001220703,213.83589172363276,199.9740295410156,Kelmarsh 6,370.2082824707031
2018-01-20 08:00:00,52.400687,-0.936093,135.039,3.6876144409179688,200.90975952148438,199.9740295410156,Kelmarsh 6,293.105224609375
2018-01-20 09:00:00,52.400687,-0.936093,135.039,2.8130807876586914,192.18681335449216,197.50910949707026,Kelmarsh 6,136.49392700195312
2018-01-20 10:00:00,52.400687,-0.936093,135.039,2.570943593978882,146.3009033203125,167.04708862304688,Kelmarsh 6,258.14862060546875
2018-01-20 11:00:00,52.400687,-0.936093,135.039,2.813584804534912,116.53915405273438,132.20274353027344,Kelmarsh 6,306.25152587890625
2018-01-20 12:00:00,52.400687,-0.936093,135.039,2.63071870803833,93.02889251708984,112.16897583007812,Kelmarsh 6,198.44732666015625
2018-01-20 13:00:00,52.400687,-0.936093,135.039,2.440031051635742,53.946197509765625,64.0395736694336,Kelmarsh 6,194.4425811767578
2018-01-20 14:00:00,52.400687,-0.936093,135.039,2.274506092071533,32.27863311767578,40.827674865722656,Kelmarsh 6,164.705078125
2018-01-20 15:00:00,52.400687,-0.936093,135.039,2.7172226905822754,45.2805061340332,35.33987045288086,Kelmarsh 6,125.69408416748047
2018-01-20 16:00:00,52.400687,-0.936093,135.039,2.422818422317505,50.796138763427734,35.33987045288086,Kelmarsh 6,39.902488708496094
2018-01-20 17:00:00,52.400687,-0.936093,135.039,3.7389211654663086,22.005868911743164,35.33987045288086,Kelmarsh 6,11.723429679870605
2018-01-20 18:00:00,52.400687,-0.936093,135.039,4.518063545227051,351.6478576660156,6.803296089172363,Kelmarsh 6,66.43937683105469
2018-01-20 19:00:00,52.400687,-0.936093,135.039,5.542435169219971,330.2687683105469,336.0715026855469,Kelmarsh 6,110.6116714477539
2018-01-20 20:00:00,52.400687,-0.936093,135.039,3.092761278152466,311.5780334472656,334.5183715820312,Kelmarsh 6,187.40794372558594
2018-01-20 21:00:00,52.400687,-0.936093,135.039,3.4538941383361816,303.94964599609375,311.9250793457031,Kelmarsh 6,391.7848815917969
2018-01-20 22:00:00,52.400687,-0.936093,135.039,4.730047225952148,314.2298889160156,311.9250793457031,Kelmarsh 6,388.1269836425781
2018-01-20 23:00:00,52.400687,-0.936093,135.039,4.592894077301025,304.82916259765625,311.9250793457031,Kelmarsh 6,412.04052734375
2018-01-21 00:00:00,52.400687,-0.936093,135.039,4.515279293060303,284.88378906249994,278.9981384277344,Kelmarsh 6,436.02923583984375
2018-01-21 01:00:00,52.400687,-0.936093,135.039,4.792491912841797,281.9039306640625,278.9981384277344,Kelmarsh 6,576.9189453125
2018-01-21 02:00:00,52.400687,-0.936093,135.039,4.622811794281006,282.6505432128906,278.9981384277344,Kelmarsh 6,683.5418701171875
2018-01-21 03:00:00,52.400687,-0.936093,135.039,3.23063325881958,270.4348449707031,278.9981384277344,Kelmarsh 6,704.86669921875
2018-01-21 04:00:00,52.400687,-0.936093,135.039,2.8257761001586914,233.45565795898435,243.52017211914057,Kelmarsh 6,713.4805297851562
2018-01-21 05:00:00,52.400687,-0.936093,135.039,3.0356645584106445,224.5947570800781,226.44203186035156,Kelmarsh 6,998.2412719726562
2018-01-21 06:00:00,52.400687,-0.936093,135.039,2.858558177947998,251.00062561035156,242.71138000488278,Kelmarsh 6,908.8904418945312
2018-01-21 07:00:00,52.400687,-0.936093,135.039,2.8204874992370605,228.98010253906241,218.57075500488278,Kelmarsh 6,1041.4996337890625
2018-01-21 08:00:00,52.400687,-0.936093,135.039,4.104844093322754,181.7193603515624,177.10977172851562,Kelmarsh 6,915.3397216796875
2018-01-21 09:00:00,52.400687,-0.936093,135.039,4.323444843292236,166.06719970703125,173.63192749023438,Kelmarsh 6,561.2991943359375
2018-01-21 10:00:00,52.400687,-0.936093,135.039,6.341235160827637,151.8040313720703,156.34149169921875,Kelmarsh 6,694.9199829101562
2018-01-21 11:00:00,52.400687,-0.936093,135.039,6.3116278648376465,144.44740295410156,147.29037475585938,Kelmarsh 6,576.611083984375
2018-01-21 12:00:00,52.400687,-0.936093,135.039,7.651135444641113,139.55381774902344,142.90011596679688,Kelmarsh 6,436.0975646972656
2018-01-21 13:00:00,52.400687,-0.936093,135.039,8.855135917663574,144.63621520996094,142.90011596679688,Kelmarsh 6,511.3588562011719
2018-01-21 14:00:00,52.400687,-0.936093,135.039,8.979449272155762,159.93447875976562,154.97332763671875,Kelmarsh 6,592.137939453125
2018-01-21 15:00:00,52.400687,-0.936093,135.039,9.496804237365723,152.16302490234375,154.97332763671875,Kelmarsh 6,647.19384765625
2018-01-21 16:00:00,52.400687,-0.936093,135.039,7.589155197143555,163.2061004638672,163.75384521484375,Kelmarsh 6,753.3211059570312
2018-01-21 17:00:00,52.400687,-0.936093,135.039,6.609129428863525,169.2358856201172,163.75384521484375,Kelmarsh 6,862.46337890625
2018-01-21 18:00:00,52.400687,-0.936093,135.039,8.30969524383545,182.45820617675776,191.19296264648435,Kelmarsh 6,872.9862670898438
2018-01-21 19:00:00,52.400687,-0.936093,135.039,6.879826068878174,212.7771911621093,202.8221893310547,Kelmarsh 6,523.7272338867188
2018-01-21 20:00:00,52.400687,-0.936093,135.039,6.932394504547119,233.61631774902338,228.5101623535156,Kelmarsh 6,1300.390869140625
2018-01-21 21:00:00,52.400687,-0.936093,135.039,8.081172943115234,248.37802124023438,240.97470092773426,Kelmarsh 6,1600.61767578125
2018-01-21 22:00:00,52.400687,-0.936093,135.039,8.761624336242676,252.320816040039,255.94927978515625,Kelmarsh 6,1470.15966796875
2018-01-21 23:00:00,52.400687,-0.936093,135.039,8.488935470581055,255.09521484375,255.94927978515625,Kelmarsh 6,1921.0926513671875
2018-01-22 00:00:00,52.400687,-0.936093,135.039,6.755838394165039,264.8602294921875,261.43710327148426,Kelmarsh 6,2043.68212890625
2018-01-22 01:00:00,52.400687,-0.936093,135.039,6.345889568328857,257.7834777832031,261.43710327148426,Kelmarsh 6,2065.630615234375
2018-01-22 02:00:00,52.400687,-0.936093,135.039,6.038301467895508,255.08024597167963,261.43710327148426,Kelmarsh 6,2041.444580078125
2018-01-22 03:00:00,52.400687,-0.936093,135.039,5.856373310089111,253.33399963378906,249.36389160156247,Kelmarsh 6,2055.466796875
2018-01-22 04:00:00,52.400687,-0.936093,135.039,5.792298793792725,247.132568359375,249.36389160156247,Kelmarsh 6,2033.922119140625
2018-01-22 05:00:00,52.400687,-0.936093,135.039,5.624153137207031,263.54974365234375,249.36389160156247,Kelmarsh 6,2074.203369140625
2018-01-22 06:00:00,52.400687,-0.936093,135.039,5.33682918548584,265.52862548828125,249.36389160156247,Kelmarsh 6,2050.347412109375
2018-01-22 07:00:00,52.400687,-0.936093,135.039,5.1172051429748535,271.1696472167969,257.09423828125,Kelmarsh 6,2023.21728515625
2018-01-22 08:00:00,52.400687,-0.936093,135.039,4.323350429534912,275.9336853027343,273.51031494140625,Kelmarsh 6,2037.093994140625
2018-01-22 09:00:00,52.400687,-0.936093,135.039,6.016042232513428,272.7983703613281,273.51031494140625,Kelmarsh 6,1992.7061767578125
2018-01-22 10:00:00,52.400687,-0.936093,135.039,5.4606523513793945,279.5259094238281,273.51031494140625,Kelmarsh 6,2040.873046875
2018-01-22 11:00:00,52.400687,-0.936093,135.039,5.627004146575928,272.22125244140625,269.12005615234375,Kelmarsh 6,2047.951416015625
2018-01-22 12:00:00,52.400687,-0.936093,135.039,6.138716220855713,279.08184814453125,283.3883972167969,Kelmarsh 6,2050.554931640625
2018-01-22 13:00:00,52.400687,-0.936093,135.039,7.808261394500732,282.0663146972656,288.876220703125,Kelmarsh 6,2037.712890625
2018-01-22 14:00:00,52.400687,-0.936093,135.039,8.993173599243164,283.5671691894531,288.876220703125,Kelmarsh 6,2040.9093017578125
2018-01-22 15:00:00,52.400687,-0.936093,135.039,8.210602760314941,285.7634582519531,295.4106750488281,Kelmarsh 6,2054.77685546875
2018-01-22 16:00:00,52.400687,-0.936093,135.039,5.614670276641846,275.39105224609375,281.1932678222656,Kelmarsh 6,2045.1343994140625
2018-01-22 17:00:00,52.400687,-0.936093,135.039,6.026739597320557,269.63003540039057,271.315185546875,Kelmarsh 6,2054.552734375
2018-01-22 18:00:00,52.400687,-0.936093,135.039,8.103493690490723,252.65930175781244,257.9218444824219,Kelmarsh 6,2048.538330078125
2018-01-22 19:00:00,52.400687,-0.936093,135.039,9.139129638671875,254.78871154785156,257.0468444824219,Kelmarsh 6,2036.707763671875
2018-01-22 20:00:00,52.400687,-0.936093,135.039,6.412569522857666,255.98913574218747,257.0468444824219,Kelmarsh 6,2062.198486328125
2018-01-22 21:00:00,52.400687,-0.936093,135.039,5.754938125610352,265.92971801757807,268.0224914550781,Kelmarsh 6,2054.47021484375
2018-01-22 22:00:00,52.400687,-0.936093,135.039,6.9334869384765625,252.6070556640625,261.43710327148426,Kelmarsh 6,2056.7333984375
2018-01-22 23:00:00,52.400687,-0.936093,135.039,4.5137739181518555,221.20925903320312,232.90042114257812,Kelmarsh 6,2059.239990234375
2018-01-23 00:00:00,52.400687,-0.936093,135.039,4.051496982574463,187.19618225097656,191.19296264648435,Kelmarsh 6,2061.8056640625
2018-01-23 01:00:00,52.400687,-0.936093,135.039,5.751902103424072,190.0812835693359,191.19296264648435,Kelmarsh 6,2034.0875244140625
2018-01-23 02:00:00,52.400687,-0.936093,135.039,6.592733383178711,200.81552124023432,191.19296264648435,Kelmarsh 6,2022.46875
2018-01-23 03:00:00,52.400687,-0.936093,135.039,8.828399658203125,201.45845031738273,206.5588684082031,Kelmarsh 6,1988.919189453125
2018-01-23 04:00:00,52.400687,-0.936093,135.039,9.04851245880127,201.7501525878906,192.29052734375,Kelmarsh 6,2047.157470703125
2018-01-23 05:00:00,52.400687,-0.936093,135.039,10.724596977233887,200.50270080566406,205.46130371093747,Kelmarsh 6,2048.369140625
2018-01-23 06:00:00,52.400687,-0.936093,135.039,8.615717887878418,193.17056274414054,186.80270385742188,Kelmarsh 6,2047.6953125
2018-01-23 07:00:00,52.400687,-0.936093,135.039,9.065621376037598,191.12208557128903,186.80270385742188,Kelmarsh 6,2051.646728515625
2018-01-23 08:00:00,52.400687,-0.936093,135.039,9.199710845947266,195.95285034179685,194.4856567382812,Kelmarsh 6,2063.6650390625
2018-01-23 09:00:00,52.400687,-0.936093,135.039,11.035600662231445,202.9151763916016,201.071044921875,Kelmarsh 6,2054.11376953125
2018-01-23 10:00:00,52.400687,-0.936093,135.039,9.925164222717285,200.4359130859375,201.071044921875,Kelmarsh 6,2048.43310546875
2018-01-23 11:00:00,52.400687,-0.936093,135.039,11.297682762145996,206.57221984863278,201.071044921875,Kelmarsh 6,2054.83447265625
2018-01-23 12:00:00,52.400687,-0.936093,135.039,8.955337524414062,209.31222534179688,215.33938598632804,Kelmarsh 6,2058.42529296875
2018-01-23 13:00:00,52.400687,-0.936093,135.039,13.380501747131348,225.99502563476562,235.09555053710935,Kelmarsh 6,2058.894775390625
2018-01-23 14:00:00,52.400687,-0.936093,135.039,11.721643447875977,228.576416015625,227.2469024658203,Kelmarsh 6,2050.103271484375
2018-01-23 15:00:00,52.400687,-0.936093,135.039,10.576118469238281,223.74473571777338,230.70529174804685,Kelmarsh 6,2045.8001708984375
2018-01-23 16:00:00,52.400687,-0.936093,135.039,8.907727241516113,218.23582458496088,217.53451538085935,Kelmarsh 6,2056.754638671875
2018-01-23 17:00:00,52.400687,-0.936093,135.039,9.653411865234375,225.38720703124997,226.3150329589843,Kelmarsh 6,2055.843505859375
2018-01-23 18:00:00,52.400687,-0.936093,135.039,9.843893051147461,239.68492126464838,236.193115234375,Kelmarsh 6,2050.630859375
2018-01-23 19:00:00,52.400687,-0.936093,135.039,7.160278797149658,235.17504882812494,241.68093872070312,Kelmarsh 6,2060.31982421875
2018-01-23 20:00:00,52.400687,-0.936093,135.039,9.43887710571289,217.3109588623047,219.72964477539057,Kelmarsh 6,2040.018798828125
2018-01-23 21:00:00,52.400687,-0.936093,135.039,6.289489269256592,209.4673156738281,219.72964477539057,Kelmarsh 6,2063.972900390625
2018-01-23 22:00:00,52.400687,-0.936093,135.039,8.456241607666016,211.03179931640622,208.41752624511722,Kelmarsh 6,2052.99658203125
2018-01-23 23:00:00,52.400687,-0.936093,135.039,9.86942195892334,208.41076660156244,213.1442565917969,Kelmarsh 6,2061.461669921875
2018-01-24 00:00:00,52.400687,-0.936093,135.039,10.96967601776123,205.57989501953125,199.97348022460932,Kelmarsh 6,2055.54296875
2018-01-24 01:00:00,52.400687,-0.936093,135.039,11.16622257232666,198.82875061035153,199.97348022460932,Kelmarsh 6,1994.8365478515625
2018-01-24 02:00:00,52.400687,-0.936093,135.039,12.566866874694824,190.83192443847653,199.97348022460932,Kelmarsh 6,2045.70361328125
2018-01-24 03:00:00,52.400687,-0.936093,135.039,11.428499221801758,203.6552581787109,191.19296264648435,Kelmarsh 6,1962.55029296875
2018-01-24 04:00:00,52.400687,-0.936093,135.039,12.757491111755371,203.81985473632812,201.071044921875,Kelmarsh 6,1654.17431640625
2018-01-24 05:00:00,52.400687,-0.936093,135.039,14.754642486572266,204.38934326171872,201.071044921875,Kelmarsh 6,1329.3197021484375
2018-01-24 06:00:00,52.400687,-0.936093,135.039,15.358592987060547,206.92649841308594,207.6564331054687,Kelmarsh 6,1169.638427734375
2018-01-24 07:00:00,52.400687,-0.936093,135.039,15.5624418258667,204.9071197509765,204.8014068603515,Kelmarsh 6,667.5545043945312
2018-01-24 08:00:00,52.400687,-0.936093,135.039,17.009544372558594,206.50083923339847,204.7905731201172,Kelmarsh 6,579.69970703125
2018-01-24 09:00:00,52.400687,-0.936093,135.039,15.102960586547852,208.93731689453125,204.36373901367185,Kelmarsh 6,453.9320068359375
2018-01-24 10:00:00,52.400687,-0.936093,135.039,10.188246726989746,265.7734069824219,266.2696838378906,Kelmarsh 6,435.1265563964844
2018-01-24 11:00:00,52.400687,-0.936093,135.039,10.780035972595215,249.45262145996094,254.85171508789062,Kelmarsh 6,340.61798095703125
2018-01-24 12:00:00,52.400687,-0.936093,135.039,10.22528076171875,239.98960876464838,241.68093872070312,Kelmarsh 6,490.5953369140625
2018-01-24 13:00:00,52.400687,-0.936093,135.039,8.778618812561035,230.39845275878903,235.09555053710935,Kelmarsh 6,624.3148193359375
2018-01-24 14:00:00,52.400687,-0.936093,135.039,9.720532417297363,216.2481536865234,217.53451538085935,Kelmarsh 6,689.913330078125
2018-01-24 15:00:00,52.400687,-0.936093,135.039,8.53860855102539,211.1913299560547,208.75399780273432,Kelmarsh 6,751.2526245117188
2018-01-24 16:00:00,52.400687,-0.936093,135.039,8.757457733154297,212.06515502929682,215.33938598632804,Kelmarsh 6,313.099365234375
2018-01-24 17:00:00,52.400687,-0.936093,135.039,8.390149116516113,209.6101379394531,203.26617431640628,Kelmarsh 6,311.71429443359375
2018-01-24 18:00:00,52.400687,-0.936093,135.039,7.740901470184326,227.22128295898435,220.32318115234375,Kelmarsh 6,237.14393615722656
2018-01-24 19:00:00,52.400687,-0.936093,135.039,8.27086353302002,210.4431762695312,215.33938598632804,Kelmarsh 6,392.0842590332031
2018-01-24 20:00:00,52.400687,-0.936093,135.039,9.873167991638184,203.95193481445304,204.36373901367185,Kelmarsh 6,390.29315185546875
2018-01-24 21:00:00,52.400687,-0.936093,135.039,8.128893852233887,209.9664306640625,204.36373901367185,Kelmarsh 6,330.5608825683594
2018-01-24 22:00:00,52.400687,-0.936093,135.039,8.171479225158691,206.27941894531241,204.36373901367185,Kelmarsh 6,441.0081787109375
2018-01-24 23:00:00,52.400687,-0.936093,135.039,7.955778121948242,208.89280700683588,208.75399780273432,Kelmarsh 6,633.0125122070312
2018-01-25 00:00:00,52.400687,-0.936093,135.039,8.336676597595215,215.30830383300776,208.75399780273432,Kelmarsh 6,475.4141540527344
2018-01-25 01:00:00,52.400687,-0.936093,135.039,9.128076553344727,210.11337280273435,203.26617431640628,Kelmarsh 6,426.2874450683594
2018-01-25 02:00:00,52.400687,-0.936093,135.039,8.382110595703125,214.2981262207031,219.72964477539057,Kelmarsh 6,368.6957092285156
2018-01-25 03:00:00,52.400687,-0.936093,135.039,8.773438453674316,212.80477905273435,214.2418212890625,Kelmarsh 6,255.0178680419922
2018-01-25 04:00:00,52.400687,-0.936093,135.039,8.965964317321777,212.6068115234375,219.72964477539057,Kelmarsh 6,321.9522705078125
2018-01-25 05:00:00,52.400687,-0.936093,135.039,8.040680885314941,215.45529174804685,219.72964477539057,Kelmarsh 6,222.49143981933594
2018-01-25 06:00:00,52.400687,-0.936093,135.039,9.027433395385742,230.93173217773435,237.56582641601562,Kelmarsh 6,149.20883178710938
2018-01-25 07:00:00,52.400687,-0.936093,135.039,6.0784196853637695,213.88905334472656,203.26617431640628,Kelmarsh 6,-3.1033694744110107
2018-01-25 08:00:00,52.400687,-0.936093,135.039,6.931339263916016,216.17762756347653,218.632080078125,Kelmarsh 6,134.37802124023438
2018-01-25 09:00:00,52.400687,-0.936093,135.039,7.042684555053711,201.11979675292966,202.16860961914062,Kelmarsh 6,170.67581176757812
2018-01-25 10:00:00,52.400687,-0.936093,135.039,7.099151611328125,212.58561706542963,202.16860961914062,Kelmarsh 6,151.44029235839844
2018-01-25 11:00:00,52.400687,-0.936093,135.039,8.072876930236816,203.26641845703125,210.9491271972656,Kelmarsh 6,186.85150146484375
2018-01-25 12:00:00,52.400687,-0.936093,135.039,8.320575714111328,215.48794555664057,206.99642944335932,Kelmarsh 6,119.81831359863281
2018-01-25 13:00:00,52.400687,-0.936093,135.039,8.75524616241455,204.6478729248047,204.36373901367185,Kelmarsh 6,185.4967803955078
2018-01-25 14:00:00,52.400687,-0.936093,135.039,8.87863826751709,209.66145324707026,209.787857055664,Kelmarsh 6,113.51140594482422
2018-01-25 15:00:00,52.400687,-0.936093,135.039,8.059083938598633,204.01330566406247,206.5588684082031,Kelmarsh 6,251.69711303710938
2018-01-25 16:00:00,52.400687,-0.936093,135.039,8.72463321685791,202.34130859375003,195.02151489257812,Kelmarsh 6,251.39036560058594
2018-01-25 17:00:00,52.400687,-0.936093,135.039,6.90159273147583,205.86363220214838,208.75399780273432,Kelmarsh 6,407.6735534667969
2018-01-25 18:00:00,52.400687,-0.936093,135.039,6.5714287757873535,200.64254760742182,208.75399780273432,Kelmarsh 6,667.9082641601562
2018-01-25 19:00:00,52.400687,-0.936093,135.039,5.967987060546875,208.89790344238276,208.75399780273432,Kelmarsh 6,484.9883728027344
2018-01-25 20:00:00,52.400687,-0.936093,135.039,6.2682271003723145,212.1723480224609,208.75399780273432,Kelmarsh 6,283.03961181640625
2018-01-25 21:00:00,52.400687,-0.936093,135.039,4.67633056640625,226.43536376953125,222.54760742187491,Kelmarsh 6,118.26522064208984
2018-01-25 22:00:00,52.400687,-0.936093,135.039,4.219460487365723,248.21945190429685,232.90042114257812,Kelmarsh 6,29.170061111450195
2018-01-25 23:00:00,52.400687,-0.936093,135.039,5.807764053344727,224.07638549804682,232.90042114257812,Kelmarsh 6,92.40802001953125
2018-01-26 00:00:00,52.400687,-0.936093,135.039,3.42460560798645,207.8339233398437,208.75399780273432,Kelmarsh 6,167.58241271972656
2018-01-26 01:00:00,52.400687,-0.936093,135.039,3.087960720062256,225.56991577148438,215.52636718749994,Kelmarsh 6,150.68856811523438
2018-01-26 02:00:00,52.400687,-0.936093,135.039,2.700253963470459,223.26264953613273,230.70529174804685,Kelmarsh 6,182.393310546875
2018-01-26 03:00:00,52.400687,-0.936093,135.039,4.928623676300049,256.66546630859375,259.2419738769531,Kelmarsh 6,149.7025604248047
2018-01-26 04:00:00,52.400687,-0.936093,135.039,4.968016147613525,278.5971679687499,278.9981384277344,Kelmarsh 6,103.9915542602539
2018-01-26 05:00:00,52.400687,-0.936093,135.039,4.717559337615967,297.8755798339844,282.98870849609375,Kelmarsh 6,117.4942855834961
2018-01-26 06:00:00,52.400687,-0.936093,135.039,5.704122066497803,331.0903015136719,327.2909851074219,Kelmarsh 6,184.09368896484375
2018-01-26 07:00:00,52.400687,-0.936093,135.039,3.994030714035034,345.5509948730469,351.4374084472656,Kelmarsh 6,224.19082641601562
2018-01-26 08:00:00,52.400687,-0.936093,135.039,4.538424968719482,341.2862854003906,351.4374084472656,Kelmarsh 6,283.20068359375
2018-01-26 09:00:00,52.400687,-0.936093,135.039,5.175988674163818,333.4027404785156,351.4374084472656,Kelmarsh 6,241.4661102294922
2018-01-26 10:00:00,52.400687,-0.936093,135.039,5.561316967010498,325.3933410644531,326.19342041015625,Kelmarsh 6,290.8872375488281
2018-01-26 11:00:00,52.400687,-0.936093,135.039,5.881195068359375,326.30905151367176,326.19342041015625,Kelmarsh 6,261.9410095214844
2018-01-26 12:00:00,52.400687,-0.936093,135.039,4.9022297859191895,1.2516592741012573,344.8520202636719,Kelmarsh 6,187.56161499023438
2018-01-26 13:00:00,52.400687,-0.936093,135.039,5.89095401763916,357.03961181640625,6.803286075592041,Kelmarsh 6,234.36427307128906
2018-01-26 14:00:00,52.400687,-0.936093,135.039,3.1153178215026855,331.64251708984375,343.7544555664062,Kelmarsh 6,208.7342987060547
2018-01-26 15:00:00,52.400687,-0.936093,135.039,3.658588171005249,329.7133483886719,343.7544555664062,Kelmarsh 6,284.3622131347656
2018-01-26 16:00:00,52.400687,-0.936093,135.039,2.1546647548675537,342.9922790527344,325.0958557128905,Kelmarsh 6,399.2613525390625
2018-01-26 17:00:00,52.400687,-0.936093,135.039,3.397942543029785,305.5835266113281,323.40478515625,Kelmarsh 6,442.4695129394531
2018-01-26 18:00:00,52.400687,-0.936093,135.039,3.290639638900757,298.8281555175781,282.2908325195312,Kelmarsh 6,551.3909301757812
2018-01-26 19:00:00,52.400687,-0.936093,135.039,4.230830192565918,289.2882385253906,284.4859619140625,Kelmarsh 6,497.8519287109375
2018-01-26 20:00:00,52.400687,-0.936093,135.039,4.7821574211120605,294.8843688964844,284.4859619140625,Kelmarsh 6,499.6840515136719
2018-01-26 21:00:00,52.400687,-0.936093,135.039,3.033935785293579,276.1730041503906,284.4859619140625,Kelmarsh 6,682.4273071289062
2018-01-26 22:00:00,52.400687,-0.936093,135.039,2.337308406829834,235.70840454101565,226.3150329589843,Kelmarsh 6,476.8173522949219
2018-01-26 23:00:00,52.400687,-0.936093,135.039,5.316145896911621,211.55844116210935,226.3150329589843,Kelmarsh 6,282.8805236816406
2018-01-27 00:00:00,52.400687,-0.936093,135.039,6.651488304138184,195.4737091064453,195.58322143554685,Kelmarsh 6,253.49090576171875
2018-01-27 01:00:00,52.400687,-0.936093,135.039,6.328761100769043,211.65802001953125,197.86143493652338,Kelmarsh 6,217.252197265625
2018-01-27 02:00:00,52.400687,-0.936093,135.039,7.887335777282715,210.58686828613273,215.33938598632804,Kelmarsh 6,249.162841796875
2018-01-27 03:00:00,52.400687,-0.936093,135.039,6.352226734161377,210.93769836425778,206.5588684082031,Kelmarsh 6,249.09243774414062
2018-01-27 04:00:00,52.400687,-0.936093,135.039,7.60214900970459,198.36587524414054,195.15371704101554,Kelmarsh 6,156.7265625
2018-01-27 05:00:00,52.400687,-0.936093,135.039,6.9914984703063965,198.37069702148435,194.4856567382812,Kelmarsh 6,123.66886901855469
2018-01-27 06:00:00,52.400687,-0.936093,135.039,7.641315937042236,201.42623901367188,194.4856567382812,Kelmarsh 6,233.88673400878906
2018-01-27 07:00:00,52.400687,-0.936093,135.039,8.397440910339355,195.9978027343749,199.97348022460932,Kelmarsh 6,266.0145263671875
2018-01-27 08:00:00,52.400687,-0.936093,135.039,9.115883827209473,196.38876342773432,199.97348022460932,Kelmarsh 6,260.9400939941406
2018-01-27 09:00:00,52.400687,-0.936093,135.039,8.062610626220703,198.77081298828125,188.9978332519531,Kelmarsh 6,390.8752136230469
2018-01-27 10:00:00,52.400687,-0.936093,135.039,9.580545425415039,194.24792480468741,188.9978332519531,Kelmarsh 6,437.9222106933594
2018-01-27 11:00:00,52.400687,-0.936093,135.039,11.279226303100586,203.55401611328122,203.37538146972656,Kelmarsh 6,489.393798828125
2018-01-27 12:00:00,52.400687,-0.936093,135.039,11.125382423400879,201.34762573242182,203.56031799316403,Kelmarsh 6,697.2509765625
2018-01-27 13:00:00,52.400687,-0.936093,135.039,9.979520797729492,209.21640014648435,205.89881896972653,Kelmarsh 6,846.1505737304688
2018-01-27 14:00:00,52.400687,-0.936093,135.039,9.879583358764648,206.40454101562494,210.9491271972656,Kelmarsh 6,993.8316040039062
2018-01-27 15:00:00,52.400687,-0.936093,135.039,8.680293083190918,215.25364685058588,220.82720947265616,Kelmarsh 6,1246.4473876953125
2018-01-27 16:00:00,52.400687,-0.936093,135.039,6.497034072875977,223.30053710937494,213.1442565917969,Kelmarsh 6,1059.06884765625
2018-01-27 17:00:00,52.400687,-0.936093,135.039,7.6552534103393555,234.88722229003903,224.11990356445307,Kelmarsh 6,1211.019775390625
2018-01-27 18:00:00,52.400687,-0.936093,135.039,9.027798652648926,242.00595092773438,241.68093872070312,Kelmarsh 6,1264.104248046875
2018-01-27 19:00:00,52.400687,-0.936093,135.039,6.719840049743652,242.46949768066395,241.68093872070312,Kelmarsh 6,1375.4847412109375
2018-01-27 20:00:00,52.400687,-0.936093,135.039,6.787938117980957,239.60963439941395,241.68093872070312,Kelmarsh 6,1684.43310546875
2018-01-27 21:00:00,52.400687,-0.936093,135.039,7.49315881729126,238.3478393554687,242.77850341796875,Kelmarsh 6,1493.2109375
2018-01-27 22:00:00,52.400687,-0.936093,135.039,10.95136547088623,249.88710021972656,243.48985290527344,Kelmarsh 6,1619.01611328125
2018-01-27 23:00:00,52.400687,-0.936093,135.039,10.68248462677002,255.93617248535156,252.65658569335935,Kelmarsh 6,1707.8499755859375
2018-01-28 00:00:00,52.400687,-0.936093,135.039,8.075611114501953,270.44561767578125,265.8273620605469,Kelmarsh 6,1716.570556640625
2018-01-28 01:00:00,52.400687,-0.936093,135.039,9.069846153259277,264.6277770996093,268.0224914550781,Kelmarsh 6,1669.6259765625
2018-01-28 02:00:00,52.400687,-0.936093,135.039,10.052613258361816,273.25250244140625,268.0224914550781,Kelmarsh 6,1963.848876953125
2018-01-28 03:00:00,52.400687,-0.936093,135.039,8.946338653564453,255.6334228515625,258.1444091796875,Kelmarsh 6,2039.4892578125
2018-01-28 04:00:00,52.400687,-0.936093,135.039,9.217811584472656,252.87103271484375,258.1444091796875,Kelmarsh 6,1743.8143310546875
2018-01-28 05:00:00,52.400687,-0.936093,135.039,10.451045989990234,244.27142333984375,247.16876220703125,Kelmarsh 6,1954.2991943359375
2018-01-28 06:00:00,52.400687,-0.936093,135.039,8.27837085723877,243.5281372070312,247.16876220703125,Kelmarsh 6,2050.847900390625
2018-01-28 07:00:00,52.400687,-0.936093,135.039,7.1330084800720215,231.72111511230466,230.70529174804685,Kelmarsh 6,2042.695556640625
2018-01-28 08:00:00,52.400687,-0.936093,135.039,7.3737688064575195,239.0378875732422,232.2967529296875,Kelmarsh 6,2054.6845703125
2018-01-28 09:00:00,52.400687,-0.936093,135.039,8.486710548400879,244.64085388183594,243.87606811523438,Kelmarsh 6,1977.8067626953125
2018-01-28 10:00:00,52.400687,-0.936093,135.039,10.402644157409668,245.62350463867188,243.87606811523438,Kelmarsh 6,2001.648193359375
2018-01-28 11:00:00,52.400687,-0.936093,135.039,12.123156547546387,247.73240661621094,249.0317230224609,Kelmarsh 6,1760.00439453125
2018-01-28 12:00:00,52.400687,-0.936093,135.039,13.398205757141113,253.3275146484375,251.55902099609375,Kelmarsh 6,1758.6956787109375
2018-01-28 13:00:00,52.400687,-0.936093,135.039,9.100708961486816,251.05703735351562,251.55902099609375,Kelmarsh 6,1468.355224609375
2018-01-28 14:00:00,52.400687,-0.936093,135.039,11.173816680908203,245.7505187988281,244.9736328125,Kelmarsh 6,654.4915161132812
2018-01-28 15:00:00,52.400687,-0.936093,135.039,9.834163665771484,258.34475708007807,260.3395385742187,Kelmarsh 6,770.6171875
2018-01-28 16:00:00,52.400687,-0.936093,135.039,10.332326889038086,248.95713806152344,242.77850341796875,Kelmarsh 6,927.289306640625
2018-01-28 17:00:00,52.400687,-0.936093,135.039,10.433831214904785,258.67507934570307,250.46145629882812,Kelmarsh 6,611.3696899414062
2018-01-28 18:00:00,52.400687,-0.936093,135.039,7.652077674865723,247.53973388671875,252.65658569335935,Kelmarsh 6,731.7178344726562
2018-01-28 19:00:00,52.400687,-0.936093,135.039,6.7508978843688965,233.07145690917963,242.4988250732422,Kelmarsh 6,984.789306640625
2018-01-28 20:00:00,52.400687,-0.936093,135.039,7.619128227233887,236.51170349121094,235.0532989501953,Kelmarsh 6,783.13818359375
2018-01-28 21:00:00,52.400687,-0.936093,135.039,7.441827774047852,242.66712951660148,236.193115234375,Kelmarsh 6,604.6829223632812
2018-01-28 22:00:00,52.400687,-0.936093,135.039,7.490379810333252,241.31983947753906,246.07119750976562,Kelmarsh 6,412.1968688964844
2018-01-28 23:00:00,52.400687,-0.936093,135.039,9.498159408569336,240.00770568847645,239.48580932617182,Kelmarsh 6,428.5342102050781
2018-01-29 00:00:00,52.400687,-0.936093,135.039,9.944180488586426,245.822265625,239.48580932617182,Kelmarsh 6,392.1968078613281
2018-01-29 01:00:00,52.400687,-0.936093,135.039,9.921194076538086,234.93176269531244,239.48580932617182,Kelmarsh 6,455.6277160644531
2018-01-29 02:00:00,52.400687,-0.936093,135.039,9.373319625854492,225.09518432617185,227.41259765625,Kelmarsh 6,304.4444274902344
2018-01-29 03:00:00,52.400687,-0.936093,135.039,9.836779594421387,245.15138244628898,239.48580932617182,Kelmarsh 6,304.3398132324219
2018-01-29 04:00:00,52.400687,-0.936093,135.039,10.626640319824219,246.06153869628906,249.36389160156247,Kelmarsh 6,261.5563049316406
2018-01-29 05:00:00,52.400687,-0.936093,135.039,13.206315994262695,244.20086669921875,243.87606811523438,Kelmarsh 6,321.487060546875
2018-01-29 06:00:00,52.400687,-0.936093,135.039,10.151167869567871,238.20932006835938,243.87606811523438,Kelmarsh 6,303.8148193359375
2018-01-29 07:00:00,52.400687,-0.936093,135.039,9.039918899536133,235.64440917968741,231.80285644531241,Kelmarsh 6,405.4252014160156
2018-01-29 08:00:00,52.400687,-0.936093,135.039,9.907125473022461,236.4736328124999,231.80285644531241,Kelmarsh 6,394.62921142578125
2018-01-29 09:00:00,52.400687,-0.936093,135.039,10.229971885681152,239.34771728515616,243.87606811523438,Kelmarsh 6,404.1676940917969
2018-01-29 10:00:00,52.400687,-0.936093,135.039,11.478856086730957,234.961669921875,235.09555053710935,Kelmarsh 6,434.3475341796875
2018-01-29 11:00:00,52.400687,-0.936093,135.039,11.194186210632324,240.50694274902344,237.23580932617188,Kelmarsh 6,417.5561828613281
2018-01-29 12:00:00,52.400687,-0.936093,135.039,9.763110160827637,260.17303466796875,251.76495361328125,Kelmarsh 6,371.30523681640625
2018-01-29 13:00:00,52.400687,-0.936093,135.039,8.861007690429688,316.28186035156244,316.31533813476557,Kelmarsh 6,328.6236267089844
2018-01-29 14:00:00,52.400687,-0.936093,135.039,7.28633975982666,309.79168701171875,306.09130859375,Kelmarsh 6,169.6578369140625
2018-01-29 15:00:00,52.400687,-0.936093,135.039,6.184298992156982,309.3736267089844,309.7299499511719,Kelmarsh 6,141.415771484375
2018-01-29 16:00:00,52.400687,-0.936093,135.039,8.516236305236816,285.7541809082031,287.31585693359375,Kelmarsh 6,154.53855895996094
2018-01-29 17:00:00,52.400687,-0.936093,135.039,6.606898307800293,294.38977050781244,295.81524658203125,Kelmarsh 6,140.96969604492188
2018-01-29 18:00:00,52.400687,-0.936093,135.039,6.431495666503906,318.4396057128906,301.30157470703125,Kelmarsh 6,248.58126831054688
2018-01-29 19:00:00,52.400687,-0.936093,135.039,5.455821514129639,300.82867431640614,311.48779296875,Kelmarsh 6,234.4832305908203
2018-01-29 20:00:00,52.400687,-0.936093,135.039,4.52707576751709,276.0693054199219,285.583526611328,Kelmarsh 6,215.82168579101562
2018-01-29 21:00:00,52.400687,-0.936093,135.039,4.446371078491211,281.2955017089844,287.7786560058594,Kelmarsh 6,114.66703033447266
2018-01-29 22:00:00,52.400687,-0.936093,135.039,5.845712661743164,282.1910400390625,287.7786560058594,Kelmarsh 6,83.59130859375
2018-01-29 23:00:00,52.400687,-0.936093,135.039,6.585371494293213,284.62799072265625,287.7786560058594,Kelmarsh 6,54.614017486572266
2018-01-30 00:00:00,52.400687,-0.936093,135.039,6.135443210601807,277.4598693847656,282.4774169921875,Kelmarsh 6,106.80791473388672
2018-01-30 01:00:00,52.400687,-0.936093,135.039,6.964166164398193,287.205810546875,288.9878845214844,Kelmarsh 6,169.6956787109375
2018-01-30 02:00:00,52.400687,-0.936093,135.039,6.379140853881836,284.90710449218744,275.7054443359375,Kelmarsh 6,87.31229400634766
2018-01-30 03:00:00,52.400687,-0.936093,135.039,4.828740119934082,269.12109375,275.7054443359375,Kelmarsh 6,27.467493057250977
2018-01-30 04:00:00,52.400687,-0.936093,135.039,5.2652788162231445,251.05645751953125,247.16876220703125,Kelmarsh 6,30.903392791748047
2018-01-30 05:00:00,52.400687,-0.936093,135.039,5.280908107757568,263.8678283691406,247.16876220703125,Kelmarsh 6,4.684505462646484
2018-01-30 06:00:00,52.400687,-0.936093,135.039,5.133614540100098,255.54322814941406,250.46145629882812,Kelmarsh 6,-4.54862117767334
2018-01-30 07:00:00,52.400687,-0.936093,135.039,5.198323726654053,250.80697631835938,250.46145629882812,Kelmarsh 6,68.71607971191406
2018-01-30 08:00:00,52.400687,-0.936093,135.039,4.488456726074219,249.5531005859375,250.46145629882812,Kelmarsh 6,100.547607421875
2018-01-30 09:00:00,52.400687,-0.936093,135.039,3.002157211303711,236.8170928955077,246.07119750976562,Kelmarsh 6,76.26869201660156
2018-01-30 10:00:00,52.400687,-0.936093,135.039,3.61462664604187,231.067626953125,246.07119750976562,Kelmarsh 6,152.52713012695312
2018-01-30 11:00:00,52.400687,-0.936093,135.039,2.448122024536133,242.19001770019526,225.7398681640625,Kelmarsh 6,78.11626434326172
2018-01-30 12:00:00,52.400687,-0.936093,135.039,4.185678482055664,216.9057159423828,215.33938598632804,Kelmarsh 6,82.40267181396484
2018-01-30 13:00:00,52.400687,-0.936093,135.039,4.740274429321289,238.4044189453125,215.33938598632804,Kelmarsh 6,69.977294921875
2018-01-30 14:00:00,52.400687,-0.936093,135.039,5.785488128662109,222.88517761230463,233.99798583984375,Kelmarsh 6,41.71753692626953
2018-01-30 15:00:00,52.400687,-0.936093,135.039,5.73142147064209,208.73715209960938,211.4483489990234,Kelmarsh 6,30.870872497558594
2018-01-30 16:00:00,52.400687,-0.936093,135.039,3.46709942817688,203.82330322265616,198.87591552734366,Kelmarsh 6,36.08399963378906
2018-01-30 17:00:00,52.400687,-0.936093,135.039,5.097554683685303,203.34080505371094,198.87591552734366,Kelmarsh 6,65.57719421386719
2018-01-30 18:00:00,52.400687,-0.936093,135.039,4.882488250732422,214.67004394531247,219.72964477539057,Kelmarsh 6,69.02218627929688
2018-01-30 19:00:00,52.400687,-0.936093,135.039,5.82591438293457,207.01560974121088,199.97348022460932,Kelmarsh 6,54.89326858520508
2018-01-30 20:00:00,52.400687,-0.936093,135.039,5.518583297729492,202.72865295410153,199.97348022460932,Kelmarsh 6,33.03071594238281
2018-01-30 21:00:00,52.400687,-0.936093,135.039,6.364627838134766,185.35856628417963,180.21731567382812,Kelmarsh 6,45.75853729248047
2018-01-30 22:00:00,52.400687,-0.936093,135.039,6.530088424682617,185.80206298828122,180.21731567382812,Kelmarsh 6,50.45440673828125
2018-01-30 23:00:00,52.400687,-0.936093,135.039,8.272284507751465,216.92697143554682,212.21949768066403,Kelmarsh 6,63.775413513183594
2018-01-31 00:00:00,52.400687,-0.936093,135.039,8.687828063964844,223.0786590576172,221.92477416992188,Kelmarsh 6,75.82317352294922
2018-01-31 01:00:00,52.400687,-0.936093,135.039,9.491937637329102,227.0681762695312,221.92477416992188,Kelmarsh 6,94.47201538085938
2018-01-31 02:00:00,52.400687,-0.936093,135.039,11.228500366210938,254.81742858886716,257.0468444824219,Kelmarsh 6,89.86727905273438
2018-01-31 03:00:00,52.400687,-0.936093,135.039,11.716053009033203,248.42274475097656,254.03070068359375,Kelmarsh 6,165.35760498046875
2018-01-31 04:00:00,52.400687,-0.936093,135.039,9.113805770874023,227.33712768554688,228.35011291503906,Kelmarsh 6,91.8622055053711
2018-01-31 05:00:00,52.400687,-0.936093,135.039,8.677311897277832,218.7022399902344,215.33938598632804,Kelmarsh 6,41.68877029418945
2018-01-31 06:00:00,52.400687,-0.936093,135.039,8.46756362915039,218.2685394287109,215.33938598632804,Kelmarsh 6,-2.6392405033111572
2018-01-31 07:00:00,52.400687,-0.936093,135.039,9.623311042785645,237.27272033691395,236.42234802246088,Kelmarsh 6,-3.3845739364624023
2018-01-31 08:00:00,52.400687,-0.936093,135.039,11.04981803894043,278.4454040527344,273.3819274902344,Kelmarsh 6,-3.2372779846191406
2018-01-31 09:00:00,52.400687,-0.936093,135.039,5.865392684936523,270.4385986328125,266.9249267578125,Kelmarsh 6,-3.0190765857696533
2018-01-31 10:00:00,52.400687,-0.936093,135.039,7.245913028717041,250.66348266601562,251.55168151855466,Kelmarsh 6,-1.2399275302886963
2018-01-31 11:00:00,52.400687,-0.936093,135.039,7.803625106811523,256.10211181640625,250.46145629882812,Kelmarsh 6,-2.2337646484375
2018-01-31 12:00:00,52.400687,-0.936093,135.039,8.536430358886719,253.06292724609375,255.64414978027344,Kelmarsh 6,-2.2289631366729736
2018-01-31 13:00:00,52.400687,-0.936093,135.039,10.705869674682617,263.3631286621094,264.9540100097656,Kelmarsh 6,-2.0091609954833984
2018-01-31 14:00:00,52.400687,-0.936093,135.039,8.266515731811523,273.7431335449219,271.04595947265625,Kelmarsh 6,-1.931803584098816
2018-01-31 15:00:00,52.400687,-0.936093,135.039,9.805193901062012,274.13330078125,278.9981384277344,Kelmarsh 6,-1.95314359664917
2018-01-31 16:00:00,52.400687,-0.936093,135.039,6.539945602416992,263.11822509765625,269.4571838378906,Kelmarsh 6,-3.205801486968994
2018-01-31 17:00:00,52.400687,-0.936093,135.039,9.992731094360352,248.99983215332026,252.09011840820312,Kelmarsh 6,-4.370431900024414
2018-01-31 18:00:00,52.400687,-0.936093,135.039,13.804594039916992,255.00408935546875,251.5158386230469,Kelmarsh 6,-3.5109634399414062
2018-01-31 19:00:00,52.400687,-0.936093,135.039,9.700332641601562,252.73495483398438,246.07119750976562,Kelmarsh 6,0.8767229318618774
2018-01-31 20:00:00,52.400687,-0.936093,135.039,11.077345848083496,251.5207977294921,251.55902099609375,Kelmarsh 6,-7.295839786529541
2018-01-31 21:00:00,52.400687,-0.936093,135.039,10.944141387939453,245.71554565429682,251.55902099609375,Kelmarsh 6,-2.068912982940674
2018-01-31 22:00:00,52.400687,-0.936093,135.039,6.7042622566223145,235.22106933593744,241.24850463867182,Kelmarsh 6,-2.4850430488586426
2018-01-31 23:00:00,52.400687,-0.936093,135.039,6.151577472686768,239.21327209472656,237.29067993164057,Kelmarsh 6,-2.989733934402466
2018-02-01 00:00:00,52.400687,-0.936093,135.039,7.016650676727295,243.24079895019526,238.16625976562491,Kelmarsh 6,-2.813145637512207
2018-02-01 01:00:00,52.400687,-0.936093,135.039,8.68416690826416,246.81143188476562,249.36389160156247,Kelmarsh 6,-3.2292754650115967
2018-02-01 02:00:00,52.400687,-0.936093,135.039,6.153661251068115,287.62969970703125,278.8282165527344,Kelmarsh 6,-3.0030715465545654
2018-02-01 03:00:00,52.400687,-0.936093,135.039,10.813480377197266,318.5214538574219,310.8275146484375,Kelmarsh 6,-3.356248617172241
2018-02-01 04:00:00,52.400687,-0.936093,135.039,9.420939445495605,314.76763916015625,313.02264404296875,Kelmarsh 6,-3.152985095977783
2018-02-01 05:00:00,52.400687,-0.936093,135.039,6.95955228805542,287.992919921875,296.62725830078125,Kelmarsh 6,-2.7368550300598145
2018-02-01 06:00:00,52.400687,-0.936093,135.039,8.0016508102417,284.0655212402344,285.583526611328,Kelmarsh 6,49.224544525146484
2018-02-01 07:00:00,52.400687,-0.936093,135.039,8.339599609375,282.7480773925781,278.9981384277344,Kelmarsh 6,52.83167266845703
2018-02-01 08:00:00,52.400687,-0.936093,135.039,7.276172637939453,294.2800598144531,297.6474914550781,Kelmarsh 6,74.95083618164062
2018-02-01 09:00:00,52.400687,-0.936093,135.039,7.8737711906433105,290.28692626953125,290.4654541015625,Kelmarsh 6,96.47306823730469
2018-02-01 10:00:00,52.400687,-0.936093,135.039,8.073022842407227,308.89434814453125,303.62286376953114,Kelmarsh 6,122.44970703125
2018-02-01 11:00:00,52.400687,-0.936093,135.039,9.980290412902832,290.23956298828125,290.56854248046875,Kelmarsh 6,142.9000701904297
2018-02-01 12:00:00,52.400687,-0.936093,135.039,8.541854858398438,300.8204650878906,303.4372253417969,Kelmarsh 6,159.6103057861328
2018-02-01 13:00:00,52.400687,-0.936093,135.039,10.469590187072754,299.02996826171875,300.5541076660156,Kelmarsh 6,107.94731903076172
2018-02-01 14:00:00,52.400687,-0.936093,135.039,10.521307945251465,310.5372619628906,312.3674011230469,Kelmarsh 6,56.35776901245117
2018-02-01 15:00:00,52.400687,-0.936093,135.039,8.598173141479492,318.4703369140625,323.84106445312494,Kelmarsh 6,62.84547805786133
2018-02-01 16:00:00,52.400687,-0.936093,135.039,8.820391654968262,311.7723388671875,315.21777343749994,Kelmarsh 6,78.18775939941406
2018-02-01 17:00:00,52.400687,-0.936093,135.039,8.840642929077148,315.40447998046864,320.7055969238281,Kelmarsh 6,38.04896926879883
2018-02-01 18:00:00,52.400687,-0.936093,135.039,6.169909477233887,311.86456298828125,299.85186767578125,Kelmarsh 6,69.78733825683594
2018-02-01 19:00:00,52.400687,-0.936093,135.039,6.920957565307617,313.0737609863281,308.63238525390625,Kelmarsh 6,47.279701232910156
2018-02-01 20:00:00,52.400687,-0.936093,135.039,6.531580448150635,310.8108215332031,310.8275146484375,Kelmarsh 6,47.39706802368164
2018-02-01 21:00:00,52.400687,-0.936093,135.039,5.192187786102295,305.1604919433594,310.8275146484375,Kelmarsh 6,59.02163314819336
2018-02-01 22:00:00,52.400687,-0.936093,135.039,7.200480937957764,312.58850097656244,304.40203857421875,Kelmarsh 6,19.228118896484375
2018-02-01 23:00:00,52.400687,-0.936093,135.039,6.465864181518555,308.5407714843749,311.9250793457031,Kelmarsh 6,51.4658088684082
2018-02-02 00:00:00,52.400687,-0.936093,135.039,8.341151237487793,297.27117919921875,301.5124206542969,Kelmarsh 6,98.26200866699219
2018-02-02 01:00:00,52.400687,-0.936093,135.039,7.0291056632995605,300.7220458984375,303.14456176757807,Kelmarsh 6,141.01931762695312
2018-02-02 02:00:00,52.400687,-0.936093,135.039,6.4833664894104,303.44738769531244,304.24212646484364,Kelmarsh 6,131.04969787597656
2018-02-02 03:00:00,52.400687,-0.936093,135.039,6.192735195159912,297.5216369628906,300.9494323730469,Kelmarsh 6,108.5900650024414
2018-02-02 04:00:00,52.400687,-0.936093,135.039,8.029662132263184,313.3367919921874,311.9250793457031,Kelmarsh 6,159.46737670898438
2018-02-02 05:00:00,52.400687,-0.936093,135.039,7.769564151763916,312.9222412109375,311.9250793457031,Kelmarsh 6,280.1563415527344
2018-02-02 06:00:00,52.400687,-0.936093,135.039,9.816117286682129,313.4501647949219,311.9250793457031,Kelmarsh 6,246.52243041992188
2018-02-02 07:00:00,52.400687,-0.936093,135.039,7.909562587738037,308.80157470703125,311.9250793457031,Kelmarsh 6,227.57176208496094
2018-02-02 08:00:00,52.400687,-0.936093,135.039,9.208455085754395,313.2644348144531,311.9250793457031,Kelmarsh 6,181.17092895507812
2018-02-02 09:00:00,52.400687,-0.936093,135.039,10.774048805236816,317.7944641113281,322.35455322265625,Kelmarsh 6,152.6920166015625
2018-02-02 10:00:00,52.400687,-0.936093,135.039,9.278337478637695,319.5664978027344,316.31533813476557,Kelmarsh 6,156.74046325683594
2018-02-02 11:00:00,52.400687,-0.936093,135.039,9.821588516235352,331.42401123046875,331.6812438964843,Kelmarsh 6,136.52066040039062
2018-02-02 12:00:00,52.400687,-0.936093,135.039,7.204990863800049,327.26531982421875,334.6951599121094,Kelmarsh 6,158.25621032714844
2018-02-02 13:00:00,52.400687,-0.936093,135.039,6.195338726043701,331.71932983398426,339.713897705078,Kelmarsh 6,181.54385375976562
2018-02-02 14:00:00,52.400687,-0.936093,135.039,5.316954135894775,343.76922607421864,336.0715026855469,Kelmarsh 6,154.6207275390625
2018-02-02 15:00:00,52.400687,-0.936093,135.039,5.944449424743652,329.8084411621094,337.1690673828125,Kelmarsh 6,456.6983337402344
2018-02-02 16:00:00,52.400687,-0.936093,135.039,5.426482200622559,326.42770385742193,337.1690673828125,Kelmarsh 6,695.9304809570312
2018-02-02 17:00:00,52.400687,-0.936093,135.039,3.0326194763183594,324.0639343261719,337.1690673828125,Kelmarsh 6,628.0106201171875
2018-02-02 18:00:00,52.400687,-0.936093,135.039,3.6857621669769287,316.4584045410156,309.7299499511719,Kelmarsh 6,755.7449340820312
2018-02-02 19:00:00,52.400687,-0.936093,135.039,4.741347789764404,300.1553039550781,309.7299499511719,Kelmarsh 6,950.3523559570312
2018-02-02 20:00:00,52.400687,-0.936093,135.039,4.246171951293945,282.5847473144531,287.4358215332031,Kelmarsh 6,933.9606323242188
2018-02-02 21:00:00,52.400687,-0.936093,135.039,4.084476947784424,283.96423339843744,307.4459228515625,Kelmarsh 6,692.2181396484375
2018-02-02 22:00:00,52.400687,-0.936093,135.039,5.446223258972168,290.9104309082031,278.9981384277344,Kelmarsh 6,686.3029174804688
2018-02-02 23:00:00,52.400687,-0.936093,135.039,4.58002233505249,289.91357421875,278.9981384277344,Kelmarsh 6,734.29052734375
2018-02-03 00:00:00,52.400687,-0.936093,135.039,4.384729385375977,275.2829284667969,278.9981384277344,Kelmarsh 6,896.4815063476562
2018-02-03 01:00:00,52.400687,-0.936093,135.039,4.579394340515137,255.27210998535156,251.55902099609375,Kelmarsh 6,1390.066650390625
2018-02-03 02:00:00,52.400687,-0.936093,135.039,4.22379207611084,256.6556396484375,251.55902099609375,Kelmarsh 6,916.7839965820312
2018-02-03 03:00:00,52.400687,-0.936093,135.039,5.4781904220581055,253.9440155029297,251.55902099609375,Kelmarsh 6,1154.4732666015625
2018-02-03 04:00:00,52.400687,-0.936093,135.039,5.275896072387695,257.7242431640625,251.55902099609375,Kelmarsh 6,900.52783203125
2018-02-03 05:00:00,52.400687,-0.936093,135.039,6.139980792999268,255.6178741455078,251.55902099609375,Kelmarsh 6,762.919921875
2018-02-03 06:00:00,52.400687,-0.936093,135.039,5.121307849884033,251.70312499999994,251.55902099609375,Kelmarsh 6,879.8160400390625
2018-02-03 07:00:00,52.400687,-0.936093,135.039,3.1227762699127197,256.05313110351557,251.55902099609375,Kelmarsh 6,1106.4525146484375
2018-02-03 08:00:00,52.400687,-0.936093,135.039,2.198700189590454,227.00643920898432,239.48580932617182,Kelmarsh 6,1240.517822265625
2018-02-03 09:00:00,52.400687,-0.936093,135.039,2.9611973762512207,207.6951751708984,207.14367675781247,Kelmarsh 6,1144.4998779296875
2018-02-03 10:00:00,52.400687,-0.936093,135.039,2.6857876777648926,212.30683898925776,196.68078613281244,Kelmarsh 6,1311.9573974609375
2018-02-03 11:00:00,52.400687,-0.936093,135.039,2.6301374435424805,204.58036804199216,206.5588684082031,Kelmarsh 6,1451.85888671875
2018-02-03 12:00:00,52.400687,-0.936093,135.039,1.570143699645996,184.12702941894523,193.3880920410156,Kelmarsh 6,823.2417602539062
2018-02-03 13:00:00,52.400687,-0.936093,135.039,1.3936876058578491,151.5596923828125,193.3880920410156,Kelmarsh 6,717.5908813476562
2018-02-03 14:00:00,52.400687,-0.936093,135.039,1.0857000350952148,132.99566650390625,193.3880920410156,Kelmarsh 6,943.9894409179688
2018-02-03 15:00:00,52.400687,-0.936093,135.039,1.6709810495376587,95.11461639404297,193.3880920410156,Kelmarsh 6,1515.865966796875
2018-02-03 16:00:00,52.400687,-0.936093,135.039,1.9003124237060547,66.12354278564453,193.3880920410156,Kelmarsh 6,1315.6051025390625
2018-02-03 17:00:00,52.400687,-0.936093,135.039,2.657268762588501,71.08587646484375,62.4572868347168,Kelmarsh 6,1181.7186279296875
2018-02-03 18:00:00,52.400687,-0.936093,135.039,2.800856113433838,45.202842712402344,58.369407653808594,Kelmarsh 6,864.6802368164062
2018-02-03 19:00:00,52.400687,-0.936093,135.039,3.185832977294922,36.40837860107422,49.60761260986328,Kelmarsh 6,834.927734375
2018-02-03 20:00:00,52.400687,-0.936093,135.039,3.364107370376587,28.13018226623535,23.266151428222656,Kelmarsh 6,716.62841796875
2018-02-03 21:00:00,52.400687,-0.936093,135.039,4.85953950881958,25.039758682250977,23.266151428222656,Kelmarsh 6,676.5733642578125
2018-02-03 22:00:00,52.400687,-0.936093,135.039,5.310812473297119,20.723493576049805,23.266151428222656,Kelmarsh 6,1172.281494140625
2018-02-03 23:00:00,52.400687,-0.936093,135.039,5.7700114250183105,15.83687686920166,23.266151428222656,Kelmarsh 6,1174.578369140625
2018-02-04 00:00:00,52.400687,-0.936093,135.039,6.398055076599121,17.718494415283203,23.266151428222656,Kelmarsh 6,999.8424072265625
2018-02-04 01:00:00,52.400687,-0.936093,135.039,4.29380989074707,49.265533447265625,44.119808197021484,Kelmarsh 6,1039.302490234375
2018-02-04 02:00:00,52.400687,-0.936093,135.039,6.203928470611572,39.2391471862793,44.119808197021484,Kelmarsh 6,920.2338256835938
2018-02-04 03:00:00,52.400687,-0.936093,135.039,6.461854457855225,29.22608757019043,35.61244201660156,Kelmarsh 6,1235.9310302734375
2018-02-04 04:00:00,52.400687,-0.936093,135.039,8.568809509277344,38.94263458251953,33.14419937133789,Kelmarsh 6,1256.3365478515625
2018-02-04 05:00:00,52.400687,-0.936093,135.039,6.207362651824951,39.52123260498047,33.14419937133789,Kelmarsh 6,963.598876953125
2018-02-04 06:00:00,52.400687,-0.936093,135.039,5.456509590148926,20.61605453491211,33.14419937133789,Kelmarsh 6,675.204833984375
2018-02-04 07:00:00,52.400687,-0.936093,135.039,6.245490074157715,15.762918472290039,5.70518684387207,Kelmarsh 6,534.4037475585938
2018-02-04 08:00:00,52.400687,-0.936093,135.039,6.453018665313721,14.664872169494629,17.77834701538086,Kelmarsh 6,384.271728515625
2018-02-04 09:00:00,52.400687,-0.936093,135.039,5.718222141265869,19.258275985717773,17.77834701538086,Kelmarsh 6,310.4434509277344
2018-02-04 10:00:00,52.400687,-0.936093,135.039,6.6900434494018555,22.90338134765625,17.77834701538086,Kelmarsh 6,235.96112060546875
2018-02-04 11:00:00,52.400687,-0.936093,135.039,6.419643402099609,25.813777923583984,26.558834075927734,Kelmarsh 6,342.0282287597656
2018-02-04 12:00:00,52.400687,-0.936093,135.039,7.970633029937744,37.40755844116211,31.773035049438477,Kelmarsh 6,446.79437255859375
2018-02-04 13:00:00,52.400687,-0.936093,135.039,8.137787818908691,33.21808624267578,33.14419937133789,Kelmarsh 6,542.5113525390625
2018-02-04 14:00:00,52.400687,-0.936093,135.039,6.026340961456299,29.822214126586914,34.241756439208984,Kelmarsh 6,476.8947448730469
2018-02-04 15:00:00,52.400687,-0.936093,135.039,7.27916145324707,31.070283889770508,30.949079513549805,Kelmarsh 6,580.5383911132812
2018-02-04 16:00:00,52.400687,-0.936093,135.039,7.856102466583252,15.9789400100708,20.439054489135742,Kelmarsh 6,494.32470703125
2018-02-04 17:00:00,52.400687,-0.936093,135.039,6.781803607940674,16.2721004486084,24.363712310791016,Kelmarsh 6,486.12432861328125
2018-02-04 18:00:00,52.400687,-0.936093,135.039,6.800081729888916,31.110403060913086,24.363712310791016,Kelmarsh 6,817.3093872070312
2018-02-04 19:00:00,52.400687,-0.936093,135.039,6.0678839683532715,19.98978614807129,18.73076629638672,Kelmarsh 6,1025.416259765625
2018-02-04 20:00:00,52.400687,-0.936093,135.039,5.287268161773682,24.574430465698242,13.388106346130371,Kelmarsh 6,1113.5047607421875
2018-02-04 21:00:00,52.400687,-0.936093,135.039,5.403903484344482,7.7682342529296875,13.388106346130371,Kelmarsh 6,1004.984619140625
2018-02-04 22:00:00,52.400687,-0.936093,135.039,4.40080451965332,18.416616439819336,13.388106346130371,Kelmarsh 6,820.9122924804688
2018-02-04 23:00:00,52.400687,-0.936093,135.039,4.839250564575195,21.536884307861328,32.04663848876953,Kelmarsh 6,811.5306396484375
2018-02-05 00:00:00,52.400687,-0.936093,135.039,4.06640100479126,18.64597511291504,32.04663848876953,Kelmarsh 6,719.821044921875
2018-02-05 01:00:00,52.400687,-0.936093,135.039,3.9533865451812744,21.802139282226562,32.04663848876953,Kelmarsh 6,572.2510375976562
2018-02-05 02:00:00,52.400687,-0.936093,135.039,2.8355214595794678,26.31583023071289,32.04663848876953,Kelmarsh 6,457.46929931640625
2018-02-05 03:00:00,52.400687,-0.936093,135.039,4.681543350219727,22.2520751953125,32.04663848876953,Kelmarsh 6,443.781494140625
2018-02-05 04:00:00,52.400687,-0.936093,135.039,3.7365822792053223,25.336463928222656,32.04663848876953,Kelmarsh 6,536.4610595703125
2018-02-05 05:00:00,52.400687,-0.936093,135.039,3.95259428024292,20.549518585205078,21.071029663085938,Kelmarsh 6,574.290771484375
2018-02-05 06:00:00,52.400687,-0.936093,135.039,3.2441623210906982,22.380964279174805,21.071029663085938,Kelmarsh 6,559.0631713867188
2018-02-05 07:00:00,52.400687,-0.936093,135.039,3.8828179836273193,23.82815170288086,21.071029663085938,Kelmarsh 6,492.9444885253906
2018-02-05 08:00:00,52.400687,-0.936093,135.039,3.9322311878204346,11.657814979553223,21.071029663085938,Kelmarsh 6,472.8200988769531
2018-02-05 09:00:00,52.400687,-0.936093,135.039,3.5204503536224365,25.704011917114258,21.071029663085938,Kelmarsh 6,488.63995361328125
2018-02-05 10:00:00,52.400687,-0.936093,135.039,3.1178386211395264,38.022342681884766,41.924686431884766,Kelmarsh 6,498.82562255859375
2018-02-05 11:00:00,52.400687,-0.936093,135.039,3.8232693672180176,44.2774543762207,43.022247314453125,Kelmarsh 6,523.8611450195312
2018-02-05 12:00:00,52.400687,-0.936093,135.039,4.152415752410889,52.904544830322266,43.022247314453125,Kelmarsh 6,548.3423461914062
2018-02-05 13:00:00,52.400687,-0.936093,135.039,4.6180596351623535,57.40755081176758,68.2661361694336,Kelmarsh 6,646.3444213867188
2018-02-05 14:00:00,52.400687,-0.936093,135.039,4.624983787536621,38.064762115478516,39.72956466674805,Kelmarsh 6,674.0465698242188
2018-02-05 15:00:00,52.400687,-0.936093,135.039,5.5709099769592285,28.850452423095703,38.20624542236328,Kelmarsh 6,745.7283935546875
2018-02-05 16:00:00,52.400687,-0.936093,135.039,3.842054605484009,37.47809600830078,24.363712310791016,Kelmarsh 6,788.6298217773438
2018-02-05 17:00:00,52.400687,-0.936093,135.039,3.495863914489746,35.58639144897461,46.3149299621582,Kelmarsh 6,644.122802734375
2018-02-05 18:00:00,52.400687,-0.936093,135.039,4.333775043487549,31.58641242980957,46.3149299621582,Kelmarsh 6,536.0918579101562
2018-02-05 19:00:00,52.400687,-0.936093,135.039,3.569148540496826,35.87435531616211,46.3149299621582,Kelmarsh 6,496.1387634277344
2018-02-05 20:00:00,52.400687,-0.936093,135.039,3.4028031826019287,34.5996208190918,46.3149299621582,Kelmarsh 6,381.111572265625
2018-02-05 21:00:00,52.400687,-0.936093,135.039,3.621643543243408,33.144901275634766,22.16859245300293,Kelmarsh 6,479.8142395019531
2018-02-05 22:00:00,52.400687,-0.936093,135.039,2.6095118522644043,56.60358428955078,39.72956466674805,Kelmarsh 6,445.0907897949219
2018-02-05 23:00:00,52.400687,-0.936093,135.039,2.5362629890441895,28.28807830810547,39.72956466674805,Kelmarsh 6,430.2873840332031
2018-02-06 00:00:00,52.400687,-0.936093,135.039,2.102287530899048,45.84419250488281,39.72956466674805,Kelmarsh 6,409.66094970703125
2018-02-06 01:00:00,52.400687,-0.936093,135.039,2.4982500076293945,22.371816635131836,39.72956466674805,Kelmarsh 6,365.0714111328125
2018-02-06 02:00:00,52.400687,-0.936093,135.039,2.2882895469665527,19.212968826293945,10.095426559448242,Kelmarsh 6,522.8719482421875
2018-02-06 03:00:00,52.400687,-0.936093,135.039,3.982219934463501,3.6289846897125244,0.21738696098327637,Kelmarsh 6,563.208740234375
2018-02-06 04:00:00,52.400687,-0.936093,135.039,2.948474407196045,23.59490394592285,21.071029663085938,Kelmarsh 6,737.2147827148438
2018-02-06 05:00:00,52.400687,-0.936093,135.039,2.239574909210205,3.609698534011841,21.071029663085938,Kelmarsh 6,680.4462890625
2018-02-06 06:00:00,52.400687,-0.936093,135.039,1.842056155204773,350.18109130859375,354.72955322265625,Kelmarsh 6,580.0955810546875
2018-02-06 07:00:00,52.400687,-0.936093,135.039,5.412386417388916,329.2006530761719,340.6060180664062,Kelmarsh 6,536.6451416015625
2018-02-06 08:00:00,52.400687,-0.936093,135.039,4.124278545379639,335.0762023925781,348.14416503906244,Kelmarsh 6,595.3118896484375
2018-02-06 09:00:00,52.400687,-0.936093,135.039,3.0436627864837646,337.62176513671875,348.14416503906244,Kelmarsh 6,692.2864379882812
2018-02-06 10:00:00,52.400687,-0.936093,135.039,2.0564606189727783,6.6492204666137695,7.900296688079834,Kelmarsh 6,683.4308471679688
2018-02-06 11:00:00,52.400687,-0.936093,135.039,4.213211536407471,331.6572570800782,344.8514709472656,Kelmarsh 6,622.1748046875
2018-02-06 12:00:00,52.400687,-0.936093,135.039,4.163297176361084,339.86260986328125,344.8514709472656,Kelmarsh 6,614.9502563476562
2018-02-06 13:00:00,52.400687,-0.936093,135.039,3.584425687789917,354.9686584472657,350.33929443359364,Kelmarsh 6,488.2658996582031
2018-02-06 14:00:00,52.400687,-0.936093,135.039,3.529536247253418,351.5868835449219,350.33929443359364,Kelmarsh 6,482.2402038574219
2018-02-06 15:00:00,52.400687,-0.936093,135.039,2.971900224685669,331.7419738769531,331.6806945800781,Kelmarsh 6,400.3902893066406
2018-02-06 16:00:00,52.400687,-0.936093,135.039,3.792320489883423,356.74035644531244,351.7671813964844,Kelmarsh 6,532.3331298828125
2018-02-06 17:00:00,52.400687,-0.936093,135.039,4.324586868286133,314.8254699707031,322.9001770019531,Kelmarsh 6,472.6712951660156
2018-02-06 18:00:00,52.400687,-0.936093,135.039,5.660306930541992,319.3699951171875,322.9001770019531,Kelmarsh 6,399.66998291015625
2018-02-06 19:00:00,52.400687,-0.936093,135.039,6.100906848907471,315.55987548828125,322.9001770019531,Kelmarsh 6,528.2169189453125
2018-02-06 20:00:00,52.400687,-0.936093,135.039,5.7385663986206055,326.65307617187494,322.9001770019531,Kelmarsh 6,608.2981567382812
2018-02-06 21:00:00,52.400687,-0.936093,135.039,7.192010402679443,328.5284118652344,333.8758239746094,Kelmarsh 6,647.3629150390625
2018-02-06 22:00:00,52.400687,-0.936093,135.039,7.945390224456787,340.68389892578114,333.8758239746094,Kelmarsh 6,611.7277221679688
2018-02-06 23:00:00,52.400687,-0.936093,135.039,6.957269191741943,332.561767578125,333.8758239746094,Kelmarsh 6,700.3028564453125
2018-02-07 00:00:00,52.400687,-0.936093,135.039,6.408524513244629,325.96331787109364,325.0888366699219,Kelmarsh 6,763.6209716796875
2018-02-07 01:00:00,52.400687,-0.936093,135.039,7.088932991027832,331.0029296875,322.9001770019531,Kelmarsh 6,1004.892333984375
2018-02-07 02:00:00,52.400687,-0.936093,135.039,7.27526330947876,321.243896484375,322.9001770019531,Kelmarsh 6,799.31591796875
2018-02-07 03:00:00,52.400687,-0.936093,135.039,6.856437683105469,329.73248291015625,322.9001770019531,Kelmarsh 6,816.1484375
2018-02-07 04:00:00,52.400687,-0.936093,135.039,6.2002716064453125,334.65557861328125,338.2660827636719,Kelmarsh 6,888.533935546875
2018-02-07 05:00:00,52.400687,-0.936093,135.039,7.7854905128479,322.9389953613281,323.99774169921875,Kelmarsh 6,838.5989379882812
2018-02-07 06:00:00,52.400687,-0.936093,135.039,6.5802459716796875,322.68951416015625,323.99774169921875,Kelmarsh 6,675.9998168945312
2018-02-07 07:00:00,52.400687,-0.936093,135.039,6.319201469421387,324.898193359375,323.99774169921875,Kelmarsh 6,646.0617065429688
2018-02-07 08:00:00,52.400687,-0.936093,135.039,4.4113850593566895,347.46661376953125,349.6719970703125,Kelmarsh 6,587.8990478515625
2018-02-07 09:00:00,52.400687,-0.936093,135.039,5.709089279174805,328.2948913574219,322.9001770019531,Kelmarsh 6,830.2625122070312
2018-02-07 10:00:00,52.400687,-0.936093,135.039,4.525302886962891,335.81320190429693,322.9001770019531,Kelmarsh 6,878.9271850585938
2018-02-07 11:00:00,52.400687,-0.936093,135.039,3.9305975437164307,345.7819519042968,336.0709533691406,Kelmarsh 6,1020.1572265625
2018-02-07 12:00:00,52.400687,-0.936093,135.039,4.951776504516602,326.54592895507807,336.0709533691406,Kelmarsh 6,767.6048583984375
2018-02-07 13:00:00,52.400687,-0.936093,135.039,4.403644561767578,324.33941650390625,336.0709533691406,Kelmarsh 6,593.0446166992188
2018-02-07 14:00:00,52.400687,-0.936093,135.039,3.8551597595214844,321.4949951171875,336.0709533691406,Kelmarsh 6,368.1075744628906
2018-02-07 15:00:00,52.400687,-0.936093,135.039,2.5080623626708984,313.84039306640625,317.412353515625,Kelmarsh 6,803.8366088867188
2018-02-07 16:00:00,52.400687,-0.936093,135.039,2.9031076431274414,288.67559814453125,280.0956726074219,Kelmarsh 6,791.3993530273438
2018-02-07 17:00:00,52.400687,-0.936093,135.039,2.1686434745788574,313.38873291015625,305.33966064453125,Kelmarsh 6,892.3792724609375
2018-02-07 18:00:00,52.400687,-0.936093,135.039,4.0356245040893555,295.7295837402344,313.0226135253906,Kelmarsh 6,884.4252319335938
2018-02-07 19:00:00,52.400687,-0.936093,135.039,3.8785297870635986,276.8617858886719,287.77862548828125,Kelmarsh 6,638.279541015625
2018-02-07 20:00:00,52.400687,-0.936093,135.039,3.576610803604126,267.3536682128906,285.95147705078125,Kelmarsh 6,587.1259155273438
2018-02-07 21:00:00,52.400687,-0.936093,135.039,2.5334725379943848,243.59454345703122,258.1443786621094,Kelmarsh 6,481.9424743652344
2018-02-07 22:00:00,52.400687,-0.936093,135.039,2.831716299057007,235.04742431640616,232.90039062499994,Kelmarsh 6,588.59423828125
2018-02-07 23:00:00,52.400687,-0.936093,135.039,3.6442339420318604,229.834716796875,232.90039062499994,Kelmarsh 6,780.052734375
2018-02-08 00:00:00,52.400687,-0.936093,135.039,2.43267822265625,248.7065887451172,240.5833435058594,Kelmarsh 6,920.3427124023438
2018-02-08 01:00:00,52.400687,-0.936093,135.039,2.8503901958465576,238.86279296874997,240.5833435058594,Kelmarsh 6,760.0062866210938
2018-02-08 02:00:00,52.400687,-0.936093,135.039,3.591925859451294,240.86241149902338,240.5833435058594,Kelmarsh 6,674.7540283203125
2018-02-08 03:00:00,52.400687,-0.936093,135.039,4.96250581741333,223.05717468261722,240.5833435058594,Kelmarsh 6,574.7948608398438
2018-02-08 04:00:00,52.400687,-0.936093,135.039,6.391261100769043,205.38272094726557,206.55883789062491,Kelmarsh 6,496.5282897949219
2018-02-08 05:00:00,52.400687,-0.936093,135.039,6.523184776306152,214.35371398925776,217.53448486328125,Kelmarsh 6,392.33282470703125
2018-02-08 06:00:00,52.400687,-0.936093,135.039,7.100775718688965,209.17472839355463,217.53448486328125,Kelmarsh 6,312.5941162109375
2018-02-08 07:00:00,52.400687,-0.936093,135.039,7.93226432800293,198.40261840820304,205.46127319335932,Kelmarsh 6,358.81787109375
2018-02-08 08:00:00,52.400687,-0.936093,135.039,7.603206634521484,198.54743957519526,205.46127319335932,Kelmarsh 6,714.4889526367188
2018-02-08 09:00:00,52.400687,-0.936093,135.039,6.815247535705566,199.13339233398438,205.46127319335932,Kelmarsh 6,1228.65576171875
2018-02-08 10:00:00,52.400687,-0.936093,135.039,7.650986671447754,210.27040100097648,205.46127319335932,Kelmarsh 6,1135.814453125
2018-02-08 11:00:00,52.400687,-0.936093,135.039,8.381587982177734,201.61256408691398,205.46127319335932,Kelmarsh 6,1327.9149169921875
2018-02-08 12:00:00,52.400687,-0.936093,135.039,8.761061668395996,204.5760650634765,205.46127319335932,Kelmarsh 6,1113.934814453125
2018-02-08 13:00:00,52.400687,-0.936093,135.039,8.79966926574707,204.98776245117188,205.46127319335932,Kelmarsh 6,1530.973388671875
2018-02-08 14:00:00,52.400687,-0.936093,135.039,8.39903736114502,202.76370239257807,205.46127319335932,Kelmarsh 6,1236.039306640625
2018-02-08 15:00:00,52.400687,-0.936093,135.039,8.752727508544922,199.74790954589835,205.46127319335932,Kelmarsh 6,1344.00732421875
2018-02-08 16:00:00,52.400687,-0.936093,135.039,9.011568069458008,199.21327209472656,197.7783203125,Kelmarsh 6,1152.1097412109375
2018-02-08 17:00:00,52.400687,-0.936093,135.039,9.277016639709473,187.7162628173828,197.7783203125,Kelmarsh 6,1083.1973876953125
2018-02-08 18:00:00,52.400687,-0.936093,135.039,9.070777893066406,189.1465454101562,197.7783203125,Kelmarsh 6,1019.8989868164062
2018-02-08 19:00:00,52.400687,-0.936093,135.039,9.812281608581543,196.33531188964844,197.7783203125,Kelmarsh 6,1460.08056640625
2018-02-08 20:00:00,52.400687,-0.936093,135.039,10.885191917419434,205.48753356933588,197.7783203125,Kelmarsh 6,1234.9322509765625
2018-02-08 21:00:00,52.400687,-0.936093,135.039,11.27682876586914,193.07926940917966,201.0710144042968,Kelmarsh 6,1314.3609619140625
2018-02-08 22:00:00,52.400687,-0.936093,135.039,10.33032512664795,204.4120483398437,193.3880615234374,Kelmarsh 6,1631.1304931640625
2018-02-08 23:00:00,52.400687,-0.936093,135.039,10.178847312927246,197.28359985351557,201.0710144042968,Kelmarsh 6,1276.478515625
2018-02-09 00:00:00,52.400687,-0.936093,135.039,10.441216468811035,193.80842590332028,201.0710144042968,Kelmarsh 6,1396.738037109375
2018-02-09 01:00:00,52.400687,-0.936093,135.039,8.442094802856445,186.17779541015625,182.41241455078116,Kelmarsh 6,1267.892822265625
2018-02-09 02:00:00,52.400687,-0.936093,135.039,9.175032615661621,193.13269042968741,195.58319091796875,Kelmarsh 6,1566.372314453125
2018-02-09 03:00:00,52.400687,-0.936093,135.039,8.394529342651367,200.685317993164,195.58319091796875,Kelmarsh 6,1342.4520263671875
2018-02-09 04:00:00,52.400687,-0.936093,135.039,8.904928207397461,211.60975646972656,210.3989562988281,Kelmarsh 6,1218.63916015625
2018-02-09 05:00:00,52.400687,-0.936093,135.039,5.307476043701172,246.2228240966796,239.48577880859375,Kelmarsh 6,921.875
2018-02-09 06:00:00,52.400687,-0.936093,135.039,4.895195960998535,244.9791564941406,239.48577880859375,Kelmarsh 6,944.7951049804688
2018-02-09 07:00:00,52.400687,-0.936093,135.039,7.7176079750061035,289.0935974121094,289.9737548828125,Kelmarsh 6,1414.7037353515625
2018-02-09 08:00:00,52.400687,-0.936093,135.039,6.15714168548584,281.79345703125,272.4127197265625,Kelmarsh 6,971.9295654296875
2018-02-09 09:00:00,52.400687,-0.936093,135.039,7.852297306060791,280.7257995605469,280.1505432128906,Kelmarsh 6,1377.285400390625
2018-02-09 10:00:00,52.400687,-0.936093,135.039,7.926584243774414,279.4642028808594,283.38836669921875,Kelmarsh 6,1229.01318359375
2018-02-09 11:00:00,52.400687,-0.936093,135.039,9.676396369934082,291.3862609863281,298.75427246093744,Kelmarsh 6,1221.9945068359375
2018-02-09 12:00:00,52.400687,-0.936093,135.039,7.651339530944824,312.4498291015625,313.0226135253906,Kelmarsh 6,1298.6212158203125
2018-02-09 13:00:00,52.400687,-0.936093,135.039,12.235774993896484,320.3528442382812,315.2177429199219,Kelmarsh 6,1292.70166015625
2018-02-09 14:00:00,52.400687,-0.936093,135.039,12.523347854614258,313.89166259765625,315.2177429199219,Kelmarsh 6,1507.83349609375
2018-02-09 15:00:00,52.400687,-0.936093,135.039,11.64004135131836,314.97540283203125,318.51043701171875,Kelmarsh 6,1133.9876708984375
2018-02-09 16:00:00,52.400687,-0.936093,135.039,10.404036521911621,312.8767395019531,315.9070739746094,Kelmarsh 6,852.9664916992188
2018-02-09 17:00:00,52.400687,-0.936093,135.039,8.89504623413086,307.3014221191406,303.14453125,Kelmarsh 6,1092.5615234375
2018-02-09 18:00:00,52.400687,-0.936093,135.039,7.389775276184082,311.0596618652344,307.5347900390625,Kelmarsh 6,1048.49267578125
2018-02-09 19:00:00,52.400687,-0.936093,135.039,5.842665195465088,304.58795166015625,307.5347900390625,Kelmarsh 6,986.7131958007812
2018-02-09 20:00:00,52.400687,-0.936093,135.039,5.195186614990234,307.8352355957031,307.5347900390625,Kelmarsh 6,886.7855834960938
2018-02-09 21:00:00,52.400687,-0.936093,135.039,5.1496710777282715,287.61395263671864,296.9577331542969,Kelmarsh 6,800.7069091796875
2018-02-09 22:00:00,52.400687,-0.936093,135.039,7.147924423217773,285.994140625,283.38836669921875,Kelmarsh 6,670.1619262695312
2018-02-09 23:00:00,52.400687,-0.936093,135.039,5.463860034942627,277.36578369140625,283.38836669921875,Kelmarsh 6,631.8013305664062
2018-02-10 00:00:00,52.400687,-0.936093,135.039,5.480937957763672,258.1282653808594,257.04681396484375,Kelmarsh 6,606.455322265625
2018-02-10 01:00:00,52.400687,-0.936093,135.039,4.693516254425049,271.5125427246094,257.04681396484375,Kelmarsh 6,511.9793701171875
2018-02-10 02:00:00,52.400687,-0.936093,135.039,5.294848442077637,264.30145263671875,276.80297851562494,Kelmarsh 6,599.2515869140625
2018-02-10 03:00:00,52.400687,-0.936093,135.039,3.298006296157837,219.5473022460937,216.43692016601562,Kelmarsh 6,560.8793334960938
2018-02-10 04:00:00,52.400687,-0.936093,135.039,6.4528889656066895,210.04414367675776,216.43692016601562,Kelmarsh 6,627.0203857421875
2018-02-10 05:00:00,52.400687,-0.936093,135.039,7.925136566162109,207.94277954101557,210.62942504882804,Kelmarsh 6,628.5692138671875
2018-02-10 06:00:00,52.400687,-0.936093,135.039,8.639384269714355,200.6140899658203,208.75396728515625,Kelmarsh 6,787.2794799804688
2018-02-10 07:00:00,52.400687,-0.936093,135.039,8.059435844421387,189.92498779296872,196.68075561523432,Kelmarsh 6,915.9581298828125
2018-02-10 08:00:00,52.400687,-0.936093,135.039,8.268375396728516,195.61964416503906,196.68075561523432,Kelmarsh 6,1113.5767822265625
2018-02-10 09:00:00,52.400687,-0.936093,135.039,9.380845069885254,199.21321105957026,196.68075561523432,Kelmarsh 6,1113.518310546875
2018-02-10 10:00:00,52.400687,-0.936093,135.039,9.162395477294922,197.6756286621093,196.68075561523432,Kelmarsh 6,1193.544921875
2018-02-10 11:00:00,52.400687,-0.936093,135.039,9.39736557006836,188.32531738281244,190.55348205566403,Kelmarsh 6,1228.61572265625
2018-02-10 12:00:00,52.400687,-0.936093,135.039,9.291447639465332,184.7827148437499,184.60754394531247,Kelmarsh 6,1350.6396484375
2018-02-10 13:00:00,52.400687,-0.936093,135.039,9.500101089477539,202.53947448730463,202.16857910156244,Kelmarsh 6,1108.7467041015625
2018-02-10 14:00:00,52.400687,-0.936093,135.039,10.5285062789917,203.62847900390622,206.26594543457026,Kelmarsh 6,1159.702880859375
2018-02-10 15:00:00,52.400687,-0.936093,135.039,9.815068244934082,199.95668029785153,206.55883789062491,Kelmarsh 6,1255.2950439453125
2018-02-10 16:00:00,52.400687,-0.936093,135.039,9.653244972229004,211.54293823242188,206.55883789062491,Kelmarsh 6,1294.679443359375
2018-02-10 17:00:00,52.400687,-0.936093,135.039,7.797773361206055,216.51980590820304,215.33935546875,Kelmarsh 6,1402.5828857421875
2018-02-10 18:00:00,52.400687,-0.936093,135.039,8.062925338745117,210.12023925781244,215.33935546875,Kelmarsh 6,1348.28466796875
2018-02-10 19:00:00,52.400687,-0.936093,135.039,7.596797943115234,201.85578918457023,206.55883789062491,Kelmarsh 6,1453.26904296875
2018-02-10 20:00:00,52.400687,-0.936093,135.039,8.865527153015137,207.279800415039,206.55883789062491,Kelmarsh 6,1517.864990234375
2018-02-10 21:00:00,52.400687,-0.936093,135.039,9.702801704406738,204.69082641601557,206.55883789062491,Kelmarsh 6,1496.379638671875
2018-02-10 22:00:00,52.400687,-0.936093,135.039,9.932938575744629,207.59753417968741,198.87588500976554,Kelmarsh 6,1280.125732421875
2018-02-10 23:00:00,52.400687,-0.936093,135.039,10.857429504394531,209.88075256347653,209.85153198242185,Kelmarsh 6,1342.996826171875
2018-02-11 00:00:00,52.400687,-0.936093,135.039,15.92067813873291,262.8783264160156,258.1443786621094,Kelmarsh 6,1442.0814208984375
2018-02-11 01:00:00,52.400687,-0.936093,135.039,12.226239204406738,267.9126281738281,269.1200256347656,Kelmarsh 6,1531.6685791015625
2018-02-11 02:00:00,52.400687,-0.936093,135.039,12.830068588256836,263.23699951171875,262.61380004882807,Kelmarsh 6,1417.8931884765625
2018-02-11 03:00:00,52.400687,-0.936093,135.039,8.89124870300293,277.1577453613281,271.3151550292969,Kelmarsh 6,1468.717529296875
2018-02-11 04:00:00,52.400687,-0.936093,135.039,10.602316856384277,276.1992492675781,275.7054138183594,Kelmarsh 6,1520.81982421875
2018-02-11 05:00:00,52.400687,-0.936093,135.039,8.697844505310059,275.15444946289057,282.2908020019531,Kelmarsh 6,1475.573486328125
2018-02-11 06:00:00,52.400687,-0.936093,135.039,10.113797187805176,256.73187255859364,263.6322021484375,Kelmarsh 6,1543.5931396484375
2018-02-11 07:00:00,52.400687,-0.936093,135.039,10.17147159576416,258.3868408203125,252.65655517578125,Kelmarsh 6,1391.0093994140625
2018-02-11 08:00:00,52.400687,-0.936093,135.039,9.64755630493164,261.12017822265625,257.04681396484375,Kelmarsh 6,1331.7381591796875
2018-02-11 09:00:00,52.400687,-0.936093,135.039,12.086198806762695,259.3371887207031,257.04681396484375,Kelmarsh 6,1225.8232421875
2018-02-11 10:00:00,52.400687,-0.936093,135.039,11.224712371826172,260.83746337890625,257.04681396484375,Kelmarsh 6,1232.1434326171875
2018-02-11 11:00:00,52.400687,-0.936093,135.039,9.085563659667969,269.6551208496094,269.9691467285156,Kelmarsh 6,1171.830078125
2018-02-11 12:00:00,52.400687,-0.936093,135.039,9.761882781982422,273.5147094726562,278.99810791015625,Kelmarsh 6,1049.8211669921875
2018-02-11 13:00:00,52.400687,-0.936093,135.039,11.492273330688477,283.4798583984375,276.5590515136719,Kelmarsh 6,1064.90625
2018-02-11 14:00:00,52.400687,-0.936093,135.039,10.519867897033691,320.1134338378906,319.5749206542969,Kelmarsh 6,934.7918701171875
2018-02-11 15:00:00,52.400687,-0.936093,135.039,7.845076084136963,316.00015258789057,308.41204833984375,Kelmarsh 6,999.2032470703125
2018-02-11 16:00:00,52.400687,-0.936093,135.039,6.507499694824219,290.1604309082031,285.0857849121094,Kelmarsh 6,1054.223876953125
2018-02-11 17:00:00,52.400687,-0.936093,135.039,9.025056838989258,287.7856750488281,284.4859313964844,Kelmarsh 6,1146.6239013671875
2018-02-11 18:00:00,52.400687,-0.936093,135.039,8.280533790588379,289.48065185546875,285.8686828613281,Kelmarsh 6,1232.21435546875
2018-02-11 19:00:00,52.400687,-0.936093,135.039,9.93651294708252,282.848876953125,282.70587158203125,Kelmarsh 6,1118.522705078125
2018-02-11 20:00:00,52.400687,-0.936093,135.039,7.488565921783447,277.9853820800781,275.7054138183594,Kelmarsh 6,1060.659423828125
2018-02-11 21:00:00,52.400687,-0.936093,135.039,8.57155704498291,281.8912658691406,287.77862548828125,Kelmarsh 6,1073.233154296875
2018-02-11 22:00:00,52.400687,-0.936093,135.039,8.314558029174805,280.102783203125,280.0956726074219,Kelmarsh 6,1042.9423828125
2018-02-11 23:00:00,52.400687,-0.936093,135.039,8.706636428833008,288.4652404785156,280.0956726074219,Kelmarsh 6,790.5606689453125
2018-02-12 00:00:00,52.400687,-0.936093,135.039,6.568310260772705,279.42645263671875,280.0956726074219,Kelmarsh 6,807.9058227539062
2018-02-12 01:00:00,52.400687,-0.936093,135.039,5.986710071563721,255.87561035156244,263.6322021484375,Kelmarsh 6,647.02734375
2018-02-12 02:00:00,52.400687,-0.936093,135.039,6.1369547843933105,271.9230651855469,263.6322021484375,Kelmarsh 6,676.1737670898438
2018-02-12 03:00:00,52.400687,-0.936093,135.039,7.398221015930176,272.8220520019531,270.2697448730469,Kelmarsh 6,745.3095703125
2018-02-12 04:00:00,52.400687,-0.936093,135.039,6.333049297332764,268.5652770996094,271.3151550292969,Kelmarsh 6,815.0514526367188
2018-02-12 05:00:00,52.400687,-0.936093,135.039,5.803646564483643,269.99700927734375,271.3151550292969,Kelmarsh 6,929.1033325195312
2018-02-12 06:00:00,52.400687,-0.936093,135.039,8.234851837158203,269.5823059082031,271.3151550292969,Kelmarsh 6,933.3641357421875
2018-02-12 07:00:00,52.400687,-0.936093,135.039,6.421146869659424,256.56903076171864,271.3151550292969,Kelmarsh 6,1004.5897827148438
2018-02-12 08:00:00,52.400687,-0.936093,135.039,5.814598560333252,251.3895263671875,254.8516845703125,Kelmarsh 6,859.3395385742188
2018-02-12 09:00:00,52.400687,-0.936093,135.039,3.966033458709717,224.9401245117187,220.8271789550781,Kelmarsh 6,773.2389526367188
2018-02-12 10:00:00,52.400687,-0.936093,135.039,5.485893726348877,222.30853271484375,220.8271789550781,Kelmarsh 6,890.1099853515625
2018-02-12 11:00:00,52.400687,-0.936093,135.039,3.9387094974517822,239.5458221435547,231.8028259277343,Kelmarsh 6,907.2385864257812
2018-02-12 12:00:00,52.400687,-0.936093,135.039,6.00167179107666,256.501220703125,255.94924926757807,Kelmarsh 6,926.0637817382812
2018-02-12 13:00:00,52.400687,-0.936093,135.039,7.85153341293335,260.6786193847656,259.6798095703125,Kelmarsh 6,1059.962646484375
2018-02-12 14:00:00,52.400687,-0.936093,135.039,6.478137493133545,250.47917175292963,247.1687316894531,Kelmarsh 6,982.3446655273438
2018-02-12 15:00:00,52.400687,-0.936093,135.039,7.071340084075928,253.0376739501953,250.43470764160153,Kelmarsh 6,890.24072265625
2018-02-12 16:00:00,52.400687,-0.936093,135.039,5.118345260620117,210.6747894287109,220.8271789550781,Kelmarsh 6,1062.226318359375
2018-02-12 17:00:00,52.400687,-0.936093,135.039,6.675903797149658,205.56773376464835,216.42381286621094,Kelmarsh 6,1105.4815673828125
2018-02-12 18:00:00,52.400687,-0.936093,135.039,5.967597961425781,198.7690887451172,212.38378906249994,Kelmarsh 6,1060.8482666015625
2018-02-12 19:00:00,52.400687,-0.936093,135.039,6.661661148071289,184.77719116210935,187.94441223144528,Kelmarsh 6,988.4552001953125
2018-02-12 20:00:00,52.400687,-0.936093,135.039,7.69375467300415,191.34951782226562,194.48562622070312,Kelmarsh 6,1084.258056640625
2018-02-12 21:00:00,52.400687,-0.936093,135.039,6.4610748291015625,193.21138000488276,181.31484985351562,Kelmarsh 6,1050.0489501953125
2018-02-12 22:00:00,52.400687,-0.936093,135.039,7.7638773918151855,189.23365783691406,195.58319091796875,Kelmarsh 6,1065.3304443359375
2018-02-12 23:00:00,52.400687,-0.936093,135.039,7.149223804473877,177.433349609375,178.02215576171875,Kelmarsh 6,1110.29296875
2018-02-13 00:00:00,52.400687,-0.936093,135.039,7.76718807220459,175.87319946289062,178.02215576171875,Kelmarsh 6,1043.745849609375
2018-02-13 01:00:00,52.400687,-0.936093,135.039,8.03739070892334,184.41632080078122,190.09536743164057,Kelmarsh 6,948.9347534179688
2018-02-13 02:00:00,52.400687,-0.936093,135.039,8.164741516113281,174.8898468017578,173.63189697265625,Kelmarsh 6,889.604248046875
2018-02-13 03:00:00,52.400687,-0.936093,135.039,8.078221321105957,169.8504180908203,173.63189697265625,Kelmarsh 6,964.5720825195312
2018-02-13 04:00:00,52.400687,-0.936093,135.039,9.457341194152832,164.67440795898438,165.94894409179688,Kelmarsh 6,940.3091430664062
2018-02-13 05:00:00,52.400687,-0.936093,135.039,8.6594877243042,166.64161682128906,172.53433227539062,Kelmarsh 6,716.101806640625
2018-02-13 06:00:00,52.400687,-0.936093,135.039,8.29948616027832,166.96826171875,161.55868530273438,Kelmarsh 6,695.497802734375
2018-02-13 07:00:00,52.400687,-0.936093,135.039,8.211982727050781,164.8579559326172,165.12612915039062,Kelmarsh 6,765.7246704101562
2018-02-13 08:00:00,52.400687,-0.936093,135.039,8.693717002868652,169.22869873046875,171.436767578125,Kelmarsh 6,681.6878051757812
2018-02-13 09:00:00,52.400687,-0.936093,135.039,11.07470989227295,157.49411010742188,165.94894409179688,Kelmarsh 6,777.4746704101562
2018-02-13 10:00:00,52.400687,-0.936093,135.039,9.941617965698242,165.27175903320312,160.46112060546875,Kelmarsh 6,761.9627075195312
2018-02-13 11:00:00,52.400687,-0.936093,135.039,8.486076354980469,170.268310546875,165.94894409179688,Kelmarsh 6,820.8472290039062
2018-02-13 12:00:00,52.400687,-0.936093,135.039,10.744891166687012,158.56117248535156,161.55868530273438,Kelmarsh 6,707.98779296875
2018-02-13 13:00:00,52.400687,-0.936093,135.039,9.0664701461792,162.2796630859375,162.03895568847656,Kelmarsh 6,723.6048583984375
2018-02-13 14:00:00,52.400687,-0.936093,135.039,6.836482524871826,159.15377807617188,162.65625,Kelmarsh 6,778.714111328125
2018-02-13 15:00:00,52.400687,-0.936093,135.039,4.791006565093994,165.47427368164062,162.65625,Kelmarsh 6,601.2976684570312
2018-02-13 16:00:00,52.400687,-0.936093,135.039,3.0959532260894775,187.91464233398435,179.11972045898438,Kelmarsh 6,510.0068664550781
2018-02-13 17:00:00,52.400687,-0.936093,135.039,2.029949903488159,310.6382751464844,298.86663818359375,Kelmarsh 6,540.7416381835938
2018-02-13 18:00:00,52.400687,-0.936093,135.039,7.212224960327148,333.8816223144531,330.41860961914057,Kelmarsh 6,359.54827880859375
2018-02-13 19:00:00,52.400687,-0.936093,135.039,5.846823215484619,323.3563537597656,337.1690368652343,Kelmarsh 6,382.9597473144531
2018-02-13 20:00:00,52.400687,-0.936093,135.039,6.707529067993164,323.1982727050781,329.486083984375,Kelmarsh 6,527.27734375
2018-02-13 21:00:00,52.400687,-0.936093,135.039,6.141261577606201,325.113037109375,329.486083984375,Kelmarsh 6,574.2763061523438
2018-02-13 22:00:00,52.400687,-0.936093,135.039,5.763421535491943,325.85446166992176,329.486083984375,Kelmarsh 6,674.6793212890625
2018-02-13 23:00:00,52.400687,-0.936093,135.039,4.76388692855835,300.34442138671875,302.40234374999994,Kelmarsh 6,628.769287109375
2018-02-14 00:00:00,52.400687,-0.936093,135.039,4.6020402908325195,300.26275634765625,302.04696655273426,Kelmarsh 6,535.593017578125
2018-02-14 01:00:00,52.400687,-0.936093,135.039,4.411352634429932,297.7885437011719,302.04696655273426,Kelmarsh 6,490.4096374511719
2018-02-14 02:00:00,52.400687,-0.936093,135.039,3.944352388381958,287.3511047363281,302.04696655273426,Kelmarsh 6,598.878662109375
2018-02-14 03:00:00,52.400687,-0.936093,135.039,1.057481288909912,234.70724487304688,275.7054138183594,Kelmarsh 6,483.47052001953125
2018-02-14 04:00:00,52.400687,-0.936093,135.039,1.948500156402588,175.2157745361328,182.41241455078116,Kelmarsh 6,428.6750183105469
2018-02-14 05:00:00,52.400687,-0.936093,135.039,4.671074390411377,169.80145263671875,160.46112060546875,Kelmarsh 6,528.1155395507812
2018-02-14 06:00:00,52.400687,-0.936093,135.039,5.662312030792236,171.035400390625,180.21728515624991,Kelmarsh 6,434.92645263671875
2018-02-14 07:00:00,52.400687,-0.936093,135.039,5.886323928833008,161.51502990722656,158.2659912109375,Kelmarsh 6,375.22027587890625
2018-02-14 08:00:00,52.400687,-0.936093,135.039,6.57777738571167,165.21270751953125,172.53433227539062,Kelmarsh 6,629.1875610351562
2018-02-14 09:00:00,52.400687,-0.936093,135.039,7.844593524932861,156.50672912597656,159.36355590820312,Kelmarsh 6,759.98974609375
2018-02-14 10:00:00,52.400687,-0.936093,135.039,7.8050665855407715,166.1974639892578,159.36355590820312,Kelmarsh 6,525.3299560546875
2018-02-14 11:00:00,52.400687,-0.936093,135.039,9.324117660522461,167.11965942382812,169.24163818359375,Kelmarsh 6,623.4446411132812
2018-02-14 12:00:00,52.400687,-0.936093,135.039,11.241698265075684,171.89697265625,170.33920288085938,Kelmarsh 6,804.3477172851562
2018-02-14 13:00:00,52.400687,-0.936093,135.039,10.055573463439941,177.89634704589844,183.50997924804688,Kelmarsh 6,641.3558959960938
2018-02-14 14:00:00,52.400687,-0.936093,135.039,12.709676742553711,177.0828094482422,181.89071655273438,Kelmarsh 6,490.2677307128906
2018-02-14 15:00:00,52.400687,-0.936093,135.039,10.998603820800781,169.24403381347656,175.8270263671875,Kelmarsh 6,347.8857421875
2018-02-14 16:00:00,52.400687,-0.936093,135.039,11.800670623779297,174.83828735351562,175.8270263671875,Kelmarsh 6,271.94683837890625
2018-02-14 17:00:00,52.400687,-0.936093,135.039,11.492459297180176,176.32701110839844,175.8270263671875,Kelmarsh 6,215.9840087890625
2018-02-14 18:00:00,52.400687,-0.936093,135.039,10.646472930908203,170.11595153808594,175.8270263671875,Kelmarsh 6,256.9263000488281
2018-02-14 19:00:00,52.400687,-0.936093,135.039,9.046460151672363,171.922607421875,175.8270263671875,Kelmarsh 6,224.4816131591797
2018-02-14 20:00:00,52.400687,-0.936093,135.039,8.556131362915039,178.2170867919922,175.8270263671875,Kelmarsh 6,253.90171813964844
2018-02-14 21:00:00,52.400687,-0.936093,135.039,7.434394836425781,184.2979431152343,178.24081420898438,Kelmarsh 6,249.67184448242188
2018-02-14 22:00:00,52.400687,-0.936093,135.039,7.931773662567139,193.04672241210938,188.99780273437497,Kelmarsh 6,133.4810333251953
2018-02-14 23:00:00,52.400687,-0.936093,135.039,6.936776638031006,196.40286254882812,188.99780273437497,Kelmarsh 6,108.40926361083984
2018-02-15 00:00:00,52.400687,-0.936093,135.039,6.290472984313965,208.5481414794921,206.80163574218747,Kelmarsh 6,97.17363739013672
2018-02-15 01:00:00,52.400687,-0.936093,135.039,7.187404155731201,218.6876220703125,213.14422607421875,Kelmarsh 6,84.43604278564453
2018-02-15 02:00:00,52.400687,-0.936093,135.039,5.449517726898193,236.9674530029297,219.72961425781253,Kelmarsh 6,84.64513397216797
2018-02-15 03:00:00,52.400687,-0.936093,135.039,7.470272064208984,216.17314147949213,219.72961425781253,Kelmarsh 6,127.82613372802734
2018-02-15 04:00:00,52.400687,-0.936093,135.039,7.493880748748779,212.95433044433594,219.72961425781253,Kelmarsh 6,158.05670166015625
2018-02-15 05:00:00,52.400687,-0.936093,135.039,9.00934886932373,212.82157897949213,217.53448486328125,Kelmarsh 6,77.06098175048828
2018-02-15 06:00:00,52.400687,-0.936093,135.039,6.690293788909912,239.60708618164062,239.48577880859375,Kelmarsh 6,91.1772232055664
2018-02-15 07:00:00,52.400687,-0.936093,135.039,8.849538803100586,250.71595764160153,240.4722900390625,Kelmarsh 6,116.14225769042969
2018-02-15 08:00:00,52.400687,-0.936093,135.039,7.806955814361572,250.43107604980466,246.0711669921875,Kelmarsh 6,153.01637268066406
2018-02-15 09:00:00,52.400687,-0.936093,135.039,5.755753040313721,251.14736938476562,253.75411987304685,Kelmarsh 6,145.87559509277344
2018-02-15 10:00:00,52.400687,-0.936093,135.039,5.7964558601379395,246.6761779785156,246.0711669921875,Kelmarsh 6,93.3683853149414
2018-02-15 11:00:00,52.400687,-0.936093,135.039,9.81360149383545,252.0411834716797,248.2662963867187,Kelmarsh 6,95.14929962158203
2018-02-15 12:00:00,52.400687,-0.936093,135.039,11.036999702453613,257.4413757324219,256.9454345703125,Kelmarsh 6,180.44747924804688
2018-02-15 13:00:00,52.400687,-0.936093,135.039,8.95295238494873,255.58508300781244,258.85876464843744,Kelmarsh 6,174.49160766601562
2018-02-15 14:00:00,52.400687,-0.936093,135.039,10.318319320678711,246.22613525390625,253.75411987304685,Kelmarsh 6,150.30023193359375
2018-02-15 15:00:00,52.400687,-0.936093,135.039,7.919943332672119,248.78984069824213,247.1687316894531,Kelmarsh 6,196.27471923828125
2018-02-15 16:00:00,52.400687,-0.936093,135.039,10.711623191833496,254.98066711425776,254.8516845703125,Kelmarsh 6,225.81224060058594
2018-02-15 17:00:00,52.400687,-0.936093,135.039,10.033989906311035,246.43376159667972,254.8516845703125,Kelmarsh 6,154.5150604248047
2018-02-15 18:00:00,52.400687,-0.936093,135.039,7.530433654785156,245.1586151123047,240.5833435058594,Kelmarsh 6,214.57118225097656
2018-02-15 19:00:00,52.400687,-0.936093,135.039,6.013179779052734,249.5421600341797,249.36386108398438,Kelmarsh 6,155.21665954589844
2018-02-15 20:00:00,52.400687,-0.936093,135.039,6.425229549407959,244.93966674804676,253.75411987304685,Kelmarsh 6,141.75830078125
2018-02-15 21:00:00,52.400687,-0.936093,135.039,4.92195987701416,246.45375061035153,253.75411987304685,Kelmarsh 6,191.14797973632812
2018-02-15 22:00:00,52.400687,-0.936093,135.039,5.287726879119873,239.99801635742182,253.75411987304685,Kelmarsh 6,169.4140167236328
2018-02-15 23:00:00,52.400687,-0.936093,135.039,6.1287689208984375,253.42723083496094,241.680908203125,Kelmarsh 6,254.3332977294922
2018-02-16 00:00:00,52.400687,-0.936093,135.039,6.132760047912598,247.03237915039057,241.680908203125,Kelmarsh 6,190.95755004882812
2018-02-16 01:00:00,52.400687,-0.936093,135.039,6.033598899841309,254.4951629638672,241.680908203125,Kelmarsh 6,181.32620239257812
2018-02-16 02:00:00,52.400687,-0.936093,135.039,7.505838871002197,251.0614624023437,251.55899047851562,Kelmarsh 6,233.68321228027344
2018-02-16 03:00:00,52.400687,-0.936093,135.039,7.291654109954834,250.4095458984375,251.55899047851562,Kelmarsh 6,258.6712951660156
2018-02-16 04:00:00,52.400687,-0.936093,135.039,7.170700550079346,252.20719909667963,251.55899047851562,Kelmarsh 6,247.98081970214844
2018-02-16 05:00:00,52.400687,-0.936093,135.039,6.427550792694092,249.68846130371094,251.55899047851562,Kelmarsh 6,273.91241455078125
2018-02-16 06:00:00,52.400687,-0.936093,135.039,4.969888687133789,250.933120727539,251.55899047851562,Kelmarsh 6,254.15139770507812
2018-02-16 07:00:00,52.400687,-0.936093,135.039,4.0495829582214355,250.36555480957026,251.55899047851562,Kelmarsh 6,192.38470458984375
2018-02-16 08:00:00,52.400687,-0.936093,135.039,3.0729544162750244,252.38059997558585,251.55899047851562,Kelmarsh 6,183.3269500732422
2018-02-16 09:00:00,52.400687,-0.936093,135.039,4.3429274559021,224.07872009277338,225.2174377441406,Kelmarsh 6,216.68878173828125
2018-02-16 10:00:00,52.400687,-0.936093,135.039,4.6424689292907715,226.85659790039062,225.2174377441406,Kelmarsh 6,225.73805236816406
2018-02-16 11:00:00,52.400687,-0.936093,135.039,4.63239860534668,219.68099975585932,225.2174377441406,Kelmarsh 6,249.2876739501953
2018-02-16 12:00:00,52.400687,-0.936093,135.039,5.603896141052246,227.554931640625,225.2174377441406,Kelmarsh 6,248.33639526367188
2018-02-16 13:00:00,52.400687,-0.936093,135.039,5.939133167266846,221.5201416015625,225.2174377441406,Kelmarsh 6,260.91656494140625
2018-02-16 14:00:00,52.400687,-0.936093,135.039,6.23567008972168,232.59608459472656,232.90039062499994,Kelmarsh 6,292.6260986328125
2018-02-16 15:00:00,52.400687,-0.936093,135.039,4.68656063079834,229.43386840820304,232.90039062499994,Kelmarsh 6,249.41737365722656
2018-02-16 16:00:00,52.400687,-0.936093,135.039,4.640381813049316,211.23330688476565,212.70527648925776,Kelmarsh 6,327.4247741699219
2018-02-16 17:00:00,52.400687,-0.936093,135.039,4.681354999542236,192.1793212890625,204.3637084960937,Kelmarsh 6,351.461669921875
2018-02-16 18:00:00,52.400687,-0.936093,135.039,5.155282974243164,182.95556640624997,181.31484985351562,Kelmarsh 6,255.76638793945312
2018-02-16 19:00:00,52.400687,-0.936093,135.039,5.632080554962158,165.96461486816406,161.55868530273438,Kelmarsh 6,235.1090087890625
2018-02-16 20:00:00,52.400687,-0.936093,135.039,4.826142311096191,174.24530029296875,161.55868530273438,Kelmarsh 6,267.5797424316406
2018-02-16 21:00:00,52.400687,-0.936093,135.039,5.7146220207214355,175.91552734375,179.11972045898438,Kelmarsh 6,367.461669921875
2018-02-16 22:00:00,52.400687,-0.936093,135.039,5.456430912017822,186.18991088867188,179.11972045898438,Kelmarsh 6,296.5278015136719
2018-02-16 23:00:00,52.400687,-0.936093,135.039,5.948132514953613,201.28744506835938,202.16857910156244,Kelmarsh 6,225.40838623046875
2018-02-17 00:00:00,52.400687,-0.936093,135.039,4.620532512664795,200.10900878906247,202.16857910156244,Kelmarsh 6,172.67124938964844
2018-02-17 01:00:00,52.400687,-0.936093,135.039,5.217498779296875,187.14978027343747,193.3880615234374,Kelmarsh 6,204.82948303222656
2018-02-17 02:00:00,52.400687,-0.936093,135.039,3.6509885787963867,195.3681488037109,193.3880615234374,Kelmarsh 6,241.5232391357422
2018-02-17 03:00:00,52.400687,-0.936093,135.039,4.067440509796143,170.81349182128906,172.53433227539062,Kelmarsh 6,187.2244415283203
2018-02-17 04:00:00,52.400687,-0.936093,135.039,4.644233226776123,187.29791259765614,172.53433227539062,Kelmarsh 6,160.5221710205078
2018-02-17 05:00:00,52.400687,-0.936093,135.039,4.3732781410217285,168.37045288085938,172.53433227539062,Kelmarsh 6,337.8334655761719
2018-02-17 06:00:00,52.400687,-0.936093,135.039,4.893026351928711,169.06951904296875,172.53433227539062,Kelmarsh 6,349.586669921875
2018-02-17 07:00:00,52.400687,-0.936093,135.039,6.196447849273682,183.53121948242188,191.1929321289062,Kelmarsh 6,323.26800537109375
2018-02-17 08:00:00,52.400687,-0.936093,135.039,6.158116340637207,192.03526306152338,191.1929321289062,Kelmarsh 6,322.1486511230469
2018-02-17 09:00:00,52.400687,-0.936093,135.039,6.505030632019043,184.0719146728515,191.1929321289062,Kelmarsh 6,262.3934631347656
2018-02-17 10:00:00,52.400687,-0.936093,135.039,5.638737201690674,197.99972534179688,191.1929321289062,Kelmarsh 6,205.41363525390625
2018-02-17 11:00:00,52.400687,-0.936093,135.039,4.641062259674072,190.0398254394531,191.1929321289062,Kelmarsh 6,291.1546325683594
2018-02-17 12:00:00,52.400687,-0.936093,135.039,4.780099868774414,204.62612915039057,191.1929321289062,Kelmarsh 6,141.48777770996094
2018-02-17 13:00:00,52.400687,-0.936093,135.039,5.187946319580078,212.70388793945312,207.65640258789062,Kelmarsh 6,266.076416015625
2018-02-17 14:00:00,52.400687,-0.936093,135.039,4.713321208953857,222.99244689941406,236.82820129394523,Kelmarsh 6,369.6123046875
2018-02-17 15:00:00,52.400687,-0.936093,135.039,4.962332248687744,201.88652038574216,223.0223083496093,Kelmarsh 6,179.00161743164062
2018-02-17 16:00:00,52.400687,-0.936093,135.039,3.6145756244659424,204.56369018554682,212.5819091796875,Kelmarsh 6,402.3963623046875
2018-02-17 17:00:00,52.400687,-0.936093,135.039,4.007086753845215,190.38400268554685,206.55883789062491,Kelmarsh 6,399.4693908691406
2018-02-17 18:00:00,52.400687,-0.936093,135.039,4.459091663360596,222.0471954345703,206.55883789062491,Kelmarsh 6,281.9820861816406
2018-02-17 19:00:00,52.400687,-0.936093,135.039,5.223971843719482,215.06874084472653,206.55883789062491,Kelmarsh 6,264.80072021484375
2018-02-17 20:00:00,52.400687,-0.936093,135.039,5.016817569732666,200.84970092773432,206.55883789062491,Kelmarsh 6,107.6003646850586
2018-02-17 21:00:00,52.400687,-0.936093,135.039,4.5314788818359375,204.03939819335938,206.55883789062491,Kelmarsh 6,151.27706909179688
2018-02-17 22:00:00,52.400687,-0.936093,135.039,5.307790279388428,195.91462707519526,206.55883789062491,Kelmarsh 6,164.35928344726562
2018-02-17 23:00:00,52.400687,-0.936093,135.039,6.316108226776123,193.77310180664062,196.68075561523432,Kelmarsh 6,260.85528564453125
2018-02-18 00:00:00,52.400687,-0.936093,135.039,5.466405868530273,193.19496154785156,196.68075561523432,Kelmarsh 6,300.0096435546875
2018-02-18 01:00:00,52.400687,-0.936093,135.039,5.836457252502441,208.4865264892578,196.68075561523432,Kelmarsh 6,269.8714599609375
2018-02-18 02:00:00,52.400687,-0.936093,135.039,5.484428882598877,192.74533081054682,196.68075561523432,Kelmarsh 6,221.16839599609375
2018-02-18 03:00:00,52.400687,-0.936093,135.039,5.254549503326416,204.66123962402338,196.68075561523432,Kelmarsh 6,327.9374694824219
2018-02-18 04:00:00,52.400687,-0.936093,135.039,4.7256646156311035,182.32441711425776,196.68075561523432,Kelmarsh 6,246.49302673339844
2018-02-18 05:00:00,52.400687,-0.936093,135.039,5.803110122680664,188.28544616699216,181.31484985351562,Kelmarsh 6,305.04571533203125
2018-02-18 06:00:00,52.400687,-0.936093,135.039,7.080245494842529,189.14718627929685,190.09536743164057,Kelmarsh 6,183.88339233398438
2018-02-18 07:00:00,52.400687,-0.936093,135.039,5.298208236694336,180.10301208496094,190.09536743164057,Kelmarsh 6,135.3777313232422
2018-02-18 08:00:00,52.400687,-0.936093,135.039,5.978437900543213,174.9022674560547,190.09536743164057,Kelmarsh 6,213.7880401611328
2018-02-18 09:00:00,52.400687,-0.936093,135.039,5.767134189605713,180.08460998535153,172.53433227539062,Kelmarsh 6,107.59671783447266
2018-02-18 10:00:00,52.400687,-0.936093,135.039,5.9603142738342285,180.07655334472645,172.53433227539062,Kelmarsh 6,4.368664264678955
2018-02-18 11:00:00,52.400687,-0.936093,135.039,3.470674753189087,182.4405975341797,172.53433227539062,Kelmarsh 6,127.81172943115234
2018-02-18 12:00:00,52.400687,-0.936093,135.039,4.090787887573242,190.08001708984372,172.53433227539062,Kelmarsh 6,70.8287124633789
2018-02-18 13:00:00,52.400687,-0.936093,135.039,4.8237624168396,184.36611938476554,199.97344970703122,Kelmarsh 6,190.33384704589844
2018-02-18 14:00:00,52.400687,-0.936093,135.039,4.051072597503662,187.64695739746085,199.97344970703122,Kelmarsh 6,172.20758056640625
2018-02-18 15:00:00,52.400687,-0.936093,135.039,3.7028112411499023,180.07757568359375,169.24163818359375,Kelmarsh 6,80.56956481933594
2018-02-18 16:00:00,52.400687,-0.936093,135.039,4.395386695861816,174.6741180419922,192.29049682617188,Kelmarsh 6,264.6689758300781
2018-02-18 17:00:00,52.400687,-0.936093,135.039,4.929121494293213,174.16128540039062,192.29049682617188,Kelmarsh 6,308.3989562988281
2018-02-18 18:00:00,52.400687,-0.936093,135.039,5.0066680908203125,178.35276794433594,192.29049682617188,Kelmarsh 6,116.93082427978516
2018-02-18 19:00:00,52.400687,-0.936093,135.039,5.302708148956299,189.73802185058588,192.29049682617188,Kelmarsh 6,255.72262573242188
2018-02-18 20:00:00,52.400687,-0.936093,135.039,4.975173473358154,196.42007446289062,192.29049682617188,Kelmarsh 6,116.6812515258789
2018-02-18 21:00:00,52.400687,-0.936093,135.039,4.411733150482178,203.91241455078116,192.29049682617188,Kelmarsh 6,106.56700897216797
2018-02-18 22:00:00,52.400687,-0.936093,135.039,4.897830963134766,203.12367248535153,192.29049682617188,Kelmarsh 6,61.231597900390625
2018-02-18 23:00:00,52.400687,-0.936093,135.039,5.128447532653809,208.150634765625,192.29049682617188,Kelmarsh 6,109.77511596679688
2018-02-19 00:00:00,52.400687,-0.936093,135.039,5.0792341232299805,208.78446960449213,192.29049682617188,Kelmarsh 6,112.1285400390625
2018-02-19 01:00:00,52.400687,-0.936093,135.039,5.371857643127441,208.23750305175778,192.29049682617188,Kelmarsh 6,135.18780517578125
2018-02-19 02:00:00,52.400687,-0.936093,135.039,5.144243240356445,214.43836975097656,207.65640258789062,Kelmarsh 6,91.38264465332031
2018-02-19 03:00:00,52.400687,-0.936093,135.039,4.350876808166504,209.11083984375,207.65640258789062,Kelmarsh 6,29.194576263427734
2018-02-19 04:00:00,52.400687,-0.936093,135.039,3.8710508346557617,218.02281188964844,207.65640258789062,Kelmarsh 6,77.31227111816406
2018-02-19 05:00:00,52.400687,-0.936093,135.039,3.770664691925049,249.11413574218747,253.75411987304685,Kelmarsh 6,213.96778869628906
2018-02-19 06:00:00,52.400687,-0.936093,135.039,4.297299861907959,254.94955444335932,253.75411987304685,Kelmarsh 6,269.5523681640625
2018-02-19 07:00:00,52.400687,-0.936093,135.039,4.53420877456665,256.5804443359375,253.75411987304685,Kelmarsh 6,330.1025695800781
2018-02-19 08:00:00,52.400687,-0.936093,135.039,4.453084945678711,279.1072082519531,256.8570556640625,Kelmarsh 6,241.61495971679688
2018-02-19 09:00:00,52.400687,-0.936093,135.039,5.432712554931641,284.5928649902344,280.0956726074219,Kelmarsh 6,275.84912109375
2018-02-19 10:00:00,52.400687,-0.936093,135.039,6.644925117492676,289.7029113769531,280.0956726074219,Kelmarsh 6,305.1902770996094
2018-02-19 11:00:00,52.400687,-0.936093,135.039,4.296326637268066,305.3626708984375,280.0956726074219,Kelmarsh 6,401.9620361328125
2018-02-19 12:00:00,52.400687,-0.936093,135.039,5.082574844360352,308.2878723144531,302.04696655273426,Kelmarsh 6,453.86102294921875
2018-02-19 13:00:00,52.400687,-0.936093,135.039,4.95201301574707,311.54827880859375,302.04696655273426,Kelmarsh 6,318.6940002441406
2018-02-19 14:00:00,52.400687,-0.936093,135.039,7.824687957763672,330.72708129882807,302.04696655273426,Kelmarsh 6,219.19268798828125
2018-02-19 15:00:00,52.400687,-0.936093,135.039,7.161126136779785,318.9752197265625,344.8519897460937,Kelmarsh 6,141.15542602539062
2018-02-19 16:00:00,52.400687,-0.936093,135.039,6.846022605895996,313.82464599609375,313.0226135253906,Kelmarsh 6,141.06459045410156
2018-02-19 17:00:00,52.400687,-0.936093,135.039,8.389368057250977,317.34326171875,322.46313476562494,Kelmarsh 6,181.31231689453125
2018-02-19 18:00:00,52.400687,-0.936093,135.039,6.884016513824463,315.7869567871093,314.12017822265625,Kelmarsh 6,303.64141845703125
2018-02-19 19:00:00,52.400687,-0.936093,135.039,5.373534202575684,312.3135070800781,314.12017822265625,Kelmarsh 6,195.20982360839844
2018-02-19 20:00:00,52.400687,-0.936093,135.039,7.631709098815918,313.0234069824219,314.12017822265625,Kelmarsh 6,249.12709045410156
2018-02-19 21:00:00,52.400687,-0.936093,135.039,7.778100967407227,310.3517761230469,314.12017822265625,Kelmarsh 6,165.71876525878906
2018-02-19 22:00:00,52.400687,-0.936093,135.039,7.997829914093018,315.3799133300781,314.12017822265625,Kelmarsh 6,188.04547119140625
2018-02-19 23:00:00,52.400687,-0.936093,135.039,7.036959648132324,319.75042724609375,314.12017822265625,Kelmarsh 6,116.96340942382812
2018-02-20 00:00:00,52.400687,-0.936093,135.039,6.947504997253418,318.1813049316406,311.0068054199219,Kelmarsh 6,140.88278198242188
2018-02-20 01:00:00,52.400687,-0.936093,135.039,7.092663288116455,315.6510009765625,319.6080017089843,Kelmarsh 6,110.97394561767578
2018-02-20 02:00:00,52.400687,-0.936093,135.039,5.235574245452881,311.73489379882807,319.6080017089843,Kelmarsh 6,129.830078125
2018-02-20 03:00:00,52.400687,-0.936093,135.039,7.847773551940918,316.76013183593744,319.6080017089843,Kelmarsh 6,19.62298011779785
2018-02-20 04:00:00,52.400687,-0.936093,135.039,4.879281997680664,311.0426025390625,319.6080017089843,Kelmarsh 6,11.367313385009766
2018-02-20 05:00:00,52.400687,-0.936093,135.039,6.382808208465576,314.4036560058593,319.6080017089843,Kelmarsh 6,10.993688583374023
2018-02-20 06:00:00,52.400687,-0.936093,135.039,7.198845386505127,315.2796936035155,306.4372253417969,Kelmarsh 6,36.376468658447266
2018-02-20 07:00:00,52.400687,-0.936093,135.039,8.606016159057617,316.3365783691406,310.8274841308593,Kelmarsh 6,11.416186332702637
2018-02-20 08:00:00,52.400687,-0.936093,135.039,9.183516502380371,321.6432800292969,323.79473876953125,Kelmarsh 6,20.332988739013672
2018-02-20 09:00:00,52.400687,-0.936093,135.039,8.542720794677734,327.07458496093756,326.1933898925781,Kelmarsh 6,44.00801086425781
2018-02-20 10:00:00,52.400687,-0.936093,135.039,10.564131736755371,338.2723083496094,336.001953125,Kelmarsh 6,64.30255889892578
2018-02-20 11:00:00,52.400687,-0.936093,135.039,9.829323768615723,1.8669301271438599,350.3398132324219,Kelmarsh 6,55.93205261230469
2018-02-20 12:00:00,52.400687,-0.936093,135.039,10.159369468688965,350.5862426757812,345.8909912109375,Kelmarsh 6,63.84696578979492
2018-02-20 13:00:00,52.400687,-0.936093,135.039,10.334908485412598,358.3545837402344,353.63250732421875,Kelmarsh 6,118.25775146484375
2018-02-20 14:00:00,52.400687,-0.936093,135.039,10.797563552856445,359.37802124023426,320.70556640625,Kelmarsh 6,91.33195495605469
2018-02-20 15:00:00,52.400687,-0.936093,135.039,10.355550765991211,6.900757312774658,320.70556640625,Kelmarsh 6,56.43450164794922
2018-02-20 16:00:00,52.400687,-0.936093,135.039,10.559595108032227,358.7701721191406,3.510575771331787,Kelmarsh 6,28.663673400878906
2018-02-20 17:00:00,52.400687,-0.936093,135.039,11.861966133117676,0.4838036596775055,354.73007202148443,Kelmarsh 6,37.65272521972656
2018-02-20 18:00:00,52.400687,-0.936093,135.039,11.883106231689453,358.0334777832031,2.413015365600586,Kelmarsh 6,46.29341125488281
2018-02-20 19:00:00,52.400687,-0.936093,135.039,12.061925888061523,358.64306640625006,2.413015365600586,Kelmarsh 6,27.220102310180664
2018-02-20 20:00:00,52.400687,-0.936093,135.039,9.960600852966309,4.242477893829346,2.413015365600586,Kelmarsh 6,85.15418243408203
2018-02-20 21:00:00,52.400687,-0.936093,135.039,8.380130767822266,5.464797019958496,2.413015365600586,Kelmarsh 6,31.130123138427734
2018-02-20 22:00:00,52.400687,-0.936093,135.039,6.654539585113525,5.65373420715332,0.2178962230682373,Kelmarsh 6,48.99653244018555
2018-02-20 23:00:00,52.400687,-0.936093,135.039,5.137231826782227,8.218829154968262,15.583735466003418,Kelmarsh 6,73.3054428100586
2018-02-21 00:00:00,52.400687,-0.936093,135.039,4.045726299285889,53.565792083740234,45.21787643432617,Kelmarsh 6,104.81855773925781
2018-02-21 01:00:00,52.400687,-0.936093,135.039,4.426144123077393,65.2033462524414,68.26663970947266,Kelmarsh 6,101.77904510498047
2018-02-21 02:00:00,52.400687,-0.936093,135.039,3.769813299179077,69.77362823486328,68.26663970947266,Kelmarsh 6,29.22027587890625
2018-02-21 03:00:00,52.400687,-0.936093,135.039,4.4307169914245605,53.714664459228516,68.26663970947266,Kelmarsh 6,33.827239990234375
2018-02-21 04:00:00,52.400687,-0.936093,135.039,2.7090001106262207,64.81300354003906,68.26663970947266,Kelmarsh 6,98.277099609375
2018-02-21 05:00:00,52.400687,-0.936093,135.039,0.9128251075744629,28.11225128173828,68.26663970947266,Kelmarsh 6,113.55732727050781
2018-02-21 06:00:00,52.400687,-0.936093,135.039,1.9854375123977661,27.849945068359375,26.559337615966797,Kelmarsh 6,134.075927734375
2018-02-21 07:00:00,52.400687,-0.936093,135.039,2.365687370300293,22.413780212402344,26.559337615966797,Kelmarsh 6,1.9593284130096436
2018-02-21 08:00:00,52.400687,-0.936093,135.039,2.3886561393737793,358.885009765625,351.4373779296875,Kelmarsh 6,-7.657468318939209
2018-02-21 09:00:00,52.400687,-0.936093,135.039,1.6824750900268555,344.1701354980469,351.4373779296875,Kelmarsh 6,-4.393372535705566
2018-02-21 10:00:00,52.400687,-0.936093,135.039,3.468651294708252,348.8215637207031,351.4373779296875,Kelmarsh 6,-3.8972175121307373
2018-02-21 11:00:00,52.400687,-0.936093,135.039,3.4789180755615234,13.495247840881348,351.4373779296875,Kelmarsh 6,-3.9724411964416504
2018-02-21 12:00:00,52.400687,-0.936093,135.039,5.393584251403809,41.2371940612793,351.4373779296875,Kelmarsh 6,-2.931049108505249
2018-02-21 13:00:00,52.400687,-0.936093,135.039,7.764359951019287,45.197784423828125,351.4373779296875,Kelmarsh 6,5.974924087524414
2018-02-21 14:00:00,52.400687,-0.936093,135.039,6.60575008392334,43.53353500366211,339.83709716796875,Kelmarsh 6,-2.5166101455688477
2018-02-21 15:00:00,52.400687,-0.936093,135.039,2.9073925018310547,45.48796463012695,1.3154555559158325,Kelmarsh 6,14.098030090332031
2018-02-21 16:00:00,52.400687,-0.936093,135.039,3.8467397689819336,52.410770416259766,1.3154555559158325,Kelmarsh 6,21.589502334594727
2018-02-21 17:00:00,52.400687,-0.936093,135.039,2.4718105792999268,30.49046516418457,1.3154555559158325,Kelmarsh 6,35.99118423461914
2018-02-21 18:00:00,52.400687,-0.936093,135.039,2.7558181285858154,37.65043258666992,33.14470672607422,Kelmarsh 6,21.87234878540039
2018-02-21 19:00:00,52.400687,-0.936093,135.039,3.2074472904205322,40.306968688964844,33.14470672607422,Kelmarsh 6,8.04080867767334
2018-02-21 20:00:00,52.400687,-0.936093,135.039,4.617966651916504,44.041011810302734,33.14470672607422,Kelmarsh 6,30.75358009338379
2018-02-21 21:00:00,52.400687,-0.936093,135.039,4.036861896514893,68.04922485351562,59.48616409301758,Kelmarsh 6,74.60301208496094
2018-02-21 22:00:00,52.400687,-0.936093,135.039,4.377007484436035,60.749732971191406,75.94953918457031,Kelmarsh 6,61.97848892211914
2018-02-21 23:00:00,52.400687,-0.936093,135.039,3.6733920574188232,57.847103118896484,50.7056770324707,Kelmarsh 6,84.93588256835938
2018-02-22 00:00:00,52.400687,-0.936093,135.039,3.0050675868988037,45.18017578125,50.7056770324707,Kelmarsh 6,122.62680053710938
2018-02-22 01:00:00,52.400687,-0.936093,135.039,3.651338577270508,45.388240814208984,50.7056770324707,Kelmarsh 6,90.03600311279297
2018-02-22 02:00:00,52.400687,-0.936093,135.039,3.285940647125244,49.26127624511719,50.7056770324707,Kelmarsh 6,83.54715728759766
2018-02-22 03:00:00,52.400687,-0.936093,135.039,5.798801898956299,73.80525970458984,79.2422103881836,Kelmarsh 6,47.688316345214844
2018-02-22 04:00:00,52.400687,-0.936093,135.039,4.734391212463379,81.0083999633789,79.2422103881836,Kelmarsh 6,82.04414367675781
2018-02-22 05:00:00,52.400687,-0.936093,135.039,4.193888187408447,70.40168762207031,79.2422103881836,Kelmarsh 6,138.56082153320312
2018-02-22 06:00:00,52.400687,-0.936093,135.039,4.327909469604492,85.15567016601562,79.2422103881836,Kelmarsh 6,137.9371337890625
2018-02-22 07:00:00,52.400687,-0.936093,135.039,3.4352574348449707,73.99752044677734,79.2422103881836,Kelmarsh 6,144.3720703125
2018-02-22 08:00:00,52.400687,-0.936093,135.039,3.151566743850708,77.3944320678711,79.2422103881836,Kelmarsh 6,121.79454803466797
2018-02-22 09:00:00,52.400687,-0.936093,135.039,3.607856273651123,99.12300109863281,77.0470962524414,Kelmarsh 6,110.08452606201172
2018-02-22 10:00:00,52.400687,-0.936093,135.039,4.303237438201904,96.39407348632812,85.82755279541016,Kelmarsh 6,57.33304977416992
2018-02-22 11:00:00,52.400687,-0.936093,135.039,5.568037509918213,98.64009094238281,85.82755279541016,Kelmarsh 6,96.9313735961914
2018-02-22 12:00:00,52.400687,-0.936093,135.039,4.644845485687256,111.0592269897461,117.6567153930664,Kelmarsh 6,112.91175079345703
2018-02-22 13:00:00,52.400687,-0.936093,135.039,5.590599060058594,88.99481964111328,106.68113708496094,Kelmarsh 6,148.62103271484375
2018-02-22 14:00:00,52.400687,-0.936093,135.039,4.929056167602539,98.58599853515625,106.68113708496094,Kelmarsh 6,148.36721801757812
2018-02-22 15:00:00,52.400687,-0.936093,135.039,5.040093898773193,108.07676696777344,106.68113708496094,Kelmarsh 6,133.03662109375
2018-02-22 16:00:00,52.400687,-0.936093,135.039,4.01110315322876,99.3306655883789,106.68113708496094,Kelmarsh 6,159.76773071289062
2018-02-22 17:00:00,52.400687,-0.936093,135.039,4.919626235961914,101.32373809814453,91.31533813476562,Kelmarsh 6,132.68072509765625
2018-02-22 18:00:00,52.400687,-0.936093,135.039,5.071838855743408,104.00454711914062,91.31533813476562,Kelmarsh 6,145.278564453125
2018-02-22 19:00:00,52.400687,-0.936093,135.039,4.050288677215576,96.82829284667969,91.31533813476562,Kelmarsh 6,184.02113342285156
2018-02-22 20:00:00,52.400687,-0.936093,135.039,6.45279598236084,101.00859069824219,91.31533813476562,Kelmarsh 6,106.8844223022461
2018-02-22 21:00:00,52.400687,-0.936093,135.039,6.064505577087402,99.67147064208984,100.09579467773438,Kelmarsh 6,135.8280792236328
2018-02-22 22:00:00,52.400687,-0.936093,135.039,5.5491180419921875,90.95071411132812,100.09579467773438,Kelmarsh 6,109.26661682128906
2018-02-22 23:00:00,52.400687,-0.936093,135.039,5.170368671417236,82.2864761352539,100.09579467773438,Kelmarsh 6,130.35879516601562
2018-02-23 00:00:00,52.400687,-0.936093,135.039,6.541413307189941,91.69213104248047,100.09579467773438,Kelmarsh 6,244.8994140625
2018-02-23 01:00:00,52.400687,-0.936093,135.039,6.43794584274292,91.91122436523438,100.09579467773438,Kelmarsh 6,294.3648376464844
2018-02-23 02:00:00,52.400687,-0.936093,135.039,5.341032028198242,85.41348266601562,100.09579467773438,Kelmarsh 6,270.95343017578125
2018-02-23 03:00:00,52.400687,-0.936093,135.039,6.737934589385986,91.02256774902344,84.72999572753906,Kelmarsh 6,369.1401062011719
2018-02-23 04:00:00,52.400687,-0.936093,135.039,7.861782550811768,94.16674041748047,95.70556640625,Kelmarsh 6,299.155517578125
2018-02-23 05:00:00,52.400687,-0.936093,135.039,6.609982967376709,93.00032043457031,95.70556640625,Kelmarsh 6,288.7398376464844
2018-02-23 06:00:00,52.400687,-0.936093,135.039,6.286476135253906,91.85247802734375,95.70556640625,Kelmarsh 6,328.0399475097656
2018-02-23 07:00:00,52.400687,-0.936093,135.039,4.63925838470459,75.26783752441406,74.87274932861328,Kelmarsh 6,254.50192260742188
2018-02-23 08:00:00,52.400687,-0.936093,135.039,4.309643745422363,82.06854248046875,89.12022399902344,Kelmarsh 6,233.14242553710938
2018-02-23 09:00:00,52.400687,-0.936093,135.039,4.512383460998535,87.2729721069336,89.12022399902344,Kelmarsh 6,300.8185119628906
2018-02-23 10:00:00,52.400687,-0.936093,135.039,5.828167915344238,96.21369171142578,89.12022399902344,Kelmarsh 6,315.0760803222656
2018-02-23 11:00:00,52.400687,-0.936093,135.039,6.365162372589111,94.89827728271484,101.85687255859375,Kelmarsh 6,305.1678466796875
2018-02-23 12:00:00,52.400687,-0.936093,135.039,7.911993980407715,94.48310089111328,96.8031234741211,Kelmarsh 6,489.37835693359375
2018-02-23 13:00:00,52.400687,-0.936093,135.039,6.84929084777832,100.94206237792969,95.70556640625,Kelmarsh 6,619.707275390625
2018-02-23 14:00:00,52.400687,-0.936093,135.039,7.320982933044434,93.9697494506836,88.02266693115234,Kelmarsh 6,811.0643310546875
2018-02-23 15:00:00,52.400687,-0.936093,135.039,7.316527843475342,98.67724609375,101.50452423095703,Kelmarsh 6,678.2780151367188
2018-02-23 16:00:00,52.400687,-0.936093,135.039,6.196911811828613,79.85710906982422,90.21778106689453,Kelmarsh 6,740.4608154296875
2018-02-23 17:00:00,52.400687,-0.936093,135.039,7.561905384063721,85.5605697631836,86.92510986328125,Kelmarsh 6,651.5554809570312
2018-02-23 18:00:00,52.400687,-0.936093,135.039,6.001040458679199,96.69975280761719,86.92510986328125,Kelmarsh 6,621.5298461914062
2018-02-23 19:00:00,52.400687,-0.936093,135.039,5.989921569824219,95.1529769897461,94.6080093383789,Kelmarsh 6,613.0465698242188
2018-02-23 20:00:00,52.400687,-0.936093,135.039,5.5168375968933105,88.16336059570312,94.6080093383789,Kelmarsh 6,619.4506225585938
2018-02-23 21:00:00,52.400687,-0.936093,135.039,6.302699565887451,93.95580291748047,94.6080093383789,Kelmarsh 6,533.55224609375
2018-02-23 22:00:00,52.400687,-0.936093,135.039,6.3723344802856445,90.58732604980469,94.6080093383789,Kelmarsh 6,484.1923828125
2018-02-23 23:00:00,52.400687,-0.936093,135.039,5.5472798347473145,90.4977035522461,94.6080093383789,Kelmarsh 6,591.5094604492188
2018-02-24 00:00:00,52.400687,-0.936093,135.039,5.763904571533203,88.2379150390625,94.6080093383789,Kelmarsh 6,456.9949645996094
2018-02-24 01:00:00,52.400687,-0.936093,135.039,4.476557731628418,85.24728393554688,94.6080093383789,Kelmarsh 6,360.3106689453125
2018-02-24 02:00:00,52.400687,-0.936093,135.039,4.337821960449219,89.10658264160156,94.6080093383789,Kelmarsh 6,452.1745300292969
2018-02-24 03:00:00,52.400687,-0.936093,135.039,4.130460262298584,93.6883544921875,94.6080093383789,Kelmarsh 6,535.7189331054688
2018-02-24 04:00:00,52.400687,-0.936093,135.039,5.191158294677734,86.59508514404297,94.6080093383789,Kelmarsh 6,420.31884765625
2018-02-24 05:00:00,52.400687,-0.936093,135.039,5.178238868713379,79.86807250976562,94.6080093383789,Kelmarsh 6,464.9819641113281
2018-02-24 06:00:00,52.400687,-0.936093,135.039,5.32183837890625,78.70684814453125,94.6080093383789,Kelmarsh 6,413.8731689453125
2018-02-24 07:00:00,52.400687,-0.936093,135.039,5.432953834533691,73.37382507324219,83.85228729248047,Kelmarsh 6,257.9139099121094
2018-02-24 08:00:00,52.400687,-0.936093,135.039,4.6793532371521,82.30606079101562,67.16908264160156,Kelmarsh 6,244.3065948486328
2018-02-24 09:00:00,52.400687,-0.936093,135.039,5.95756721496582,80.60332489013672,70.00735473632812,Kelmarsh 6,180.2025909423828
2018-02-24 10:00:00,52.400687,-0.936093,135.039,7.547556400299072,86.84220123291016,82.53488159179688,Kelmarsh 6,187.1523895263672
2018-02-24 11:00:00,52.400687,-0.936093,135.039,7.41466760635376,84.23812103271484,89.70160675048828,Kelmarsh 6,200.5979461669922
2018-02-24 12:00:00,52.400687,-0.936093,135.039,8.368928909301758,96.40973663330078,90.21778106689453,Kelmarsh 6,279.6932678222656
2018-02-24 13:00:00,52.400687,-0.936093,135.039,8.811625480651855,87.08951568603516,91.31533813476562,Kelmarsh 6,280.992431640625
2018-02-24 14:00:00,52.400687,-0.936093,135.039,7.931554317474365,89.26992797851562,89.31178283691406,Kelmarsh 6,308.34771728515625
2018-02-24 15:00:00,52.400687,-0.936093,135.039,8.377647399902344,89.23495483398438,85.76937103271484,Kelmarsh 6,283.5827331542969
2018-02-24 16:00:00,52.400687,-0.936093,135.039,8.604146957397461,78.16883850097656,80.33976745605469,Kelmarsh 6,291.9997253417969
2018-02-24 17:00:00,52.400687,-0.936093,135.039,7.155980587005615,79.0946044921875,80.33976745605469,Kelmarsh 6,365.6492004394531
2018-02-24 18:00:00,52.400687,-0.936093,135.039,8.30785846710205,72.63877868652344,80.33976745605469,Kelmarsh 6,399.1812744140625
2018-02-24 19:00:00,52.400687,-0.936093,135.039,7.323633193969727,76.06607818603516,80.33976745605469,Kelmarsh 6,347.3383483886719
2018-02-24 20:00:00,52.400687,-0.936093,135.039,7.988286018371582,74.49596405029297,80.33976745605469,Kelmarsh 6,353.2494201660156
2018-02-24 21:00:00,52.400687,-0.936093,135.039,7.845038890838623,70.17277526855469,80.33976745605469,Kelmarsh 6,342.1507873535156
2018-02-24 22:00:00,52.400687,-0.936093,135.039,6.922074317932129,75.84661102294922,80.33976745605469,Kelmarsh 6,382.79541015625
2018-02-24 23:00:00,52.400687,-0.936093,135.039,5.54254674911499,79.6799545288086,80.33976745605469,Kelmarsh 6,415.56658935546875
2018-02-25 00:00:00,52.400687,-0.936093,135.039,4.836577415466309,75.97541809082031,80.33976745605469,Kelmarsh 6,362.9234313964844
2018-02-25 01:00:00,52.400687,-0.936093,135.039,5.657504081726074,74.5303726196289,80.33976745605469,Kelmarsh 6,244.8081512451172
2018-02-25 02:00:00,52.400687,-0.936093,135.039,5.7629570960998535,74.75116729736328,80.33976745605469,Kelmarsh 6,199.86599731445312
2018-02-25 03:00:00,52.400687,-0.936093,135.039,5.61187744140625,76.76038360595703,80.33976745605469,Kelmarsh 6,156.46353149414062
2018-02-25 04:00:00,52.400687,-0.936093,135.039,5.598289966583252,67.8433837890625,80.33976745605469,Kelmarsh 6,155.93211364746094
2018-02-25 05:00:00,52.400687,-0.936093,135.039,5.9264750480651855,71.81678771972656,80.33976745605469,Kelmarsh 6,126.4832534790039
2018-02-25 06:00:00,52.400687,-0.936093,135.039,5.603060245513916,76.90028381347656,80.33976745605469,Kelmarsh 6,44.915565490722656
2018-02-25 07:00:00,52.400687,-0.936093,135.039,5.425045967102051,69.87456512451172,80.33976745605469,Kelmarsh 6,54.950801849365234
2018-02-25 08:00:00,52.400687,-0.936093,135.039,5.891335964202881,67.53274536132812,80.33976745605469,Kelmarsh 6,84.09929656982422
2018-02-25 09:00:00,52.400687,-0.936093,135.039,5.944628715515137,78.38257598876953,72.65686798095703,Kelmarsh 6,72.6352767944336
2018-02-25 10:00:00,52.400687,-0.936093,135.039,7.793676853179932,80.99915313720703,81.43732452392578,Kelmarsh 6,39.644325256347656
2018-02-25 11:00:00,52.400687,-0.936093,135.039,9.120840072631836,76.0987777709961,77.47962188720703,Kelmarsh 6,-6.522117614746094
2018-02-25 12:00:00,52.400687,-0.936093,135.039,8.905811309814453,89.22986602783203,90.21778106689453,Kelmarsh 6,-3.8477020263671875
2018-02-25 13:00:00,52.400687,-0.936093,135.039,6.9738640785217285,85.3467788696289,80.64453125,Kelmarsh 6,-1.889123558998108
2018-02-25 14:00:00,52.400687,-0.936093,135.039,6.458483695983887,79.94743347167969,83.7214584350586,Kelmarsh 6,-2.880366563796997
2018-02-25 15:00:00,52.400687,-0.936093,135.039,6.016735553741455,78.35337829589844,85.82755279541016,Kelmarsh 6,-2.172945499420166
2018-02-25 16:00:00,52.400687,-0.936093,135.039,6.046908378601074,85.5819091796875,85.82755279541016,Kelmarsh 6,5.361057758331299
2018-02-25 17:00:00,52.400687,-0.936093,135.039,7.828295707702637,74.59382629394531,81.00260925292969,Kelmarsh 6,97.48246765136719
2018-02-25 18:00:00,52.400687,-0.936093,135.039,5.420390605926514,79.5291748046875,73.75442504882812,Kelmarsh 6,101.4232177734375
2018-02-25 19:00:00,52.400687,-0.936093,135.039,6.875872611999512,77.40985107421875,73.75442504882812,Kelmarsh 6,192.8227996826172
2018-02-25 20:00:00,52.400687,-0.936093,135.039,6.536345481872559,78.94210052490234,73.75442504882812,Kelmarsh 6,198.25628662109375
2018-02-25 21:00:00,52.400687,-0.936093,135.039,6.241888999938965,73.3539810180664,73.75442504882812,Kelmarsh 6,152.67918395996094
2018-02-25 22:00:00,52.400687,-0.936093,135.039,5.372625350952148,67.93450164794922,73.75442504882812,Kelmarsh 6,293.318603515625
2018-02-25 23:00:00,52.400687,-0.936093,135.039,7.03248405456543,65.24472045898438,73.75442504882812,Kelmarsh 6,285.3204345703125
2018-02-26 00:00:00,52.400687,-0.936093,135.039,5.552495956420898,69.49610900878906,73.75442504882812,Kelmarsh 6,144.7689971923828
2018-02-26 01:00:00,52.400687,-0.936093,135.039,4.760842323303223,67.24909973144531,73.75442504882812,Kelmarsh 6,179.5965118408203
2018-02-26 02:00:00,52.400687,-0.936093,135.039,4.952635288238525,60.334205627441406,73.75442504882812,Kelmarsh 6,159.1984100341797
2018-02-26 03:00:00,52.400687,-0.936093,135.039,5.3175506591796875,61.0518913269043,61.6812858581543,Kelmarsh 6,154.6457977294922
2018-02-26 04:00:00,52.400687,-0.936093,135.039,5.323119163513184,60.18755340576172,61.6812858581543,Kelmarsh 6,193.95285034179688
2018-02-26 05:00:00,52.400687,-0.936093,135.039,5.465103626251221,65.52581787109375,61.6812858581543,Kelmarsh 6,218.1981658935547
2018-02-26 06:00:00,52.400687,-0.936093,135.039,5.109654426574707,69.45145416259766,77.0470962524414,Kelmarsh 6,266.4530944824219
2018-02-26 07:00:00,52.400687,-0.936093,135.039,4.567978382110596,51.74242401123047,63.54249572753906,Kelmarsh 6,153.73130798339844
2018-02-26 08:00:00,52.400687,-0.936093,135.039,4.953967094421387,66.29058074951172,56.1934814453125,Kelmarsh 6,162.43966674804688
2018-02-26 09:00:00,52.400687,-0.936093,135.039,6.65113639831543,70.34829711914062,58.933448791503906,Kelmarsh 6,164.4563446044922
2018-02-26 10:00:00,52.400687,-0.936093,135.039,7.232012748718262,83.59947204589844,80.30485534667969,Kelmarsh 6,184.49325561523438
2018-02-26 11:00:00,52.400687,-0.936093,135.039,7.277119159698486,71.91191101074219,69.36419677734375,Kelmarsh 6,189.7165069580078
2018-02-26 12:00:00,52.400687,-0.936093,135.039,8.424643516540527,73.34557342529297,73.1186752319336,Kelmarsh 6,138.48509216308594
2018-02-26 13:00:00,52.400687,-0.936093,135.039,5.981531143188477,40.490333557128906,30.949581146240234,Kelmarsh 6,160.8417205810547
2018-02-26 14:00:00,52.400687,-0.936093,135.039,7.401320934295654,58.693206787109375,58.442264556884766,Kelmarsh 6,171.82289123535156
2018-02-26 15:00:00,52.400687,-0.936093,135.039,6.330766201019287,69.27472686767578,66.41255950927734,Kelmarsh 6,210.22769165039062
2018-02-26 16:00:00,52.400687,-0.936093,135.039,5.955803394317627,52.530723571777344,50.7056770324707,Kelmarsh 6,195.33041381835938
2018-02-26 17:00:00,52.400687,-0.936093,135.039,7.007269382476807,52.42353439331055,63.87640380859375,Kelmarsh 6,153.0313262939453
2018-02-26 18:00:00,52.400687,-0.936093,135.039,6.799213409423828,29.349687576293945,32.04944610595703,Kelmarsh 6,143.8887481689453
2018-02-26 19:00:00,52.400687,-0.936093,135.039,5.923170566558838,35.54642868041992,24.364215850830078,Kelmarsh 6,113.78195190429688
2018-02-26 20:00:00,52.400687,-0.936093,135.039,5.925026893615723,43.698402404785156,30.51344871520996,Kelmarsh 6,100.5268325805664
2018-02-26 21:00:00,52.400687,-0.936093,135.039,6.03807258605957,46.87559509277344,33.14470291137695,Kelmarsh 6,97.78604125976562
2018-02-26 22:00:00,52.400687,-0.936093,135.039,5.045756816864014,39.20075607299805,48.510555267333984,Kelmarsh 6,56.64741516113281
2018-02-26 23:00:00,52.400687,-0.936093,135.039,5.156275749206543,29.422571182250977,48.510555267333984,Kelmarsh 6,82.48968505859375
2018-02-27 00:00:00,52.400687,-0.936093,135.039,4.610690593719482,16.00476837158203,17.778850555419922,Kelmarsh 6,90.44149780273438
2018-02-27 01:00:00,52.400687,-0.936093,135.039,3.4867312908172607,16.459081649780273,17.778850555419922,Kelmarsh 6,109.96074676513672
2018-02-27 02:00:00,52.400687,-0.936093,135.039,5.0261006355285645,11.110968589782715,17.778850555419922,Kelmarsh 6,98.77631378173828
2018-02-27 03:00:00,52.400687,-0.936093,135.039,4.752768039703369,10.178241729736328,17.778850555419922,Kelmarsh 6,74.56616973876953
2018-02-27 04:00:00,52.400687,-0.936093,135.039,5.331027030944824,335.5986328125,347.047119140625,Kelmarsh 6,106.2035903930664
2018-02-27 05:00:00,52.400687,-0.936093,135.039,4.29384708404541,353.9922790527343,347.047119140625,Kelmarsh 6,46.73603057861328
2018-02-27 06:00:00,52.400687,-0.936093,135.039,4.787386894226074,348.52581787109375,347.047119140625,Kelmarsh 6,-1.6821255683898926
2018-02-27 07:00:00,52.400687,-0.936093,135.039,3.487251043319702,344.3123779296875,347.047119140625,Kelmarsh 6,-1.5887629985809326
2018-02-27 08:00:00,52.400687,-0.936093,135.039,3.28053879737854,12.505749702453613,359.0553894042969,Kelmarsh 6,-1.5626215934753418
2018-02-27 09:00:00,52.400687,-0.936093,135.039,3.1356585025787354,26.169147491455078,30.878385543823242,Kelmarsh 6,-1.6794580221176147
2018-02-27 10:00:00,52.400687,-0.936093,135.039,4.653588771820068,34.8603630065918,25.461780548095703,Kelmarsh 6,-1.5999385118484497
2018-02-27 11:00:00,52.400687,-0.936093,135.039,3.8717546463012695,71.82455444335938,53.99836349487305,Kelmarsh 6,-0.15301454067230225
2018-02-27 12:00:00,52.400687,-0.936093,135.039,4.010268211364746,62.73789978027344,64.97396850585938,Kelmarsh 6,85.85997009277344
2018-02-27 13:00:00,52.400687,-0.936093,135.039,3.079495906829834,50.25217819213867,62.94008255004883,Kelmarsh 6,66.71630096435547
2018-02-27 14:00:00,52.400687,-0.936093,135.039,5.421172142028809,28.697704315185547,27.656898498535156,Kelmarsh 6,58.567623138427734
2018-02-27 15:00:00,52.400687,-0.936093,135.039,5.896403789520264,33.496498107910156,37.534942626953125,Kelmarsh 6,85.16645050048828
2018-02-27 16:00:00,52.400687,-0.936093,135.039,5.60823917388916,36.58842468261719,37.534942626953125,Kelmarsh 6,114.34052276611328
2018-02-27 17:00:00,52.400687,-0.936093,135.039,5.52023458480835,32.592716217041016,37.534942626953125,Kelmarsh 6,118.37728118896484
2018-02-27 18:00:00,52.400687,-0.936093,135.039,5.223296165466309,27.38571548461914,37.534942626953125,Kelmarsh 6,97.27869415283203
2018-02-27 19:00:00,52.400687,-0.936093,135.039,4.4113664627075195,29.20431900024414,37.534942626953125,Kelmarsh 6,199.0187225341797
2018-02-27 20:00:00,52.400687,-0.936093,135.039,4.476799488067627,20.79509735107422,32.38479232788086,Kelmarsh 6,330.4232177734375
2018-02-27 21:00:00,52.400687,-0.936093,135.039,3.473217725753784,22.613779067993164,19.97397232055664,Kelmarsh 6,238.60690307617188
2018-02-27 22:00:00,52.400687,-0.936093,135.039,4.665209770202637,29.23758316040039,11.193490028381348,Kelmarsh 6,132.19683837890625
2018-02-27 23:00:00,52.400687,-0.936093,135.039,5.377169609069824,9.399871826171875,7.900809288024902,Kelmarsh 6,82.96238708496094
2018-02-28 00:00:00,52.400687,-0.936093,135.039,5.434420108795166,25.700077056884766,25.461776733398438,Kelmarsh 6,146.70684814453125
2018-02-28 01:00:00,52.400687,-0.936093,135.039,6.031464099884033,23.898914337158203,25.461776733398438,Kelmarsh 6,134.71249389648438
2018-02-28 02:00:00,52.400687,-0.936093,135.039,4.359317302703857,36.90577697753906,25.461776733398438,Kelmarsh 6,128.9486541748047
2018-02-28 03:00:00,52.400687,-0.936093,135.039,4.020551681518555,29.90541648864746,25.461776733398438,Kelmarsh 6,33.33308410644531
2018-02-28 04:00:00,52.400687,-0.936093,135.039,4.586336612701416,18.783931732177734,25.461776733398438,Kelmarsh 6,71.09609985351562
2018-02-28 05:00:00,52.400687,-0.936093,135.039,3.8999509811401367,29.223072052001953,25.461776733398438,Kelmarsh 6,19.621444702148438
2018-02-28 06:00:00,52.400687,-0.936093,135.039,3.2139923572540283,44.78863525390625,28.825180053710938,Kelmarsh 6,2.5736324787139893
2018-02-28 07:00:00,52.400687,-0.936093,135.039,3.0364792346954346,78.17210388183594,69.36419677734375,Kelmarsh 6,39.48419952392578
2018-02-28 08:00:00,52.400687,-0.936093,135.039,3.209425926208496,63.62636947631836,69.36419677734375,Kelmarsh 6,26.726381301879883
2018-02-28 09:00:00,52.400687,-0.936093,135.039,4.186481952667236,75.83136749267578,69.36419677734375,Kelmarsh 6,33.891178131103516
2018-02-28 10:00:00,52.400687,-0.936093,135.039,4.961911678314209,90.80433654785156,77.93225860595703,Kelmarsh 6,2.236581563949585
2018-02-28 11:00:00,52.400687,-0.936093,135.039,4.5875244140625,83.76070404052734,83.63243865966797,Kelmarsh 6,-1.466591477394104
2018-02-28 12:00:00,52.400687,-0.936093,135.039,7.468016147613525,83.00867462158203,83.63243865966797,Kelmarsh 6,-1.4905990362167358
2018-02-28 13:00:00,52.400687,-0.936093,135.039,8.214451789855957,69.81988525390625,76.23574829101562,Kelmarsh 6,-1.7226715087890625
2018-02-28 14:00:00,52.400687,-0.936093,135.039,9.309954643249512,83.35175323486328,80.51644897460938,Kelmarsh 6,1.110295057296753
2018-02-28 15:00:00,52.400687,-0.936093,135.039,10.081133842468262,78.43133544921875,68.79275512695312,Kelmarsh 6,9.637868881225586
2018-02-28 16:00:00,52.400687,-0.936093,135.039,11.021510124206543,70.19410705566406,71.55931091308594,Kelmarsh 6,5.5783209800720215
2018-02-28 17:00:00,52.400687,-0.936093,135.039,8.604839324951172,65.16754913330078,71.55931091308594,Kelmarsh 6,5.570371627807617
2018-02-28 18:00:00,52.400687,-0.936093,135.039,8.538207054138184,67.2129135131836,71.55931091308594,Kelmarsh 6,-2.3543879985809326
2018-02-28 19:00:00,52.400687,-0.936093,135.039,7.95768928527832,60.91413879394531,57.29104232788086,Kelmarsh 6,-10.35983943939209
2018-02-28 20:00:00,52.400687,-0.936093,135.039,7.534859657287598,68.30387878417969,65.19207763671875,Kelmarsh 6,-11.112573623657227
2018-02-28 21:00:00,52.400687,-0.936093,135.039,8.330281257629395,64.77029418945312,67.16908264160156,Kelmarsh 6,-13.132035255432129
2018-02-28 22:00:00,52.400687,-0.936093,135.039,7.956284046173096,62.98802947998047,67.16908264160156,Kelmarsh 6,-1.5444825887680054
2018-02-28 23:00:00,52.400687,-0.936093,135.039,8.357457160949707,62.54482650756836,56.67641830444336,Kelmarsh 6,-2.2204270362854004
