latitude6,longitude6,elevation6,wind_speed6,wind_direction6,nacelle_position6,production6
0.3772016623781462,1.0,-1.0,0.5488609387632953,0.7114352386579811,0.7065480911710892,0.976426719899933
0.3772016623781462,1.0,-1.0,0.4649447383025902,0.6866015738765034,0.7065480911710892,0.9602260328832052
0.3772016623781462,1.0,-1.0,0.4566610327244221,0.6124259553865006,0.6331401673864944,0.9763729334556948
0.3772016623781462,1.0,-1.0,0.4970556144431448,0.608808684029527,0.5933775420031723,0.9835978763325616
0.3772016623781462,1.0,-1.0,0.4297276285961529,0.6231585117451931,0.6239641769134201,0.932524555682786
0.3772016623781462,1.0,-1.0,0.3605304752187511,0.6155367322244846,0.6178468499313705,0.8611480190671942
0.3772016623781462,1.0,-1.0,0.4257399294262357,0.6167637474026961,0.6392574943685438,0.622537234942823
0.3772016623781462,1.0,-1.0,0.4757432120384477,0.5882376852829596,0.5872602150211226,0.9336619464672922
0.3772016623781462,1.0,-1.0,0.3808344184696007,0.5658308830582215,0.57719009807473,0.9093617909928114
0.3772016623781462,1.0,-1.0,0.3472558352961155,0.5852582407348406,0.6016618723241084,0.5105665171041556
0.3772016623781462,1.0,-1.0,0.3211937493076711,0.589953295694297,0.5627909070929243,0.4661553651147969
0.3772016623781462,1.0,-1.0,0.2589100933457489,0.6302721386182932,0.5903188785121473,0.8635692257718223
0.3772016623781462,1.0,-1.0,0.2417321007153852,0.6857295682872753,0.6484334848416183,0.9551122954477532
0.3772016623781462,1.0,-1.0,0.3029125262176294,0.696481894641043,0.7218414086262132,0.9373975375267288
0.3772016623781462,1.0,-1.0,0.2894945504736633,0.710551371071708,0.7218414086262132,0.92911121659512
0.3772016623781462,1.0,-1.0,0.3402562115670933,0.6991037361169535,0.7218414086262132,0.7302674575193612
0.3772016623781462,1.0,-1.0,0.3592132234125646,0.6896235345430637,0.6790201197518663,0.8429371074495897
0.3772016623781462,1.0,-1.0,0.4282973677865016,0.7002195716454416,0.6888089910381776,0.9501540836742746
0.3772016623781462,1.0,-1.0,0.4525967306014506,0.7468317354533341,0.7463107165544114,0.9552882389573224
0.3772016623781462,1.0,-1.0,0.5749787086726533,0.783498146190406,0.7860733419377336,0.9083701836401402
0.3772016623781462,1.0,-1.0,0.4287148238312088,0.8250732978982198,0.8136013133569565,0.8992735658425116
0.3772016623781462,1.0,-1.0,0.546849336894708,0.7991471389372781,0.8258359673210558,0.9248888640489972
0.3772016623781462,1.0,-1.0,0.3238348869114522,0.7979015016991894,0.7921906689197832,0.8816566969165327
0.3772016623781462,1.0,-1.0,0.4131256374706651,0.7777837247752044,0.7616040340095354,0.7944140343012484
0.3772016623781462,1.0,-1.0,0.2546390510863511,0.7493634002420311,0.7034894276800645,0.8231930488243635
0.3772016623781462,1.0,-1.0,0.2693041478701892,0.7585326814417609,0.724900072117238,0.7243671662578081
0.3772016623781462,1.0,-1.0,0.338729792554453,0.7460003752733358,0.7524280435364609,0.5125641993129375
0.3772016623781462,1.0,-1.0,0.3452567386169072,0.7214113482373686,0.7524280435364609,0.462531926375369
0.3772016623781462,1.0,-1.0,0.409177141260428,0.7020962756295527,0.7164760544673985,0.4565724525241416
0.3772016623781462,1.0,-1.0,0.1670528895947399,0.6653418140111892,0.6973721006980147,0.5445183641473359
0.3772016623781462,1.0,-1.0,0.2439911943819062,0.6399078641534406,0.6973721006980147,0.6799761987692157
0.3772016623781462,1.0,-1.0,0.1913188281881693,0.6517197772109987,0.6759614562608415,0.4915133984415744
0.3772016623781462,1.0,-1.0,0.3148687354714938,0.5682749646429296,0.5694960264486211,0.5316399526179965
0.3772016623781462,1.0,-1.0,0.3810316814754441,0.5801237816912946,0.5964362054941972,0.514947953851404
0.3772016623781462,1.0,-1.0,0.2375223130804876,0.5130628104612343,0.5107936277455031,0.4539510925763664
0.3772016623781462,1.0,-1.0,0.2814346669819238,0.5037682342604586,0.5107936277455031,0.6711280953451828
0.3772016623781462,1.0,-1.0,0.3062695570196734,0.4599525256269145,0.4587963483980818,0.4261050278466148
0.3772016623781462,1.0,-1.0,0.3815696126533193,0.4991169709029964,0.5053154606540916,0.6139578887298595
0.3772016623781462,1.0,-1.0,0.4192918746971472,0.5969216024745652,0.567378392056114,0.7582091652809225
0.3772016623781462,1.0,-1.0,0.4982436305491121,0.6867454059051898,0.6833114335595576,0.7846363354445283
0.3772016623781462,1.0,-1.0,0.3763006978883838,0.6902576199334951,0.7034894276800645,0.7695763644046291
0.3772016623781462,1.0,-1.0,0.312802536084767,0.6700700740591481,0.6851374467339156,0.9581071853331184
0.3772016623781462,1.0,-1.0,0.4205683748418265,0.606794227821667,0.6331401673864944,0.8866266343682022
0.3772016623781462,1.0,-1.0,0.4372252408648856,0.5788051442778422,0.568908234074974,0.7784863630752311
0.3772016623781462,1.0,-1.0,0.5435340979270402,0.5389912227764534,0.5322042721826766,0.8566023644885673
0.3772016623781462,1.0,-1.0,0.6033700653238385,0.5496910842400642,0.5663018853838104,0.7360581924443854
0.3772016623781462,1.0,-1.0,0.4010002729933695,0.5802620866245835,0.5872602150211226,0.6911911390865642
0.3772016623781462,1.0,-1.0,0.6020634232809146,0.6871307294866219,0.7034894276800645,0.543340662698005
0.3772016623781462,1.0,-1.0,0.6477865563423879,0.7279803436332374,0.7287999212217681,0.3607892084379721
0.3772016623781462,1.0,-1.0,0.6017103654942668,0.7455005557849417,0.7468926833073402,0.2086317183566514
0.3772016623781462,1.0,-1.0,0.8297908271881702,0.7021190642690371,0.7181770506715965,0.3234239639704182
0.3772016623781462,1.0,-1.0,0.6959835440953752,0.7030264007526896,0.6872798293837812,0.4005078140194284
0.3772016623781462,1.0,-1.0,0.5757188494562372,0.6777077546081538,0.7004307641890397,0.3678366327141697
0.3772016623781462,1.0,-1.0,0.6614826743114904,0.7044267541457861,0.7322687594386991,0.397807641179933
0.3772016623781462,1.0,-1.0,0.6774000005397343,0.713733872601502,0.7279587356082627,0.5299117859974802
0.3772016623781462,1.0,-1.0,0.748221164259829,0.7410288805117747,0.7279587356082627,0.5606790905194833
0.3772016623781462,1.0,-1.0,0.6244696714745172,0.724579139190182,0.7279587356082627,0.4516058986015023
0.3772016623781462,1.0,-1.0,0.6287407137339149,0.7022233988236917,0.7279587356082627,0.342917378932228
0.3772016623781462,1.0,-1.0,0.5473142248222357,0.7374591421752188,0.7279587356082627,0.395269381871873
0.3772016623781462,1.0,-1.0,0.5842786862586616,0.7435829938110088,0.7279587356082627,0.3226906715581886
0.3772016623781462,1.0,-1.0,0.5168348020391249,0.7216389795355025,0.7112783676260467,0.4082694254361765
0.3772016623781462,1.0,-1.0,0.4221532284547448,0.7516024691036158,0.7554867070274854,0.4474556502257468
0.3772016623781462,1.0,-1.0,0.4493641507044292,0.7174073502670546,0.724900072117238,0.4435545870957222
0.3772016623781462,1.0,-1.0,0.660417259914334,0.7279545788654621,0.7340760625903121,0.30910673588935
0.3772016623781462,1.0,-1.0,0.6475943323962204,0.7072389828000761,0.709606754662114,0.3030261550335253
0.3772016623781462,1.0,-1.0,0.5917647872809789,0.7044023073776824,0.709606754662114,0.1878351342720339
0.3772016623781462,1.0,-1.0,0.5688834805806863,0.6915086992347445,0.6729027927698165,0.1966704327887888
0.3772016623781462,1.0,-1.0,0.5100856981668322,0.6961702514928693,0.6943134372069899,0.0861948483007725
0.3772016623781462,1.0,-1.0,0.5636254298434922,0.6868116035016028,0.6943134372069899,0.0883032535802316
0.3772016623781462,1.0,-1.0,0.564693017046197,0.6848420443148161,0.6943134372069899,0.1035039619267739
0.3772016623781462,1.0,-1.0,0.5026208629009454,0.6709405065519941,0.6943134372069899,0.1364915396567962
0.3772016623781462,1.0,-1.0,0.4669054410454607,0.7024992008840194,0.6943134372069899,0.2002749850191905
0.3772016623781462,1.0,-1.0,0.3255773151565282,0.6790178462817995,0.6943134372069899,0.3504852249752911
0.3772016623781462,1.0,-1.0,0.2555552353492533,0.6805495319647606,0.6943134372069899,0.5049458920179588
0.3772016623781462,1.0,-1.0,0.2078573225387506,0.666178658770466,0.6943134372069899,0.3197013528283817
0.3772016623781462,1.0,-1.0,0.2953879156842114,0.6037169111688963,0.6239641769134201,0.1411496236547921
0.3772016623781462,1.0,-1.0,0.243558967882461,0.5668300543577068,0.5505562531288252,0.367898323782263
0.3772016623781462,1.0,-1.0,0.2672883853101263,0.6041309331302763,0.5994948689852219,0.2456392275501485
0.3772016623781462,1.0,-1.0,0.2651151405777163,0.5565136882824349,0.5994948689852219,0.166802709463507
0.3772016623781462,1.0,-1.0,0.1377421125872827,0.4675154628397006,0.5118080511605161,0.2235134561712154
0.3772016623781462,1.0,-1.0,0.2893361205882578,0.4188680949581486,0.4395649113373581,0.1479283490566278
0.3772016623781462,1.0,-1.0,0.3787525471449829,0.4407178509990708,0.4453387393109203,0.2747218846353683
0.3772016623781462,1.0,-1.0,0.2928267789315228,0.5539889536210435,0.5474975896378003,0.2930256099544729
0.3772016623781462,1.0,-1.0,0.3304871160172239,0.5898178393409436,0.5964362054941972,0.2274435855657104
0.3772016623781462,1.0,-1.0,0.483190479940327,0.6559505986731965,0.6576094753146926,0.24455711079592
0.3772016623781462,1.0,-1.0,0.6305594906675661,0.6583703185220375,0.6698441292787918,0.3415685759200434
0.3772016623781462,1.0,-1.0,0.5843669853777526,0.677636370045291,0.6698441292787918,0.4753309416459141
0.3772016623781462,1.0,-1.0,0.8690489853752217,0.7270189691630461,0.7062102051694253,0.488251530614716
0.3772016623781462,1.0,-1.0,0.6238453828335729,0.7459919570818845,0.7524280435364609,0.3489605076218911
0.3772016623781462,1.0,-1.0,0.5470252879142159,0.7482686952244083,0.7524280435364609,0.3660492543356254
0.3772016623781462,1.0,-1.0,0.6075489251521018,0.7209180762312143,0.7371347260813371,0.6331185802809174
0.3772016623781462,1.0,-1.0,0.5810467998102192,0.6923702458588359,0.7065480911710892,0.5832132771870416
0.3772016623781462,1.0,-1.0,0.5726053115653197,0.6889132602683858,0.7065480911710892,0.4881087515233132
0.3772016623781462,1.0,-1.0,0.4010181639667141,0.6471819468575377,0.6627473326060394,0.3612037782492298
0.3772016623781462,1.0,-1.0,0.2563281300207303,0.7049741066545975,0.6545508118236679,0.4158066738761995
0.3772016623781462,1.0,-1.0,0.2528349521476273,0.6619682875612387,0.64311392771575,0.5042753115662023
0.3772016623781462,1.0,-1.0,0.319688919660798,0.6928550571574204,0.688296761642753,0.7692734802197209
0.3772016623781462,1.0,-1.0,0.1813018016562661,0.6997496835044301,0.6759614562608415,0.7141519420954618
0.3772016623781462,1.0,-1.0,0.1723760089236199,0.675034936306232,0.6759614562608415,0.4735324792929607
0.3772016623781462,1.0,-1.0,0.283241123645817,0.6243942002115666,0.6356912364650019,0.6926878256520503
0.3772016623781462,1.0,-1.0,0.1878855180424081,0.6217675544142724,0.665269188535397,0.7516584197316719
0.3772016623781462,1.0,-1.0,0.170191056467697,0.5568488428441066,0.5169109547275524,0.7206973206676301
0.3772016623781462,1.0,-1.0,0.2332358531476778,0.5446898281955947,0.5169109547275524,0.8266083713600818
0.3772016623781462,1.0,-1.0,0.2716428725485603,0.5204487955890682,0.5169109547275524,0.9369559286515832
0.3772016623781462,1.0,-1.0,0.245630761087727,0.5441845666440402,0.5597322436018995,0.9014114894959236
0.3772016623781462,1.0,-1.0,0.1842857340077221,0.5063020248550776,0.5225166901558622,0.7985914675826601
0.3772016623781462,1.0,-1.0,0.2726415309624878,0.5549506257040642,0.5001582129755365,0.8545947067028171
0.3772016623781462,1.0,-1.0,0.3973650306213313,0.5679371315657961,0.5505562531288252,0.8203186825765214
0.3772016623781462,1.0,-1.0,0.4388967755502097,0.5822319434241989,0.5566735801108745,0.7510337502686525
0.3772016623781462,1.0,-1.0,0.5132829584162175,0.6785713845220486,0.6654134683244289,0.8868298794568424
0.3772016623781462,1.0,-1.0,0.4636112366846966,0.7599969365608742,0.7426334316749892,0.8854257149093193
0.3772016623781462,1.0,-1.0,0.307749584322362,0.7611110289285061,0.74478134228612,0.9433397145442072
0.3772016623781462,1.0,-1.0,0.2589142309222718,0.7653134921397036,0.7585453705185106,0.9165178382182192
0.3772016623781462,1.0,-1.0,0.2436309709599396,0.7647356130578513,0.7585453705185106,0.9573338739396008
0.3772016623781462,1.0,-1.0,0.2580962620931437,0.7590819896920206,0.7585453705185106,0.903565280733753
0.3772016623781462,1.0,-1.0,0.1675656948190937,0.7529216592266081,0.7585453705185106,0.9715756143212716
0.3772016623781462,1.0,-1.0,0.1579620214278038,0.7620553969513209,0.807483986374907,0.9216443513925956
0.3772016623781462,1.0,-1.0,0.1604425910130601,0.7829547901967281,0.8555530114014488,0.7995333720606123
0.3772016623781462,1.0,-1.0,0.1716767700487354,0.7778856784272263,0.7952507781852928,0.9113898666261576
0.3772016623781462,1.0,-1.0,0.1544964428081549,0.8478300502938471,0.8001217625158485,0.7636439296172893
0.3772016623781462,1.0,-1.0,0.1712789385988209,0.8698137746239774,0.88361855579236,0.807284512038379
0.3772016623781462,1.0,-1.0,0.1466119440195836,0.9293820877850348,0.9512426162275563,0.931934771570802
0.3772016623781462,1.0,-1.0,0.1069767925124242,0.8964524186977557,0.8992453368801354,0.9511347237259514
0.3772016623781462,1.0,-1.0,0.1209453548708368,0.9602143517173748,0.9650149789246244,0.8974313509589955
0.3772016623781462,1.0,-1.0,0.1023095137348442,0.0744133449581269,0.0346720328252147,0.9516049175877312
0.3772016623781462,1.0,-1.0,0.1201488251602838,0.0669217763646591,0.0672919980609958,0.9494493762486792
0.3772016623781462,1.0,-1.0,0.1789139577035315,0.066684711802746,0.0183535708994309,0.9462402739736794
0.3772016623781462,1.0,-1.0,0.1334267589636709,0.0598624957199565,0.0611746923403357,0.8608019657187975
0.3772016623781462,1.0,-1.0,0.1425186210735706,0.0699998529930469,0.0611746923403357,0.858984310589104
0.3772016623781462,1.0,-1.0,0.2497942957023888,0.0369440385823531,0.0611746923403357,0.5020386822038411
0.3772016623781462,1.0,-1.0,0.185468294984866,0.0620543610610421,0.0611746923403357,0.5677869516245647
0.3772016623781462,1.0,-1.0,0.3074777524792969,0.0815316539187703,0.0611746923403357,0.3636010085671096
0.3772016623781462,1.0,-1.0,0.3088823788064685,0.0912212952066161,0.1070544905606337,0.3694913825884018
0.3772016623781462,1.0,-1.0,0.3284681867086492,0.0873231411131613,0.0887025627679587,0.3424015657652484
0.3772016623781462,1.0,-1.0,0.430960487710245,0.0844695761627168,0.079526609502316,0.6175570885673557
0.3772016623781462,1.0,-1.0,0.3815587023956724,0.0698768219753078,0.079526609502316,0.6645520900016205
0.3772016623781462,1.0,-1.0,0.3787302181007312,0.1161655762992481,0.1088901457751225,0.7792726835545026
0.3772016623781462,1.0,-1.0,0.3735221881210537,0.0845364699605692,0.110113132790269,0.6727261711081594
0.3772016623781462,1.0,-1.0,0.2613474957569471,0.0814885532037006,0.0856439099076287,0.6014909843346383
0.3772016623781462,1.0,-1.0,0.2990715376521284,0.0311267892774441,0.0550573813043283,0.3009498057747918
0.3772016623781462,1.0,-1.0,0.3393370454753003,0.0386081513452286,0.0550573813043283,0.4772394561974094
0.3772016623781462,1.0,-1.0,0.2854418520569179,0.0728236407170382,0.0550573813043283,0.3863634376024363
0.3772016623781462,1.0,-1.0,0.2790584729653206,0.0923166167079563,0.0550573813043283,0.2676698809276385
0.3772016623781462,1.0,-1.0,0.3329401672513604,0.0764300066896314,0.0917612156282887,0.2248742327925972
0.3772016623781462,1.0,-1.0,0.2539082949735397,0.0457558974033777,0.0458814227233381,0.211165121133819
0.3772016623781462,1.0,-1.0,0.3248093208550113,0.0783361637147924,0.0837419616807319,0.2624304278877032
0.3772016623781462,1.0,-1.0,0.309586945677937,0.0597802695468913,0.0611746923403357,0.2621813301470334
0.3772016623781462,1.0,-1.0,0.280876140381245,0.0653082418391841,0.0611746923403357,0.3186126440262151
0.3772016623781462,1.0,-1.0,0.3121712436131725,0.0345150900785526,0.0611746923403357,0.3080167436796203
0.3772016623781462,1.0,-1.0,0.3370271913727785,0.0441496703357597,0.0581160341646583,0.2359227093153318
0.3772016623781462,1.0,-1.0,0.3455116734295914,0.0803370679098996,0.0978785213489488,0.3346300079398857
0.3772016623781462,1.0,-1.0,0.3314455544135549,0.1002957548331925,0.1039958377003037,0.2815755727062345
0.3772016623781462,1.0,-1.0,0.3195660174576027,0.1059515677791231,0.1039958377003037,0.2376669914512719
0.3772016623781462,1.0,-1.0,0.2486928913239695,0.1138078236930347,0.1039958377003037,0.2483929243186989
0.3772016623781462,1.0,-1.0,0.3673711836483623,0.1647797178342383,0.1559929256952196,0.4092722334366718
0.3772016623781462,1.0,-1.0,0.3819394056656795,0.1673771125420453,0.1625840840032874,0.4195216429095644
0.3772016623781462,1.0,-1.0,0.4066765656836604,0.149289055112441,0.1712861899968698,0.5060108869485604
0.3772016623781462,1.0,-1.0,0.3410854142632052,0.152405093320082,0.1621102314158797,0.4685324692686179
0.3772016623781462,1.0,-1.0,0.3601752446265551,0.1454883160753645,0.1376409979025446,0.3583432378010455
0.3772016623781462,1.0,-1.0,0.3805814484278911,0.1237705832112317,0.1376409979025446,0.4020983351787945
0.3772016623781462,1.0,-1.0,0.2969875397518676,0.1303198830152327,0.1376409979025446,0.2817795470037175
0.3772016623781462,1.0,-1.0,0.3036480671256376,0.1499243840993368,0.1376409979025446,0.4453807010479912
0.3772016623781462,1.0,-1.0,0.3873248660218339,0.1498807838198754,0.1651688630148202,0.6354156464721624
0.3772016623781462,1.0,-1.0,0.3955546675304416,0.1433896248078427,0.1651688630148202,0.6216868607588079
0.3772016623781462,1.0,-1.0,0.3785893555793333,0.1440935429228136,0.1651688630148202,0.6487249329224826
0.3772016623781462,1.0,-1.0,0.4251851243329322,0.1596058357198679,0.1651688630148202,0.7134979292686117
0.3772016623781462,1.0,-1.0,0.3896815279034549,0.1654127615797679,0.1559929150645249,0.5640202087633673
0.3772016623781462,1.0,-1.0,0.3715265817996943,0.1564489501514346,0.1559929150645249,0.5944746535234939
0.3772016623781462,1.0,-1.0,0.3272892547790699,0.152631576683018,0.1559929150645249,0.3974779512779667
0.3772016623781462,1.0,-1.0,0.3596020631459015,0.144952421660473,0.1559929150645249,0.4147222819903818
0.3772016623781462,1.0,-1.0,0.3277382627341329,0.1515734567853138,0.1559929150645249,0.2594977541007981
0.3772016623781462,1.0,-1.0,0.3627982601074653,0.152068939629627,0.1559929150645249,0.2056408974566285
0.3772016623781462,1.0,-1.0,0.3785533424831177,0.1737365672481769,0.1774034850868352,0.1154840975432206
0.3772016623781462,1.0,-1.0,0.3086412205055588,0.1495352128091857,0.1559929150645249,0.0534831813205665
0.3772016623781462,1.0,-1.0,0.3336510213899473,0.1429768889590456,0.1559929150645249,0.0313956532993894
0.3772016623781462,1.0,-1.0,0.2965520309291473,0.1556691301360166,0.1559929150645249,0.0440522249145995
0.3772016623781462,1.0,-1.0,0.2911647676066869,0.1919239210724005,0.1804621379471652,0.1467304922748843
0.3772016623781462,1.0,-1.0,0.2815096056583879,0.1964617726839209,0.1804621379471652,0.1399586651887007
0.3772016623781462,1.0,-1.0,0.2958618646731746,0.2108836227042261,0.2263417713916947,0.0606948051979214
0.3772016623781462,1.0,-1.0,0.2138929602828077,0.1936732892817802,0.2263417713916947,0.1291758540315423
0.3772016623781462,1.0,-1.0,0.1816827129608469,0.1791717640555163,0.2263417713916947,0.1827899716361505
0.3772016623781462,1.0,-1.0,0.1677677888500391,0.1832308416572708,0.2263417713916947,0.2527998542070884
0.3772016623781462,1.0,-1.0,0.1682914812170871,0.172833110360332,0.1712861899968698,0.1274127145549298
0.3772016623781462,1.0,-1.0,0.181941716005196,0.2040885265904871,0.1712861899968698,0.1387949791333266
0.3772016623781462,1.0,-1.0,0.2276531297856801,0.1889767037420597,0.1712861899968698,0.0824722736191782
0.3772016623781462,1.0,-1.0,0.2225456960798988,0.2135716405184903,0.1712861899968698,0.0837598960094593
0.3772016623781462,1.0,-1.0,0.2191011520671537,0.2129034997171876,0.1712861899968698,0.2309650371563968
0.3772016623781462,1.0,-1.0,0.2432105330863416,0.2209470178747733,0.22940041362133,0.2732425824086923
0.3772016623781462,1.0,-1.0,0.2087774363436019,0.2271826656440042,0.22940041362133,0.2903070902204949
0.3772016623781462,1.0,-1.0,0.2324716959282994,0.2652255994897861,0.22940041362133,0.1659363072691291
0.3772016623781462,1.0,-1.0,0.2365857183144029,0.2779477613851101,0.2722214048362242,0.1567164677612594
0.3772016623781462,1.0,-1.0,0.2515750485389446,0.2849525257369416,0.2722214048362242,0.3159608906538757
0.3772016623781462,1.0,-1.0,0.2175660649472729,0.3178240540322522,0.2722214048362242,0.3697037865401065
0.3772016623781462,1.0,-1.0,0.2283783845397627,0.323701163374669,0.312289598909196,0.357723381116388
0.3772016623781462,1.0,-1.0,0.1849688964330444,0.3053859423242336,0.2813973315251301,0.4673837903312268
0.3772016623781462,1.0,-1.0,0.2256941837792103,0.3309869592693964,0.2813973315251301,0.5382285003536532
0.3772016623781462,1.0,-1.0,0.1649036381831719,0.3086414865455096,0.2813973315251301,0.5294268329487242
0.3772016623781462,1.0,-1.0,0.2016129105424347,0.2927375884105235,0.2813973315251301,0.4751168750980481
0.3772016623781462,1.0,-1.0,0.2529058919372844,0.3264313359203676,0.3358596988919897,0.4410706392622673
0.3772016623781462,1.0,-1.0,0.2060617530175516,0.3689573181009993,0.3639807142480621,0.2733422506733139
0.3772016623781462,1.0,-1.0,0.1848780084392576,0.3376720236686096,0.3639807142480621,0.248983700154709
0.3772016623781462,1.0,-1.0,0.1203180612860493,0.3812184139498881,0.3639807142480621,0.181332822774116
0.3772016623781462,1.0,-1.0,0.1522043641042145,0.3807838567033011,0.3639807142480621,0.217763046495193
0.3772016623781462,1.0,-1.0,0.1281036165198383,0.3963782587540949,0.3639807142480621,0.127305907335738
0.3772016623781462,1.0,-1.0,0.1646732745651458,0.4404027215291849,0.4435059650147065,0.1983397522556983
0.3772016623781462,1.0,-1.0,0.1751760733842884,0.6039985804535688,0.6056151300390201,0.3056092752695888
0.3772016623781462,1.0,-1.0,0.0916560978842889,0.4035612719324908,0.3976260126493348,0.4211154600928996
0.3772016623781462,1.0,-1.0,0.1406208834616958,0.3998400486659288,0.3976260126493348,0.3931480258433674
0.3772016623781462,1.0,-1.0,0.1612782196660064,0.4058471935565979,0.3976260126493348,0.2898264832564414
0.3772016623781462,1.0,-1.0,0.1951324486497426,0.3785817343486416,0.3976260126493348,0.2218268107022031
0.3772016623781462,1.0,-1.0,0.1800513289482611,0.3825319069130091,0.3976260126493348,0.2017025717547414
0.3772016623781462,1.0,-1.0,0.1921000211276446,0.3736307748722877,0.3976260126493348,0.2948443443132537
0.3772016623781462,1.0,-1.0,0.1856743647876658,0.3964672449899922,0.3976260126493348,0.2719148972845926
0.3772016623781462,1.0,-1.0,0.2324599997622627,0.4358541771138766,0.3976260126493348,0.2847484478859285
0.3772016623781462,1.0,-1.0,0.2345718974103619,0.4046228568938479,0.3976260126493348,0.3072033841364611
0.3772016623781462,1.0,-1.0,0.3050280529132934,0.3937735087577976,0.3976260126493348,0.2977546168045109
0.3772016623781462,1.0,-1.0,0.3109030879663967,0.3935812508702067,0.4159779935954835,0.4013209110474042
0.3772016623781462,1.0,-1.0,0.2776518818671744,0.3853701554317852,0.3670393777390869,0.3407442782442436
0.3772016623781462,1.0,-1.0,0.2308790525763409,0.4058522104585739,0.4251539840685578,0.279005957417938
0.3772016623781462,1.0,-1.0,0.2736349885120708,0.3867367935429576,0.4251539840685578,0.36811609471105
0.3772016623781462,1.0,-1.0,0.2657789789026302,0.3736135133282006,0.3679671822533462,0.4246271840376243
0.3772016623781462,1.0,-1.0,0.1915088562138358,0.437344367065239,0.4129193301044587,0.5291965779645499
0.3772016623781462,1.0,-1.0,0.1800587026181538,0.6777875998785864,0.6028140270201923,0.3823338587059725
0.3772016623781462,1.0,-1.0,0.1799889416910815,0.7601262705931722,0.7769002430136289,0.3308105286951835
0.3772016623781462,1.0,-1.0,0.2405018535909417,0.7622264818119282,0.7769002430136289,0.7015091525273789
0.3772016623781462,1.0,-1.0,0.2290271519155543,0.7670989140175213,0.7769002430136289,0.5478325308323935
0.3772016623781462,1.0,-1.0,0.2062497469273857,0.752111046912409,0.7769002430136289,0.5218969641021893
0.3772016623781462,1.0,-1.0,0.1898226435335842,0.787752904227286,0.7769002430136289,0.6683366838952874
0.3772016623781462,1.0,-1.0,0.1631701091948629,0.7888658911758386,0.7769002430136289,0.7793383123503466
0.3772016623781462,1.0,-1.0,0.1463651225552766,0.803940321098097,0.7769002430136289,0.7072664021823459
0.3772016623781462,1.0,-1.0,0.1204164154095392,0.8065025124598346,0.7769002430136289,0.6836630786779593
0.3772016623781462,1.0,-1.0,0.2037720782686859,0.7260905021685282,0.7769002430136289,0.5323398764335836
0.3772016623781462,1.0,-1.0,0.1498505453617683,0.7473120825594823,0.7371376176303067,0.6178059529611959
0.3772016623781462,1.0,-1.0,0.1354119519988652,0.7710763819299281,0.7371376176303067,0.94007093381752
0.3772016623781462,1.0,-1.0,0.0297794760128017,0.0717187530890487,0.7371376176303067,0.9391316544914016
0.3772016623781462,1.0,-1.0,0.1337437574241977,0.8121169359644628,0.7952522239597777,0.946960848983692
0.3772016623781462,1.0,-1.0,0.113440854346217,0.8394058215536802,0.8564254937802731,0.8136346376508233
0.3772016623781462,1.0,-1.0,0.1240682312026214,0.7976049092569435,0.7860762334867033,0.863835941198132
0.3772016623781462,1.0,-1.0,0.1285770223074144,0.888363982261037,0.8961881191635954,0.693876261055546
0.3772016623781462,1.0,-1.0,0.1592759562382862,0.9935132307771966,0.9824642863188828,0.5655678816111359
0.3772016623781462,1.0,-1.0,0.2656865190920638,0.9548876773023564,0.9940653508763884,0.6895580612991374
0.3772016623781462,1.0,-1.0,0.2500496234692679,0.9536495229011128,0.9506768931761927,0.7658004626803673
0.3772016623781462,1.0,-1.0,0.2862783590780645,0.9255388007424282,0.957361388984091,0.3903491764632764
0.3772016623781462,1.0,-1.0,0.2702548658723379,0.9202719890221748,0.957361388984091,0.3537697857813346
0.3772016623781462,1.0,-1.0,0.2185811580925284,0.9344800254828396,0.957361388984091,0.4090733344327342
0.3772016623781462,1.0,-1.0,0.2404261983509458,0.9152454784033512,0.957361388984091,0.3632119318969931
0.3772016623781462,1.0,-1.0,0.268365518988272,0.9481179207952084,0.957361388984091,0.3875179502105691
0.3772016623781462,1.0,-1.0,0.277667831184497,0.945638550832194,0.957361388984091,0.4106598011909348
0.3772016623781462,1.0,-1.0,0.1828231584942779,0.9524544798439692,0.957361388984091,0.3497804883813421
0.3772016623781462,1.0,-1.0,0.2026555798261916,0.9433187013455708,0.957361388984091,0.4564176852393647
0.3772016623781462,1.0,-1.0,0.1807396228930699,0.911562477127268,0.9134624027996296,0.5128806176139663
0.3772016623781462,1.0,-1.0,0.2296385192979718,0.8908345939036523,0.9114814366187194,0.6437093761656132
0.3772016623781462,1.0,-1.0,0.1976997339798339,0.9425815568840382,0.9114814366187194,0.6081404355928384
0.3772016623781462,1.0,-1.0,0.2196634232901605,0.935138515125256,0.9818306969122894,0.6072883113076007
0.3772016623781462,1.0,-1.0,0.1739487387438777,0.9422281629075554,0.9818306969122894,0.6301626593161066
0.3772016623781462,1.0,-1.0,0.0591664601297492,0.8568614942375905,0.8992467826546201,0.3966169306448481
0.3772016623781462,1.0,-1.0,0.1851135266917229,0.8881870301760849,0.8870121286905212,0.5175601549361148
0.3772016623781462,1.0,-1.0,0.2503484766919711,0.8825631680931629,0.8870121286905212,0.8088296180710213
0.3772016623781462,1.0,-1.0,0.191910062446836,0.9342007796169178,0.8870121286905212,0.9410963764604928
0.3772016623781462,1.0,-1.0,0.1297033792772103,0.9633159025576568,0.9543027254930662,0.9258858383787508
0.3772016623781462,1.0,-1.0,0.171668795390074,0.8841928959452492,0.8686601477443724,0.9325707000183528
0.3772016623781462,1.0,-1.0,0.2110888160329981,0.920954032594208,0.9267747540738432,0.965489929003548
0.3772016623781462,1.0,-1.0,0.2213020885128284,0.9137751009631824,0.9267747540738432,0.9399355343196054
0.3772016623781462,1.0,-1.0,0.2004054547612957,0.9521239595392076,0.9267747540738432,0.9723897614099808
0.3772016623781462,1.0,-1.0,0.1150367453490216,0.0396660374042814,0.0520001795338304,0.9743139977041252
0.3772016623781462,1.0,-1.0,0.1184104998193017,0.0831751516787167,0.0520001795338304,0.9069056406004408
0.3772016623781462,1.0,-1.0,0.0962396543034011,0.073169100122917,0.122349190006074,0.9828518081814078
0.3772016623781462,1.0,-1.0,0.0717952740543168,0.0213536596192668,0.9757133699302396,0.9636090368830144
0.3772016623781462,1.0,-1.0,0.0,0.9595548416881154,0.9757133699302396,0.9740072632965274
0.3772016623781462,1.0,-1.0,0.0257243996453033,0.1214759776699331,0.9757133699302396,0.982018526652666
0.3772016623781462,1.0,-1.0,0.0641258887937663,0.247756279131856,0.250812355003262,0.9642655581882836
0.3772016623781462,1.0,-1.0,0.065281168348055,0.2753525775154621,0.250812355003262,0.9687352000371462
0.3772016623781462,1.0,-1.0,0.0968328648905187,0.3250341712361544,0.3670408235135718,0.8985190972054897
0.3772016623781462,1.0,-1.0,0.1173557992026948,0.3635482899645604,0.311985199595968,0.8922238080980173
0.3772016623781462,1.0,-1.0,0.1246764780664324,0.4592331954190086,0.434331420316117,0.9272935031287188
0.3772016623781462,1.0,-1.0,0.110185887617562,0.4535265119373633,0.3884514679507453,0.6153265845592731
0.3772016623781462,1.0,-1.0,0.0965517639514443,0.451351684930743,0.4037447854058692,0.7950218444558242
0.3772016623781462,1.0,-1.0,0.1295183209663617,0.4205567926665128,0.4037447854058692,0.592361231287197
0.3772016623781462,1.0,-1.0,0.1632535310589464,0.4219657768316526,0.4037447854058692,0.6954012409241294
0.3772016623781462,1.0,-1.0,0.1749374808431218,0.4324120721648808,0.4037447854058692,0.9536025997965132
0.3772016623781462,1.0,-1.0,0.1632997494067533,0.3775296304816968,0.4037447854058692,0.968932086424678
0.3772016623781462,1.0,-1.0,0.2290698914629887,0.4014110192423295,0.4037447854058692,0.985615918052232
0.3772016623781462,1.0,-1.0,0.2455075815051,0.3620919003273587,0.4037447854058692,0.988148081174367
0.3772016623781462,1.0,-1.0,0.2448618653030571,0.3523374485314641,0.4037447854058692,0.9575143677123484
0.3772016623781462,1.0,-1.0,0.2194986599077312,0.3719564476119567,0.4037447854058692,0.9744685316420724
0.3772016623781462,1.0,-1.0,0.2213495666255542,0.4085545349466936,0.4037447854058692,0.9806449888765364
0.3772016623781462,1.0,-1.0,0.2007839621108018,0.390091060191254,0.4037447854058692,0.9875165279798724
0.3772016623781462,1.0,-1.0,0.2605581201242367,0.4679482769254316,0.4037447854058692,0.970236028508859
0.3772016623781462,1.0,-1.0,0.2514659228475236,0.461568010579323,0.4588007282443153,0.9771980478453984
0.3772016623781462,1.0,-1.0,0.247494242339787,0.464532021776448,0.4588007282443153,0.9810340947150068
0.3772016623781462,1.0,-1.0,0.3564983722248094,0.4238532799098476,0.4435074107891913,0.9832745159633502
0.3772016623781462,1.0,-1.0,0.2862116493247409,0.3925567399641302,0.3762168139866461,0.9746230655800194
0.3772016623781462,1.0,-1.0,0.3530542673961646,0.3541583926262395,0.3762168139866461,0.9784616792647544
0.3772016623781462,1.0,-1.0,0.3543410074648642,0.3576907592946858,0.3762168139866461,0.9692517715813224
0.3772016623781462,1.0,-1.0,0.3651993258131108,0.3389428304488156,0.3425716006309315,0.5246861004204955
0.3772016623781462,1.0,-1.0,0.3422738926682254,0.3695042454486262,0.3591636062784561,0.7488297311257371
0.3772016623781462,1.0,-1.0,0.3288494909674249,0.3781816151579919,0.3700994870045966,0.9220446578788896
0.3772016623781462,1.0,-1.0,0.3444936909152556,0.3679264722932751,0.3700994870045966,0.9694767179251216
0.3772016623781462,1.0,-1.0,0.3778640083654401,0.3614293291375718,0.3700994870045966,0.9662166293678394
0.3772016623781462,1.0,-1.0,0.3918725942643516,0.3722585246334811,0.3700994870045966,0.9884042959933418
0.3772016623781462,1.0,-1.0,0.3590752733751996,0.3642423655981122,0.3700994870045966,0.9812368147732804
0.3772016623781462,1.0,-1.0,0.3193000799274612,0.3625469503430343,0.3700994870045966,0.9832776078088432
0.3772016623781462,1.0,-1.0,0.2759569779647295,0.391789961768044,0.3670408235135718,0.9763010042954496
0.3772016623781462,1.0,-1.0,0.3586872657801578,0.3744360301555631,0.39151013144177,0.9923232393241896
0.3772016623781462,1.0,-1.0,0.373155908581495,0.3654668298092174,0.3517475698426163,0.9924410794731716
0.3772016623781462,1.0,-1.0,0.383854387032225,0.3501752275539616,0.3517475698426163,0.9914302210070528
0.3772016623781462,1.0,-1.0,0.3705454445198692,0.3503312617086406,0.3517475698426163,0.9843486114203088
0.3772016623781462,1.0,-1.0,0.2516721082250867,0.370502566425743,0.3517475698426163,0.9931408866153438
0.3772016623781462,1.0,-1.0,0.2873529963413249,0.3398679811860951,0.3517475698426163,0.9870389836929584
0.3772016623781462,1.0,-1.0,0.2593915084644154,0.3534106829092742,0.3762168139866461,0.9830573284016372
0.3772016623781462,1.0,-1.0,0.2337026365013221,0.3473641680929287,0.363982160022547,0.9896886369438308
0.3772016623781462,1.0,-1.0,0.2351020388491969,0.3368788642210306,0.363982160022547,0.9753907766496248
0.3772016623781462,1.0,-1.0,0.2262810261968751,0.3474012421482093,0.363982160022547,0.9836534128780224
0.3772016623781462,1.0,-1.0,0.1746253711950787,0.3506200737012114,0.363982160022547,0.9796620736932704
0.3772016623781462,1.0,-1.0,0.1625613769170465,0.3054543295007462,0.3321433993628662,0.9807941558374016
0.3772016623781462,1.0,-1.0,0.1745938770721045,0.3024659990838729,0.3242197472531197,0.9561298626352248
0.3772016623781462,1.0,-1.0,0.247157781089136,0.3065750756409142,0.3242197472531197,0.9884502653187862
0.3772016623781462,1.0,-1.0,0.1246399448837823,0.4068440689856876,0.4282140933340674,1.0
0.3772016623781462,1.0,-1.0,0.1406919619410687,0.3821650353269804,0.3976274584238196,0.970384670439357
0.3772016623781462,1.0,-1.0,0.0892068721748146,0.3673846043637426,0.3456302428605667,0.9801409013877478
0.3772016623781462,1.0,-1.0,0.0995300446969794,0.4231938123967069,0.4282140933340674,0.9926710427738088
0.3772016623781462,1.0,-1.0,0.1951090563176693,0.3760996008379286,0.39151013144177,0.9768770209444836
0.3772016623781462,1.0,-1.0,0.0927458985564821,0.3717547936621903,0.4159794393699683,0.9840664951032412
0.3772016623781462,1.0,-1.0,0.0577771185650117,0.4693672098622866,0.4863286996635383,0.9898796313239134
0.3772016623781462,1.0,-1.0,0.1157578162966761,0.4601019697832352,0.4554029030682576,0.9807095092749396
0.3772016623781462,1.0,-1.0,0.1220739077611337,0.5596894722655151,0.5321779080597175,0.9935942795053876
0.3772016623781462,1.0,-1.0,0.1409241285254008,0.5640134890593359,0.5872645948673563,0.9837342675545022
0.3772016623781462,1.0,-1.0,0.2023418636889399,0.5525307357907493,0.5077393441007118,0.986787319137162
0.3772016623781462,1.0,-1.0,0.2148980677685222,0.5757308037533624,0.5505606329750589,0.9777413376015712
0.3772016623781462,1.0,-1.0,0.2533477111420758,0.5653515988550343,0.5964405853404307,0.9933546323113192
0.3772016623781462,1.0,-1.0,0.2316402510817812,0.6175672595251156,0.5788871396604844,0.9778823957601052
0.3772016623781462,1.0,-1.0,0.3029210094052489,0.5848204522632519,0.5933819218494057,0.9925119002359756
0.3772016623781462,1.0,-1.0,0.3172813586534602,0.5635876051009108,0.5762781970798041,0.9858196298345316
0.3772016623781462,1.0,-1.0,0.3396321771906282,0.5296900140612006,0.5505606329750589,0.9928668207638996
0.3772016623781462,1.0,-1.0,0.3682691995584882,0.5359972802319457,0.5107980075917365,0.9890144979529218
0.3772016623781462,1.0,-1.0,0.4068880212704257,0.5540131878085552,0.5456580542197311,0.9819030199719806
0.3772016623781462,1.0,-1.0,0.4336604990984041,0.5378420120949888,0.5413846425019845,0.9808499840663992
0.3772016623781462,1.0,-1.0,0.4943476515112767,0.553808940375564,0.575029940903257,0.9883061736514668
0.3772016623781462,1.0,-1.0,0.4801762901158631,0.5316097018410556,0.5536192964660835,0.9918566623382696
0.3772016623781462,1.0,-1.0,0.4488973673507848,0.5264879126008051,0.5138566710827615,0.9920267721770972
0.3772016623781462,1.0,-1.0,0.5341244167757948,0.540864823083918,0.5383259790109597,0.9891452888509504
0.3772016623781462,1.0,-1.0,0.4778590623434486,0.5833757120425032,0.5566779599571083,0.9931139350565172
0.3772016623781462,1.0,-1.0,0.5276945766293879,0.5730306901034018,0.5872780745882884,0.9759491756130187
0.3772016623781462,1.0,-1.0,0.5120854651796671,0.5855406327935266,0.5857533353029045,0.9856849887138136
0.3772016623781462,1.0,-1.0,0.4867145393901591,0.5873327297019397,0.5744113195148596,0.9858318805430892
0.3772016623781462,1.0,-1.0,0.4299137039649177,0.6057057726734548,0.5964405853404307,0.9792977026187448
0.3772016623781462,1.0,-1.0,0.3726686453798102,0.5899241721531648,0.5964405853404307,0.9741271452302688
0.3772016623781462,1.0,-1.0,0.447505893431666,0.6024323716824336,0.5931219375788076,0.96761385184718
0.3772016623781462,1.0,-1.0,0.3375426085867807,0.6558323613478114,0.6277979030966582,0.9849433541524236
0.3772016623781462,1.0,-1.0,0.4024522156285985,0.7285624743269337,0.7157284189676181,0.956470257323002
0.3772016623781462,1.0,-1.0,0.3694661380361753,0.8131517782873202,0.801518380668208,0.9914140034023908
0.3772016623781462,1.0,-1.0,0.5887094066109075,0.791764214969972,0.7792157784194438,0.9761408700335904
0.3772016623781462,1.0,-1.0,0.48782558270383,0.787201555203341,0.7769016887881138,0.9881353637721502
0.3772016623781462,1.0,-1.0,0.3717394705135234,0.7610047386324033,0.7371390634047914,0.989872164225364
0.3772016623781462,1.0,-1.0,0.380304068996192,0.6890880015151789,0.7004351015124942,0.9862197029739964
0.3772016623781462,1.0,-1.0,0.3296394213589987,0.68293111485536,0.7004351015124942,0.9513817796818618
0.3772016623781462,1.0,-1.0,0.3643158954381017,0.6875242161627947,0.6667898031112215,0.9483679887032932
0.3772016623781462,1.0,-1.0,0.4410855766457475,0.6797935528627583,0.660672476129172,0.9940494224966536
0.3772016623781462,1.0,-1.0,0.5429320458705371,0.6832370183275444,0.6851417840573701,0.93937130168547
0.3772016623781462,1.0,-1.0,0.5083010389032802,0.6713415610972494,0.6851417840573701,0.9358348138084468
0.3772016623781462,1.0,-1.0,0.446792982062294,0.6736775241927613,0.6851417840573701,0.9726049655236416
0.3772016623781462,1.0,-1.0,0.451483098413084,0.6989074391981107,0.6851417840573701,0.9545594968082712
0.3772016623781462,1.0,-1.0,0.3620822975643445,0.6984882727863995,0.6851417840573701,0.9498779760380708
0.3772016623781462,1.0,-1.0,0.4312108688772587,0.7003492458066873,0.7126697554765931,0.8200387830543355
0.3772016623781462,1.0,-1.0,0.4308726046603016,0.7052966764452104,0.7126697554765931,0.8098681281364556
0.3772016623781462,1.0,-1.0,0.4303298655722768,0.746862176994138,0.7677256983150395,0.692044546779365
0.3772016623781462,1.0,-1.0,0.3665888580762076,0.6976653733139709,0.6820831205663456,0.9595972798506665
0.3772016623781462,1.0,-1.0,0.4501351268348368,0.7004325773988319,0.6820831205663456,0.9486130612111516
0.3772016623781462,1.0,-1.0,0.4561909208175974,0.6884704548948211,0.6820831205663456,0.9824685360136792
0.3772016623781462,1.0,-1.0,0.4885719182947216,0.69295543771306,0.6820831205663456,0.909421177760962
0.3772016623781462,1.0,-1.0,0.4837121844214477,0.69640642853081,0.6820831205663456,0.9678563575399116
0.3772016623781462,1.0,-1.0,0.4545876214724712,0.7147845309204198,0.7096110919855686,0.8038054274814541
0.3772016623781462,1.0,-1.0,0.5398313598932885,0.6961026508645478,0.7096110919855686,0.9016687543756318
0.3772016623781462,1.0,-1.0,0.4926591042208083,0.7190288299921632,0.7157284189676181,0.9743379740908734
0.3772016623781462,1.0,-1.0,0.5128515409401149,0.7003694409629467,0.6637311396201968,0.9817803962129904
0.3772016623781462,1.0,-1.0,0.4484806972144673,0.7052411078784078,0.7033408530903572,0.9744573309942482
0.3772016623781462,1.0,-1.0,0.4096269582388334,0.6972974813410997,0.6943493264324372,0.9912487938469864
0.3772016623781462,1.0,-1.0,0.4970165964030856,0.6872708200968856,0.6820831205663456,0.9857192906977748
0.3772016623781462,1.0,-1.0,0.4813982389723083,0.6805490217713391,0.6820831205663456,0.9814486936946184
0.3772016623781462,1.0,-1.0,0.4756240313426276,0.6771806822878388,0.6820831205663456,0.9915333603057656
0.3772016623781462,1.0,-1.0,0.5002469572646537,0.7060746788965652,0.7180411478700213,0.9860738612054544
0.3772016623781462,1.0,-1.0,0.5199567537728038,0.6855901154187883,0.6943177745304446,0.9906058066578382
0.3772016623781462,1.0,-1.0,0.4719311402787013,0.683648319257344,0.6943177745304446,0.9885632051843452
0.3772016623781462,1.0,-1.0,0.4353160844664057,0.6821551531776905,0.6943177745304446,0.9802984688344806
0.3772016623781462,1.0,-1.0,0.5418558599054499,0.6829269907918715,0.6943177745304446,0.9927452470656428
0.3772016623781462,1.0,-1.0,0.4600741404015746,0.6867963402150821,0.6943177745304446,0.9940134870848848
0.3772016623781462,1.0,-1.0,0.4753883050555886,0.7008134793039461,0.7286037211196191,0.987359718910336
0.3772016623781462,1.0,-1.0,0.4737667911277808,0.6874408845706502,0.6973764380214693,0.9823263111209972
0.3772016623781462,1.0,-1.0,0.4951548256575211,0.7018975552919587,0.6973764380214693,0.9881995341503088
0.3772016623781462,1.0,-1.0,0.503616793750461,0.7076496459880993,0.7175756084859013,0.9959918015068044
0.3772016623781462,1.0,-1.0,0.5593521223187355,0.7293514884529646,0.7469309538084096,0.9900639753193506
0.3772016623781462,1.0,-1.0,0.4528583918653535,0.7179218803324292,0.7400540849484692,0.9937289206261056
0.3772016623781462,1.0,-1.0,0.4297166258786954,0.7140290194957205,0.7340803999137668,0.985543813881865
0.3772016623781462,1.0,-1.0,0.3672910903374592,0.7430959291581469,0.7566439219342667,0.9883143407905052
0.3772016623781462,1.0,-1.0,0.6201191600079374,0.7387880259732155,0.7493737173688907,0.9717887766501728
0.3772016623781462,1.0,-1.0,0.5686231137541314,0.7446323766463733,0.7279630729317171,0.985762576534678
0.3772016623781462,1.0,-1.0,0.5835742811918617,0.7278411458614611,0.7279630729317171,0.9897531573422336
0.3772016623781462,1.0,-1.0,0.5439393955066578,0.7030506349402013,0.7279630729317171,0.9881595151690208
0.3772016623781462,1.0,-1.0,0.4758111699992139,0.717875197634381,0.7157284189676181,0.9800014766570216
0.3772016623781462,1.0,-1.0,0.5090495472997202,0.7180996827397503,0.7175751832581118,0.966199770059396
0.3772016623781462,1.0,-1.0,0.4568294482693688,0.6954169934224474,0.7126697554765931,0.9767513053400002
0.3772016623781462,1.0,-1.0,0.4816256438763963,0.6885969828633022,0.7120366338205685,0.9690159746099434
0.3772016623781462,1.0,-1.0,0.4993608224401856,0.6866469810909985,0.6851417840573701,0.9883961288543034
0.3772016623781462,1.0,-1.0,0.4746358208872942,0.6694279106062129,0.6851417840573701,0.9913163477541752
0.3772016623781462,1.0,-1.0,0.4444130203084103,0.6826679825983277,0.6851417840573701,0.98569093905797
0.3772016623781462,1.0,-1.0,0.2864019084999338,0.6394303656272281,0.6392618316919984,0.975838510879049
0.3772016623781462,1.0,-1.0,0.4205461844872907,0.5409050433319634,0.5505605904522796,0.9802131222315298
0.3772016623781462,1.0,-1.0,0.5348940984688546,0.5463734239697459,0.5291499460151062,0.9871676744695198
0.3772016623781462,1.0,-1.0,0.5172818914531185,0.5753493066225899,0.562795244416379,0.988077260411563
0.3772016623781462,1.0,-1.0,0.6277525495084868,0.646996491548897,0.6453791586740478,0.9800065519505669
0.3772016623781462,1.0,-1.0,0.7462681356812354,0.6881791344512622,0.6871795606709792,0.9574228374184116
0.3772016623781462,1.0,-1.0,0.8541015625598191,0.7105392539779521,0.6973764380214693,0.959722470424783
0.3772016623781462,1.0,-1.0,0.8948819790680351,0.7211824414556812,0.7157284189676181,0.945241782889533
0.3772016623781462,1.0,-1.0,1.0,0.8037079279946977,0.7805598384170013,0.980329328952704
0.3772016623781462,1.0,-1.0,0.797401508328095,0.821950574030954,0.7891363427522129,0.9875272619340372
0.3772016623781462,1.0,-1.0,0.5244221465540122,0.8212891082602465,0.8074883236983617,0.989430322003389
0.3772016623781462,1.0,-1.0,,,,0.9844213572944576
0.3772016623781462,1.0,-1.0,,,,0.986137914910198
0.3772016623781462,1.0,-1.0,0.4065944613718774,0.724318345319664,0.731021736422742,0.9638277995358276
0.3772016623781462,1.0,-1.0,0.378304440673073,0.7281799142932002,0.7311271078690198,0.9473302953517628
0.3772016623781462,1.0,-1.0,0.4380220132824413,0.7100956407981371,0.7034937650035189,0.8631250500815505
0.3772016623781462,1.0,-1.0,0.3714411027048257,0.7299221397946818,0.7218457459496677,0.828317228530443
0.3772016623781462,1.0,-1.0,0.35051950480444,0.6992558587887361,0.7025723814288836,0.9011922018127436
0.3772016623781462,1.0,-1.0,0.3591369209538947,0.7478596051327675,0.7184206211495139,0.8529241184125214
0.3772016623781462,1.0,-1.0,0.2984455616196414,0.772969369587402,0.7695670196898254,0.8394755239048898
0.3772016623781462,1.0,-1.0,0.2918498254581259,0.7278213333502676,0.7126697554765931,0.8448458261795609
0.3772016623781462,1.0,-1.0,0.1910490304609366,0.833125255505316,0.8564254087347154,0.8263539066423297
0.3772016623781462,1.0,-1.0,0.2693988267162091,0.7764719324568211,0.7303756453191326,0.8722571365972885
0.3772016623781462,1.0,-1.0,0.3443346831560341,0.766417125542199,0.7585481770219223,0.9454327772696156
0.3772016623781462,1.0,-1.0,0.3201958999170861,0.7571596659128222,0.7585481770219223,0.8946068042592875
0.3772016623781462,1.0,-1.0,0.274803796092393,0.7212914527833646,0.7371375325847488,0.56524236278375
0.3772016623781462,1.0,-1.0,0.2879424738635908,0.7086879746326691,0.7192350174122708,0.3968280803573433
0.3772016623781462,1.0,-1.0,0.2976147408768446,0.6947048059224397,0.7096095611655258,0.6177778930049284
0.3772016623781462,1.0,-1.0,0.3581506521545832,0.6909519081476391,0.7096095611655258,0.3349079531823731
0.3772016623781462,1.0,-1.0,0.3422524882220793,0.688885794855873,0.7096095611655258,0.2198556133585884
0.3772016623781462,1.0,-1.0,0.2306243489131832,0.6945587630555944,0.7096095611655258,0.1874529413333925
0.3772016623781462,1.0,-1.0,0.191190309051482,0.677992144924407,0.7096095611655258,0.1500917658511809
0.3772016623781462,1.0,-1.0,0.3107702001036602,0.6848610490197595,0.7096095611655258,0.1720918362098077
0.3772016623781462,1.0,-1.0,0.4000835339716039,0.7000028669897469,0.7096095611655258,0.2289367135920441
0.3772016623781462,1.0,-1.0,0.3606278816291828,0.6971816249183475,0.7034922341834762,0.3229160554272935
0.3772016623781462,1.0,-1.0,0.3580453635453007,0.6906877555037643,0.7034922341834762,0.1868991218015309
0.3772016623781462,1.0,-1.0,0.245617285070337,0.6956933056761965,0.7034922341834762,0.1981668568390916
0.3772016623781462,1.0,-1.0,0.3437750008077231,0.6874677972736235,0.7034922341834762,0.1669957018758188
0.3772016623781462,1.0,-1.0,0.3537846767846863,0.6903214791433938,0.7034922341834762,0.1241205262243915
0.3772016623781462,1.0,-1.0,0.2848641631604992,0.7015266021585597,0.7034922341834762,0.2181715055363488
0.3772016623781462,1.0,-1.0,0.3745301849758483,0.7008271269779659,0.7157268881475752,0.2134866449896486
0.3772016623781462,1.0,-1.0,0.2818587570180391,0.6937109491377592,0.6698469357822034,0.1517937247058901
0.3772016623781462,1.0,-1.0,0.3204622535163752,0.6969628369728493,0.6954242172391402,0.1864659279964304
0.3772016623781462,1.0,-1.0,0.4111324813342857,0.697548283923784,0.706550897674501,0.1796349474889261
0.3772016623781462,1.0,-1.0,0.3050887065490249,0.6917728093625006,0.706550897674501,0.2343362571413079
0.3772016623781462,1.0,-1.0,0.3141112815883815,0.6901020109400005,0.706550897674501,0.1612195657118256
0.3772016623781462,1.0,-1.0,0.4238324835342513,0.7054644450485791,0.691257580219377,0.1302113160040142
0.3772016623781462,1.0,-1.0,0.4549729939629119,0.6986244519137665,0.691257580219377,0.1311580186761514
0.3772016623781462,1.0,-1.0,0.2183246052331594,0.6846960014479709,0.691257580219377,0.0925709556242825
0.3772016623781462,1.0,-1.0,0.2398880822534494,0.6774891792432478,0.691257580219377,0.077133130438356
0.3772016623781462,1.0,-1.0,0.199015205934667,0.6809417856734983,0.691257580219377,0.1387939728251237
0.3772016623781462,1.0,-1.0,0.2941944906793259,0.5767792087180029,0.6086736659617078,0.1770041515787261
0.3772016623781462,1.0,-1.0,0.2820054213925501,0.5991153916700103,0.6189591182607844,0.2125863491682615
0.3772016623781462,1.0,-1.0,0.3169538197745288,0.5568652965819432,0.5536177231232619,0.2727716301697162
0.3772016623781462,1.0,-1.0,0.3579094938536735,0.5325990944332997,0.5536177231232619,0.3154869340744676
0.3772016623781462,1.0,-1.0,0.3104696594894142,0.5537851313492369,0.5536177231232619,0.3064019836183224
0.3772016623781462,1.0,-1.0,0.2729171536577861,0.5545458722565045,0.5964390119976088,0.2255690375621085
0.3772016623781462,1.0,-1.0,0.3000010823576575,0.569247138207205,0.5566763866142865,0.1789465305888769
0.3772016623781462,1.0,-1.0,0.2093533222737146,0.5944706757947881,0.5566763866142865,0.183196155545717
0.3772016623781462,1.0,-1.0,0.1621087630293715,0.5584541239280892,0.5566763866142865,0.1463490431292625
0.3772016623781462,1.0,-1.0,0.1197152464361091,0.5341490620471903,0.5498072143773389,0.0715053955659429
0.3772016623781462,1.0,-1.0,0.1079775081571367,0.4062954835094414,0.4649164818835431,0.1296434810781956
0.3772016623781462,1.0,-1.0,0.1197396789410513,0.3233692400379989,0.3678132072707103,0.1526315856661644
0.3772016623781462,1.0,-1.0,0.1108751408329054,0.2578617440016007,0.3119836475145357,0.1011125725717242
0.3772016623781462,1.0,-1.0,0.1016314481565793,0.1489642107094914,0.1778579366563396,0.0991987275035887
0.3772016623781462,1.0,-1.0,0.0936075315311502,0.0885910886844022,0.1131716474515674,0.08498734408604
0.3772016623781462,1.0,-1.0,0.1150684706215222,0.1248186799340134,0.0978783831499172,0.06634421215714
0.3772016623781462,1.0,-1.0,0.1007970561535994,0.1401870875572332,0.0978783831499172,0.0253448970852315
0.3772016623781462,1.0,-1.0,0.1645958857037017,0.0599677124840688,0.0978783831499172,0.0118782851943631
0.3772016623781462,1.0,-1.0,0.2023652560210132,0.9784611643332382,0.0183534327003993,0.0380267248487088
0.3772016623781462,1.0,-1.0,0.2520222535277015,0.9188918307853384,0.935949128681317,0.0591364129801651
0.3772016623781462,1.0,-1.0,0.1332729173963648,0.8668131570488745,0.9316209051014828,0.0958369143127485
0.3772016623781462,1.0,-1.0,0.1507790383369522,0.8455579038921148,0.8686585318787717,0.1935074894335325
0.3772016623781462,1.0,-1.0,0.2126412855972654,0.8742021183049994,0.8686585318787717,0.1917594008274335
0.3772016623781462,1.0,-1.0,0.2059927086540112,0.8480085329590631,0.8686585318787717,0.2031875472262137
0.3772016623781462,1.0,-1.0,0.2022302878125389,0.7924340138998938,0.7768986271480283,0.2146516144525858
0.3772016623781462,1.0,-1.0,0.215668327335398,0.784131126161758,0.7768986271480283,0.2819820045468076
0.3772016623781462,1.0,-1.0,0.20744298701265,0.7862114398370836,0.7768986271480283,0.3329364933235751
0.3772016623781462,1.0,-1.0,0.1399563401307263,0.7521743959288864,0.7768986271480283,0.3431275077523434
0.3772016623781462,1.0,-1.0,0.1203306589352389,0.6491379434025414,0.678029594138632,0.3472440083428583
0.3772016623781462,1.0,-1.0,0.130505121409584,0.6244484932948161,0.6304366966681728,0.4833295459365432
0.3772016623781462,1.0,-1.0,0.1219197888143959,0.6980241243213775,0.675775674239539,0.4406292929023053
0.3772016623781462,1.0,-1.0,0.120074290995491,0.6366675407025665,0.6085012360930008,0.5040024707856138
0.3772016623781462,1.0,-1.0,0.1823342079010503,0.5049832173771511,0.4929588938826968,0.443711366996905
0.3772016623781462,1.0,-1.0,0.1929310036751099,0.4613710334025852,0.483266932009649,0.2745174144758723
0.3772016623781462,1.0,-1.0,0.2907445377676627,0.4216290491735986,0.4350824151154356,0.3383740286535441
0.3772016623781462,1.0,-1.0,0.2893093072431936,0.401131008086276,0.4098590082250542,0.2818348793707024
0.3772016623781462,1.0,-1.0,0.3542426995712795,0.3874958338054876,0.3976243542609551,0.2146842684245624
0.3772016623781462,1.0,-1.0,0.41260730777263,0.4016571025358669,0.3976243542609551,0.2506512111836886
0.3772016623781462,1.0,-1.0,0.418633468386104,0.4442832101754275,0.4312696526622277,0.2892550752072935
0.3772016623781462,1.0,-1.0,0.4437125447835595,0.4226293258921637,0.4312696526622277,0.3155659803130174
0.3772016623781462,1.0,-1.0,0.3512381717970199,0.4533990486142767,0.455738960590426,0.3662835928893189
0.3772016623781462,1.0,-1.0,0.3037308648859997,0.4702000581064304,0.455738960590426,0.4184420638021086
0.3772016623781462,1.0,-1.0,0.3861667606645848,0.5070418903481904,0.5322055478660456,0.4234708921599153
0.3772016623781462,1.0,-1.0,0.3168530385810115,0.5915207799489853,0.5646135609677444,0.2565619884683998
0.3772016623781462,1.0,-1.0,0.3194013234200313,0.6495855956136078,0.6362001065608881,0.6277251183334017
0.3772016623781462,1.0,-1.0,0.3750890120709115,0.6907166664643043,0.6709359441515226,0.7712018000833841
0.3772016623781462,1.0,-1.0,0.4080742806399923,0.7017026188889058,0.7126666938365078,0.7088566608265287
0.3772016623781462,1.0,-1.0,0.394855532672844,0.7094330270922319,0.7126666938365078,0.9243549665027184
0.3772016623781462,1.0,-1.0,0.3108426654801916,0.7366416422498323,0.7279600112916313,0.9829397799361924
0.3772016623781462,1.0,-1.0,0.2909701628203973,0.7169234318069574,0.7279600112916313,0.9934288366031534
0.3772016623781462,1.0,-1.0,0.2760596545843634,0.7093913187800409,0.7279600112916313,0.981870468089242
0.3772016623781462,1.0,-1.0,0.2672405835880635,0.7045256891533985,0.6943147128903591,0.9885716056702132
0.3772016623781462,1.0,-1.0,0.264134534941802,0.6872464158449004,0.6943147128903591,0.9782755268313872
0.3772016623781462,1.0,-1.0,0.2559835785366546,0.7329901879336321,0.6943147128903591,0.9975257068916225
0.3772016623781462,1.0,-1.0,0.2420553864430306,0.7385040183020286,0.6943147128903591,0.9861250808345662
0.3772016623781462,1.0,-1.0,0.2314089859806021,0.7542218021285385,0.715857433079001,0.9731597476111756
0.3772016623781462,1.0,-1.0,0.1929264269144869,0.7674960145637615,0.7616053096929043,0.979791347836906
0.3772016623781462,1.0,-1.0,0.2749806254801012,0.7587599726109473,0.7616053096929043,0.9585786626024612
0.3772016623781462,1.0,-1.0,0.2480577848851891,0.777505159167178,0.7616053096929043,0.9815973356251164
0.3772016623781462,1.0,-1.0,0.2561217828384988,0.757151927979266,0.749370655728805,0.9849800479413888
0.3772016623781462,1.0,-1.0,0.2809273168863935,0.7762678550883035,0.7891332811121273,0.9862242532371748
0.3772016623781462,1.0,-1.0,0.3618594694208796,0.7845835826942087,0.8044265985672513,0.9800871149435094
0.3772016623781462,1.0,-1.0,0.4192987629530344,0.7887654681040805,0.8044265985672513,0.9816146616272192
0.3772016623781462,1.0,-1.0,0.3813631961262299,0.7948850681280264,0.8226366384772115,0.9882418865998932
0.3772016623781462,1.0,-1.0,0.2555238914734713,0.7659840563597572,0.7830159541300777,0.9836338117443304
0.3772016623781462,1.0,-1.0,0.2754991863276627,0.7499319257778261,0.7554879827108547,0.988134780405076
0.3772016623781462,1.0,-1.0,0.3761710230040644,0.702645753944286,0.7181637835645592,0.9852605308306488
0.3772016623781462,1.0,-1.0,0.4263740650370052,0.7085790058211044,0.7157253573275326,0.9796067704946392
0.3772016623781462,1.0,-1.0,0.2942025115678925,0.7119237913749883,0.7157253573275326,0.9917886417374218
0.3772016623781462,1.0,-1.0,0.2623234552873805,0.7396215969913725,0.7463119922377804,0.9880953447908624
0.3772016623781462,1.0,-1.0,0.3194542797765332,0.7025001787547436,0.7279600112916313,0.9891769073463704
0.3772016623781462,1.0,-1.0,0.2021573139070495,0.6150153570640406,0.6484347605249872,0.9903747932964676
0.3772016623781462,1.0,-1.0,0.1797481763443666,0.5202434852531161,0.5322055478660456,0.9916009142129544
0.3772016623781462,1.0,-1.0,0.2621762823839114,0.5282823478957325,0.5322055478660456,0.978354573069937
0.3772016623781462,1.0,-1.0,0.3029360572394186,0.5581915443805965,0.5322055478660456,0.9728020269212956
0.3772016623781462,1.0,-1.0,0.4113112523780158,0.5599829610311147,0.5750268367403925,0.9567688829282688
0.3772016623781462,1.0,-1.0,0.4219813456669019,0.560795741667354,0.5352642113570704,0.9846006259963496
0.3772016623781462,1.0,-1.0,0.5032304966619149,0.5573199214364346,0.5719681732493677,0.985179676154169
0.3772016623781462,1.0,-1.0,0.4010013825110963,0.5368901187192097,0.5199708939019465,0.9848576575292282
0.3772016623781462,1.0,-1.0,0.4228107101676823,0.5311823723346035,0.5199708939019465,0.986746016748311
0.3772016623781462,1.0,-1.0,0.4293107735402143,0.5446425077557698,0.5413815383391198,0.9924894989403276
0.3772016623781462,1.0,-1.0,0.5183065773037203,0.5640418898264548,0.5597335192852687,0.9879250016052052
0.3772016623781462,1.0,-1.0,0.4644775388797981,0.5571338283860177,0.5597335192852687,0.9852102445888556
0.3772016623781462,1.0,-1.0,0.5310111562643091,0.5742316429010089,0.5597335192852687,0.988269421525794
0.3772016623781462,1.0,-1.0,0.4174646376908292,0.5818662197733684,0.5994961446685906,0.9899854541111676
0.3772016623781462,1.0,-1.0,0.6319769920233592,0.6283501124519238,0.6545520875070366,0.9902098170878928
0.3772016623781462,1.0,-1.0,0.5515628918074765,0.6355427342730876,0.6326796882130716,0.9860084074197324
0.3772016623781462,1.0,-1.0,0.49603291647847,0.6220800478848144,0.6423174335429377,0.9839519801465818
0.3772016623781462,1.0,-1.0,0.4151567021293766,0.6067303686117682,0.6056134716506402,0.9891870579334608
0.3772016623781462,1.0,-1.0,0.4513041886796382,0.626656525389939,0.6300827795788384,0.9887516327493016
0.3772016623781462,1.0,-1.0,0.4605378725814702,0.6664947661110763,0.6576107509980617,0.986260538669188
0.3772016623781462,1.0,-1.0,0.3304481442070702,0.6539287446607271,0.6729040684531856,0.9908908398102768
0.3772016623781462,1.0,-1.0,0.4409044941067533,0.6041533816408132,0.6117307986326898,0.9811890953466134
0.3772016623781462,1.0,-1.0,0.2882361262219496,0.5822983536012042,0.6117307986326898,0.9926366241164328
0.3772016623781462,1.0,-1.0,0.3932706790599258,0.5866575312249758,0.5802064939234628,0.9873911040589264
0.3772016623781462,1.0,-1.0,0.4617754009159959,0.5793544525281018,0.5933788176865413,0.9914365213714538
0.3772016623781462,1.0,-1.0,0.5151108426412095,0.5714666921704254,0.5566748557942436,0.9886080077756412
0.3772016623781462,1.0,-1.0,0.5246385487406428,0.5526557331789663,0.5566748557942436,0.9595967548202996
0.3772016623781462,1.0,-1.0,0.5925355784917654,0.5303738858263265,0.5566748557942436,0.9839058358110152
0.3772016623781462,1.0,-1.0,0.5373525586019092,0.5661040066030874,0.5322055478660456,0.9441673374123296
0.3772016623781462,1.0,-1.0,0.6017761968793902,0.5665626279727121,0.5597335192852687,0.7967962137486145
0.3772016623781462,1.0,-1.0,0.6985892464767568,0.5681494145451729,0.5597335192852687,0.6415500429405793
0.3772016623781462,1.0,-1.0,0.7278660907337363,0.5752187821389758,0.5780855002314172,0.5652392709382569
0.3772016623781462,1.0,-1.0,0.7377477792179228,0.5695921139922364,0.5701291906274247,0.3252962222582539
0.3772016623781462,1.0,-1.0,0.807896898804916,0.5740327524989414,0.570098999454359,0.283310914741763
0.3772016623781462,1.0,-1.0,0.7154741646225777,0.5808215987432693,0.568909509758343,0.2232072467939844
0.3772016623781462,1.0,-1.0,0.477230613011029,0.7391860618740616,0.7414273155723974,0.2142202290854152
0.3772016623781462,1.0,-1.0,0.5059179335158371,0.6937108641055223,0.7096080303454831,0.1690551189052246
0.3772016623781462,1.0,-1.0,0.479025858922891,0.6673437279641091,0.6729040684531856,0.2407284435197997
0.3772016623781462,1.0,-1.0,0.4088980975521387,0.6406195414600272,0.6545520875070366,0.3046322229254181
0.3772016623781462,1.0,-1.0,0.4545578956433741,0.6011920489591499,0.6056134716506402,0.3359813777671965
0.3772016623781462,1.0,-1.0,0.3972634635194241,0.587102037243278,0.5811441637224419,0.3652950773821407
0.3772016623781462,1.0,-1.0,0.40787230218381,0.5895368077980473,0.5994961446685906,0.15590412911048
0.3772016623781462,1.0,-1.0,0.390066807934085,0.5826963044698135,0.5658508462673183,0.1552422116597749
0.3772016623781462,1.0,-1.0,0.3585941587509175,0.6317668777943287,0.6133848496889095,0.1196054619567164
0.3772016623781462,1.0,-1.0,0.3842843713812639,0.5850174294399897,0.5994961446685906,0.1936505602084723
0.3772016623781462,1.0,-1.0,0.4619569919839483,0.5669306474939385,0.568909509758343,0.1927946002847221
0.3772016623781462,1.0,-1.0,0.3774023103013769,0.5836890558354144,0.568909509758343,0.1642488888387436
0.3772016623781462,1.0,-1.0,0.3794666604918923,0.5734158011042414,0.568909509758343,0.2170310229063498
0.3772016623781462,1.0,-1.0,0.3690104267448462,0.5806975792257763,0.5811441637224419,0.3087888008339283
0.3772016623781462,1.0,-1.0,0.3874746971448567,0.5985733111598854,0.5811441637224419,0.2334734426544362
0.3772016623781462,1.0,-1.0,0.4258382604347731,0.5840984860560027,0.5658508462673183,0.2099960681013625
0.3772016623781462,1.0,-1.0,0.389677136062453,0.5957586165707258,0.6117307986326898,0.1824733054041151
0.3772016623781462,1.0,-1.0,0.4086469767066404,0.591597649091127,0.596437481177566,0.1281473122509878
0.3772016623781462,1.0,-1.0,0.4179797775253998,0.5910460449704716,0.6117307986326898,0.1601348821424708
0.3772016623781462,1.0,-1.0,0.3731261365224926,0.5989828689288291,0.6117307986326898,0.1126031173711752
0.3772016623781462,1.0,-1.0,0.4209595260704276,0.6421054372834271,0.6614361852394014,0.0775817761788336
0.3772016623781462,1.0,-1.0,0.2780044080099113,0.594618801951437,0.5658508462673183,0.0047926422851469
0.3772016623781462,1.0,-1.0,0.3193501700298355,0.600995539459715,0.6086721351416652,0.0704942162479332
0.3772016623781462,1.0,-1.0,0.3247476963912687,0.5590393582984317,0.5627921827762935,0.0878407237033888
0.3772016623781462,1.0,-1.0,0.3274849690830863,0.5909869900819567,0.5627921827762935,0.0786481784825017
0.3772016623781462,1.0,-1.0,0.374686858124853,0.5650205683568515,0.5872614907044916,0.0955709937240772
0.3772016623781462,1.0,-1.0,0.3866941976539606,0.5990738534222931,0.5762462199500215,0.0635362148521172
0.3772016623781462,1.0,-1.0,0.4077650950334583,0.5688697651399214,0.568909509758343,0.0949235802372537
0.3772016623781462,1.0,-1.0,0.4137465975584288,0.5828392861761309,0.5840252946112837,0.0605221795885866
0.3772016623781462,1.0,-1.0,0.3740182350047423,0.567101647322309,0.5750268367403925,0.1265603423386856
0.3772016623781462,1.0,-1.0,0.406281115073868,0.5624429011280013,0.542874853290848,0.1264137494850356
0.3772016623781462,1.0,-1.0,0.3179081899391949,0.5722572793928387,0.5811441637224419,0.2011005952709072
0.3772016623781462,1.0,-1.0,0.3019033042703448,0.5577095816619476,0.5811441637224419,0.3254652820363479
0.3772016623781462,1.0,-1.0,0.272651123667834,0.5807117796093358,0.5811441637224419,0.238048907290553
0.3772016623781462,1.0,-1.0,0.2872054304836609,0.5898354835300965,0.5811441637224419,0.1415387440774392
0.3772016623781462,1.0,-1.0,0.2100373399522846,0.6295770425978987,0.6195838204065737,0.0627940005696971
0.3772016623781462,1.0,-1.0,0.1878903028376049,0.6902748389614637,0.6484347605249872,0.0202159310346106
0.3772016623781462,1.0,-1.0,0.2648842222008268,0.623004135719133,0.6484347605249872,0.0504369915931166
0.3772016623781462,1.0,-1.0,0.1493592601583239,0.5777471731865524,0.5811441637224419,0.0863624059086505
0.3772016623781462,1.0,-1.0,0.1330402076106455,0.6271656133921535,0.6000172188020403,0.0782889337461404
0.3772016623781462,1.0,-1.0,0.1142459019168184,0.6207367936387851,0.6423174335429377,0.0934404496641535
0.3772016623781462,1.0,-1.0,0.222267392050094,0.7138082758087739,0.7218426843095821,0.0778177262840694
0.3772016623781462,1.0,-1.0,0.2241769645177213,0.7749173731021385,0.7768986271480283,0.0559726966635356
0.3772016623781462,1.0,-1.0,0.2120359281025347,0.8286335126242451,0.7880194394398916,0.0624255750940061
0.3772016623781462,1.0,-1.0,0.2598601178993184,0.92118089860221,0.9114798207531186,0.0942530508301162
0.3772016623781462,1.0,-1.0,0.1769624662692887,0.9614732539844172,0.978770417555664,0.1134152445513901
0.3772016623781462,1.0,-1.0,0.2033522876137619,0.9495903390090624,0.978770417555664,0.1416157193628757
0.3772016623781462,1.0,-1.0,0.2342585511123525,0.92762413131973,0.978770417555664,0.1216710043404009
0.3772016623781462,1.0,-1.0,0.2529375594224033,0.9053072506854948,0.908421157262094,0.1452890797396756
0.3772016623781462,1.0,-1.0,0.2684438324478216,0.9078587279853848,0.908421157262094,0.1314558421516912
0.3772016623781462,1.0,-1.0,0.2209879331914765,0.0021395040009286,0.9604184366095152,0.0959103529352978
0.3772016623781462,1.0,-1.0,0.2689169030685845,0.9934844048488934,0.0183534047948256,0.1182770767921277
0.3772016623781462,1.0,-1.0,0.134366358673599,0.9227195569285952,0.9573597731184904,0.1060286579503595
0.3772016623781462,1.0,-1.0,0.1607016980746961,0.9173442440740804,0.9573597731184904,0.1421708077181238
0.3772016623781462,1.0,-1.0,0.0877981545010253,0.9543438111152572,0.9053624937710688,0.197080452336868
0.3772016623781462,1.0,-1.0,0.1480667529089402,0.8501104448225568,0.9006498642693825,0.2177293862150135
0.3772016623781462,1.0,-1.0,0.142865183558526,0.8312877088662894,0.7860746176211024,0.2697823114399093
0.3772016623781462,1.0,-1.0,0.188441455768391,0.8047062914879328,0.7921919446031521,0.2441963274289006
0.3772016623781462,1.0,-1.0,0.2151673569667967,0.8202989928939889,0.7921919446031521,0.2450718884863429
0.3772016623781462,1.0,-1.0,0.1304213181487819,0.7681628373653927,0.7921919446031521,0.3324038500165057
0.3772016623781462,1.0,-1.0,0.096651909483764,0.6554148530647196,0.6300827795788384,0.2341440231061926
0.3772016623781462,1.0,-1.0,0.2410527522572488,0.5881249325368535,0.6300827795788384,0.1414627167634983
0.3772016623781462,1.0,-1.0,0.3057842354740105,0.5433074591205992,0.5444402018301446,0.1274175856699991
0.3772016623781462,1.0,-1.0,0.2901398506065586,0.5884023927258006,0.5507890653436638,0.1100993131809332
0.3772016623781462,1.0,-1.0,0.3656926451323877,0.5854178037273502,0.5994961446685906,0.1253492285401816
0.3772016623781462,1.0,-1.0,0.2912773605410041,0.586395334322549,0.5750268367403925,0.125315582844179
0.3772016623781462,1.0,-1.0,0.3518680542565033,0.5513660067260535,0.5432432706478095,0.0811744568892759
0.3772016623781462,1.0,-1.0,0.3222664217999569,0.5513794418194812,0.5413815383391198,0.0653763733666969
0.3772016623781462,1.0,-1.0,0.3537666933515311,0.5598932095050854,0.5413815383391198,0.1180488635927131
0.3772016623781462,1.0,-1.0,0.3904202817898803,0.5447677602406972,0.5566748557942436,0.1334025526623676
0.3772016623781462,1.0,-1.0,0.4252472110957274,0.5458571082273966,0.5566748557942436,0.1309775103192269
0.3772016623781462,1.0,-1.0,0.3741891931944795,0.5524942994772452,0.526088220883996,0.1930727642898623
0.3772016623781462,1.0,-1.0,0.4477719465365709,0.5398920117778657,0.526088220883996,0.2155562563586754
0.3772016623781462,1.0,-1.0,0.5301164689073635,0.5658219121572302,0.5661551817963779,0.2401542353086958
0.3772016623781462,1.0,-1.0,0.5226587992767956,0.5596741664628765,0.5666705578774458,0.3394879972500222
0.3772016623781462,1.0,-1.0,0.4671125047912241,0.5815992185495579,0.57318742889066,0.4106462670748141
0.3772016623781462,1.0,-1.0,0.4622679805567883,0.5737644332754588,0.5872614907044916,0.4812221907178176
0.3772016623781462,1.0,-1.0,0.4041317018576315,0.5984210184236293,0.6147894621237145,0.6019458356423674
0.3772016623781462,1.0,-1.0,0.2982969787040612,0.6208423611608741,0.5933788176865413,0.512398698073996
0.3772016623781462,1.0,-1.0,0.3544423203022923,0.6531267631185719,0.6239654525967889,0.5850151814057327
0.3772016623781462,1.0,-1.0,0.4209772321241511,0.6729619354032786,0.6729040684531856,0.6103839486866748
0.3772016623781462,1.0,-1.0,0.3090976252454671,0.6742535325654021,0.6729040684531856,0.6636120522983058
0.3772016623781462,1.0,-1.0,0.3123987178621184,0.6662849915826874,0.6729040684531856,0.8112567167830984
0.3772016623781462,1.0,-1.0,0.3465846926461668,0.6627692062004332,0.6759627319442104,0.7198727313082932
0.3772016623781462,1.0,-1.0,0.5142232284597723,0.6949214680620158,0.6779451013768266,0.7799943086252488
0.3772016623781462,1.0,-1.0,0.5011890765044198,0.7117762179278792,0.7034907033634332,0.8224475057035764
0.3772016623781462,1.0,-1.0,0.3748193992632999,0.7522044123085059,0.7401946652557309,0.8266150217447273
0.3772016623781462,1.0,-1.0,0.4230155086480868,0.7359939517014996,0.7463119922377804,0.804180474173437
0.3772016623781462,1.0,-1.0,0.4706557034218434,0.7600253373279928,0.7463119922377804,0.94478792330583
0.3772016623781462,1.0,-1.0,0.417028412304577,0.7109326556218882,0.7187840208185574,0.9809360307098391
0.3772016623781462,1.0,-1.0,0.4301882171424893,0.7032357076037754,0.7187840208185574,0.8396346664427229
0.3772016623781462,1.0,-1.0,0.4899699568603906,0.6792743035082365,0.6881973859083095,0.9402241843479038
0.3772016623781462,1.0,-1.0,0.3846482931956532,0.677203258346731,0.6881973859083095,0.9863642613349752
0.3772016623781462,1.0,-1.0,0.3291262000654974,0.6443049236387431,0.6423174335429377,0.9824683026668496
0.3772016623781462,1.0,-1.0,0.3407971939187171,0.6646919126246976,0.6467524743435342,0.9881977840490862
0.3772016623781462,1.0,-1.0,0.3947476783038183,0.6803036612518155,0.6790213954352352,0.9514583174419926
0.3772016623781462,1.0,-1.0,0.4876236504775529,0.6830416567633072,0.6790213954352352,0.9628520014308662
0.3772016623781462,1.0,-1.0,0.5710264678400885,0.6889177669769405,0.6933890345150481,0.8473718056107097
0.3772016623781462,1.0,-1.0,0.6328352039850362,0.7045076198030611,0.7004320398724085,0.8467463777704939
0.3772016623781462,1.0,-1.0,0.4245116008428614,0.6981813064112543,0.7004320398724085,0.7079943276174931
0.3772016623781462,1.0,-1.0,0.5250066774764128,0.6833955609332113,0.68208005892626,0.3190534945241641
0.3772016623781462,1.0,-1.0,0.4600662350877712,0.7184873447076966,0.7249013478006068,0.3745492917948558
0.3772016623781462,1.0,-1.0,0.4842149808713077,0.6923302807075012,0.6759627319442104,0.4494220056226459
0.3772016623781462,1.0,-1.0,0.4891354608401236,0.7194077336397107,0.6973733763813837,0.2984458192823391
0.3772016623781462,1.0,-1.0,0.3542883747176993,0.6883809159493841,0.7034907033634332,0.3559595124309327
0.3772016623781462,1.0,-1.0,0.3106031714558721,0.6480674300563115,0.6751833319285425,0.4769009282842696
0.3772016623781462,1.0,-1.0,0.3526911314901652,0.657653114120054,0.65443434193208,0.3805330045480149
0.3772016623781462,1.0,-1.0,0.3440963911092519,0.6748042013314519,0.6576107509980617,0.29525025112346
0.3772016623781462,1.0,-1.0,0.3464499787021716,0.671050198137572,0.6851387224172847,0.2032622619642378
0.3772016623781462,1.0,-1.0,0.4437782374789668,0.6673941520805802,0.6667867414711359,0.211069784369723
0.3772016623781462,1.0,-1.0,0.465399363191145,0.6835954717221217,0.6667867414711359,0.1937043466527106
0.3772016623781462,1.0,-1.0,0.4642850837841043,0.6532508676683015,0.6667867414711359,0.2240176165808885
0.3772016623781462,1.0,-1.0,0.4377265579577764,0.6258428519152122,0.6331414430698634,0.1517679836337424
0.3772016623781462,1.0,-1.0,0.460193043717963,0.681726165542619,0.6667867414711359,0.1517179890754862
0.3772016623781462,1.0,-1.0,0.4984819919407523,0.6842621669753973,0.6943147128903591,0.131271994018267
0.3772016623781462,1.0,-1.0,0.6235332385131008,0.6790777089765647,0.6790213954352352,0.1599125609505052
0.3772016623781462,1.0,-1.0,0.4754331942936187,0.6623832448772243,0.6790213954352352,0.1514670974810633
0.3772016623781462,1.0,-1.0,0.4215647679903951,0.6552365404639771,0.6453760970339623,0.2000261206253503
0.3772016623781462,1.0,-1.0,0.4636031002213667,0.657547036404543,0.6453760970339623,0.1948667784688753
0.3772016623781462,1.0,-1.0,0.479253263826979,0.665555202409645,0.6790213954352352,0.1994251650338958
0.3772016623781462,1.0,-1.0,0.5397936362905773,0.6533341992604463,0.6545520875070366,0.2138479388028578
0.3772016623781462,1.0,-1.0,0.5259941020233564,0.6687851944437381,0.6605165025759248,0.2058234475983126
0.3772016623781462,1.0,-1.0,0.4566218759946473,0.7235815409870788,0.7010059272973339,0.1837203837827415
0.3772016623781462,1.0,-1.0,0.4128919452994585,0.8799196008807287,0.8808931858428708,0.1633230852920385
0.3772016623781462,1.0,-1.0,0.3365590211219756,0.8618357950629687,0.8524011379789305,0.087354239316063
0.3772016623781462,1.0,-1.0,0.283136967669214,0.860670938449918,0.8625412048967221,0.0738575170248126
0.3772016623781462,1.0,-1.0,0.3961789561713858,0.7948592183280142,0.8000782191901874,0.0801288224534483
0.3772016623781462,1.0,-1.0,0.3036227100225898,0.8189208754308372,0.8237640874387161,0.0736443401117347
0.3772016623781462,1.0,-1.0,0.29511996715319,0.8859318051894923,0.8390532376615014,0.125071297881871
0.3772016623781462,1.0,-1.0,0.2478236072999771,0.836861827090635,0.8674399140791639,0.1183339259135054
0.3772016623781462,1.0,-1.0,0.2028021286259393,0.7678738978244667,0.7952506080941766,0.1094156798908922
0.3772016623781462,1.0,-1.0,0.1988899228913496,0.7824358384550354,0.8013679350762265,0.0610744459056133
0.3772016623781462,1.0,-1.0,0.2667238025918554,0.7849311094463467,0.8013679350762265,0.046223535394875
0.3772016623781462,1.0,-1.0,0.302579185485585,0.7917212736903464,0.8013679350762265,0.0323754529378751
0.3772016623781462,1.0,-1.0,0.2807686558514616,0.7717484767302458,0.7865945861622989,0.0573186193007914
0.3772016623781462,1.0,-1.0,0.3209414727145407,0.7989039467397948,0.8047377802637246,0.0873723236953622
0.3772016623781462,1.0,-1.0,0.2925820378129536,0.7924989785288719,0.7677226366749539,0.0480017731405758
0.3772016623781462,1.0,-1.0,0.2174254798053067,0.7485138431633399,0.7677226366749539,0.0194022834539586
0.3772016623781462,1.0,-1.0,0.2385869415692542,0.6981796907987536,0.6881973859083095,0.0210442803770427
0.3772016623781462,1.0,-1.0,0.2393445803719877,0.7338764789386566,0.6881973859083095,0.0085144233824304
0.3772016623781462,1.0,-1.0,0.2322044408458572,0.7106813428457827,0.6973733763813837,0.0041019647237465
0.3772016623781462,1.0,-1.0,0.2353412554940848,0.6974845522622405,0.6973733763813837,0.0391147481945633
0.3772016623781462,1.0,-1.0,0.2009300486114966,0.6939908327454574,0.6973733763813837,0.0543268540753172
0.3772016623781462,1.0,-1.0,0.1288808336874592,0.658504031714535,0.6851387224172847,0.04272409861915
0.3772016623781462,1.0,-1.0,0.158570638130857,0.6424840858342641,0.6851387224172847,0.079167572064899
0.3772016623781462,1.0,-1.0,0.1020236626730019,0.6734748073400342,0.628479925948494,0.0436070429161248
0.3772016623781462,1.0,-1.0,0.1862527009027585,0.6030242385672531,0.5994961446685906,0.0456554926445362
0.3772016623781462,1.0,-1.0,0.2131370551015223,0.6629268559676131,0.5994961446685906,0.0397174757635055
0.3772016623781462,1.0,-1.0,0.2638043840732221,0.6196850299007877,0.651493424016012,0.0262122982957239
0.3772016623781462,1.0,-1.0,0.2611834720530023,0.580263872301558,0.5886527084639225,0.0210287391135825
0.3772016623781462,1.0,-1.0,0.1514191722779322,0.5665722366154796,0.5536161923032189,0.0235200628944814
0.3772016623781462,1.0,-1.0,0.230456418782242,0.5652278344342521,0.5536161923032189,0.0376146926842238
0.3772016623781462,1.0,-1.0,0.2200309510371619,0.5967949044416105,0.6117307986326898,0.0392610347804994
0.3772016623781462,1.0,-1.0,0.2657640697581764,0.5754670762706718,0.5566748557942436,0.0325089054481795
0.3772016623781462,1.0,-1.0,0.2508660204816164,0.56352217279463,0.5566748557942436,0.0220609160002179
0.3772016623781462,1.0,-1.0,0.291878511114354,0.5151232691092479,0.5016189129557976,0.0281434693659622
0.3772016623781462,1.0,-1.0,0.2998993072211765,0.51635900009174,0.5016189129557976,0.0303875986412708
0.3772016623781462,1.0,-1.0,0.3843532539401358,0.6030834635202413,0.5908017246673064,0.0367536319446187
0.3772016623781462,1.0,-1.0,0.4044969643392739,0.6202241342826216,0.6178481256147396,0.0425111878672996
0.3772016623781462,1.0,-1.0,0.4434766335768993,0.6313402710618901,0.6178481256147396,0.0514233632262973
0.3772016623781462,1.0,-1.0,0.5276575002453507,0.7086590211560106,0.7157253573275326,0.0492227859491196
0.3772016623781462,1.0,-1.0,0.5512918921027066,0.6908412812074552,0.7073200497004379,0.0852991829555366
0.3772016623781462,1.0,-1.0,0.4251464761321153,0.632089660165534,0.6357540851323137,0.0501761499440349
0.3772016623781462,1.0,-1.0,0.4039871871737162,0.6080299588041592,0.5994961446685906,0.0261985508860167
0.3772016623781462,1.0,-1.0,0.3938195204954478,0.6068215231697062,0.5994961446685906,0.005014446878223
0.3772016623781462,1.0,-1.0,0.4498450341791848,0.6597735630111878,0.6582495707064678,0.004658256273585
0.3772016623781462,1.0,-1.0,0.5189957727316822,0.774494507788123,0.7612475230306843,0.0047286481704384
0.3772016623781462,1.0,-1.0,0.2676778029172793,0.7521848548940229,0.7432533287467556,0.0048329253767626
0.3772016623781462,1.0,-1.0,0.3345993123220687,0.6970847306844201,0.7004115864157259,0.0056831705819637
0.3772016623781462,1.0,-1.0,0.3616347227363454,0.7122385807159266,0.6973733763813837,0.0052082214809574
0.3772016623781462,1.0,-1.0,0.3971578744157573,0.7037703903092913,0.7118163658255245,0.0052105160960954
0.3772016623781462,1.0,-1.0,0.5023226800118687,0.732470215805097,0.7377608314788325,0.0053155582880712
0.3772016623781462,1.0,-1.0,0.3840736092430779,0.7613924006003497,0.7547377107987785,0.0053525269545884
0.3772016623781462,1.0,-1.0,0.4586619092549838,0.76247953774889,0.7768986271480283,0.0053423286840759
0.3772016623781462,1.0,-1.0,0.3003771395221836,0.7317878321041165,0.7503101540072801,0.0047436906094747
0.3772016623781462,1.0,-1.0,0.4677528814392068,0.6924492408068994,0.7019120877170995,0.0041871203651316
0.3772016623781462,1.0,-1.0,0.6525351072934559,0.7091791208329012,0.700311700407935,0.0045978554493877
0.3772016623781462,1.0,-1.0,0.4535787000195709,0.7028565488595174,0.6851387224172847,0.0066947057880702
0.3772016623781462,1.0,-1.0,0.5203301989476814,0.6994734987990361,0.7004320398724085,0.0027890845900537
0.3772016623781462,1.0,-1.0,0.5138730369272521,0.683298113989744,0.7004320398724085,0.0052870031534239
0.3772016623781462,1.0,-1.0,0.3083424828576189,0.6540569732739459,0.671698972897289,0.0050881369638842
0.3772016623781462,1.0,-1.0,0.2815507733890425,0.6651805928900603,0.6606694144890863,0.0048469480628079
0.3772016623781462,1.0,-1.0,0.3234856893218957,0.6764026373203658,0.6631094565917135,0.0049313386046026
0.3772016623781462,1.0,-1.0,0.4043194877328918,0.6863516216161878,0.6943147128903591,0.0047324725290017
0.3772016623781462,1.0,-1.0,0.2816517857320863,0.8000850445100901,0.7764250934814628,0.0048405740938893
0.3772016623781462,1.0,-1.0,0.5075391700642131,0.8861598616488107,0.8655998683877469,0.0046717927824222
0.3772016623781462,1.0,-1.0,0.4400349558182817,0.8757004713511025,0.8717171953697965,0.004768931262054
0.3772016623781462,1.0,-1.0,0.3207178124327807,0.8010970981934633,0.826026979644171,0.0049677974515938
0.3772016623781462,1.0,-1.0,0.3712341314188728,0.7901540445323686,0.7952506080941766,0.0297998544910241
0.3772016623781462,1.0,-1.0,0.3876163918045496,0.7864832028661595,0.7768986271480283,0.031523680495904
0.3772016623781462,1.0,-1.0,0.3360661641017516,0.8186151845392455,0.8288701376913962,0.0420943028179663
0.3772016623781462,1.0,-1.0,0.3650350940745923,0.8074889714399063,0.8088554310421187,0.0523796549947161
0.3772016623781462,1.0,-1.0,0.3746939313003614,0.8593355071696813,0.8455221429800416,0.0647937427934597
0.3772016623781462,1.0,-1.0,0.4671498123247876,0.8073570014082649,0.809142714936813,0.0745668549265591
0.3772016623781462,1.0,-1.0,0.3974208301170081,0.8368389534189139,0.8450048108511414,0.0825525813890259
0.3772016623781462,1.0,-1.0,0.4908688973686222,0.8318500270487921,0.8369702168110726,0.0578631341278201
0.3772016623781462,1.0,-1.0,0.4933759451321294,0.8639132176422404,0.8698911821954383,0.0332087818651919
0.3772016623781462,1.0,-1.0,0.4001508909436014,0.8860174326520328,0.9018656755655784,0.0363092210844952
0.3772016623781462,1.0,-1.0,0.4109230598633528,0.8673545573011042,0.8778345223518459,0.04364120999645
0.3772016623781462,1.0,-1.0,0.4119047519020414,0.8774749240703622,0.89312783980697,0.0244591106967922
0.3772016623781462,1.0,-1.0,0.2824394277433486,0.8676115247209625,0.8350132334774991,0.0396266965546765
0.3772016623781462,1.0,-1.0,0.3188469112809227,0.8709807570429501,0.8594825414056974,0.0288704249533486
0.3772016623781462,1.0,-1.0,0.2999716339079921,0.8646754466136534,0.8655998683877469,0.0289265138745078
0.3772016623781462,1.0,-1.0,0.2350438122834927,0.8489317279548942,0.8655998683877469,0.0344818273707072
0.3772016623781462,1.0,-1.0,0.3323969658642829,0.8696286594442845,0.847693526165162,0.0154647334479779
0.3772016623781462,1.0,-1.0,0.2967860004797855,0.8583503236731627,0.8686585318787717,0.0308709419615066
0.3772016623781462,1.0,-1.0,0.3876916078604454,0.826949449172791,0.8396408174212536,0.0532345794419097
0.3772016623781462,1.0,-1.0,0.3240894518848941,0.8365647244549684,0.8441892239505733,0.0736680539832996
0.3772016623781462,1.0,-1.0,0.2976344348164952,0.8441584433375058,0.847247887441598,0.0689036294597712
0.3772016623781462,1.0,-1.0,0.2835459174113491,0.8276473087408841,0.8380718969685239,0.058170298768635
0.3772016623781462,1.0,-1.0,0.3725919961968507,0.8717136498926384,0.8686585318787717,0.0824842763967292
0.3772016623781462,1.0,-1.0,0.3599835985542037,0.8705585719868295,0.8686585318787717,0.1401608456324306
0.3772016623781462,1.0,-1.0,0.4591914265900974,0.8720295446526565,0.8686585318787717,0.1240873909745787
0.3772016623781462,1.0,-1.0,0.3667701024198703,0.8590770091695592,0.8686585318787717,0.1150309744604488
0.3772016623781462,1.0,-1.0,0.429734655541756,0.8715120384589908,0.8686585318787717,0.0928562804602582
0.3772016623781462,1.0,-1.0,0.5056277021704693,0.8841342237018004,0.8977231064387103,0.0792463703724423
0.3772016623781462,1.0,-1.0,0.433122244311192,0.8890717055686084,0.8808931858428708,0.081181099981833
0.3772016623781462,1.0,-1.0,0.459456647556707,0.922110726112518,0.9237144747172176,0.0715181713048671
0.3772016623781462,1.0,-1.0,0.3326155870863671,0.9105232131280924,0.9321135740185832,0.0819054668778278
0.3772016623781462,1.0,-1.0,0.2836721250527722,0.9229335830688278,0.9460996562027338,0.0930344991014166
0.3772016623781462,1.0,-1.0,0.2410919321019763,0.9565086468340436,0.935949128681317,0.0801680903496282
0.3772016623781462,1.0,-1.0,0.2715101233755397,0.9176092045242056,0.9390077921723418,0.2245292586732878
0.3772016623781462,1.0,-1.0,0.2464013673788925,0.9081893333223838,0.9390077921723418,0.3388569399175406
0.3772016623781462,1.0,-1.0,0.1303575093220148,0.9016030763824276,0.9390077921723418,0.30639842507917
0.3772016623781462,1.0,-1.0,0.1620189729958352,0.880411512371093,0.8625412048967221,0.3674419265517874
0.3772016623781462,1.0,-1.0,0.2131890868599186,0.8349855907838272,0.8625412048967221,0.4604437055966762
0.3772016623781462,1.0,-1.0,0.1891851562546817,0.7860281103343654,0.8004125332784183,0.4526101941880368
0.3772016623781462,1.0,-1.0,0.1813468989288698,0.7898718225381561,0.8561761402044167,0.3370828331399337
0.3772016623781462,1.0,-1.0,0.2473583264182545,0.8092262650716487,0.7768986271480283,0.3342559821402827
0.3772016623781462,1.0,-1.0,0.205368743622404,0.8064486870538882,0.7768986271480283,0.3571889877080961
0.3772016623781462,1.0,-1.0,0.1959018067334655,0.7656827871444833,0.7768986271480283,0.4346991332465548
0.3772016623781462,1.0,-1.0,0.205338301229775,0.7099259164533201,0.7004320398724085,0.6705806636827832
0.3772016623781462,1.0,-1.0,0.1881002790674011,0.713780895428498,0.7004320398724085,0.4444015777507072
0.3772016623781462,1.0,-1.0,0.2489079528433469,0.7062253985364391,0.7004320398724085,0.5579919267657418
0.3772016623781462,1.0,-1.0,0.2391016191047719,0.7167583842351688,0.7004320398724085,0.4366328492556542
0.3772016623781462,1.0,-1.0,0.280988617740799,0.7108893316971967,0.7004320398724085,0.3708708123719801
0.3772016623781462,1.0,-1.0,0.2316078670331303,0.6999815238982897,0.7004320398724085,0.4267348017715332
0.3772016623781462,1.0,-1.0,0.1347279112053426,0.7121021039757306,0.7004320398724085,0.5350430827818646
0.3772016623781462,1.0,-1.0,0.0899327972625239,0.6311682508466772,0.6667867414711359,0.5991121300795949
0.3772016623781462,1.0,-1.0,0.1268952823704989,0.5773605741215672,0.5766565647670436,0.5532257010963719
0.3772016623781462,1.0,-1.0,0.1135446404835777,0.5902102205980368,0.5474988653211693,0.6332526963712687
0.3772016623781462,1.0,-1.0,0.1108469637056352,0.5686816738319376,0.5750268367403925,0.7001108216505976
0.3772016623781462,1.0,-1.0,0.0594631636618567,0.5116917931898624,0.538322874848095,0.399698275530605
0.3772016623781462,1.0,-1.0,0.0509093540833335,0.4209482385690005,0.538322874848095,0.3492083219549978
0.3772016623781462,1.0,-1.0,0.0359794812957241,0.369222618680072,0.538322874848095,0.4574029047225739
0.3772016623781462,1.0,-1.0,0.0643513115906653,0.2636732722313219,0.538322874848095,0.7306994408377828
0.3772016623781462,1.0,-1.0,0.0754682804802332,0.1828943903539868,0.538322874848095,0.6349959138622984
0.3772016623781462,1.0,-1.0,0.112162169838513,0.1967211210064119,0.1734484626765965,0.5710123298409339
0.3772016623781462,1.0,-1.0,0.1191226483952366,0.1246022835201775,0.1620564719925719,0.4195014875771519
0.3772016623781462,1.0,-1.0,0.1377846209851906,0.1000979485921451,0.137639339514165,0.4052829360366793
0.3772016623781462,1.0,-1.0,0.1464265736568743,0.0770321093299654,0.064231670866244,0.3487483661853698
0.3772016623781462,1.0,-1.0,0.2189184977113799,0.0684211497976048,0.064231670866244,0.3296062840439779
0.3772016623781462,1.0,-1.0,0.2407942115119526,0.056394583487067,0.064231670866244,0.5665023773272461
0.3772016623781462,1.0,-1.0,0.2630541420553339,0.042778825786119,0.064231670866244,0.5676000408140012
0.3772016623781462,1.0,-1.0,0.2934989155244351,0.0480216451292844,0.064231670866244,0.484094719359376
0.3772016623781462,1.0,-1.0,0.1914944324833875,0.1359223063454307,0.1223460752125148,0.5029524683888182
0.3772016623781462,1.0,-1.0,0.2840885178096579,0.1079854219660221,0.1223460752125148,0.4460502314390142
0.3772016623781462,1.0,-1.0,0.2965916268430223,0.0800856701015571,0.0986379781812817,0.5969201282984075
0.3772016623781462,1.0,-1.0,0.3987274721599321,0.107159238123444,0.0917595466092143,0.6066718089836196
0.3772016623781462,1.0,-1.0,0.2842549916985826,0.1087714068186141,0.0917595466092143,0.4667741425703672
0.3772016623781462,1.0,-1.0,0.247856962176639,0.056095222182608,0.0917595466092143,0.3289522712171278
0.3772016623781462,1.0,-1.0,0.2861032401968518,0.0425727528172922,0.0152932516777002,0.2616642335724906
0.3772016623781462,1.0,-1.0,0.2961633067705737,0.0395132265028317,0.0489384065645938,0.1899169963496183
0.3772016623781462,1.0,-1.0,0.2605436270489303,0.0523119944718144,0.0489384065645938,0.1546348827830352
0.3772016623781462,1.0,-1.0,0.3076532180847992,0.0624684839982034,0.0489384065645938,0.1190402011381126
0.3772016623781462,1.0,-1.0,0.2945454218903305,0.0705778277361656,0.0734076294472341,0.1697290683018343
0.3772016623781462,1.0,-1.0,0.3697305268644898,0.1028819996889383,0.0879384231145922,0.2197962120062612
0.3772016623781462,1.0,-1.0,0.3778334503980479,0.0912087210645872,0.0917595466092143,0.2655388118373479
0.3772016623781462,1.0,-1.0,0.2754798622272543,0.0817466791877864,0.0948181888388496,0.2341810085786949
0.3772016623781462,1.0,-1.0,0.3362110486249091,0.0852242213215029,0.0856422462039016,0.2837117170900703
0.3772016623781462,1.0,-1.0,0.3641785926194107,0.0431746614778358,0.0563531938938015,0.2425106882680913
0.3772016623781462,1.0,-1.0,0.3121013439963843,0.0439915050606438,0.067290323726574,0.2385917741055972
0.3772016623781462,1.0,-1.0,0.3129873863610419,0.0853360068259143,0.067290323726574,0.3968632282235619
0.3772016623781462,1.0,-1.0,0.2774936831312953,0.0543502278189129,0.0515925827513992,0.4963163178999094
0.3772016623781462,1.0,-1.0,0.2396528876103212,0.067124588878653,0.0367038030962947,0.5384133110427498
0.3772016623781462,1.0,-1.0,0.2453068512563604,0.0202968736647787,0.0367038030962947,0.48655215315931
0.3772016623781462,1.0,-1.0,0.1966810580169189,0.0499668478947189,0.0367038030962947,0.3985850361429697
0.3772016623781462,1.0,-1.0,0.2179349795914327,0.0586609636402355,0.0887008937488843,0.3941015976628029
0.3772016623781462,1.0,-1.0,0.1804706573041323,0.0506059183000374,0.0887008937488843,0.3502741044311496
0.3772016623781462,1.0,-1.0,0.1749922170509771,0.0594000532141869,0.0887008937488843,0.2797512380235418
0.3772016623781462,1.0,-1.0,0.1208030707798515,0.0719767143231756,0.0887008937488843,0.2248976987331556
0.3772016623781462,1.0,-1.0,0.2102900326145625,0.0606537259986612,0.0887008937488843,0.2183563745621527
0.3772016623781462,1.0,-1.0,0.1644825068609947,0.0692478704061782,0.0887008937488843,0.2626474112709402
0.3772016623781462,1.0,-1.0,0.1749538115571631,0.0559098306481454,0.0581143651455839,0.2807260152361233
0.3772016623781462,1.0,-1.0,0.1406121691245499,0.0610128543366188,0.0581143651455839,0.2734488318377645
0.3772016623781462,1.0,-1.0,0.1715713658646897,0.0650452052434183,0.0581143651455839,0.241851089701506
0.3772016623781462,1.0,-1.0,0.1739666990620802,0.0311345537835744,0.0581143651455839,0.2322337584534748
0.3772016623781462,1.0,-1.0,0.1540053887542369,0.0702719827236443,0.0581143651455839,0.2397939769720432
0.3772016623781462,1.0,-1.0,0.1344885558707388,0.1045949953589916,0.1162287694918547,0.2446616501756109
0.3772016623781462,1.0,-1.0,0.1686847127914259,0.1220238403721657,0.1192874223521847,0.2566259838364361
0.3772016623781462,1.0,-1.0,0.1846402711513388,0.1460618159970172,0.1192874223521847,0.2683254105088814
0.3772016623781462,1.0,-1.0,0.2072126233946239,0.1586087051940675,0.1896364062476914,0.3151600443344574
0.3772016623781462,1.0,-1.0,0.2075482756219325,0.104713190168258,0.1101114637711946,0.3283987433688032
0.3772016623781462,1.0,-1.0,0.2534025860396469,0.0790390242413172,0.1058663190707656,0.3626550788563457
0.3772016623781462,1.0,-1.0,0.1695953379082178,0.1030785410754621,0.067290323726574,0.3831574271729296
0.3772016623781462,1.0,-1.0,0.1528135471236074,0.0978076159207497,0.1284633809331748,0.3140983454278248
0.3772016623781462,1.0,-1.0,0.1934317660091374,0.0866623290277749,0.1284633809331748,0.262470971899358
0.3772016623781462,1.0,-1.0,0.1563660610801413,0.0986099801079712,0.1284633809331748,0.2433776154928359
0.3772016623781462,1.0,-1.0,0.1483023751786923,0.0950581410572788,0.1284633809331748,0.1884067756680114
0.3772016623781462,1.0,-1.0,0.1589107862164543,0.0910048031315138,0.0611730233212613,0.2355762184416295
0.3772016623781462,1.0,-1.0,0.1098471264291231,0.1563685840585512,0.1101114637711946,0.2189820795017288
0.3772016623781462,1.0,-1.0,0.1062963460940373,0.0774720608090796,0.1101114637711946,0.2119076161616435
0.3772016623781462,1.0,-1.0,0.0852591387580147,0.1263892997524369,0.1101114637711946,0.2020503606201837
0.3772016623781462,1.0,-1.0,0.1044536451844021,0.0609873659236133,0.1101114637711946,0.1807412739767325
0.3772016623781462,1.0,-1.0,0.0942756923522081,0.052185753487133,0.0275278524883256,0.2561532523278838
0.3772016623781462,1.0,-1.0,0.176389932007309,0.0087635321940762,0.0,0.2754299755899937
0.3772016623781462,1.0,-1.0,0.1262785292041159,0.064395298542412,0.0581143651455839,0.35858647270262
0.3772016623781462,1.0,-1.0,0.0919142225604376,0.008709794477624,0.0581143651455839,0.3314571327601917
0.3772016623781462,1.0,-1.0,0.0726442747073662,0.9743742599319636,0.9879448772086956,0.2835001006839158
0.3772016623781462,1.0,-1.0,0.2457180662638543,0.9159157024944576,0.9485857929977604,0.2627353830257247
0.3772016623781462,1.0,-1.0,0.1832763040258637,0.932286959061408,0.9695928962625466,0.2907718879368385
0.3772016623781462,1.0,-1.0,0.1308928400677178,0.939379753036472,0.9695928962625466,0.3371154725277334
0.3772016623781462,1.0,-1.0,0.0830376531194417,0.0171789248890653,0.0214105241774392,0.3328834360881795
0.3772016623781462,1.0,-1.0,0.1875873813832368,0.9227606274990096,0.9604169057894724,0.3036095221076936
0.3772016623781462,1.0,-1.0,0.18516775437062,0.945623500126266,0.9604169057894724,0.3001569515842896
0.3772016623781462,1.0,-1.0,0.157106629490349,0.9877140322218234,0.975710223244596,0.2396152187163412
0.3772016623781462,1.0,-1.0,0.1544458326193462,0.9782912699239472,0.975710223244596,0.2367355729964779
0.3772016623781462,1.0,-1.0,0.1274141090400158,0.9229966769885948,0.9237129438971752,0.1976199647912357
0.3772016623781462,1.0,-1.0,0.1671844483476995,0.9926505787340254,0.9796894198546772,0.2606746971729327
0.3772016623781462,1.0,-1.0,0.1929863639866865,0.8758616074399945,0.8992436359689767,0.2321626460071337
0.3772016623781462,1.0,-1.0,0.2577361542459403,0.8885241829953232,0.8992436359689767,0.1972757344649458
0.3772016623781462,1.0,-1.0,0.2790944860615362,0.8779079082205673,0.8992436359689767,0.2587075833988371
0.3772016623781462,1.0,-1.0,0.2615298265033839,0.9088172963917592,0.8992436359689767,0.2969779510503169
0.3772016623781462,1.0,-1.0,0.3319863518455577,0.914042612380414,0.9298302708792244,0.3156467766527898
0.3772016623781462,1.0,-1.0,0.3685068675015491,0.9479118876852424,0.9298302708792244,0.2986169208451927
0.3772016623781462,1.0,-1.0,0.3206071380395327,0.9252808979679642,0.9298302708792244,0.3409464732721504
0.3772016623781462,1.0,-1.0,0.2940064274246339,0.9068953977737452,0.9053429332927448,0.371205840082675
0.3772016623781462,1.0,-1.0,0.3269896156479769,0.920937451308016,0.8992436359689767,0.4865080506085029
0.3772016623781462,1.0,-1.0,0.3360220838870641,0.8937455024688444,0.8992436359689767,0.3882642517085526
0.3772016623781462,1.0,-1.0,0.3157192732688939,0.9173975592866056,0.8992436359689767,0.3963084169676741
0.3772016623781462,1.0,-1.0,0.2839112492378495,0.9311149597404592,0.9420649248433236,0.430901034405121
0.3772016623781462,1.0,-1.0,0.3607556379724329,0.8984686180664722,0.9023022994600016,0.4070373833438868
0.3772016623781462,1.0,-1.0,0.3023307228596406,0.8977734795299592,0.9023022994600016,0.3293321890241799
0.3772016623781462,1.0,-1.0,0.2896764420359999,0.9039276026420792,0.9023022994600016,0.31502493652008
0.3772016623781462,1.0,-1.0,0.1971939557010832,0.9668108125257564,0.973850617074855,0.2872293330422441
0.3772016623781462,1.0,-1.0,0.2601009063609859,0.9133919457037908,0.8992436359689767,0.4030534529209766
0.3772016623781462,1.0,-1.0,0.2027161872320179,0.934340487582116,0.8992436359689767,0.4263100230364776
0.3772016623781462,1.0,-1.0,0.1738875072343301,0.9621167779531424,0.935947597861274,0.4938030558709775
0.3772016623781462,1.0,-1.0,0.2233897385756066,0.9085187482080656,0.935947597861274,0.3731097168659307
0.3772016623781462,1.0,-1.0,0.1968187306748522,0.9023706623847644,0.935947597861274,0.289688371101632
0.3772016623781462,1.0,-1.0,0.170230617709143,0.894445147713912,0.935947597861274,0.1821922391477808
0.3772016623781462,1.0,-1.0,0.1049293046798608,0.8731168518656706,0.8839503185138529,0.3904246641626738
0.3772016623781462,1.0,-1.0,0.124079349494842,0.8029992693325205,0.7799572055934951,0.3844809703908026
0.3772016623781462,1.0,-1.0,0.08847578089519,0.8718583747598124,0.850306465887065,0.4327386990254585
0.3772016623781462,1.0,-1.0,0.178978748915786,0.8226540457266813,0.8717171103242386,0.4289375083385316
0.3772016623781462,1.0,-1.0,0.1713634930955839,0.7700820149518264,0.8013678500306686,0.311305883917196
0.3772016623781462,1.0,-1.0,0.1567277985315059,0.7435892011643012,0.7962760023861631,0.2868598575058196
0.3772016623781462,1.0,-1.0,0.1061610773911787,0.6773882884941869,0.7187839357729994,0.2365932897670883
0.3772016623781462,1.0,-1.0,0.1206186134577716,0.6535731398460854,0.6484346754794295,0.287561560590983
0.3772016623781462,1.0,-1.0,0.1600058686553262,0.6390487834642189,0.6484346754794295,0.3790584859313471
0.3772016623781462,1.0,-1.0,0.1012750155868459,0.6916321660426975,0.669845319916603,0.44610226778203
0.3772016623781462,1.0,-1.0,0.1215238412331217,0.6642040401655854,0.669845319916603,0.3694784026710015
0.3772016623781462,1.0,-1.0,0.1574702045804486,0.6697756499389428,0.669845319916603,0.3287368337566375
0.3772016623781462,1.0,-1.0,0.2239098481249951,0.6201642715878565,0.669845319916603,0.2809669166694011
0.3772016623781462,1.0,-1.0,0.2931695736791976,0.5709172988879287,0.5750267516948343,0.243563767926203
0.3772016623781462,1.0,-1.0,0.2995646489368315,0.5959135027902069,0.6056133866050825,0.1937693483289499
0.3772016623781462,1.0,-1.0,0.3275636986117836,0.5814831070300951,0.6056133866050825,0.1556626734784817
0.3772016623781462,1.0,-1.0,0.367870582200184,0.5514683855392599,0.5719680882038096,0.1777527427924757
0.3772016623781462,1.0,-1.0,0.3519193232214623,0.5518719060193851,0.5719680882038096,0.3477259278828287
0.3772016623781462,1.0,-1.0,0.3137225574298077,0.553504567483644,0.5719680882038096,0.5934433188730718
0.3772016623781462,1.0,-1.0,0.3542354877060553,0.5845360194308804,0.5719680882038096,0.549074986026957
0.3772016623781462,1.0,-1.0,0.3896518020743578,0.5604123738273701,0.5719680882038096,0.6408787041116264
0.3772016623781462,1.0,-1.0,0.4080470049958752,0.5686696842865371,0.5719680882038096,0.5386188312629793
0.3772016623781462,1.0,-1.0,0.4099185302514545,0.5698168116781981,0.5719680882038096,0.7379191917476897
0.3772016623781462,1.0,-1.0,0.3904976706513243,0.5636198323186892,0.5719680882038096,0.5969718729578862
0.3772016623781462,1.0,-1.0,0.4076430018536054,0.5552168191216242,0.5719680882038096,0.6485691739136796
0.3772016623781462,1.0,-1.0,0.4201904453661365,0.5537271393636833,0.5505574437666364,0.5568624114367372
0.3772016623781462,1.0,-1.0,0.4330582158923748,0.5216926046340644,0.5505574437666364,0.523929589998714
0.3772016623781462,1.0,-1.0,0.4230606752655485,0.5256778529961458,0.5505574437666364,0.4936796445664372
0.3772016623781462,1.0,-1.0,0.4590054899110485,0.5457081742644974,0.5505574437666364,0.7040399155685358
0.3772016623781462,1.0,-1.0,0.5110154277919825,0.571209342105501,0.5505574437666364,0.5964428173583229
0.3772016623781462,1.0,-1.0,0.5300002469254816,0.5366357447825766,0.5597334342397104,0.6344013461403061
0.3772016623781462,1.0,-1.0,0.4841179443001183,0.5682126785294132,0.5383227898025369,0.7857837018060024
0.3772016623781462,1.0,-1.0,0.4767749710645578,0.5483504234772597,0.5597334342397104,0.6162975407175189
0.3772016623781462,1.0,-1.0,0.4894934652266368,0.5386674200184054,0.5597334342397104,0.6737688814165278
0.3772016623781462,1.0,-1.0,0.392584904644955,0.5174059169922351,0.5077361548922893,0.6121944867380635
0.3772016623781462,1.0,-1.0,0.4281144822812012,0.5367845937132387,0.5444401167845868,0.7548361368580815
0.3772016623781462,1.0,-1.0,0.3902791418890507,0.5578287543419381,0.5444401167845868,0.6478259059244819
0.3772016623781462,1.0,-1.0,0.4150210173573705,0.5882679142431714,0.5857282893860933,0.5886564420092764
0.3772016623781462,1.0,-1.0,0.2406324761883194,0.6847115623473201,0.666786656425578,0.4468345393018798
0.3772016623781462,1.0,-1.0,0.2206469645250603,0.6812462861137741,0.666786656425578,0.457787926991525
0.3772016623781462,1.0,-1.0,0.3574649933143756,0.8041639558810975,0.8074851770127182,0.6823545863305999
0.3772016623781462,1.0,-1.0,0.2818205017714173,0.7838233094642441,0.7585465611563216,0.4707553311680288
0.3772016623781462,1.0,-1.0,0.3639941352973307,0.7808484566569165,0.7801101175066568,0.6644725770694114
0.3772016623781462,1.0,-1.0,0.3675952368843173,0.777333223984202,0.7891331960665694,0.5936141287523883
0.3772016623781462,1.0,-1.0,0.4524183756268682,0.8105520877091177,0.8319544849409163,0.5902599430860428
0.3772016623781462,1.0,-1.0,0.3542525927710101,0.8692422729598914,0.8717171103242386,0.62687941108598
0.3772016623781462,1.0,-1.0,0.5764857111250747,0.8912627312163547,0.8778344373062881,0.6240504891332156
0.3772016623781462,1.0,-1.0,0.5904259692239777,0.8732597060236328,0.8778344373062881,0.7268607688163405
0.3772016623781462,1.0,-1.0,0.5476071837320153,0.8762793708197973,0.8870104277793625,0.5482019772004643
0.3772016623781462,1.0,-1.0,0.4876911461392663,0.870431788921638,0.8797554463688564,0.4139035554701403
0.3772016623781462,1.0,-1.0,0.4145419830788261,0.8548970795011356,0.8441891389050156,0.5284046571613664
0.3772016623781462,1.0,-1.0,0.3415731166489902,0.8653687994731917,0.8564237928691146,0.5073444057434018
0.3772016623781462,1.0,-1.0,0.2665760749295229,0.8473364381587453,0.8564237928691146,0.4778203439615126
0.3772016623781462,1.0,-1.0,0.2351891822206557,0.8563844633886809,0.8564237928691146,0.4300655069131434
0.3772016623781462,1.0,-1.0,0.2329827906461577,0.8000411678758585,0.8269479379910168,0.3889289984895674
0.3772016623781462,1.0,-1.0,0.3298492588990791,0.7955278268066197,0.7891331960665694,0.3265422943286774
0.3772016623781462,1.0,-1.0,0.2482132791716091,0.7714863223439377,0.7891331960665694,0.3082099840229385
0.3772016623781462,1.0,-1.0,0.2490411412004678,0.7178841260192537,0.7157252722819745,0.2960972709467987
0.3772016623781462,1.0,-1.0,0.2108704259604403,0.7551772243421482,0.7157252722819745,0.2509477512516652
0.3772016623781462,1.0,-1.0,0.2400203460124647,0.7350847019925173,0.7707812151204205,0.2926546468320093
0.3772016623781462,1.0,-1.0,0.143222286461886,0.610384586475667,0.6025547231140576,0.2743167653707121
0.3772016623781462,1.0,-1.0,0.2961570195034551,0.583905590426635,0.6025547231140576,0.3059251977086047
0.3772016623781462,1.0,-1.0,0.3675250598880974,0.5780504831755118,0.5863705534395958,0.3066653738523094
0.3772016623781462,1.0,-1.0,0.4021486238406038,0.5576302891010549,0.5811440786768842,0.3825121065154846
0.3772016623781462,1.0,-1.0,0.3740352938397918,0.5278468552945397,0.5474987802756114,0.4440069007566786
0.3772016623781462,1.0,-1.0,0.38416375755838,0.5437140832773704,0.5474987802756114,0.5384477297001257
0.3772016623781462,1.0,-1.0,0.438091358140366,0.5537269692992093,0.5474987802756114,0.5384197864172731
0.3772016623781462,1.0,-1.0,0.4275018898062938,0.5494427475922496,0.5474987802756114,0.5766640483921838
0.3772016623781462,1.0,-1.0,0.4388921987895867,0.5233896355016429,0.5304234607223592,0.5934241844330391
0.3772016623781462,1.0,-1.0,0.43375776681912,0.5135187533153971,0.5138534818743389,0.6517387239010509
0.3772016623781462,1.0,-1.0,0.4438723615661235,0.5629950579581964,0.5627920977307354,0.5361394628610565
0.3772016623781462,1.0,-1.0,0.4937248884572069,0.5660293908152232,0.5742105269525819,0.5604911296481863
0.3772016623781462,1.0,-1.0,0.4591405736942859,0.5557985246541364,0.5750267516948343,0.6061740801959392
0.3772016623781462,1.0,-1.0,0.4512960984462135,0.5880817361605175,0.5750267516948343,0.6249956604667831
0.3772016623781462,1.0,-1.0,0.3613510560375277,0.6019489634157577,0.5994960596230329,0.6765621013043531
0.3772016623781462,1.0,-1.0,0.374204449063223,0.5841176183093011,0.5994960596230329,0.6506132921415654
0.3772016623781462,1.0,-1.0,0.3516086582579593,0.561090080755322,0.5750267516948343,0.7007847272946768
0.3772016623781462,1.0,-1.0,0.4131110288205956,0.576203200345362,0.5750267516948343,0.7316547627584408
0.3772016623781462,1.0,-1.0,0.4536983892443491,0.5689894480133332,0.5750267516948343,0.7213870355594193
0.3772016623781462,1.0,-1.0,0.4648544050676667,0.577088513479662,0.5536161072576611,0.6180405248617189
0.3772016623781462,1.0,-1.0,0.5096696290192836,0.5834503278303673,0.5842027421679089,0.6480862626496832
0.3772016623781462,1.0,-1.0,0.7551134883786889,0.7311193936899847,0.7187839357729994,0.6954382263966317
0.3772016623781462,1.0,-1.0,0.5760234583021482,0.7451466516150375,0.7493705706832473,0.7382514192964286
0.3772016623781462,1.0,-1.0,0.6052944313611566,0.7321187775700624,0.7312391979143741,0.6838788078219867
0.3772016623781462,1.0,-1.0,0.4143578955959884,0.770906657585111,0.7554878976652968,0.7081674709651062
0.3772016623781462,1.0,-1.0,0.4973028982065045,0.7682359650891115,0.767722551629396,0.7330668610981725
0.3772016623781462,1.0,-1.0,0.4049825170344632,0.7653248014272087,0.7860745325755446,0.7114438938004651
0.3772016623781462,1.0,-1.0,0.4736216292251916,0.7139933059562297,0.7340772532281233,0.743950098897149
0.3772016623781462,1.0,-1.0,0.4764174289770977,0.7186046041623574,0.7034906183178755,0.6710311980741634
0.3772016623781462,1.0,-1.0,0.4510203370611993,0.7262206014909581,0.7157252722819745,0.6427058097879215
0.3772016623781462,1.0,-1.0,0.569234920320649,0.7212525930511093,0.7157252722819745,0.5920896739141717
0.3772016623781462,1.0,-1.0,0.527473875061566,0.7254328628484804,0.7157252722819745,0.5951100569406781
0.3772016623781462,1.0,-1.0,0.423777423717059,0.7500018222765434,0.7517368782871475,0.5662866481832186
0.3772016623781462,1.0,-1.0,0.4565623781065478,0.7607559343072855,0.7768985421024703,0.5079792841302191
0.3772016623781462,1.0,-1.0,0.5404440448280066,0.7885221908743603,0.7701014459758702,0.5151883594226687
0.3772016623781462,1.0,-1.0,0.4933061379751518,0.890595653318013,0.889976901885589,0.4530074379971918
0.3772016623781462,1.0,-1.0,0.3636440824545264,0.8791346683020681,0.8588685124774281,0.4837892683593414
0.3772016623781462,1.0,-1.0,0.2988043056846389,0.8071365128180291,0.7938635150443059,0.5100833141566219
0.3772016623781462,1.0,-1.0,0.420844321146462,0.8005196442727955,0.7921918595575942,0.5542407598054248
0.3772016623781462,1.0,-1.0,0.3847531426208354,0.8052424197414758,0.7960452737874937,0.5951439505676872
0.3772016623781462,1.0,-1.0,0.4650276747526682,0.7867640643445817,0.7872312372089779,0.5408113580745334
0.3772016623781462,1.0,-1.0,0.346362049422323,0.7732127318493591,0.767722551629396,0.5131588253716373
0.3772016623781462,1.0,-1.0,0.398860660517053,0.7840958377834518,0.8013678500306686,0.5191677395824004
0.3772016623781462,1.0,-1.0,0.3864024869516237,0.7791125235409643,0.7799572055934951,0.5046919523305733
0.3772016623781462,1.0,-1.0,0.405408710531269,0.8024131421236907,0.7799572055934951,0.3840801680424953
0.3772016623781462,1.0,-1.0,0.3017521324800687,0.7772280391071785,0.7799572055934951,0.3923693183044138
0.3772016623781462,1.0,-1.0,0.2735587322833062,0.711607471453786,0.7340772532281233,0.3154864090441009
0.3772016623781462,1.0,-1.0,0.2808419302513354,0.756321077992689,0.7340772532281233,0.3294153188322489
0.3772016623781462,1.0,-1.0,0.3419825286901781,0.758825957626768,0.7525745770327779,0.3624549256131986
0.3772016623781462,1.0,-1.0,0.2903477233756645,0.7469651510330025,0.7554878976652968,0.3957841741464728
0.3772016623781462,1.0,-1.0,0.2646846245847666,0.7509544384263358,0.7554878976652968,0.4502889182632137
0.3772016623781462,1.0,-1.0,0.3825386839278655,0.7497989353593423,0.7554878976652968,0.4523251318672445
0.3772016623781462,1.0,-1.0,0.2946183033360095,0.7135395739402256,0.7554878976652968,0.4863634630791703
0.3772016623781462,1.0,-1.0,0.2652155288170387,0.6991077326320871,0.7096079452999251,0.4169491982909581
0.3772016623781462,1.0,-1.0,0.1756052833824138,0.6254108031196131,0.6147893770781567,0.3758022184284008
0.3772016623781462,1.0,-1.0,0.2492813749032719,0.618078303268778,0.6147893770781567,0.4316542196345797
0.3772016623781462,1.0,-1.0,0.1742807388086689,0.6661071891753667,0.6453760119884044,0.4398398805775407
0.3772016623781462,1.0,-1.0,0.2742840101523415,0.7133506323098735,0.7126666087909497,0.4488363342485346
0.3772016623781462,1.0,-1.0,0.3639571051431989,0.724990270055508,0.7230628329292327,0.5128258394457019
0.3772016623781462,1.0,-1.0,0.2973809562458275,0.6965711784897693,0.6881973008627515,0.4757326482131864
0.3772016623781462,1.0,-1.0,0.3261367894702653,0.7037000261332714,0.6972988339498566,0.4317166982482231
0.3772016623781462,1.0,-1.0,0.2314642538323681,0.5856627816018081,0.6147893770781567,0.5139076353480396
0.3772016623781462,1.0,-1.0,0.306967790394118,0.5714328068240276,0.6025181960469258,0.5345790726110712
0.3772016623781462,1.0,-1.0,0.2726322618664785,0.5524894951558613,0.5912595674284334,0.5132490722580111
0.3772016623781462,1.0,-1.0,0.3062773698736662,0.5135033624805214,0.5231525757925198,0.4786528379447043
0.3772016623781462,1.0,-1.0,0.3563086909234325,0.5318160750799689,0.541381453293562,0.5244364776494588
0.3772016623781462,1.0,-1.0,0.2965538338954533,0.5370038493360401,0.5046774914012646,0.5080881404262589
0.3772016623781462,1.0,-1.0,0.359707929629,0.5259205775163266,0.5444401167845868,0.5153910794809422
0.3772016623781462,1.0,-1.0,0.3299122471450275,0.4930409499004528,0.4955015009281902,0.5368784139339056
0.3772016623781462,1.0,-1.0,0.3598684167451906,0.4886938468543186,0.4955015009281902,0.5050759245387909
0.3772016623781462,1.0,-1.0,0.3729666433492656,0.5124978562793883,0.5291467993294627,0.4597662414134445
0.3772016623781462,1.0,-1.0,0.3791400462110667,0.4859538956013784,0.4832668469640911,0.4314125306557517
0.3772016623781462,1.0,-1.0,0.37494593051406,0.4719123522605294,0.4832668469640911,0.4672392319702479
0.3772016623781462,1.0,-1.0,0.4417995513029411,0.4574902471435136,0.4618562025269176,0.4556441113306639
0.3772016623781462,1.0,-1.0,0.4031231502439735,0.4629715526813024,0.4802081834730663,0.3484967016295736
0.3772016623781462,1.0,-1.0,0.3856718695285282,0.4638816952287721,0.4496215485628185,0.3386501654581016
0.3772016623781462,1.0,-1.0,0.3814300907991746,0.4580016735322422,0.4595632041939547,0.372211185729943
0.3772016623781462,1.0,-1.0,0.4047824340043976,0.4701800330146446,0.4771495199820415,0.3320504462429746
0.3772016623781462,1.0,-1.0,0.5202024194894787,0.4374835223208969,0.4618562025269176,0.3778264438390574
0.3772016623781462,1.0,-1.0,0.4652751434356491,0.4591546681482478,0.4465628850717937,0.3704133650807711
0.3772016623781462,1.0,-1.0,0.394716935416805,0.4730767411962773,0.4618562025269176,0.3985539426779165
0.3772016623781462,1.0,-1.0,0.504214269046341,0.4404567169996052,0.4496215485628185,0.3446190606875769
0.3772016623781462,1.0,-1.0,0.4228518547833844,0.4508176824831221,0.4509599530307735,0.3520823673509491
0.3772016623781462,1.0,-1.0,0.3147519356157959,0.4421079154915043,0.4526802120538433,0.3784187655978142
0.3772016623781462,1.0,-1.0,0.2155963242579194,0.4597189420721988,0.4526802120538433,0.2936324575533765
0.3772016623781462,1.0,-1.0,0.1334276488893476,0.5222453566899178,0.498560164419215,0.2500051029806935
0.3772016623781462,1.0,-1.0,0.081752531097427,0.8641946743463208,0.8322676226852219,0.2646930754215724
0.3772016623781462,1.0,-1.0,0.3329662640328927,0.928958457180887,0.9201957998033388,0.1781018004813043
0.3772016623781462,1.0,-1.0,0.2667776373165577,0.8996315189380746,0.9390077071267836,0.1892900080024791
0.3772016623781462,1.0,-1.0,0.3085008433981664,0.8991910519510242,0.9175970626896104,0.2582585657618498
0.3772016623781462,1.0,-1.0,0.2810507045035943,0.9045262295897308,0.9175970626896104,0.2807191023362944
0.3772016623781462,1.0,-1.0,0.2627346934098271,0.906592087784786,0.9175970626896104,0.3287011316916984
0.3772016623781462,1.0,-1.0,0.2142816844413814,0.8355125355557869,0.8421208309361089,0.3067609877157656
0.3772016623781462,1.0,-1.0,0.2064360765606296,0.8352849892898897,0.8411304754139904,0.2622325789444991
0.3772016623781462,1.0,-1.0,0.1971923838843036,0.8283910006846568,0.8411304754139904,0.2406396988036419
0.3772016623781462,1.0,-1.0,0.1745542811582295,0.7993087852195915,0.8411304754139904,0.2924764281908509
0.3772016623781462,1.0,-1.0,0.0346115615133472,0.6526252855015586,0.767722551629396,0.2373235340863553
0.3772016623781462,1.0,-1.0,0.0778042082493348,0.4868620398912815,0.5077361548922893,0.2111370757617283
0.3772016623781462,1.0,-1.0,0.2097825438293163,0.4717759180364517,0.4465628850717937,0.2586591347633274
0.3772016623781462,1.0,-1.0,0.2578333526217982,0.4752141115025509,0.5016188279102396,0.2141246006377822
0.3772016623781462,1.0,-1.0,0.2686924568784347,0.4486871572719175,0.4404455580897441,0.1855913586630141
0.3772016623781462,1.0,-1.0,0.3022110567498149,0.4589901307698806,0.4802081834730663,0.3069608784437294
0.3772016623781462,1.0,-1.0,0.3636206901224532,0.4347323468126883,0.4435042215807689,0.3694704980471466
0.3772016623781462,1.0,-1.0,0.3617045992381809,0.4617339935057173,0.4435042215807689,0.2573279202684291
0.3772016623781462,1.0,-1.0,0.4353414646844061,0.4643035401559452,0.471032192999992,0.3042163697065972
0.3772016623781462,1.0,-1.0,0.5282972759045648,0.4776147416142122,0.4740908564910167,0.390668919956628
0.3772016623781462,1.0,-1.0,0.4707992010478424,0.4943310164823126,0.5107948183833142,0.3127760564491613
0.3772016623781462,1.0,-1.0,0.599458368118207,0.4920642271115041,0.5062823010794417,0.2405718823812698
0.3772016623781462,1.0,-1.0,0.5165131343581644,0.470222761713678,0.4893841739461406,0.1725283406230541
0.3772016623781462,1.0,-1.0,0.5553937791386732,0.4858102336371658,0.4893841739461406,0.136237570801057
0.3772016623781462,1.0,-1.0,0.5404530596595367,0.4899583187328769,0.4893841739461406,0.1094932531275797
0.3772016623781462,1.0,-1.0,0.4994433890510214,0.4726522177536423,0.4893841739461406,0.1290593410426541
0.3772016623781462,1.0,-1.0,0.4218818589107325,0.4776861686931933,0.4893841739461406,0.1135542098805454
0.3772016623781462,1.0,-1.0,0.3981128917990974,0.4952247052919457,0.4893841739461406,0.127613910566722
0.3772016623781462,1.0,-1.0,0.3437360752274747,0.5121680162325217,0.496110852350773,0.125592478025933
0.3772016623781462,1.0,-1.0,0.3678467969139158,0.5365450579019414,0.526088135838438,0.0700655508297459
0.3772016623781462,1.0,-1.0,0.3196137498348076,0.5458963931208363,0.526088135838438,0.0580838948128622
0.3772016623781462,1.0,-1.0,0.2882838123692492,0.5797372251424274,0.5757033741537416,0.0527144530046255
0.3772016623781462,1.0,-1.0,0.3317630614030399,0.6079892283626925,0.5933787326409833,0.0466272290562436
0.3772016623781462,1.0,-1.0,0.2475180276260553,0.6589229855456544,0.6117307135871322,0.0467271525439602
0.3772016623781462,1.0,-1.0,0.3454752442642282,0.6009830397208932,0.6117307135871322,0.0673631065047055
0.3772016623781462,1.0,-1.0,0.3466196886844662,0.5920143495679691,0.6117307135871322,0.0818101228216434
0.3772016623781462,1.0,-1.0,0.4200828683765426,0.5916444593375306,0.6056133866050825,0.0431027293725947
0.3772016623781462,1.0,-1.0,0.307665353434936,0.6662778913909081,0.666786656425578,0.0498488008024538
0.3772016623781462,1.0,-1.0,0.4123359844585229,0.6972309436157393,0.6695358391312883,0.0617794486607899
0.3772016623781462,1.0,-1.0,0.3617961806805469,0.6964371676844427,0.6851386373717269,0.0794013782961372
0.3772016623781462,1.0,-1.0,0.2623629587414449,0.698433001832426,0.7065492818089002,0.0759888413381981
0.3772016623781462,1.0,-1.0,0.2643360510989314,0.6859747587423254,0.6851386373717269,0.0508959447005859
0.3772016623781462,1.0,-1.0,0.4590694720999604,0.7009234685023534,0.6912559643537762,0.0517470335092669
0.3772016623781462,1.0,-1.0,0.5183743965747708,0.7159702204315067,0.7154427509385245,0.0925105479637524
0.3772016623781462,1.0,-1.0,0.4173490166977159,0.7107979645586665,0.7207747672386298,0.0896642708405315
0.3772016623781462,1.0,-1.0,0.4835359560225082,0.6847207883450221,0.7065492818089002,0.0781033500956706
0.3772016623781462,1.0,-1.0,0.3672733149388778,0.6918641339849123,0.6881973008627515,0.1000742958531195
0.3772016623781462,1.0,-1.0,0.5026015850304423,0.7091138585910939,0.7096079452999251,0.1141901091597426
0.3772016623781462,1.0,-1.0,0.4697529258314734,0.6852993051686509,0.7096079452999251,0.0801175926372705
0.3772016623781462,1.0,-1.0,0.3483916116091128,0.6817463181827605,0.669845319916603,0.1088180713680258
0.3772016623781462,1.0,-1.0,0.2748418664193937,0.6939603486885351,0.6943146278448012,0.0804528828631487
0.3772016623781462,1.0,-1.0,0.2948162135605268,0.6811362543992482,0.7065492818089002,0.0740212098258242
0.3772016623781462,1.0,-1.0,0.2219443605869277,0.6853550012838089,0.7065492818089002,0.0976242562308506
0.3772016623781462,1.0,-1.0,0.2396751241947625,0.6673671543453703,0.7065492818089002,0.0872377190350863
0.3772016623781462,1.0,-1.0,0.2804451158593372,0.704785462637074,0.6729039834076277,0.1278201599957942
0.3772016623781462,1.0,-1.0,0.2806385880129473,0.6869672550112156,0.6729039834076277,0.0975332509672803
0.3772016623781462,1.0,-1.0,0.2758316949214121,0.7077610807345335,0.6729039834076277,0.0929304847520924
0.3772016623781462,1.0,-1.0,0.347199365466812,0.6981936360856021,0.7004319548268506,0.1179516017172724
0.3772016623781462,1.0,-1.0,0.3368166372691663,0.6963771774413224,0.7004319548268506,0.1298932642751777
0.3772016623781462,1.0,-1.0,0.3309533446120048,0.701386043870993,0.7004319548268506,0.124784346910176
0.3772016623781462,1.0,-1.0,0.2949287371499861,0.6943679932321488,0.7004319548268506,0.1371769084638829
0.3772016623781462,1.0,-1.0,0.2242677369367449,0.6978360330133936,0.7004319548268506,0.1277332310096547
0.3772016623781462,1.0,-1.0,0.1796553929244633,0.6962546034718564,0.7004319548268506,0.0982152799978673
0.3772016623781462,1.0,-1.0,0.1323127684935383,0.7018691970409582,0.7004319548268506,0.0938866306787427
0.3772016623781462,1.0,-1.0,0.1938754344101401,0.6230106406852544,0.6270240310422559,0.1098300601078508
0.3772016623781462,1.0,-1.0,0.2083958778203472,0.6307507425635853,0.6270240310422559,0.11415465502581
0.3772016623781462,1.0,-1.0,0.2079077131355093,0.6107571127054482,0.6270240310422559,0.1254088851156038
0.3772016623781462,1.0,-1.0,0.2550016091185345,0.632696535240163,0.6270240310422559,0.1249542744467928
0.3772016623781462,1.0,-1.0,0.2712524147685385,0.6158815804611607,0.6270240310422559,0.1309662659188723
0.3772016623781462,1.0,-1.0,0.2856272108621508,0.6467428829023959,0.6484346754794295,0.1461200715526515
0.3772016623781462,1.0,-1.0,0.2105332481462574,0.6379318850327695,0.6484346754794295,0.1254708678672342
0.3772016623781462,1.0,-1.0,0.2082947036726349,0.5872189990851097,0.5921554798584681,0.1627501604884978
0.3772016623781462,1.0,-1.0,0.2102809022082691,0.5341281866330357,0.5689094247127849,0.1742372561301227
0.3772016623781462,1.0,-1.0,0.2332548305237965,0.50842770322878,0.5046774914012646,0.1285050256487794
0.3772016623781462,1.0,-1.0,0.2563678646243211,0.4610851975383053,0.4496215485628185,0.1186329817519894
0.3772016623781462,1.0,-1.0,0.2172995495433153,0.4841579722423057,0.4496215485628185,0.1341505605090431
0.3772016623781462,1.0,-1.0,0.2603691091564864,0.4888117865668743,0.498560164419215,0.1818835650446615
0.3772016623781462,1.0,-1.0,0.2478531482094531,0.5174396747902774,0.498560164419215,0.1479846731476388
0.3772016623781462,1.0,-1.0,0.2716886632697433,0.5595064828917443,0.5627920977307354,0.1139971094553424
0.3772016623781462,1.0,-1.0,0.2073324975390232,0.5562229630645342,0.5627920977307354,0.0887943319832665
0.3772016623781462,1.0,-1.0,0.2362707770846612,0.5201141937369365,0.5383227898025369,0.1041625687693331
0.3772016623781462,1.0,-1.0,0.1603333035169706,0.5430133326132233,0.5383227898025369,0.121698305919472
0.3772016623781462,1.0,-1.0,0.180521047900891,0.4745957995920612,0.4802081834730663,0.0957492196573241
0.3772016623781462,1.0,-1.0,0.208481403145121,0.5205269402147629,0.4802081834730663,0.0829883565934296
0.3772016623781462,1.0,-1.0,0.1953467011457776,0.4677886714168035,0.4802081834730663,0.1677244148565161
0.3772016623781462,1.0,-1.0,0.2205417914905411,0.4697365048670665,0.4802081834730663,0.1733412043042002
0.3772016623781462,1.0,-1.0,0.2837258904326165,0.5100316663130908,0.5322054628204875,0.160763664343363
0.3772016623781462,1.0,-1.0,0.2818677487346167,0.5337267919588323,0.5322054628204875,0.1602287313205276
0.3772016623781462,1.0,-1.0,0.2986846164598608,0.511538224970053,0.5322054628204875,0.1316720671577317
0.3772016623781462,1.0,-1.0,0.2566905493631978,0.5503457899479399,0.5322054628204875,0.1044417317905879
0.3772016623781462,1.0,-1.0,0.2083276887100544,0.5281668316019278,0.5322054628204875,0.1454168662972721
0.3772016623781462,1.0,-1.0,0.2150676159461483,0.5688091796711425,0.5322054628204875,0.0738919283901001
0.3772016623781462,1.0,-1.0,0.2348382047797457,0.5913165325159943,0.5780854151858595,0.133432129373028
0.3772016623781462,1.0,-1.0,0.2118304824034562,0.6199839182134292,0.6593805915814056,0.1829113411559312
0.3772016623781462,1.0,-1.0,0.2239014342822335,0.5611757082178627,0.6209067040602061,0.0918195788327537
0.3772016623781462,1.0,-1.0,0.1585681648309243,0.5686352037144813,0.5918116831905281,0.198578655656747
0.3772016623781462,1.0,-1.0,0.1775953652300918,0.5291258251694865,0.5750267516948343,0.1971798726704831
0.3772016623781462,1.0,-1.0,0.1995065604829694,0.6173501297082366,0.5750267516948343,0.1410333585969104
0.3772016623781462,1.0,-1.0,0.2365845625667708,0.5979058081003594,0.5750267516948343,0.1328224816121684
0.3772016623781462,1.0,-1.0,0.2265426412308726,0.5582867804859046,0.5750267516948343,0.0576973266211646
0.3772016623781462,1.0,-1.0,0.2030155720986318,0.5671743498848433,0.5750267516948343,0.078570175012597
0.3772016623781462,1.0,-1.0,0.2406477089421101,0.5445360048790747,0.5750267516948343,0.0848220907781049
0.3772016623781462,1.0,-1.0,0.2895264953382139,0.5385689952042143,0.5474987802756114,0.130936980891749
0.3772016623781462,1.0,-1.0,0.2483366899037626,0.5369581019925974,0.5474987802756114,0.1496486256374659
0.3772016623781462,1.0,-1.0,0.266275141361082,0.5795655450561623,0.5474987802756114,0.1352457592699098
0.3772016623781462,1.0,-1.0,0.2492103657687569,0.5357052795304917,0.5474987802756114,0.1119708422599262
0.3772016623781462,1.0,-1.0,0.2380668320198656,0.5689070092596753,0.5474987802756114,0.1629951746596485
0.3772016623781462,1.0,-1.0,0.2124288360675366,0.5066691090216984,0.5474987802756114,0.1240733391201797
0.3772016623781462,1.0,-1.0,0.2646586202630448,0.5232785408841563,0.5046774914012646,0.1520553356703009
0.3772016623781462,1.0,-1.0,0.3265684843257997,0.5256796386731204,0.5291467993294627,0.0941525512674139
0.3772016623781462,1.0,-1.0,0.2401832139687773,0.5004795274667985,0.5291467993294627,0.0709719720054118
0.3772016623781462,1.0,-1.0,0.2731577340848798,0.4859885037217896,0.5291467993294627,0.1084438122215931
0.3772016623781462,1.0,-1.0,0.2629146664310945,0.5004282530279583,0.4802081834730663,0.0576955838120305
0.3772016623781462,1.0,-1.0,0.2722791809648781,0.5004058045174212,0.4802081834730663,0.0083634846719556
0.3772016623781462,1.0,-1.0,0.1515924881928388,0.5069928267475095,0.4802081834730663,0.0673562227732303
0.3772016623781462,1.0,-1.0,0.1816528253270813,0.5282788190579017,0.4802081834730663,0.0401243633596053
0.3772016623781462,1.0,-1.0,0.2171841828146811,0.512357978249717,0.5566747707486858,0.0972351868528225
0.3772016623781462,1.0,-1.0,0.1797276040365156,0.5214994964241044,0.5566747707486858,0.0885727472922321
0.3772016623781462,1.0,-1.0,0.1628454365700591,0.500408653097357,0.471032192999992,0.0447794612473903
0.3772016623781462,1.0,-1.0,0.1964184259250051,0.4853528027188574,0.5352641263115124,0.1327595217206888
0.3772016623781462,1.0,-1.0,0.2222915240606518,0.4839238784941687,0.5352641263115124,0.1536578304388644
0.3772016623781462,1.0,-1.0,0.2260506394638963,0.4956027586171244,0.5352641263115124,0.0621563001446584
0.3772016623781462,1.0,-1.0,0.240401349776856,0.5273259052952802,0.5352641263115124,0.1284841119391704
0.3772016623781462,1.0,-1.0,0.2245239199568716,0.5459443513024381,0.5352641263115124,0.0620370307463447
0.3772016623781462,1.0,-1.0,0.1972108296165115,0.5668205307471761,0.5352641263115124,0.0572034918087043
0.3772016623781462,1.0,-1.0,0.2207746977533578,0.5646228300688346,0.5352641263115124,0.0355379569448036
0.3772016623781462,1.0,-1.0,0.2319539672190329,0.5786296377409172,0.5352641263115124,0.0587366278781933
0.3772016623781462,1.0,-1.0,0.2295683191867993,0.5803957147848441,0.5352641263115124,0.0598613158446593
0.3772016623781462,1.0,-1.0,0.2437534108640821,0.5788716820032025,0.5352641263115124,0.0708812073807596
0.3772016623781462,1.0,-1.0,0.2327196731402384,0.5961493822153185,0.5780854151858595,0.0499469705429037
0.3772016623781462,1.0,-1.0,0.1942607837856281,0.5813050920421821,0.5780854151858595,0.0202276466861798
0.3772016623781462,1.0,-1.0,0.1710009466208768,0.6061368435983299,0.5780854151858595,0.0432228191308565
0.3772016623781462,1.0,-1.0,0.1661346712160052,0.6927677290501423,0.7065492818089002,0.1085297130232644
0.3772016623781462,1.0,-1.0,0.1916636108217713,0.7090271682255923,0.7065492818089002,0.1350932671167222
0.3772016623781462,1.0,-1.0,0.2031479052025049,0.71357137599682,0.7065492818089002,0.1640298636707471
0.3772016623781462,1.0,-1.0,0.1992153814245432,0.7763385168771527,0.7151964590027534,0.1217421386630073
0.3772016623781462,1.0,-1.0,0.2467033873501076,0.7916234015856949,0.7799572055934951,0.1381024494954046
0.3772016623781462,1.0,-1.0,0.3054660812658515,0.8058617095226897,0.7799572055934951,0.1521244209160593
0.3772016623781462,1.0,-1.0,0.1916164332034298,0.8494950665242396,0.7799572055934951,0.1983710936517579
0.3772016623781462,1.0,-1.0,0.2297302625450063,0.8576456615261193,0.8411304754139904,0.2231733239986215
0.3772016623781462,1.0,-1.0,0.2234012035921168,0.8667302506179141,0.8411304754139904,0.1585777733322776
0.3772016623781462,1.0,-1.0,0.3626557564244299,0.9201688449188364,0.8411304754139904,0.1110266626503848
0.3772016623781462,1.0,-1.0,0.3304892194779142,0.8874242059790137,0.960418351563957,0.0737330994120694
0.3772016623781462,1.0,-1.0,0.3152143964732962,0.8730729752314391,0.8717171103242386,0.0736896896096628
0.3772016623781462,1.0,-1.0,0.3900289456416581,0.8828770220794955,0.8980256985338323,0.0929238489516238
0.3772016623781462,1.0,-1.0,0.3170561727848258,0.8785406330952084,0.8747757738152634,0.1513842301881777
0.3772016623781462,1.0,-1.0,0.2438346830375699,0.8688624339577381,0.8747757738152634,0.0995653882938803
0.3772016623781462,1.0,-1.0,0.353300996400661,0.8708404538520943,0.8747757738152634,0.1253321431769969
0.3772016623781462,1.0,-1.0,0.3603974255513461,0.8633963917064696,0.8747757738152634,0.0854717793965178
0.3772016623781462,1.0,-1.0,0.3710489113033557,0.8774064731196722,0.8747757738152634,0.0961415850593213
0.3772016623781462,1.0,-1.0,0.3244701782698538,0.8895841948602979,0.8747757738152634,0.0621718723994945
0.3772016623781462,1.0,-1.0,0.3201338131542908,0.8852120923365205,0.8660995110405975,0.0736028043760539
0.3772016623781462,1.0,-1.0,0.3271704439224921,0.8781618144798978,0.8900690912703871,0.0593095417436014
0.3772016623781462,1.0,-1.0,0.237146995594446,0.8672502227464495,0.8900690912703871,0.0683207801238812
0.3772016623781462,1.0,-1.0,0.36377484374162,0.8812522260971483,0.8900690912703871,0.0156534353777614
0.3772016623781462,1.0,-1.0,0.2198755260955998,0.8653212664527744,0.8900690912703871,0.0117080992443627
0.3772016623781462,1.0,-1.0,0.2927598149137201,0.8746862918618071,0.8900690912703871,0.0115295460786477
0.3772016623781462,1.0,-1.0,0.3323176815767222,0.8771272272537505,0.8533651293780898,0.0236598321763858
0.3772016623781462,1.0,-1.0,0.4005310856846504,0.8800720636814588,0.8655997833421888,0.0117314553478392
0.3772016623781462,1.0,-1.0,0.4285257435186006,0.8948583193529231,0.9017365764086378,0.015992744455874
0.3772016623781462,1.0,-1.0,0.3974628068710052,0.9099917616475782,0.908421072216536,0.0273069027513838
0.3772016623781462,1.0,-1.0,0.4954518527989658,0.941192385230092,0.9357553098547898,0.0370055517235099
0.3772016623781462,1.0,-1.0,0.4598316183184591,0.0038538555365715,0.9757116690190812,0.0330053344210978
0.3772016623781462,1.0,-1.0,0.475830771479054,0.9755031479088132,0.9633138126293104,0.0367878263702755
0.3772016623781462,1.0,-1.0,0.4843401252249092,0.9971483589039152,0.9848876594921556,0.062790431092412
0.3772016623781462,1.0,-1.0,0.5067675929450367,1.0,0.893127754761412,0.0499227462251489
0.3772016623781462,1.0,-1.0,0.4853407715247639,0.0178797911439094,0.893127754761412,0.0332454519548696
0.3772016623781462,1.0,-1.0,0.4952319371395337,0.9983063279057784,0.0091773691412986,0.0199739312305135
0.3772016623781462,1.0,-1.0,0.5583651138409396,0.0,0.9879463229831804,0.0242697479214951
0.3772016623781462,1.0,-1.0,0.5593898921513518,0.9962536497074396,0.0061187176098054,0.0283990825876417
0.3772016623781462,1.0,-1.0,0.5680582767713813,0.9979521686391638,0.0061187176098054,0.0192840568242899
0.3772016623781462,1.0,-1.0,0.4661953497003109,0.0104729306019208,0.0061187176098054,0.0469704239059768
0.3772016623781462,1.0,-1.0,0.3895811627790851,0.0138787227998817,0.0061187176098054,0.0211526335189811
0.3772016623781462,1.0,-1.0,0.305932148055964,0.0144051653501923,1.4191977479906248e-06,0.0296908888136579
0.3772016623781462,1.0,-1.0,0.2323797908765964,0.0215523826141182,0.0428225226993553,0.0413079786926506
0.3772016623781462,1.0,-1.0,0.1794684391874981,0.1479042732477238,0.1254061419552454,0.0563679169181519
0.3772016623781462,1.0,-1.0,0.1979094097152458,0.1803304133152746,0.1896378094993973,0.0549153511336939
0.3772016623781462,1.0,-1.0,0.1660933994680637,0.1930647560785319,0.1896378094993973,0.0202399283861131
0.3772016623781462,1.0,-1.0,0.1981310821110787,0.148319081757295,0.1896378094993973,0.0224415703082012
0.3772016623781462,1.0,-1.0,0.1146698763781705,0.1792427872313722,0.1896378094993973,0.0532417913173641
0.3772016623781462,1.0,-1.0,0.0275992707902775,0.0769821475762822,0.1896378094993973,0.060544125128708
0.3772016623781462,1.0,-1.0,0.0795947676045487,0.0762512742422196,0.07340903269894,0.0703498474812534
0.3772016623781462,1.0,-1.0,0.0980275958902284,0.0611042905638413,0.07340903269894,0.0072120767844095
0.3772016623781462,1.0,-1.0,0.0991410200440214,0.9986263042131666,0.978770332510106,0.002616264373109
0.3772016623781462,1.0,-1.0,0.0649084917453528,0.9576257153299664,0.978770332510106,0.004176157165937
0.3772016623781462,1.0,-1.0,0.1514943998913042,0.970586158811094,0.978770332510106,0.0044132668271716
0.3772016623781462,1.0,-1.0,0.1519920879366304,0.0362542597340212,0.978770332510106,0.0043773178566759
0.3772016623781462,1.0,-1.0,0.2448066205662437,0.1135526525791805,0.978770332510106,0.0048749932070208
0.3772016623781462,1.0,-1.0,0.3597313219610733,0.1245881894269143,0.978770332510106,0.0091311070971111
0.3772016623781462,1.0,-1.0,0.3035670492166288,0.119951030791745,0.9464429851201056,0.0050730512280728
0.3772016623781462,1.0,-1.0,0.1242870604592794,0.1253967290803393,0.0030600677393582,0.0130130932122993
0.3772016623781462,1.0,-1.0,0.1698224538753978,0.1446859944042615,0.0030600677393582,0.0165932251500697
0.3772016623781462,1.0,-1.0,0.1031719788478073,0.0836086513368575,0.0030600677393582,0.0234757069436014
0.3772016623781462,1.0,-1.0,0.1169394064458091,0.1035587287461661,0.091760960491615,0.0167283958587097
0.3772016623781462,1.0,-1.0,0.1388323871160051,0.1109607318216229,0.091760960491615,0.0101183815819901
0.3772016623781462,1.0,-1.0,0.2072081159788588,0.1213650318588609,0.091760960491615,0.0209726857413544
0.3772016623781462,1.0,-1.0,0.1790387322178908,0.188259988275438,0.1651686185088412,0.0419280796622705
0.3772016623781462,1.0,-1.0,0.1955274831903875,0.1679211487936183,0.2110483051068444,0.0358948919121556
0.3772016623781462,1.0,-1.0,0.161419324894407,0.1598334457599426,0.1406993956262009,0.0468660996428945
0.3772016623781462,1.0,-1.0,0.1290219158009072,0.1245391258262332,0.1406993956262009,0.0648783747717447
0.3772016623781462,1.0,-1.0,0.1603502698922096,0.1251188649882672,0.1406993956262009,0.0493034182169023
0.3772016623781462,1.0,-1.0,0.1426373972577194,0.1359104443483856,0.1406993956262009,0.0462024357370111
0.3772016623781462,1.0,-1.0,0.264449776665928,0.2042982373446981,0.2202242317957503,0.029065699789338
0.3772016623781462,1.0,-1.0,0.2128518628158304,0.2243686087966212,0.2202242317957503,0.0454841540888088
0.3772016623781462,1.0,-1.0,0.1866506710423888,0.194814740771629,0.2202242317957503,0.0724931526959246
0.3772016623781462,1.0,-1.0,0.1931474289766931,0.2359242984663937,0.2202242317957503,0.0721950958735552
0.3772016623781462,1.0,-1.0,0.1498756135279081,0.2048339404370567,0.2202242317957503,0.0752703154050334
0.3772016623781462,1.0,-1.0,0.1361235458159367,0.2142988787244262,0.2202242317957503,0.0644806460387093
0.3772016623781462,1.0,-1.0,0.1582424404757753,0.274841980191043,0.2141069473364797,0.0588844932012739
0.3772016623781462,1.0,-1.0,0.1919514382120644,0.2672382700206719,0.2385760851735621,0.0336748629890986
0.3772016623781462,1.0,-1.0,0.253263341564934,0.2734964300746174,0.2385760851735621,0.0525986765166684
0.3772016623781462,1.0,-1.0,0.2085110827443128,0.3081003201319314,0.3272767310943753,0.0602356078054899
0.3772016623781462,1.0,-1.0,0.254357025549171,0.2466214601564839,0.2966902875366328,0.0773008703484447
0.3772016623781462,1.0,-1.0,0.2222883573121399,0.2733457104347435,0.2966902875366328,0.0771795737495483
0.3772016623781462,1.0,-1.0,0.2276709745291194,0.2997901833956012,0.2966902875366328,0.0698531687543065
0.3772016623781462,1.0,-1.0,0.177790062476192,0.275420603304968,0.2966902875366328,0.0826278138653283
0.3772016623781462,1.0,-1.0,0.2218312360086997,0.2809739736635145,0.2538692963217386,0.0696830880838328
0.3772016623781462,1.0,-1.0,0.2292098293862808,0.2884436092543815,0.2538692963217386,0.0757035237943108
0.3772016623781462,1.0,-1.0,0.1796896030543729,0.2684481512031518,0.2538692963217386,0.0942183769496454
0.3772016623781462,1.0,-1.0,0.29615251208769,0.2800958670112902,0.2538692963217386,0.0573551818321649
0.3772016623781462,1.0,-1.0,0.2773299136918296,0.2763702008103511,0.278338434158821,0.0711871907032493
0.3772016623781462,1.0,-1.0,0.2523462095889735,0.2520712399924486,0.278338434158821,0.0584936190313601
0.3772016623781462,1.0,-1.0,0.2339861182805186,0.2279297588772522,0.278338434158821,0.0685734509878804
0.3772016623781462,1.0,-1.0,0.3004482873464144,0.2541370769294451,0.278338434158821,0.1233117606969414
0.3772016623781462,1.0,-1.0,0.2954326431175729,0.2547475446160823,0.278338434158821,0.1469510050289199
0.3772016623781462,1.0,-1.0,0.2422591216356136,0.2366426508035754,0.278338434158821,0.1357628266760989
0.3772016623781462,1.0,-1.0,0.3099747683533577,0.252271448394188,0.2355174429439268,0.1826856801874661
0.3772016623781462,1.0,-1.0,0.3644539379352773,0.2610321709537576,0.2661038652402798,0.1492404436956703
0.3772016623781462,1.0,-1.0,0.3037722406512282,0.2577821325698197,0.2661038652402798,0.1442628495511524
0.3772016623781462,1.0,-1.0,0.2880900628362073,0.2545838575600839,0.2661038652402798,0.1630441483255249
0.3772016623781462,1.0,-1.0,0.2082402448442113,0.2083734710714603,0.2080475363793818,0.1279007448650021
0.3772016623781462,1.0,-1.0,0.1922619876008042,0.2273225224156164,0.247752011862468,0.1176931628113274
0.3772016623781462,1.0,-1.0,0.2020899107051465,0.2418238138032289,0.247752011862468,0.1500351792449866
0.3772016623781462,1.0,-1.0,0.2658733110243606,0.2667356657265198,0.247752011862468,0.1568487899978576
0.3772016623781462,1.0,-1.0,0.2919044229762653,0.2630704787040633,0.2832461581704036,0.1521137015460714
0.3772016623781462,1.0,-1.0,0.3668879655633898,0.261913657637398,0.2691625074699151,0.2401468557152076
0.3772016623781462,1.0,-1.0,0.3153728263587017,0.2799104967348867,0.2661038652402798,0.3024303039039698
0.3772016623781462,1.0,-1.0,0.3382383686612927,0.2604832878646823,0.2446933696328327,0.3938787514404706
0.3772016623781462,1.0,-1.0,0.3380224056587623,0.2735999568230217,0.2822642434199101,0.3304209269947002
0.3772016623781462,1.0,-1.0,0.2837483812815368,0.2211607251441177,0.2508106540921033,0.3601377332578946
0.3772016623781462,1.0,-1.0,0.3499172215984107,0.2370524849272889,0.2416347274031974,0.3176503800373745
0.3772016623781462,1.0,-1.0,0.274253405955044,0.2680899954214036,0.2416347274031974,0.3033013001140568
0.3772016623781462,1.0,-1.0,0.2737144114893473,0.263780157753083,0.2630452230106445,0.2992471906321242
0.3772016623781462,1.0,-1.0,0.2507813966399955,0.2443047356045663,0.2630452230106445,0.3023076509766259
0.3772016623781462,1.0,-1.0,0.2888765028699323,0.2604444281324271,0.2630452230106445,0.2612573058699045
0.3772016623781462,1.0,-1.0,0.2922520949789475,0.2510587186317725,0.2630452230106445,0.2376685082056647
0.3772016623781462,1.0,-1.0,0.2522571014465401,0.2508090002101085,0.2630452230106445,0.288954728669158
0.3772016623781462,1.0,-1.0,0.262758108856853,0.2445124693592698,0.2630452230106445,0.2246710168723107
0.3772016623781462,1.0,-1.0,0.2003532380832783,0.2361795652415144,0.2630452230106445,0.1784661423874761
0.3772016623781462,1.0,-1.0,0.1936279426122066,0.2469328694660062,0.2630452230106445,0.2223673586331274
0.3772016623781462,1.0,-1.0,0.1835759662719093,0.2596992268664497,0.2630452230106445,0.2622927532581995
0.3772016623781462,1.0,-1.0,0.2349939071007395,0.2399349927253622,0.2630452230106445,0.2071437093763935
0.3772016623781462,1.0,-1.0,0.2343676305738682,0.2211912729752177,0.2630452230106445,0.2284879584702402
0.3772016623781462,1.0,-1.0,0.2413286985618842,0.2179557113296091,0.2630452230106445,0.2040633562146626
0.3772016623781462,1.0,-1.0,0.2467150835161442,0.2030961153538338,0.2330714689136337,0.1295313141740099
0.3772016623781462,1.0,-1.0,0.2101838656370797,0.2279843283152714,0.186579167269762,0.12302845576946
0.3772016623781462,1.0,-1.0,0.2721460157227099,0.2232399334003639,0.1944887868624497,0.0923935172365858
0.3772016623781462,1.0,-1.0,0.3492216464435198,0.2406235412635167,0.2294001584846562,0.0957147864157713
0.3772016623781462,1.0,-1.0,0.3427797865217393,0.233367697974231,0.2493721935252413,0.1021403413909055
0.3772016623781462,1.0,-1.0,0.3890381463116288,0.2672819128162517,0.2508106540921033,0.1399395453328448
0.3772016623781462,1.0,-1.0,0.4104981145739898,0.2413126425112109,0.2538692963217386,0.1405604083257053
0.3772016623781462,1.0,-1.0,0.3678361640357006,0.2473880045139187,0.2482858428296072,0.1536333436059261
0.3772016623781462,1.0,-1.0,0.3894607801057277,0.2472905575704516,0.2384139458173647,0.1417982986729136
0.3772016623781462,1.0,-1.0,0.4004404750702953,0.2164566355094924,0.2232828740253856,0.1458207313227189
0.3772016623781462,1.0,-1.0,0.3302397860239588,0.2190361309314356,0.2232828740253856,0.1810173961971132
0.3772016623781462,1.0,-1.0,0.3860777218670093,0.2010480288962865,0.2232828740253856,0.1970421834568026
0.3772016623781462,1.0,-1.0,0.3383668415680747,0.2105976380335316,0.2232828740253856,0.1722667442428202
0.3772016623781462,1.0,-1.0,0.3705862655262343,0.2062227719620554,0.2232828740253856,0.175091611794419
0.3772016623781462,1.0,-1.0,0.3636422794882204,0.1941769139627749,0.2232828740253856,0.1697876383560808
0.3772016623781462,1.0,-1.0,0.3189010465000093,0.2099861287019925,0.2232828740253856,0.1892114722101192
0.3772016623781462,1.0,-1.0,0.2520276624266196,0.2206671130090159,0.2232828740253856,0.2048726321883026
0.3772016623781462,1.0,-1.0,0.2178053971669239,0.2103450285158135,0.2232828740253856,0.1797147666888491
0.3772016623781462,1.0,-1.0,0.257600284554313,0.2063186458091402,0.2232828740253856,0.1232681467160589
0.3772016623781462,1.0,-1.0,0.2627121794459541,0.2069338540429837,0.2232828740253856,0.1017905472011458
0.3772016623781462,1.0,-1.0,0.2553885071958495,0.212532206454841,0.2232828740253856,0.0810487558689695
0.3772016623781462,1.0,-1.0,0.2547298466203272,0.1876864458376668,0.2232828740253856,0.0807947943053188
0.3772016623781462,1.0,-1.0,0.2706388052357148,0.1987576855958616,0.2232828740253856,0.0667213516785014
0.3772016623781462,1.0,-1.0,0.2549610886065537,0.2129220154867687,0.2232828740253856,0.0277406179408069
0.3772016623781462,1.0,-1.0,0.246331745141536,0.1933460002020202,0.2232828740253856,0.0325364002675939
0.3772016623781462,1.0,-1.0,0.2689354181456505,0.1868209026984418,0.2232828740253856,0.0464662999567459
0.3772016623781462,1.0,-1.0,0.2715188145977329,0.2170521800385569,0.2018723784179385,0.0409877101689322
0.3772016623781462,1.0,-1.0,0.3611524754793838,0.2243428440288458,0.2263415162550209,0.0252215222411333
0.3772016623781462,1.0,-1.0,0.4254874679134842,0.210688750075351,0.2153122980290501,0.0031588420112715
0.3772016623781462,1.0,-1.0,0.4150638262496627,0.2472763784449515,0.2508106540921033,0.0044369299959342
0.3772016623781462,1.0,-1.0,0.3214115846213655,0.2364567915918099,0.2241321814896736,0.0053729234956134
0.3772016623781462,1.0,-1.0,0.296428227242799,0.2214123993072301,0.2327068786067792,0.0048992141066092
0.3772016623781462,1.0,-1.0,0.2750142346212421,0.2169708254459197,0.2385760851735621,0.005237286606039
0.3772016623781462,1.0,-1.0,0.2764768794795442,0.2371119437189288,0.2385760851735621,0.0088377438730333
0.3772016623781462,1.0,-1.0,0.3628306441561161,0.2064954490876777,0.2251300635436689,0.0528620412283459
0.3772016623781462,1.0,-1.0,0.2461060738588961,0.2202469899846397,0.2049310206475738,0.0547453032776181
0.3772016623781462,1.0,-1.0,0.31666139250866,0.214341841262111,0.2049310206475738,0.0984246431486979
0.3772016623781462,1.0,-1.0,0.3002026216297395,0.2186112035856755,0.2049310206475738,0.1010212756246169
0.3772016623781462,1.0,-1.0,0.2859286760745025,0.203040823141801,0.2049310206475738,0.0792402377260751
0.3772016623781462,1.0,-1.0,0.243790625937835,0.1879403308389382,0.2049310206475738,0.1464510156938271
0.3772016623781462,1.0,-1.0,0.3242532213243598,0.1804456957704278,0.2049310206475738,0.142628736287169
0.3772016623781462,1.0,-1.0,0.2525099559134865,0.1922914941743835,0.2049310206475738,0.0754600045012876
0.3772016623781462,1.0,-1.0,0.2141340954687648,0.1860305705727392,0.2049310206475738,0.0921038754842612
0.3772016623781462,1.0,-1.0,0.2234313686053141,0.1667633498562288,0.2049310206475738,0.0823557387540246
0.3772016623781462,1.0,-1.0,0.241120848907731,0.1687630636000196,0.1712859242295013,0.0801800712509139
0.3772016623781462,1.0,-1.0,0.2413907853246795,0.1663547274418909,0.1712859242295013,0.0989646879255208
0.3772016623781462,1.0,-1.0,0.2482735629680984,0.1812289277043507,0.1712859242295013,0.1105513862029715
0.3772016623781462,1.0,-1.0,0.2310429607055224,0.1921670707537654,0.2141069473364797,0.1336121418679395
0.3772016623781462,1.0,-1.0,0.2047849061485826,0.1428237565294502,0.1764726933473535,0.0797430418073008
0.3772016623781462,1.0,-1.0,0.223495928668042,0.1833598143025621,0.1559926599278511,0.0839047168856216
0.3772016623781462,1.0,-1.0,0.3057671766389609,0.1946659768732034,0.1636283265170503,0.0848684757525898
0.3772016623781462,1.0,-1.0,0.3339254883376136,0.2315882070949358,0.2231855819071114,0.0944440014576684
0.3772016623781462,1.0,-1.0,0.3361120472827452,0.1990227310782237,0.1926964517290326,0.0969401635392387
0.3772016623781462,1.0,-1.0,0.3917389436081779,0.2030173967605399,0.2031593303233446,0.0724569620610609
0.3772016623781462,1.0,-1.0,0.2733076807826659,0.1114716480169302,0.0856436441402601,0.08314106750927
0.3772016623781462,1.0,-1.0,0.3421327989973011,0.1621909751565342,0.1622595076314399,0.0883889064508963
0.3772016623781462,1.0,-1.0,0.2902370489824165,0.19167464906998,0.1844709091500169,0.1067423419368086
0.3772016623781462,1.0,-1.0,0.2720605135128887,0.145020224240357,0.1406993956262009,0.0996230176687197
0.3772016623781462,1.0,-1.0,0.3230309257436249,0.1447215591373375,0.1774032193194666,0.0794085245427958
0.3772016623781462,1.0,-1.0,0.3129452940322815,0.08043006128996,0.088708717940214,0.0750393385041049
0.3772016623781462,1.0,-1.0,0.2704786186139085,0.0976962662065524,0.0672917269782799,0.0606514719624434
0.3772016623781462,1.0,-1.0,0.2705686051245423,0.120410406822472,0.0844282421258117,0.0543169258969237
0.3772016623781462,1.0,-1.0,0.2760485594070955,0.1292631342623482,0.0917609498609202,0.0530071173276031
0.3772016623781462,1.0,-1.0,0.2279454877066909,0.1078784514120242,0.1345820899055408,0.0333472021107372
0.3772016623781462,1.0,-1.0,0.2333029558551964,0.0806331395296942,0.1345820899055408,0.0456970757787918
0.3772016623781462,1.0,-1.0,0.2068554049165007,0.0432466279800696,0.0489398098162996,0.0494972018208084
0.3772016623781462,1.0,-1.0,0.1523708379931392,0.0445124975760217,0.0489398098162996,0.0588253397799533
0.3772016623781462,1.0,-1.0,0.2269926431288992,0.0296108558163656,0.0489398098162996,0.0534803629283895
0.3772016623781462,1.0,-1.0,0.2137426899756847,0.027011965072641,0.0489398098162996,0.0419104729147632
0.3772016623781462,1.0,-1.0,0.2417741236992877,0.9337426259245962,0.9665356785460067,0.0570298161386359
0.3772016623781462,1.0,-1.0,0.1914962354496935,0.9849935108350106,0.9665356785460067,0.0286106078426909
0.3772016623781462,1.0,-1.0,0.2154208586524171,0.9697621114034676,0.9665356785460067,0.0054718466569184
0.3772016623781462,1.0,-1.0,0.1523960332915186,0.958022050586075,0.9665356785460067,0.0055164640975318
0.3772016623781462,1.0,-1.0,0.1423755395167192,0.0334971851143789,1.0000000000000002,0.0055289569262129
0.3772016623781462,1.0,-1.0,0.1353523847659078,0.0715680068766008,0.0854452381689521,0.005473121462096
0.3772016623781462,1.0,-1.0,0.2089349185159491,0.0957846564892012,0.0703503904693047,0.0055111233833617
0.3772016623781462,1.0,-1.0,0.1710350642909758,0.1987793263001481,0.1498753648378857,0.0062026001120782
0.3772016623781462,1.0,-1.0,0.1777495881941165,0.173460850220086,0.1804618828104914,0.0473077158101283
0.3772016623781462,1.0,-1.0,0.1326298709713519,0.1386714304509245,0.1747939046644704,0.0381590653155281
0.3772016623781462,1.0,-1.0,0.2461439592662757,0.078613416637662,0.07646768555927,0.0342648585716472
0.3772016623781462,1.0,-1.0,0.2691810838623253,0.0919844701616645,0.1039955506715456,0.0469762867450722
0.3772016623781462,1.0,-1.0,0.2552121401071941,0.1005996175316915,0.1039955506715456,0.0609184097974502
0.3772016623781462,1.0,-1.0,0.2509460675626142,0.0894662298373653,0.1039955506715456,0.0628475536671057
0.3772016623781462,1.0,-1.0,0.2365518086788777,0.0749577744837955,0.1039955506715456,0.0527646590334461
0.3772016623781462,1.0,-1.0,0.1971930542179302,0.0800250155440859,0.1039955506715456,0.101385639407054
0.3772016623781462,1.0,-1.0,0.2003649573642676,0.0565940956873669,0.0896432516842447,0.1641830996169543
0.3772016623781462,1.0,-1.0,0.1517157602352765,0.0616615546427643,0.0550571155369597,0.1203046055188418
0.3772016623781462,1.0,-1.0,0.2094982530267773,0.0801177006822877,0.0305879059426878,0.0694518413756325
0.3772016623781462,1.0,-1.0,0.2440109114365094,0.0248431647258097,0.0214119526770451,0.045922977386175
0.3772016623781462,1.0,-1.0,0.2467861619955171,0.0702610188796013,0.0703503798386099,0.0763860924394414
0.3772016623781462,1.0,-1.0,0.2757282092784356,0.0652423737426891,0.0703503798386099,0.0706540588262553
0.3772016623781462,1.0,-1.0,0.194669941562337,0.1014838677630306,0.0703503798386099,0.0678995526358896
0.3772016623781462,1.0,-1.0,0.1782480852627851,0.0819785089526164,0.0703503798386099,0.0222054160244894
0.3772016623781462,1.0,-1.0,0.205674831825284,0.0509903118413787,0.0703503798386099,0.0402521462711576
0.3772016623781462,1.0,-1.0,0.1724018976705785,0.0800772678536501,0.0703503798386099,0.0156527016113634
0.3772016623781462,1.0,-1.0,0.1391496629559636,0.1234481622270332,0.0797234208694127,0.007505649200274
0.3772016623781462,1.0,-1.0,0.1305446133061722,0.2164657339588388,0.1926964517290326,0.0251449990651793
0.3772016623781462,1.0,-1.0,0.1389283026119914,0.1759364256195294,0.1926964517290326,0.0190481103650984
0.3772016623781462,1.0,-1.0,0.1862916495979596,0.2099436550996698,0.1926964517290326,0.0224721259817329
0.3772016623781462,1.0,-1.0,0.2238810468940036,0.2516633828682426,0.2165736937442977,0.0073445744868855
0.3772016623781462,1.0,-1.0,0.2057324111723142,0.2320374536604442,0.2324588007142915,0.0055748491720039
0.3772016623781462,1.0,-1.0,0.3453658874232809,0.229942046763072,0.2324588007142915,0.0055633760963138
0.3772016623781462,1.0,-1.0,0.3815497800239528,0.1931936436915863,0.2118459048719098,0.0054524699828232
0.3772016623781462,1.0,-1.0,0.4346549043610456,0.2308979791701029,0.223775245283033,0.0068063285771265
0.3772016623781462,1.0,-1.0,0.4720382549692424,0.2171880402950356,0.1911039736567557,0.0108816075614574
0.3772016623781462,1.0,-1.0,0.5176235304531615,0.1942363514963556,0.1988137361883032,0.0089415727298582
0.3772016623781462,1.0,-1.0,0.400474037981531,0.1802306705014116,0.1988137361883032,0.0089377737796654
0.3772016623781462,1.0,-1.0,0.3972440007292999,0.185929743597856,0.1988137361883032,0.0051505762686134
0.3772016623781462,1.0,-1.0,0.3691030714750338,0.1683792387117625,0.1590513127881811,0.0013248165988146
0.3772016623781462,1.0,-1.0,0.3486061645995321,0.1889695397761024,0.1810697034130315,0.0009650892173505
0.3772016623781462,1.0,-1.0,0.3871646794000276,0.1791237846158554,0.186579167269762,0.0
0.3772016623781462,1.0,-1.0,0.369034951709599,0.1741577956916326,0.186579167269762,0.0055376254533
0.3772016623781462,1.0,-1.0,0.3884820467809773,0.1729228831444205,0.1573384952514304,0.005214595449876
latitude6,longitude6,elevation6,wind_speed6,wind_direction6,nacelle_position6,production6
0.3772016623781462,1.0,0.0,0.5488609387632953,0.7114352386579811,0.7065480911710892,0.976426719899933
0.3772016623781462,1.0,0.0,0.4649447383025902,0.6866015738765034,0.7065480911710892,0.9602260328832052
0.3772016623781462,1.0,0.0,0.4566610327244221,0.6124259553865006,0.6331401673864944,0.9763729334556948
0.3772016623781462,1.0,0.0,0.4970556144431448,0.608808684029527,0.5933775420031723,0.9835978763325616
0.3772016623781462,1.0,0.0,0.4297276285961529,0.6231585117451931,0.6239641769134201,0.932524555682786
0.3772016623781462,1.0,0.0,0.3605304752187511,0.6155367322244846,0.6178468499313705,0.8611480190671942
0.3772016623781462,1.0,0.0,0.4257399294262357,0.6167637474026961,0.6392574943685438,0.622537234942823
0.3772016623781462,1.0,0.0,0.4757432120384477,0.5882376852829596,0.5872602150211226,0.9336619464672922
0.3772016623781462,1.0,0.0,0.3808344184696007,0.5658308830582215,0.57719009807473,0.9093617909928114
0.3772016623781462,1.0,0.0,0.3472558352961155,0.5852582407348406,0.6016618723241084,0.5105665171041556
0.3772016623781462,1.0,0.0,0.3211937493076711,0.589953295694297,0.5627909070929243,0.4661553651147969
0.3772016623781462,1.0,0.0,0.2589100933457489,0.6302721386182932,0.5903188785121473,0.8635692257718223
0.3772016623781462,1.0,0.0,0.2417321007153852,0.6857295682872753,0.6484334848416183,0.9551122954477532
0.3772016623781462,1.0,0.0,0.3029125262176294,0.696481894641043,0.7218414086262132,0.9373975375267288
0.3772016623781462,1.0,0.0,0.2894945504736633,0.710551371071708,0.7218414086262132,0.92911121659512
0.3772016623781462,1.0,0.0,0.3402562115670933,0.6991037361169535,0.7218414086262132,0.7302674575193612
0.3772016623781462,1.0,0.0,0.3592132234125646,0.6896235345430637,0.6790201197518663,0.8429371074495897
0.3772016623781462,1.0,0.0,0.4282973677865016,0.7002195716454416,0.6888089910381776,0.9501540836742746
0.3772016623781462,1.0,0.0,0.4525967306014506,0.7468317354533341,0.7463107165544114,0.9552882389573224
0.3772016623781462,1.0,0.0,0.5749787086726533,0.783498146190406,0.7860733419377336,0.9083701836401402
0.3772016623781462,1.0,0.0,0.4287148238312088,0.8250732978982198,0.8136013133569565,0.8992735658425116
0.3772016623781462,1.0,0.0,0.546849336894708,0.7991471389372781,0.8258359673210558,0.9248888640489972
0.3772016623781462,1.0,0.0,0.3238348869114522,0.7979015016991894,0.7921906689197832,0.8816566969165327
0.3772016623781462,1.0,0.0,0.4131256374706651,0.7777837247752044,0.7616040340095354,0.7944140343012484
0.3772016623781462,1.0,0.0,0.2546390510863511,0.7493634002420311,0.7034894276800645,0.8231930488243635
0.3772016623781462,1.0,0.0,0.2693041478701892,0.7585326814417609,0.724900072117238,0.7243671662578081
0.3772016623781462,1.0,0.0,0.338729792554453,0.7460003752733358,0.7524280435364609,0.5125641993129375
0.3772016623781462,1.0,0.0,0.3452567386169072,0.7214113482373686,0.7524280435364609,0.462531926375369
0.3772016623781462,1.0,0.0,0.409177141260428,0.7020962756295527,0.7164760544673985,0.4565724525241416
0.3772016623781462,1.0,0.0,0.1670528895947399,0.6653418140111892,0.6973721006980147,0.5445183641473359
0.3772016623781462,1.0,0.0,0.2439911943819062,0.6399078641534406,0.6973721006980147,0.6799761987692157
0.3772016623781462,1.0,0.0,0.1913188281881693,0.6517197772109987,0.6759614562608415,0.4915133984415744
0.3772016623781462,1.0,0.0,0.3148687354714938,0.5682749646429296,0.5694960264486211,0.5316399526179965
0.3772016623781462,1.0,0.0,0.3810316814754441,0.5801237816912946,0.5964362054941972,0.514947953851404
0.3772016623781462,1.0,0.0,0.2375223130804876,0.5130628104612343,0.5107936277455031,0.4539510925763664
0.3772016623781462,1.0,0.0,0.2814346669819238,0.5037682342604586,0.5107936277455031,0.6711280953451828
0.3772016623781462,1.0,0.0,0.3062695570196734,0.4599525256269145,0.4587963483980818,0.4261050278466148
0.3772016623781462,1.0,0.0,0.3815696126533193,0.4991169709029964,0.5053154606540916,0.6139578887298595
0.3772016623781462,1.0,0.0,0.4192918746971472,0.5969216024745652,0.567378392056114,0.7582091652809225
0.3772016623781462,1.0,0.0,0.4982436305491121,0.6867454059051898,0.6833114335595576,0.7846363354445283
0.3772016623781462,1.0,0.0,0.3763006978883838,0.6902576199334951,0.7034894276800645,0.7695763644046291
0.3772016623781462,1.0,0.0,0.312802536084767,0.6700700740591481,0.6851374467339156,0.9581071853331184
0.3772016623781462,1.0,0.0,0.4205683748418265,0.606794227821667,0.6331401673864944,0.8866266343682022
0.3772016623781462,1.0,0.0,0.4372252408648856,0.5788051442778422,0.568908234074974,0.7784863630752311
0.3772016623781462,1.0,0.0,0.5435340979270402,0.5389912227764534,0.5322042721826766,0.8566023644885673
0.3772016623781462,1.0,0.0,0.6033700653238385,0.5496910842400642,0.5663018853838104,0.7360581924443854
0.3772016623781462,1.0,0.0,0.4010002729933695,0.5802620866245835,0.5872602150211226,0.6911911390865642
0.3772016623781462,1.0,0.0,0.6020634232809146,0.6871307294866219,0.7034894276800645,0.543340662698005
0.3772016623781462,1.0,0.0,0.6477865563423879,0.7279803436332374,0.7287999212217681,0.3607892084379721
0.3772016623781462,1.0,0.0,0.6017103654942668,0.7455005557849417,0.7468926833073402,0.2086317183566514
0.3772016623781462,1.0,0.0,0.8297908271881702,0.7021190642690371,0.7181770506715965,0.3234239639704182
0.3772016623781462,1.0,0.0,0.6959835440953752,0.7030264007526896,0.6872798293837812,0.4005078140194284
0.3772016623781462,1.0,0.0,0.5757188494562372,0.6777077546081538,0.7004307641890397,0.3678366327141697
0.3772016623781462,1.0,0.0,0.6614826743114904,0.7044267541457861,0.7322687594386991,0.397807641179933
0.3772016623781462,1.0,0.0,0.6774000005397343,0.713733872601502,0.7279587356082627,0.5299117859974802
0.3772016623781462,1.0,0.0,0.748221164259829,0.7410288805117747,0.7279587356082627,0.5606790905194833
0.3772016623781462,1.0,0.0,0.6244696714745172,0.724579139190182,0.7279587356082627,0.4516058986015023
0.3772016623781462,1.0,0.0,0.6287407137339149,0.7022233988236917,0.7279587356082627,0.342917378932228
0.3772016623781462,1.0,0.0,0.5473142248222357,0.7374591421752188,0.7279587356082627,0.395269381871873
0.3772016623781462,1.0,0.0,0.5842786862586616,0.7435829938110088,0.7279587356082627,0.3226906715581886
0.3772016623781462,1.0,0.0,0.5168348020391249,0.7216389795355025,0.7112783676260467,0.4082694254361765
0.3772016623781462,1.0,0.0,0.4221532284547448,0.7516024691036158,0.7554867070274854,0.4474556502257468
0.3772016623781462,1.0,0.0,0.4493641507044292,0.7174073502670546,0.724900072117238,0.4435545870957222
0.3772016623781462,1.0,0.0,0.660417259914334,0.7279545788654621,0.7340760625903121,0.30910673588935
0.3772016623781462,1.0,0.0,0.6475943323962204,0.7072389828000761,0.709606754662114,0.3030261550335253
0.3772016623781462,1.0,0.0,0.5917647872809789,0.7044023073776824,0.709606754662114,0.1878351342720339
0.3772016623781462,1.0,0.0,0.5688834805806863,0.6915086992347445,0.6729027927698165,0.1966704327887888
0.3772016623781462,1.0,0.0,0.5100856981668322,0.6961702514928693,0.6943134372069899,0.0861948483007725
0.3772016623781462,1.0,0.0,0.5636254298434922,0.6868116035016028,0.6943134372069899,0.0883032535802316
0.3772016623781462,1.0,0.0,0.564693017046197,0.6848420443148161,0.6943134372069899,0.1035039619267739
0.3772016623781462,1.0,0.0,0.5026208629009454,0.6709405065519941,0.6943134372069899,0.1364915396567962
0.3772016623781462,1.0,0.0,0.4669054410454607,0.7024992008840194,0.6943134372069899,0.2002749850191905
0.3772016623781462,1.0,0.0,0.3255773151565282,0.6790178462817995,0.6943134372069899,0.3504852249752911
0.3772016623781462,1.0,0.0,0.2555552353492533,0.6805495319647606,0.6943134372069899,0.5049458920179588
0.3772016623781462,1.0,0.0,0.2078573225387506,0.666178658770466,0.6943134372069899,0.3197013528283817
0.3772016623781462,1.0,0.0,0.2953879156842114,0.6037169111688963,0.6239641769134201,0.1411496236547921
0.3772016623781462,1.0,0.0,0.243558967882461,0.5668300543577068,0.5505562531288252,0.367898323782263
0.3772016623781462,1.0,0.0,0.2672883853101263,0.6041309331302763,0.5994948689852219,0.2456392275501485
0.3772016623781462,1.0,0.0,0.2651151405777163,0.5565136882824349,0.5994948689852219,0.166802709463507
0.3772016623781462,1.0,0.0,0.1377421125872827,0.4675154628397006,0.5118080511605161,0.2235134561712154
0.3772016623781462,1.0,0.0,0.2893361205882578,0.4188680949581486,0.4395649113373581,0.1479283490566278
0.3772016623781462,1.0,0.0,0.3787525471449829,0.4407178509990708,0.4453387393109203,0.2747218846353683
0.3772016623781462,1.0,0.0,0.2928267789315228,0.5539889536210435,0.5474975896378003,0.2930256099544729
0.3772016623781462,1.0,0.0,0.3304871160172239,0.5898178393409436,0.5964362054941972,0.2274435855657104
0.3772016623781462,1.0,0.0,0.483190479940327,0.6559505986731965,0.6576094753146926,0.24455711079592
0.3772016623781462,1.0,0.0,0.6305594906675661,0.6583703185220375,0.6698441292787918,0.3415685759200434
0.3772016623781462,1.0,0.0,0.5843669853777526,0.677636370045291,0.6698441292787918,0.4753309416459141
0.3772016623781462,1.0,0.0,0.8690489853752217,0.7270189691630461,0.7062102051694253,0.488251530614716
0.3772016623781462,1.0,0.0,0.6238453828335729,0.7459919570818845,0.7524280435364609,0.3489605076218911
0.3772016623781462,1.0,0.0,0.5470252879142159,0.7482686952244083,0.7524280435364609,0.3660492543356254
0.3772016623781462,1.0,0.0,0.6075489251521018,0.7209180762312143,0.7371347260813371,0.6331185802809174
0.3772016623781462,1.0,0.0,0.5810467998102192,0.6923702458588359,0.7065480911710892,0.5832132771870416
0.3772016623781462,1.0,0.0,0.5726053115653197,0.6889132602683858,0.7065480911710892,0.4881087515233132
0.3772016623781462,1.0,0.0,0.4010181639667141,0.6471819468575377,0.6627473326060394,0.3612037782492298
0.3772016623781462,1.0,0.0,0.2563281300207303,0.7049741066545975,0.6545508118236679,0.4158066738761995
0.3772016623781462,1.0,0.0,0.2528349521476273,0.6619682875612387,0.64311392771575,0.5042753115662023
0.3772016623781462,1.0,0.0,0.319688919660798,0.6928550571574204,0.688296761642753,0.7692734802197209
0.3772016623781462,1.0,0.0,0.1813018016562661,0.6997496835044301,0.6759614562608415,0.7141519420954618
0.3772016623781462,1.0,0.0,0.1723760089236199,0.675034936306232,0.6759614562608415,0.4735324792929607
0.3772016623781462,1.0,0.0,0.283241123645817,0.6243942002115666,0.6356912364650019,0.6926878256520503
0.3772016623781462,1.0,0.0,0.1878855180424081,0.6217675544142724,0.665269188535397,0.7516584197316719
0.3772016623781462,1.0,0.0,0.170191056467697,0.5568488428441066,0.5169109547275524,0.7206973206676301
0.3772016623781462,1.0,0.0,0.2332358531476778,0.5446898281955947,0.5169109547275524,0.8266083713600818
0.3772016623781462,1.0,0.0,0.2716428725485603,0.5204487955890682,0.5169109547275524,0.9369559286515832
0.3772016623781462,1.0,0.0,0.245630761087727,0.5441845666440402,0.5597322436018995,0.9014114894959236
0.3772016623781462,1.0,0.0,0.1842857340077221,0.5063020248550776,0.5225166901558622,0.7985914675826601
0.3772016623781462,1.0,0.0,0.2726415309624878,0.5549506257040642,0.5001582129755365,0.8545947067028171
0.3772016623781462,1.0,0.0,0.3973650306213313,0.5679371315657961,0.5505562531288252,0.8203186825765214
0.3772016623781462,1.0,0.0,0.4388967755502097,0.5822319434241989,0.5566735801108745,0.7510337502686525
0.3772016623781462,1.0,0.0,0.5132829584162175,0.6785713845220486,0.6654134683244289,0.8868298794568424
0.3772016623781462,1.0,0.0,0.4636112366846966,0.7599969365608742,0.7426334316749892,0.8854257149093193
0.3772016623781462,1.0,0.0,0.307749584322362,0.7611110289285061,0.74478134228612,0.9433397145442072
0.3772016623781462,1.0,0.0,0.2589142309222718,0.7653134921397036,0.7585453705185106,0.9165178382182192
0.3772016623781462,1.0,0.0,0.2436309709599396,0.7647356130578513,0.7585453705185106,0.9573338739396008
0.3772016623781462,1.0,0.0,0.2580962620931437,0.7590819896920206,0.7585453705185106,0.903565280733753
0.3772016623781462,1.0,0.0,0.1675656948190937,0.7529216592266081,0.7585453705185106,0.9715756143212716
0.3772016623781462,1.0,0.0,0.1579620214278038,0.7620553969513209,0.807483986374907,0.9216443513925956
0.3772016623781462,1.0,0.0,0.1604425910130601,0.7829547901967281,0.8555530114014488,0.7995333720606123
0.3772016623781462,1.0,0.0,0.1716767700487354,0.7778856784272263,0.7952507781852928,0.9113898666261576
0.3772016623781462,1.0,0.0,0.1544964428081549,0.8478300502938471,0.8001217625158485,0.7636439296172893
0.3772016623781462,1.0,0.0,0.1712789385988209,0.8698137746239774,0.88361855579236,0.807284512038379
0.3772016623781462,1.0,0.0,0.1466119440195836,0.9293820877850348,0.9512426162275563,0.931934771570802
0.3772016623781462,1.0,0.0,0.1069767925124242,0.8964524186977557,0.8992453368801354,0.9511347237259514
0.3772016623781462,1.0,0.0,0.1209453548708368,0.9602143517173748,0.9650149789246244,0.8974313509589955
0.3772016623781462,1.0,0.0,0.1023095137348442,0.0744133449581269,0.0346720328252147,0.9516049175877312
0.3772016623781462,1.0,0.0,0.1201488251602838,0.0669217763646591,0.0672919980609958,0.9494493762486792
0.3772016623781462,1.0,0.0,0.1789139577035315,0.066684711802746,0.0183535708994309,0.9462402739736794
0.3772016623781462,1.0,0.0,0.1334267589636709,0.0598624957199565,0.0611746923403357,0.8608019657187975
0.3772016623781462,1.0,0.0,0.1425186210735706,0.0699998529930469,0.0611746923403357,0.858984310589104
0.3772016623781462,1.0,0.0,0.2497942957023888,0.0369440385823531,0.0611746923403357,0.5020386822038411
0.3772016623781462,1.0,0.0,0.185468294984866,0.0620543610610421,0.0611746923403357,0.5677869516245647
0.3772016623781462,1.0,0.0,0.3074777524792969,0.0815316539187703,0.0611746923403357,0.3636010085671096
0.3772016623781462,1.0,0.0,0.3088823788064685,0.0912212952066161,0.1070544905606337,0.3694913825884018
0.3772016623781462,1.0,0.0,0.3284681867086492,0.0873231411131613,0.0887025627679587,0.3424015657652484
0.3772016623781462,1.0,0.0,0.430960487710245,0.0844695761627168,0.079526609502316,0.6175570885673557
0.3772016623781462,1.0,0.0,0.3815587023956724,0.0698768219753078,0.079526609502316,0.6645520900016205
0.3772016623781462,1.0,0.0,0.3787302181007312,0.1161655762992481,0.1088901457751225,0.7792726835545026
0.3772016623781462,1.0,0.0,0.3735221881210537,0.0845364699605692,0.110113132790269,0.6727261711081594
0.3772016623781462,1.0,0.0,0.2613474957569471,0.0814885532037006,0.0856439099076287,0.6014909843346383
0.3772016623781462,1.0,0.0,0.2990715376521284,0.0311267892774441,0.0550573813043283,0.3009498057747918
0.3772016623781462,1.0,0.0,0.3393370454753003,0.0386081513452286,0.0550573813043283,0.4772394561974094
0.3772016623781462,1.0,0.0,0.2854418520569179,0.0728236407170382,0.0550573813043283,0.3863634376024363
0.3772016623781462,1.0,0.0,0.2790584729653206,0.0923166167079563,0.0550573813043283,0.2676698809276385
0.3772016623781462,1.0,0.0,0.3329401672513604,0.0764300066896314,0.0917612156282887,0.2248742327925972
0.3772016623781462,1.0,0.0,0.2539082949735397,0.0457558974033777,0.0458814227233381,0.211165121133819
0.3772016623781462,1.0,0.0,0.3248093208550113,0.0783361637147924,0.0837419616807319,0.2624304278877032
0.3772016623781462,1.0,0.0,0.309586945677937,0.0597802695468913,0.0611746923403357,0.2621813301470334
0.3772016623781462,1.0,0.0,0.280876140381245,0.0653082418391841,0.0611746923403357,0.3186126440262151
0.3772016623781462,1.0,0.0,0.3121712436131725,0.0345150900785526,0.0611746923403357,0.3080167436796203
0.3772016623781462,1.0,0.0,0.3370271913727785,0.0441496703357597,0.0581160341646583,0.2359227093153318
0.3772016623781462,1.0,0.0,0.3455116734295914,0.0803370679098996,0.0978785213489488,0.3346300079398857
0.3772016623781462,1.0,0.0,0.3314455544135549,0.1002957548331925,0.1039958377003037,0.2815755727062345
0.3772016623781462,1.0,0.0,0.3195660174576027,0.1059515677791231,0.1039958377003037,0.2376669914512719
0.3772016623781462,1.0,0.0,0.2486928913239695,0.1138078236930347,0.1039958377003037,0.2483929243186989
0.3772016623781462,1.0,0.0,0.3673711836483623,0.1647797178342383,0.1559929256952196,0.4092722334366718
0.3772016623781462,1.0,0.0,0.3819394056656795,0.1673771125420453,0.1625840840032874,0.4195216429095644
0.3772016623781462,1.0,0.0,0.4066765656836604,0.149289055112441,0.1712861899968698,0.5060108869485604
0.3772016623781462,1.0,0.0,0.3410854142632052,0.152405093320082,0.1621102314158797,0.4685324692686179
0.3772016623781462,1.0,0.0,0.3601752446265551,0.1454883160753645,0.1376409979025446,0.3583432378010455
0.3772016623781462,1.0,0.0,0.3805814484278911,0.1237705832112317,0.1376409979025446,0.4020983351787945
0.3772016623781462,1.0,0.0,0.2969875397518676,0.1303198830152327,0.1376409979025446,0.2817795470037175
0.3772016623781462,1.0,0.0,0.3036480671256376,0.1499243840993368,0.1376409979025446,0.4453807010479912
0.3772016623781462,1.0,0.0,0.3873248660218339,0.1498807838198754,0.1651688630148202,0.6354156464721624
0.3772016623781462,1.0,0.0,0.3955546675304416,0.1433896248078427,0.1651688630148202,0.6216868607588079
0.3772016623781462,1.0,0.0,0.3785893555793333,0.1440935429228136,0.1651688630148202,0.6487249329224826
0.3772016623781462,1.0,0.0,0.4251851243329322,0.1596058357198679,0.1651688630148202,0.7134979292686117
0.3772016623781462,1.0,0.0,0.3896815279034549,0.1654127615797679,0.1559929150645249,0.5640202087633673
0.3772016623781462,1.0,0.0,0.3715265817996943,0.1564489501514346,0.1559929150645249,0.5944746535234939
0.3772016623781462,1.0,0.0,0.3272892547790699,0.152631576683018,0.1559929150645249,0.3974779512779667
0.3772016623781462,1.0,0.0,0.3596020631459015,0.144952421660473,0.1559929150645249,0.4147222819903818
0.3772016623781462,1.0,0.0,0.3277382627341329,0.1515734567853138,0.1559929150645249,0.2594977541007981
0.3772016623781462,1.0,0.0,0.3627982601074653,0.152068939629627,0.1559929150645249,0.2056408974566285
0.3772016623781462,1.0,0.0,0.3785533424831177,0.1737365672481769,0.1774034850868352,0.1154840975432206
0.3772016623781462,1.0,0.0,0.3086412205055588,0.1495352128091857,0.1559929150645249,0.0534831813205665
0.3772016623781462,1.0,0.0,0.3336510213899473,0.1429768889590456,0.1559929150645249,0.0313956532993894
0.3772016623781462,1.0,0.0,0.2965520309291473,0.1556691301360166,0.1559929150645249,0.0440522249145995
0.3772016623781462,1.0,0.0,0.2911647676066869,0.1919239210724005,0.1804621379471652,0.1467304922748843
0.3772016623781462,1.0,0.0,0.2815096056583879,0.1964617726839209,0.1804621379471652,0.1399586651887007
0.3772016623781462,1.0,0.0,0.2958618646731746,0.2108836227042261,0.2263417713916947,0.0606948051979214
0.3772016623781462,1.0,0.0,0.2138929602828077,0.1936732892817802,0.2263417713916947,0.1291758540315423
0.3772016623781462,1.0,0.0,0.1816827129608469,0.1791717640555163,0.2263417713916947,0.1827899716361505
0.3772016623781462,1.0,0.0,0.1677677888500391,0.1832308416572708,0.2263417713916947,0.2527998542070884
0.3772016623781462,1.0,0.0,0.1682914812170871,0.172833110360332,0.1712861899968698,0.1274127145549298
0.3772016623781462,1.0,0.0,0.181941716005196,0.2040885265904871,0.1712861899968698,0.1387949791333266
0.3772016623781462,1.0,0.0,0.2276531297856801,0.1889767037420597,0.1712861899968698,0.0824722736191782
0.3772016623781462,1.0,0.0,0.2225456960798988,0.2135716405184903,0.1712861899968698,0.0837598960094593
0.3772016623781462,1.0,0.0,0.2191011520671537,0.2129034997171876,0.1712861899968698,0.2309650371563968
0.3772016623781462,1.0,0.0,0.2432105330863416,0.2209470178747733,0.22940041362133,0.2732425824086923
0.3772016623781462,1.0,0.0,0.2087774363436019,0.2271826656440042,0.22940041362133,0.2903070902204949
0.3772016623781462,1.0,0.0,0.2324716959282994,0.2652255994897861,0.22940041362133,0.1659363072691291
0.3772016623781462,1.0,0.0,0.2365857183144029,0.2779477613851101,0.2722214048362242,0.1567164677612594
0.3772016623781462,1.0,0.0,0.2515750485389446,0.2849525257369416,0.2722214048362242,0.3159608906538757
0.3772016623781462,1.0,0.0,0.2175660649472729,0.3178240540322522,0.2722214048362242,0.3697037865401065
0.3772016623781462,1.0,0.0,0.2283783845397627,0.323701163374669,0.312289598909196,0.357723381116388
0.3772016623781462,1.0,0.0,0.1849688964330444,0.3053859423242336,0.2813973315251301,0.4673837903312268
0.3772016623781462,1.0,0.0,0.2256941837792103,0.3309869592693964,0.2813973315251301,0.5382285003536532
0.3772016623781462,1.0,0.0,0.1649036381831719,0.3086414865455096,0.2813973315251301,0.5294268329487242
0.3772016623781462,1.0,0.0,0.2016129105424347,0.2927375884105235,0.2813973315251301,0.4751168750980481
0.3772016623781462,1.0,0.0,0.2529058919372844,0.3264313359203676,0.3358596988919897,0.4410706392622673
0.3772016623781462,1.0,0.0,0.2060617530175516,0.3689573181009993,0.3639807142480621,0.2733422506733139
0.3772016623781462,1.0,0.0,0.1848780084392576,0.3376720236686096,0.3639807142480621,0.248983700154709
0.3772016623781462,1.0,0.0,0.1203180612860493,0.3812184139498881,0.3639807142480621,0.181332822774116
0.3772016623781462,1.0,0.0,0.1522043641042145,0.3807838567033011,0.3639807142480621,0.217763046495193
0.3772016623781462,1.0,0.0,0.1281036165198383,0.3963782587540949,0.3639807142480621,0.127305907335738
0.3772016623781462,1.0,0.0,0.1646732745651458,0.4404027215291849,0.4435059650147065,0.1983397522556983
0.3772016623781462,1.0,0.0,0.1751760733842884,0.6039985804535688,0.6056151300390201,0.3056092752695888
0.3772016623781462,1.0,0.0,0.0916560978842889,0.4035612719324908,0.3976260126493348,0.4211154600928996
0.3772016623781462,1.0,0.0,0.1406208834616958,0.3998400486659288,0.3976260126493348,0.3931480258433674
0.3772016623781462,1.0,0.0,0.1612782196660064,0.4058471935565979,0.3976260126493348,0.2898264832564414
0.3772016623781462,1.0,0.0,0.1951324486497426,0.3785817343486416,0.3976260126493348,0.2218268107022031
0.3772016623781462,1.0,0.0,0.1800513289482611,0.3825319069130091,0.3976260126493348,0.2017025717547414
0.3772016623781462,1.0,0.0,0.1921000211276446,0.3736307748722877,0.3976260126493348,0.2948443443132537
0.3772016623781462,1.0,0.0,0.1856743647876658,0.3964672449899922,0.3976260126493348,0.2719148972845926
0.3772016623781462,1.0,0.0,0.2324599997622627,0.4358541771138766,0.3976260126493348,0.2847484478859285
0.3772016623781462,1.0,0.0,0.2345718974103619,0.4046228568938479,0.3976260126493348,0.3072033841364611
0.3772016623781462,1.0,0.0,0.3050280529132934,0.3937735087577976,0.3976260126493348,0.2977546168045109
0.3772016623781462,1.0,0.0,0.3109030879663967,0.3935812508702067,0.4159779935954835,0.4013209110474042
0.3772016623781462,1.0,0.0,0.2776518818671744,0.3853701554317852,0.3670393777390869,0.3407442782442436
0.3772016623781462,1.0,0.0,0.2308790525763409,0.4058522104585739,0.4251539840685578,0.279005957417938
0.3772016623781462,1.0,0.0,0.2736349885120708,0.3867367935429576,0.4251539840685578,0.36811609471105
0.3772016623781462,1.0,0.0,0.2657789789026302,0.3736135133282006,0.3679671822533462,0.4246271840376243
0.3772016623781462,1.0,0.0,0.1915088562138358,0.437344367065239,0.4129193301044587,0.5291965779645499
0.3772016623781462,1.0,0.0,0.1800587026181538,0.6777875998785864,0.6028140270201923,0.3823338587059725
0.3772016623781462,1.0,0.0,0.1799889416910815,0.7601262705931722,0.7769002430136289,0.3308105286951835
0.3772016623781462,1.0,0.0,0.2405018535909417,0.7622264818119282,0.7769002430136289,0.7015091525273789
0.3772016623781462,1.0,0.0,0.2290271519155543,0.7670989140175213,0.7769002430136289,0.5478325308323935
0.3772016623781462,1.0,0.0,0.2062497469273857,0.752111046912409,0.7769002430136289,0.5218969641021893
0.3772016623781462,1.0,0.0,0.1898226435335842,0.787752904227286,0.7769002430136289,0.6683366838952874
0.3772016623781462,1.0,0.0,0.1631701091948629,0.7888658911758386,0.7769002430136289,0.7793383123503466
0.3772016623781462,1.0,0.0,0.1463651225552766,0.803940321098097,0.7769002430136289,0.7072664021823459
0.3772016623781462,1.0,0.0,0.1204164154095392,0.8065025124598346,0.7769002430136289,0.6836630786779593
0.3772016623781462,1.0,0.0,0.2037720782686859,0.7260905021685282,0.7769002430136289,0.5323398764335836
0.3772016623781462,1.0,0.0,0.1498505453617683,0.7473120825594823,0.7371376176303067,0.6178059529611959
0.3772016623781462,1.0,0.0,0.1354119519988652,0.7710763819299281,0.7371376176303067,0.94007093381752
0.3772016623781462,1.0,0.0,0.0297794760128017,0.0717187530890487,0.7371376176303067,0.9391316544914016
0.3772016623781462,1.0,0.0,0.1337437574241977,0.8121169359644628,0.7952522239597777,0.946960848983692
0.3772016623781462,1.0,0.0,0.113440854346217,0.8394058215536802,0.8564254937802731,0.8136346376508233
0.3772016623781462,1.0,0.0,0.1240682312026214,0.7976049092569435,0.7860762334867033,0.863835941198132
0.3772016623781462,1.0,0.0,0.1285770223074144,0.888363982261037,0.8961881191635954,0.693876261055546
0.3772016623781462,1.0,0.0,0.1592759562382862,0.9935132307771966,0.9824642863188828,0.5655678816111359
0.3772016623781462,1.0,0.0,0.2656865190920638,0.9548876773023564,0.9940653508763884,0.6895580612991374
0.3772016623781462,1.0,0.0,0.2500496234692679,0.9536495229011128,0.9506768931761927,0.7658004626803673
0.3772016623781462,1.0,0.0,0.2862783590780645,0.9255388007424282,0.957361388984091,0.3903491764632764
0.3772016623781462,1.0,0.0,0.2702548658723379,0.9202719890221748,0.957361388984091,0.3537697857813346
0.3772016623781462,1.0,0.0,0.2185811580925284,0.9344800254828396,0.957361388984091,0.4090733344327342
0.3772016623781462,1.0,0.0,0.2404261983509458,0.9152454784033512,0.957361388984091,0.3632119318969931
0.3772016623781462,1.0,0.0,0.268365518988272,0.9481179207952084,0.957361388984091,0.3875179502105691
0.3772016623781462,1.0,0.0,0.277667831184497,0.945638550832194,0.957361388984091,0.4106598011909348
0.3772016623781462,1.0,0.0,0.1828231584942779,0.9524544798439692,0.957361388984091,0.3497804883813421
0.3772016623781462,1.0,0.0,0.2026555798261916,0.9433187013455708,0.957361388984091,0.4564176852393647
0.3772016623781462,1.0,0.0,0.1807396228930699,0.911562477127268,0.9134624027996296,0.5128806176139663
0.3772016623781462,1.0,0.0,0.2296385192979718,0.8908345939036523,0.9114814366187194,0.6437093761656132
0.3772016623781462,1.0,0.0,0.1976997339798339,0.9425815568840382,0.9114814366187194,0.6081404355928384
0.3772016623781462,1.0,0.0,0.2196634232901605,0.935138515125256,0.9818306969122894,0.6072883113076007
0.3772016623781462,1.0,0.0,0.1739487387438777,0.9422281629075554,0.9818306969122894,0.6301626593161066
0.3772016623781462,1.0,0.0,0.0591664601297492,0.8568614942375905,0.8992467826546201,0.3966169306448481
0.3772016623781462,1.0,0.0,0.1851135266917229,0.8881870301760849,0.8870121286905212,0.5175601549361148
0.3772016623781462,1.0,0.0,0.2503484766919711,0.8825631680931629,0.8870121286905212,0.8088296180710213
0.3772016623781462,1.0,0.0,0.191910062446836,0.9342007796169178,0.8870121286905212,0.9410963764604928
0.3772016623781462,1.0,0.0,0.1297033792772103,0.9633159025576568,0.9543027254930662,0.9258858383787508
0.3772016623781462,1.0,0.0,0.171668795390074,0.8841928959452492,0.8686601477443724,0.9325707000183528
0.3772016623781462,1.0,0.0,0.2110888160329981,0.920954032594208,0.9267747540738432,0.965489929003548
0.3772016623781462,1.0,0.0,0.2213020885128284,0.9137751009631824,0.9267747540738432,0.9399355343196054
0.3772016623781462,1.0,0.0,0.2004054547612957,0.9521239595392076,0.9267747540738432,0.9723897614099808
0.3772016623781462,1.0,0.0,0.1150367453490216,0.0396660374042814,0.0520001795338304,0.9743139977041252
0.3772016623781462,1.0,0.0,0.1184104998193017,0.0831751516787167,0.0520001795338304,0.9069056406004408
0.3772016623781462,1.0,0.0,0.0962396543034011,0.073169100122917,0.122349190006074,0.9828518081814078
0.3772016623781462,1.0,0.0,0.0717952740543168,0.0213536596192668,0.9757133699302396,0.9636090368830144
0.3772016623781462,1.0,0.0,0.0,0.9595548416881154,0.9757133699302396,0.9740072632965274
0.3772016623781462,1.0,0.0,0.0257243996453033,0.1214759776699331,0.9757133699302396,0.982018526652666
0.3772016623781462,1.0,0.0,0.0641258887937663,0.247756279131856,0.250812355003262,0.9642655581882836
0.3772016623781462,1.0,0.0,0.065281168348055,0.2753525775154621,0.250812355003262,0.9687352000371462
0.3772016623781462,1.0,0.0,0.0968328648905187,0.3250341712361544,0.3670408235135718,0.8985190972054897
0.3772016623781462,1.0,0.0,0.1173557992026948,0.3635482899645604,0.311985199595968,0.8922238080980173
0.3772016623781462,1.0,0.0,0.1246764780664324,0.4592331954190086,0.434331420316117,0.9272935031287188
0.3772016623781462,1.0,0.0,0.110185887617562,0.4535265119373633,0.3884514679507453,0.6153265845592731
0.3772016623781462,1.0,0.0,0.0965517639514443,0.451351684930743,0.4037447854058692,0.7950218444558242
0.3772016623781462,1.0,0.0,0.1295183209663617,0.4205567926665128,0.4037447854058692,0.592361231287197
0.3772016623781462,1.0,0.0,0.1632535310589464,0.4219657768316526,0.4037447854058692,0.6954012409241294
0.3772016623781462,1.0,0.0,0.1749374808431218,0.4324120721648808,0.4037447854058692,0.9536025997965132
0.3772016623781462,1.0,0.0,0.1632997494067533,0.3775296304816968,0.4037447854058692,0.968932086424678
0.3772016623781462,1.0,0.0,0.2290698914629887,0.4014110192423295,0.4037447854058692,0.985615918052232
0.3772016623781462,1.0,0.0,0.2455075815051,0.3620919003273587,0.4037447854058692,0.988148081174367
0.3772016623781462,1.0,0.0,0.2448618653030571,0.3523374485314641,0.4037447854058692,0.9575143677123484
0.3772016623781462,1.0,0.0,0.2194986599077312,0.3719564476119567,0.4037447854058692,0.9744685316420724
0.3772016623781462,1.0,0.0,0.2213495666255542,0.4085545349466936,0.4037447854058692,0.9806449888765364
0.3772016623781462,1.0,0.0,0.2007839621108018,0.390091060191254,0.4037447854058692,0.9875165279798724
0.3772016623781462,1.0,0.0,0.2605581201242367,0.4679482769254316,0.4037447854058692,0.970236028508859
0.3772016623781462,1.0,0.0,0.2514659228475236,0.461568010579323,0.4588007282443153,0.9771980478453984
0.3772016623781462,1.0,0.0,0.247494242339787,0.464532021776448,0.4588007282443153,0.9810340947150068
0.3772016623781462,1.0,0.0,0.3564983722248094,0.4238532799098476,0.4435074107891913,0.9832745159633502
0.3772016623781462,1.0,0.0,0.2862116493247409,0.3925567399641302,0.3762168139866461,0.9746230655800194
0.3772016623781462,1.0,0.0,0.3530542673961646,0.3541583926262395,0.3762168139866461,0.9784616792647544
0.3772016623781462,1.0,0.0,0.3543410074648642,0.3576907592946858,0.3762168139866461,0.9692517715813224
0.3772016623781462,1.0,0.0,0.3651993258131108,0.3389428304488156,0.3425716006309315,0.5246861004204955
0.3772016623781462,1.0,0.0,0.3422738926682254,0.3695042454486262,0.3591636062784561,0.7488297311257371
0.3772016623781462,1.0,0.0,0.3288494909674249,0.3781816151579919,0.3700994870045966,0.9220446578788896
0.3772016623781462,1.0,0.0,0.3444936909152556,0.3679264722932751,0.3700994870045966,0.9694767179251216
0.3772016623781462,1.0,0.0,0.3778640083654401,0.3614293291375718,0.3700994870045966,0.9662166293678394
0.3772016623781462,1.0,0.0,0.3918725942643516,0.3722585246334811,0.3700994870045966,0.9884042959933418
0.3772016623781462,1.0,0.0,0.3590752733751996,0.3642423655981122,0.3700994870045966,0.9812368147732804
0.3772016623781462,1.0,0.0,0.3193000799274612,0.3625469503430343,0.3700994870045966,0.9832776078088432
0.3772016623781462,1.0,0.0,0.2759569779647295,0.391789961768044,0.3670408235135718,0.9763010042954496
0.3772016623781462,1.0,0.0,0.3586872657801578,0.3744360301555631,0.39151013144177,0.9923232393241896
0.3772016623781462,1.0,0.0,0.373155908581495,0.3654668298092174,0.3517475698426163,0.9924410794731716
0.3772016623781462,1.0,0.0,0.383854387032225,0.3501752275539616,0.3517475698426163,0.9914302210070528
0.3772016623781462,1.0,0.0,0.3705454445198692,0.3503312617086406,0.3517475698426163,0.9843486114203088
0.3772016623781462,1.0,0.0,0.2516721082250867,0.370502566425743,0.3517475698426163,0.9931408866153438
0.3772016623781462,1.0,0.0,0.2873529963413249,0.3398679811860951,0.3517475698426163,0.9870389836929584
0.3772016623781462,1.0,0.0,0.2593915084644154,0.3534106829092742,0.3762168139866461,0.9830573284016372
0.3772016623781462,1.0,0.0,0.2337026365013221,0.3473641680929287,0.363982160022547,0.9896886369438308
0.3772016623781462,1.0,0.0,0.2351020388491969,0.3368788642210306,0.363982160022547,0.9753907766496248
0.3772016623781462,1.0,0.0,0.2262810261968751,0.3474012421482093,0.363982160022547,0.9836534128780224
0.3772016623781462,1.0,0.0,0.1746253711950787,0.3506200737012114,0.363982160022547,0.9796620736932704
0.3772016623781462,1.0,0.0,0.1625613769170465,0.3054543295007462,0.3321433993628662,0.9807941558374016
0.3772016623781462,1.0,0.0,0.1745938770721045,0.3024659990838729,0.3242197472531197,0.9561298626352248
0.3772016623781462,1.0,0.0,0.247157781089136,0.3065750756409142,0.3242197472531197,0.9884502653187862
0.3772016623781462,1.0,0.0,0.1246399448837823,0.4068440689856876,0.4282140933340674,1.0
0.3772016623781462,1.0,0.0,0.1406919619410687,0.3821650353269804,0.3976274584238196,0.970384670439357
0.3772016623781462,1.0,0.0,0.0892068721748146,0.3673846043637426,0.3456302428605667,0.9801409013877478
0.3772016623781462,1.0,0.0,0.0995300446969794,0.4231938123967069,0.4282140933340674,0.9926710427738088
0.3772016623781462,1.0,0.0,0.1951090563176693,0.3760996008379286,0.39151013144177,0.9768770209444836
0.3772016623781462,1.0,0.0,0.0927458985564821,0.3717547936621903,0.4159794393699683,0.9840664951032412
0.3772016623781462,1.0,0.0,0.0577771185650117,0.4693672098622866,0.4863286996635383,0.9898796313239134
0.3772016623781462,1.0,0.0,0.1157578162966761,0.4601019697832352,0.4554029030682576,0.9807095092749396
0.3772016623781462,1.0,0.0,0.1220739077611337,0.5596894722655151,0.5321779080597175,0.9935942795053876
0.3772016623781462,1.0,0.0,0.1409241285254008,0.5640134890593359,0.5872645948673563,0.9837342675545022
0.3772016623781462,1.0,0.0,0.2023418636889399,0.5525307357907493,0.5077393441007118,0.986787319137162
0.3772016623781462,1.0,0.0,0.2148980677685222,0.5757308037533624,0.5505606329750589,0.9777413376015712
0.3772016623781462,1.0,0.0,0.2533477111420758,0.5653515988550343,0.5964405853404307,0.9933546323113192
0.3772016623781462,1.0,0.0,0.2316402510817812,0.6175672595251156,0.5788871396604844,0.9778823957601052
0.3772016623781462,1.0,0.0,0.3029210094052489,0.5848204522632519,0.5933819218494057,0.9925119002359756
0.3772016623781462,1.0,0.0,0.3172813586534602,0.5635876051009108,0.5762781970798041,0.9858196298345316
0.3772016623781462,1.0,0.0,0.3396321771906282,0.5296900140612006,0.5505606329750589,0.9928668207638996
0.3772016623781462,1.0,0.0,0.3682691995584882,0.5359972802319457,0.5107980075917365,0.9890144979529218
0.3772016623781462,1.0,0.0,0.4068880212704257,0.5540131878085552,0.5456580542197311,0.9819030199719806
0.3772016623781462,1.0,0.0,0.4336604990984041,0.5378420120949888,0.5413846425019845,0.9808499840663992
0.3772016623781462,1.0,0.0,0.4943476515112767,0.553808940375564,0.575029940903257,0.9883061736514668
0.3772016623781462,1.0,0.0,0.4801762901158631,0.5316097018410556,0.5536192964660835,0.9918566623382696
0.3772016623781462,1.0,0.0,0.4488973673507848,0.5264879126008051,0.5138566710827615,0.9920267721770972
0.3772016623781462,1.0,0.0,0.5341244167757948,0.540864823083918,0.5383259790109597,0.9891452888509504
0.3772016623781462,1.0,0.0,0.4778590623434486,0.5833757120425032,0.5566779599571083,0.9931139350565172
0.3772016623781462,1.0,0.0,0.5276945766293879,0.5730306901034018,0.5872780745882884,0.9759491756130187
0.3772016623781462,1.0,0.0,0.5120854651796671,0.5855406327935266,0.5857533353029045,0.9856849887138136
0.3772016623781462,1.0,0.0,0.4867145393901591,0.5873327297019397,0.5744113195148596,0.9858318805430892
0.3772016623781462,1.0,0.0,0.4299137039649177,0.6057057726734548,0.5964405853404307,0.9792977026187448
0.3772016623781462,1.0,0.0,0.3726686453798102,0.5899241721531648,0.5964405853404307,0.9741271452302688
0.3772016623781462,1.0,0.0,0.447505893431666,0.6024323716824336,0.5931219375788076,0.96761385184718
0.3772016623781462,1.0,0.0,0.3375426085867807,0.6558323613478114,0.6277979030966582,0.9849433541524236
0.3772016623781462,1.0,0.0,0.4024522156285985,0.7285624743269337,0.7157284189676181,0.956470257323002
0.3772016623781462,1.0,0.0,0.3694661380361753,0.8131517782873202,0.801518380668208,0.9914140034023908
0.3772016623781462,1.0,0.0,0.5887094066109075,0.791764214969972,0.7792157784194438,0.9761408700335904
0.3772016623781462,1.0,0.0,0.48782558270383,0.787201555203341,0.7769016887881138,0.9881353637721502
0.3772016623781462,1.0,0.0,0.3717394705135234,0.7610047386324033,0.7371390634047914,0.989872164225364
0.3772016623781462,1.0,0.0,0.380304068996192,0.6890880015151789,0.7004351015124942,0.9862197029739964
0.3772016623781462,1.0,0.0,0.3296394213589987,0.68293111485536,0.7004351015124942,0.9513817796818618
0.3772016623781462,1.0,0.0,0.3643158954381017,0.6875242161627947,0.6667898031112215,0.9483679887032932
0.3772016623781462,1.0,0.0,0.4410855766457475,0.6797935528627583,0.660672476129172,0.9940494224966536
0.3772016623781462,1.0,0.0,0.5429320458705371,0.6832370183275444,0.6851417840573701,0.93937130168547
0.3772016623781462,1.0,0.0,0.5083010389032802,0.6713415610972494,0.6851417840573701,0.9358348138084468
0.3772016623781462,1.0,0.0,0.446792982062294,0.6736775241927613,0.6851417840573701,0.9726049655236416
0.3772016623781462,1.0,0.0,0.451483098413084,0.6989074391981107,0.6851417840573701,0.9545594968082712
0.3772016623781462,1.0,0.0,0.3620822975643445,0.6984882727863995,0.6851417840573701,0.9498779760380708
0.3772016623781462,1.0,0.0,0.4312108688772587,0.7003492458066873,0.7126697554765931,0.8200387830543355
0.3772016623781462,1.0,0.0,0.4308726046603016,0.7052966764452104,0.7126697554765931,0.8098681281364556
0.3772016623781462,1.0,0.0,0.4303298655722768,0.746862176994138,0.7677256983150395,0.692044546779365
0.3772016623781462,1.0,0.0,0.3665888580762076,0.6976653733139709,0.6820831205663456,0.9595972798506665
0.3772016623781462,1.0,0.0,0.4501351268348368,0.7004325773988319,0.6820831205663456,0.9486130612111516
0.3772016623781462,1.0,0.0,0.4561909208175974,0.6884704548948211,0.6820831205663456,0.9824685360136792
0.3772016623781462,1.0,0.0,0.4885719182947216,0.69295543771306,0.6820831205663456,0.909421177760962
0.3772016623781462,1.0,0.0,0.4837121844214477,0.69640642853081,0.6820831205663456,0.9678563575399116
0.3772016623781462,1.0,0.0,0.4545876214724712,0.7147845309204198,0.7096110919855686,0.8038054274814541
0.3772016623781462,1.0,0.0,0.5398313598932885,0.6961026508645478,0.7096110919855686,0.9016687543756318
0.3772016623781462,1.0,0.0,0.4926591042208083,0.7190288299921632,0.7157284189676181,0.9743379740908734
0.3772016623781462,1.0,0.0,0.5128515409401149,0.7003694409629467,0.6637311396201968,0.9817803962129904
0.3772016623781462,1.0,0.0,0.4484806972144673,0.7052411078784078,0.7033408530903572,0.9744573309942482
0.3772016623781462,1.0,0.0,0.4096269582388334,0.6972974813410997,0.6943493264324372,0.9912487938469864
0.3772016623781462,1.0,0.0,0.4970165964030856,0.6872708200968856,0.6820831205663456,0.9857192906977748
0.3772016623781462,1.0,0.0,0.4813982389723083,0.6805490217713391,0.6820831205663456,0.9814486936946184
0.3772016623781462,1.0,0.0,0.4756240313426276,0.6771806822878388,0.6820831205663456,0.9915333603057656
0.3772016623781462,1.0,0.0,0.5002469572646537,0.7060746788965652,0.7180411478700213,0.9860738612054544
0.3772016623781462,1.0,0.0,0.5199567537728038,0.6855901154187883,0.6943177745304446,0.9906058066578382
0.3772016623781462,1.0,0.0,0.4719311402787013,0.683648319257344,0.6943177745304446,0.9885632051843452
0.3772016623781462,1.0,0.0,0.4353160844664057,0.6821551531776905,0.6943177745304446,0.9802984688344806
0.3772016623781462,1.0,0.0,0.5418558599054499,0.6829269907918715,0.6943177745304446,0.9927452470656428
0.3772016623781462,1.0,0.0,0.4600741404015746,0.6867963402150821,0.6943177745304446,0.9940134870848848
0.3772016623781462,1.0,0.0,0.4753883050555886,0.7008134793039461,0.7286037211196191,0.987359718910336
0.3772016623781462,1.0,0.0,0.4737667911277808,0.6874408845706502,0.6973764380214693,0.9823263111209972
0.3772016623781462,1.0,0.0,0.4951548256575211,0.7018975552919587,0.6973764380214693,0.9881995341503088
0.3772016623781462,1.0,0.0,0.503616793750461,0.7076496459880993,0.7175756084859013,0.9959918015068044
0.3772016623781462,1.0,0.0,0.5593521223187355,0.7293514884529646,0.7469309538084096,0.9900639753193506
0.3772016623781462,1.0,0.0,0.4528583918653535,0.7179218803324292,0.7400540849484692,0.9937289206261056
0.3772016623781462,1.0,0.0,0.4297166258786954,0.7140290194957205,0.7340803999137668,0.985543813881865
0.3772016623781462,1.0,0.0,0.3672910903374592,0.7430959291581469,0.7566439219342667,0.9883143407905052
0.3772016623781462,1.0,0.0,0.6201191600079374,0.7387880259732155,0.7493737173688907,0.9717887766501728
0.3772016623781462,1.0,0.0,0.5686231137541314,0.7446323766463733,0.7279630729317171,0.985762576534678
0.3772016623781462,1.0,0.0,0.5835742811918617,0.7278411458614611,0.7279630729317171,0.9897531573422336
0.3772016623781462,1.0,0.0,0.5439393955066578,0.7030506349402013,0.7279630729317171,0.9881595151690208
0.3772016623781462,1.0,0.0,0.4758111699992139,0.717875197634381,0.7157284189676181,0.9800014766570216
0.3772016623781462,1.0,0.0,0.5090495472997202,0.7180996827397503,0.7175751832581118,0.966199770059396
0.3772016623781462,1.0,0.0,0.4568294482693688,0.6954169934224474,0.7126697554765931,0.9767513053400002
0.3772016623781462,1.0,0.0,0.4816256438763963,0.6885969828633022,0.7120366338205685,0.9690159746099434
0.3772016623781462,1.0,0.0,0.4993608224401856,0.6866469810909985,0.6851417840573701,0.9883961288543034
0.3772016623781462,1.0,0.0,0.4746358208872942,0.6694279106062129,0.6851417840573701,0.9913163477541752
0.3772016623781462,1.0,0.0,0.4444130203084103,0.6826679825983277,0.6851417840573701,0.98569093905797
0.3772016623781462,1.0,0.0,0.2864019084999338,0.6394303656272281,0.6392618316919984,0.975838510879049
0.3772016623781462,1.0,0.0,0.4205461844872907,0.5409050433319634,0.5505605904522796,0.9802131222315298
0.3772016623781462,1.0,0.0,0.5348940984688546,0.5463734239697459,0.5291499460151062,0.9871676744695198
0.3772016623781462,1.0,0.0,0.5172818914531185,0.5753493066225899,0.562795244416379,0.988077260411563
0.3772016623781462,1.0,0.0,0.6277525495084868,0.646996491548897,0.6453791586740478,0.9800065519505669
0.3772016623781462,1.0,0.0,0.7462681356812354,0.6881791344512622,0.6871795606709792,0.9574228374184116
0.3772016623781462,1.0,0.0,0.8541015625598191,0.7105392539779521,0.6973764380214693,0.959722470424783
0.3772016623781462,1.0,0.0,0.8948819790680351,0.7211824414556812,0.7157284189676181,0.945241782889533
0.3772016623781462,1.0,0.0,1.0,0.8037079279946977,0.7805598384170013,0.980329328952704
0.3772016623781462,1.0,0.0,0.797401508328095,0.821950574030954,0.7891363427522129,0.9875272619340372
0.3772016623781462,1.0,0.0,0.5244221465540122,0.8212891082602465,0.8074883236983617,0.989430322003389
0.3772016623781462,1.0,0.0,,,,0.9844213572944576
0.3772016623781462,1.0,0.0,,,,0.986137914910198
0.3772016623781462,1.0,0.0,0.4065944613718774,0.724318345319664,0.731021736422742,0.9638277995358276
0.3772016623781462,1.0,0.0,0.378304440673073,0.7281799142932002,0.7311271078690198,0.9473302953517628
0.3772016623781462,1.0,0.0,0.4380220132824413,0.7100956407981371,0.7034937650035189,0.8631250500815505
0.3772016623781462,1.0,0.0,0.3714411027048257,0.7299221397946818,0.7218457459496677,0.828317228530443
0.3772016623781462,1.0,0.0,0.35051950480444,0.6992558587887361,0.7025723814288836,0.9011922018127436
0.3772016623781462,1.0,0.0,0.3591369209538947,0.7478596051327675,0.7184206211495139,0.8529241184125214
0.3772016623781462,1.0,0.0,0.2984455616196414,0.772969369587402,0.7695670196898254,0.8394755239048898
0.3772016623781462,1.0,0.0,0.2918498254581259,0.7278213333502676,0.7126697554765931,0.8448458261795609
0.3772016623781462,1.0,0.0,0.1910490304609366,0.833125255505316,0.8564254087347154,0.8263539066423297
0.3772016623781462,1.0,0.0,0.2693988267162091,0.7764719324568211,0.7303756453191326,0.8722571365972885
0.3772016623781462,1.0,0.0,0.3443346831560341,0.766417125542199,0.7585481770219223,0.9454327772696156
0.3772016623781462,1.0,0.0,0.3201958999170861,0.7571596659128222,0.7585481770219223,0.8946068042592875
0.3772016623781462,1.0,0.0,0.274803796092393,0.7212914527833646,0.7371375325847488,0.56524236278375
0.3772016623781462,1.0,0.0,0.2879424738635908,0.7086879746326691,0.7192350174122708,0.3968280803573433
0.3772016623781462,1.0,0.0,0.2976147408768446,0.6947048059224397,0.7096095611655258,0.6177778930049284
0.3772016623781462,1.0,0.0,0.3581506521545832,0.6909519081476391,0.7096095611655258,0.3349079531823731
0.3772016623781462,1.0,0.0,0.3422524882220793,0.688885794855873,0.7096095611655258,0.2198556133585884
0.3772016623781462,1.0,0.0,0.2306243489131832,0.6945587630555944,0.7096095611655258,0.1874529413333925
0.3772016623781462,1.0,0.0,0.191190309051482,0.677992144924407,0.7096095611655258,0.1500917658511809
0.3772016623781462,1.0,0.0,0.3107702001036602,0.6848610490197595,0.7096095611655258,0.1720918362098077
0.3772016623781462,1.0,0.0,0.4000835339716039,0.7000028669897469,0.7096095611655258,0.2289367135920441
0.3772016623781462,1.0,0.0,0.3606278816291828,0.6971816249183475,0.7034922341834762,0.3229160554272935
0.3772016623781462,1.0,0.0,0.3580453635453007,0.6906877555037643,0.7034922341834762,0.1868991218015309
0.3772016623781462,1.0,0.0,0.245617285070337,0.6956933056761965,0.7034922341834762,0.1981668568390916
0.3772016623781462,1.0,0.0,0.3437750008077231,0.6874677972736235,0.7034922341834762,0.1669957018758188
0.3772016623781462,1.0,0.0,0.3537846767846863,0.6903214791433938,0.7034922341834762,0.1241205262243915
0.3772016623781462,1.0,0.0,0.2848641631604992,0.7015266021585597,0.7034922341834762,0.2181715055363488
0.3772016623781462,1.0,0.0,0.3745301849758483,0.7008271269779659,0.7157268881475752,0.2134866449896486
0.3772016623781462,1.0,0.0,0.2818587570180391,0.6937109491377592,0.6698469357822034,0.1517937247058901
0.3772016623781462,1.0,0.0,0.3204622535163752,0.6969628369728493,0.6954242172391402,0.1864659279964304
0.3772016623781462,1.0,0.0,0.4111324813342857,0.697548283923784,0.706550897674501,0.1796349474889261
0.3772016623781462,1.0,0.0,0.3050887065490249,0.6917728093625006,0.706550897674501,0.2343362571413079
0.3772016623781462,1.0,0.0,0.3141112815883815,0.6901020109400005,0.706550897674501,0.1612195657118256
0.3772016623781462,1.0,0.0,0.4238324835342513,0.7054644450485791,0.691257580219377,0.1302113160040142
0.3772016623781462,1.0,0.0,0.4549729939629119,0.6986244519137665,0.691257580219377,0.1311580186761514
0.3772016623781462,1.0,0.0,0.2183246052331594,0.6846960014479709,0.691257580219377,0.0925709556242825
0.3772016623781462,1.0,0.0,0.2398880822534494,0.6774891792432478,0.691257580219377,0.077133130438356
0.3772016623781462,1.0,0.0,0.199015205934667,0.6809417856734983,0.691257580219377,0.1387939728251237
0.3772016623781462,1.0,0.0,0.2941944906793259,0.5767792087180029,0.6086736659617078,0.1770041515787261
0.3772016623781462,1.0,0.0,0.2820054213925501,0.5991153916700103,0.6189591182607844,0.2125863491682615
0.3772016623781462,1.0,0.0,0.3169538197745288,0.5568652965819432,0.5536177231232619,0.2727716301697162
0.3772016623781462,1.0,0.0,0.3579094938536735,0.5325990944332997,0.5536177231232619,0.3154869340744676
0.3772016623781462,1.0,0.0,0.3104696594894142,0.5537851313492369,0.5536177231232619,0.3064019836183224
0.3772016623781462,1.0,0.0,0.2729171536577861,0.5545458722565045,0.5964390119976088,0.2255690375621085
0.3772016623781462,1.0,0.0,0.3000010823576575,0.569247138207205,0.5566763866142865,0.1789465305888769
0.3772016623781462,1.0,0.0,0.2093533222737146,0.5944706757947881,0.5566763866142865,0.183196155545717
0.3772016623781462,1.0,0.0,0.1621087630293715,0.5584541239280892,0.5566763866142865,0.1463490431292625
0.3772016623781462,1.0,0.0,0.1197152464361091,0.5341490620471903,0.5498072143773389,0.0715053955659429
0.3772016623781462,1.0,0.0,0.1079775081571367,0.4062954835094414,0.4649164818835431,0.1296434810781956
0.3772016623781462,1.0,0.0,0.1197396789410513,0.3233692400379989,0.3678132072707103,0.1526315856661644
0.3772016623781462,1.0,0.0,0.1108751408329054,0.2578617440016007,0.3119836475145357,0.1011125725717242
0.3772016623781462,1.0,0.0,0.1016314481565793,0.1489642107094914,0.1778579366563396,0.0991987275035887
0.3772016623781462,1.0,0.0,0.0936075315311502,0.0885910886844022,0.1131716474515674,0.08498734408604
0.3772016623781462,1.0,0.0,0.1150684706215222,0.1248186799340134,0.0978783831499172,0.06634421215714
0.3772016623781462,1.0,0.0,0.1007970561535994,0.1401870875572332,0.0978783831499172,0.0253448970852315
0.3772016623781462,1.0,0.0,0.1645958857037017,0.0599677124840688,0.0978783831499172,0.0118782851943631
0.3772016623781462,1.0,0.0,0.2023652560210132,0.9784611643332382,0.0183534327003993,0.0380267248487088
0.3772016623781462,1.0,0.0,0.2520222535277015,0.9188918307853384,0.935949128681317,0.0591364129801651
0.3772016623781462,1.0,0.0,0.1332729173963648,0.8668131570488745,0.9316209051014828,0.0958369143127485
0.3772016623781462,1.0,0.0,0.1507790383369522,0.8455579038921148,0.8686585318787717,0.1935074894335325
0.3772016623781462,1.0,0.0,0.2126412855972654,0.8742021183049994,0.8686585318787717,0.1917594008274335
0.3772016623781462,1.0,0.0,0.2059927086540112,0.8480085329590631,0.8686585318787717,0.2031875472262137
0.3772016623781462,1.0,0.0,0.2022302878125389,0.7924340138998938,0.7768986271480283,0.2146516144525858
0.3772016623781462,1.0,0.0,0.215668327335398,0.784131126161758,0.7768986271480283,0.2819820045468076
0.3772016623781462,1.0,0.0,0.20744298701265,0.7862114398370836,0.7768986271480283,0.3329364933235751
0.3772016623781462,1.0,0.0,0.1399563401307263,0.7521743959288864,0.7768986271480283,0.3431275077523434
0.3772016623781462,1.0,0.0,0.1203306589352389,0.6491379434025414,0.678029594138632,0.3472440083428583
0.3772016623781462,1.0,0.0,0.130505121409584,0.6244484932948161,0.6304366966681728,0.4833295459365432
0.3772016623781462,1.0,0.0,0.1219197888143959,0.6980241243213775,0.675775674239539,0.4406292929023053
0.3772016623781462,1.0,0.0,0.120074290995491,0.6366675407025665,0.6085012360930008,0.5040024707856138
0.3772016623781462,1.0,0.0,0.1823342079010503,0.5049832173771511,0.4929588938826968,0.443711366996905
0.3772016623781462,1.0,0.0,0.1929310036751099,0.4613710334025852,0.483266932009649,0.2745174144758723
0.3772016623781462,1.0,0.0,0.2907445377676627,0.4216290491735986,0.4350824151154356,0.3383740286535441
0.3772016623781462,1.0,0.0,0.2893093072431936,0.401131008086276,0.4098590082250542,0.2818348793707024
0.3772016623781462,1.0,0.0,0.3542426995712795,0.3874958338054876,0.3976243542609551,0.2146842684245624
0.3772016623781462,1.0,0.0,0.41260730777263,0.4016571025358669,0.3976243542609551,0.2506512111836886
0.3772016623781462,1.0,0.0,0.418633468386104,0.4442832101754275,0.4312696526622277,0.2892550752072935
0.3772016623781462,1.0,0.0,0.4437125447835595,0.4226293258921637,0.4312696526622277,0.3155659803130174
0.3772016623781462,1.0,0.0,0.3512381717970199,0.4533990486142767,0.455738960590426,0.3662835928893189
0.3772016623781462,1.0,0.0,0.3037308648859997,0.4702000581064304,0.455738960590426,0.4184420638021086
0.3772016623781462,1.0,0.0,0.3861667606645848,0.5070418903481904,0.5322055478660456,0.4234708921599153
0.3772016623781462,1.0,0.0,0.3168530385810115,0.5915207799489853,0.5646135609677444,0.2565619884683998
0.3772016623781462,1.0,0.0,0.3194013234200313,0.6495855956136078,0.6362001065608881,0.6277251183334017
0.3772016623781462,1.0,0.0,0.3750890120709115,0.6907166664643043,0.6709359441515226,0.7712018000833841
0.3772016623781462,1.0,0.0,0.4080742806399923,0.7017026188889058,0.7126666938365078,0.7088566608265287
0.3772016623781462,1.0,0.0,0.394855532672844,0.7094330270922319,0.7126666938365078,0.9243549665027184
0.3772016623781462,1.0,0.0,0.3108426654801916,0.7366416422498323,0.7279600112916313,0.9829397799361924
0.3772016623781462,1.0,0.0,0.2909701628203973,0.7169234318069574,0.7279600112916313,0.9934288366031534
0.3772016623781462,1.0,0.0,0.2760596545843634,0.7093913187800409,0.7279600112916313,0.981870468089242
0.3772016623781462,1.0,0.0,0.2672405835880635,0.7045256891533985,0.6943147128903591,0.9885716056702132
0.3772016623781462,1.0,0.0,0.264134534941802,0.6872464158449004,0.6943147128903591,0.9782755268313872
0.3772016623781462,1.0,0.0,0.2559835785366546,0.7329901879336321,0.6943147128903591,0.9975257068916225
0.3772016623781462,1.0,0.0,0.2420553864430306,0.7385040183020286,0.6943147128903591,0.9861250808345662
0.3772016623781462,1.0,0.0,0.2314089859806021,0.7542218021285385,0.715857433079001,0.9731597476111756
0.3772016623781462,1.0,0.0,0.1929264269144869,0.7674960145637615,0.7616053096929043,0.979791347836906
0.3772016623781462,1.0,0.0,0.2749806254801012,0.7587599726109473,0.7616053096929043,0.9585786626024612
0.3772016623781462,1.0,0.0,0.2480577848851891,0.777505159167178,0.7616053096929043,0.9815973356251164
0.3772016623781462,1.0,0.0,0.2561217828384988,0.757151927979266,0.749370655728805,0.9849800479413888
0.3772016623781462,1.0,0.0,0.2809273168863935,0.7762678550883035,0.7891332811121273,0.9862242532371748
0.3772016623781462,1.0,0.0,0.3618594694208796,0.7845835826942087,0.8044265985672513,0.9800871149435094
0.3772016623781462,1.0,0.0,0.4192987629530344,0.7887654681040805,0.8044265985672513,0.9816146616272192
0.3772016623781462,1.0,0.0,0.3813631961262299,0.7948850681280264,0.8226366384772115,0.9882418865998932
0.3772016623781462,1.0,0.0,0.2555238914734713,0.7659840563597572,0.7830159541300777,0.9836338117443304
0.3772016623781462,1.0,0.0,0.2754991863276627,0.7499319257778261,0.7554879827108547,0.988134780405076
0.3772016623781462,1.0,0.0,0.3761710230040644,0.702645753944286,0.7181637835645592,0.9852605308306488
0.3772016623781462,1.0,0.0,0.4263740650370052,0.7085790058211044,0.7157253573275326,0.9796067704946392
0.3772016623781462,1.0,0.0,0.2942025115678925,0.7119237913749883,0.7157253573275326,0.9917886417374218
0.3772016623781462,1.0,0.0,0.2623234552873805,0.7396215969913725,0.7463119922377804,0.9880953447908624
0.3772016623781462,1.0,0.0,0.3194542797765332,0.7025001787547436,0.7279600112916313,0.9891769073463704
0.3772016623781462,1.0,0.0,0.2021573139070495,0.6150153570640406,0.6484347605249872,0.9903747932964676
0.3772016623781462,1.0,0.0,0.1797481763443666,0.5202434852531161,0.5322055478660456,0.9916009142129544
0.3772016623781462,1.0,0.0,0.2621762823839114,0.5282823478957325,0.5322055478660456,0.978354573069937
0.3772016623781462,1.0,0.0,0.3029360572394186,0.5581915443805965,0.5322055478660456,0.9728020269212956
0.3772016623781462,1.0,0.0,0.4113112523780158,0.5599829610311147,0.5750268367403925,0.9567688829282688
0.3772016623781462,1.0,0.0,0.4219813456669019,0.560795741667354,0.5352642113570704,0.9846006259963496
0.3772016623781462,1.0,0.0,0.5032304966619149,0.5573199214364346,0.5719681732493677,0.985179676154169
0.3772016623781462,1.0,0.0,0.4010013825110963,0.5368901187192097,0.5199708939019465,0.9848576575292282
0.3772016623781462,1.0,0.0,0.4228107101676823,0.5311823723346035,0.5199708939019465,0.986746016748311
0.3772016623781462,1.0,0.0,0.4293107735402143,0.5446425077557698,0.5413815383391198,0.9924894989403276
0.3772016623781462,1.0,0.0,0.5183065773037203,0.5640418898264548,0.5597335192852687,0.9879250016052052
0.3772016623781462,1.0,0.0,0.4644775388797981,0.5571338283860177,0.5597335192852687,0.9852102445888556
0.3772016623781462,1.0,0.0,0.5310111562643091,0.5742316429010089,0.5597335192852687,0.988269421525794
0.3772016623781462,1.0,0.0,0.4174646376908292,0.5818662197733684,0.5994961446685906,0.9899854541111676
0.3772016623781462,1.0,0.0,0.6319769920233592,0.6283501124519238,0.6545520875070366,0.9902098170878928
0.3772016623781462,1.0,0.0,0.5515628918074765,0.6355427342730876,0.6326796882130716,0.9860084074197324
0.3772016623781462,1.0,0.0,0.49603291647847,0.6220800478848144,0.6423174335429377,0.9839519801465818
0.3772016623781462,1.0,0.0,0.4151567021293766,0.6067303686117682,0.6056134716506402,0.9891870579334608
0.3772016623781462,1.0,0.0,0.4513041886796382,0.626656525389939,0.6300827795788384,0.9887516327493016
0.3772016623781462,1.0,0.0,0.4605378725814702,0.6664947661110763,0.6576107509980617,0.986260538669188
0.3772016623781462,1.0,0.0,0.3304481442070702,0.6539287446607271,0.6729040684531856,0.9908908398102768
0.3772016623781462,1.0,0.0,0.4409044941067533,0.6041533816408132,0.6117307986326898,0.9811890953466134
0.3772016623781462,1.0,0.0,0.2882361262219496,0.5822983536012042,0.6117307986326898,0.9926366241164328
0.3772016623781462,1.0,0.0,0.3932706790599258,0.5866575312249758,0.5802064939234628,0.9873911040589264
0.3772016623781462,1.0,0.0,0.4617754009159959,0.5793544525281018,0.5933788176865413,0.9914365213714538
0.3772016623781462,1.0,0.0,0.5151108426412095,0.5714666921704254,0.5566748557942436,0.9886080077756412
0.3772016623781462,1.0,0.0,0.5246385487406428,0.5526557331789663,0.5566748557942436,0.9595967548202996
0.3772016623781462,1.0,0.0,0.5925355784917654,0.5303738858263265,0.5566748557942436,0.9839058358110152
0.3772016623781462,1.0,0.0,0.5373525586019092,0.5661040066030874,0.5322055478660456,0.9441673374123296
0.3772016623781462,1.0,0.0,0.6017761968793902,0.5665626279727121,0.5597335192852687,0.7967962137486145
0.3772016623781462,1.0,0.0,0.6985892464767568,0.5681494145451729,0.5597335192852687,0.6415500429405793
0.3772016623781462,1.0,0.0,0.7278660907337363,0.5752187821389758,0.5780855002314172,0.5652392709382569
0.3772016623781462,1.0,0.0,0.7377477792179228,0.5695921139922364,0.5701291906274247,0.3252962222582539
0.3772016623781462,1.0,0.0,0.807896898804916,0.5740327524989414,0.570098999454359,0.283310914741763
0.3772016623781462,1.0,0.0,0.7154741646225777,0.5808215987432693,0.568909509758343,0.2232072467939844
0.3772016623781462,1.0,0.0,0.477230613011029,0.7391860618740616,0.7414273155723974,0.2142202290854152
0.3772016623781462,1.0,0.0,0.5059179335158371,0.6937108641055223,0.7096080303454831,0.1690551189052246
0.3772016623781462,1.0,0.0,0.479025858922891,0.6673437279641091,0.6729040684531856,0.2407284435197997
0.3772016623781462,1.0,0.0,0.4088980975521387,0.6406195414600272,0.6545520875070366,0.3046322229254181
0.3772016623781462,1.0,0.0,0.4545578956433741,0.6011920489591499,0.6056134716506402,0.3359813777671965
0.3772016623781462,1.0,0.0,0.3972634635194241,0.587102037243278,0.5811441637224419,0.3652950773821407
0.3772016623781462,1.0,0.0,0.40787230218381,0.5895368077980473,0.5994961446685906,0.15590412911048
0.3772016623781462,1.0,0.0,0.390066807934085,0.5826963044698135,0.5658508462673183,0.1552422116597749
0.3772016623781462,1.0,0.0,0.3585941587509175,0.6317668777943287,0.6133848496889095,0.1196054619567164
0.3772016623781462,1.0,0.0,0.3842843713812639,0.5850174294399897,0.5994961446685906,0.1936505602084723
0.3772016623781462,1.0,0.0,0.4619569919839483,0.5669306474939385,0.568909509758343,0.1927946002847221
0.3772016623781462,1.0,0.0,0.3774023103013769,0.5836890558354144,0.568909509758343,0.1642488888387436
0.3772016623781462,1.0,0.0,0.3794666604918923,0.5734158011042414,0.568909509758343,0.2170310229063498
0.3772016623781462,1.0,0.0,0.3690104267448462,0.5806975792257763,0.5811441637224419,0.3087888008339283
0.3772016623781462,1.0,0.0,0.3874746971448567,0.5985733111598854,0.5811441637224419,0.2334734426544362
0.3772016623781462,1.0,0.0,0.4258382604347731,0.5840984860560027,0.5658508462673183,0.2099960681013625
0.3772016623781462,1.0,0.0,0.389677136062453,0.5957586165707258,0.6117307986326898,0.1824733054041151
0.3772016623781462,1.0,0.0,0.4086469767066404,0.591597649091127,0.596437481177566,0.1281473122509878
0.3772016623781462,1.0,0.0,0.4179797775253998,0.5910460449704716,0.6117307986326898,0.1601348821424708
0.3772016623781462,1.0,0.0,0.3731261365224926,0.5989828689288291,0.6117307986326898,0.1126031173711752
0.3772016623781462,1.0,0.0,0.4209595260704276,0.6421054372834271,0.6614361852394014,0.0775817761788336
0.3772016623781462,1.0,0.0,0.2780044080099113,0.594618801951437,0.5658508462673183,0.0047926422851469
0.3772016623781462,1.0,0.0,0.3193501700298355,0.600995539459715,0.6086721351416652,0.0704942162479332
0.3772016623781462,1.0,0.0,0.3247476963912687,0.5590393582984317,0.5627921827762935,0.0878407237033888
0.3772016623781462,1.0,0.0,0.3274849690830863,0.5909869900819567,0.5627921827762935,0.0786481784825017
0.3772016623781462,1.0,0.0,0.374686858124853,0.5650205683568515,0.5872614907044916,0.0955709937240772
0.3772016623781462,1.0,0.0,0.3866941976539606,0.5990738534222931,0.5762462199500215,0.0635362148521172
0.3772016623781462,1.0,0.0,0.4077650950334583,0.5688697651399214,0.568909509758343,0.0949235802372537
0.3772016623781462,1.0,0.0,0.4137465975584288,0.5828392861761309,0.5840252946112837,0.0605221795885866
0.3772016623781462,1.0,0.0,0.3740182350047423,0.567101647322309,0.5750268367403925,0.1265603423386856
0.3772016623781462,1.0,0.0,0.406281115073868,0.5624429011280013,0.542874853290848,0.1264137494850356
0.3772016623781462,1.0,0.0,0.3179081899391949,0.5722572793928387,0.5811441637224419,0.2011005952709072
0.3772016623781462,1.0,0.0,0.3019033042703448,0.5577095816619476,0.5811441637224419,0.3254652820363479
0.3772016623781462,1.0,0.0,0.272651123667834,0.5807117796093358,0.5811441637224419,0.238048907290553
0.3772016623781462,1.0,0.0,0.2872054304836609,0.5898354835300965,0.5811441637224419,0.1415387440774392
0.3772016623781462,1.0,0.0,0.2100373399522846,0.6295770425978987,0.6195838204065737,0.0627940005696971
0.3772016623781462,1.0,0.0,0.1878903028376049,0.6902748389614637,0.6484347605249872,0.0202159310346106
0.3772016623781462,1.0,0.0,0.2648842222008268,0.623004135719133,0.6484347605249872,0.0504369915931166
0.3772016623781462,1.0,0.0,0.1493592601583239,0.5777471731865524,0.5811441637224419,0.0863624059086505
0.3772016623781462,1.0,0.0,0.1330402076106455,0.6271656133921535,0.6000172188020403,0.0782889337461404
0.3772016623781462,1.0,0.0,0.1142459019168184,0.6207367936387851,0.6423174335429377,0.0934404496641535
0.3772016623781462,1.0,0.0,0.222267392050094,0.7138082758087739,0.7218426843095821,0.0778177262840694
0.3772016623781462,1.0,0.0,0.2241769645177213,0.7749173731021385,0.7768986271480283,0.0559726966635356
0.3772016623781462,1.0,0.0,0.2120359281025347,0.8286335126242451,0.7880194394398916,0.0624255750940061
0.3772016623781462,1.0,0.0,0.2598601178993184,0.92118089860221,0.9114798207531186,0.0942530508301162
0.3772016623781462,1.0,0.0,0.1769624662692887,0.9614732539844172,0.978770417555664,0.1134152445513901
0.3772016623781462,1.0,0.0,0.2033522876137619,0.9495903390090624,0.978770417555664,0.1416157193628757
0.3772016623781462,1.0,0.0,0.2342585511123525,0.92762413131973,0.978770417555664,0.1216710043404009
0.3772016623781462,1.0,0.0,0.2529375594224033,0.9053072506854948,0.908421157262094,0.1452890797396756
0.3772016623781462,1.0,0.0,0.2684438324478216,0.9078587279853848,0.908421157262094,0.1314558421516912
0.3772016623781462,1.0,0.0,0.2209879331914765,0.0021395040009286,0.9604184366095152,0.0959103529352978
0.3772016623781462,1.0,0.0,0.2689169030685845,0.9934844048488934,0.0183534047948256,0.1182770767921277
0.3772016623781462,1.0,0.0,0.134366358673599,0.9227195569285952,0.9573597731184904,0.1060286579503595
0.3772016623781462,1.0,0.0,0.1607016980746961,0.9173442440740804,0.9573597731184904,0.1421708077181238
0.3772016623781462,1.0,0.0,0.0877981545010253,0.9543438111152572,0.9053624937710688,0.197080452336868
0.3772016623781462,1.0,0.0,0.1480667529089402,0.8501104448225568,0.9006498642693825,0.2177293862150135
0.3772016623781462,1.0,0.0,0.142865183558526,0.8312877088662894,0.7860746176211024,0.2697823114399093
0.3772016623781462,1.0,0.0,0.188441455768391,0.8047062914879328,0.7921919446031521,0.2441963274289006
0.3772016623781462,1.0,0.0,0.2151673569667967,0.8202989928939889,0.7921919446031521,0.2450718884863429
0.3772016623781462,1.0,0.0,0.1304213181487819,0.7681628373653927,0.7921919446031521,0.3324038500165057
0.3772016623781462,1.0,0.0,0.096651909483764,0.6554148530647196,0.6300827795788384,0.2341440231061926
0.3772016623781462,1.0,0.0,0.2410527522572488,0.5881249325368535,0.6300827795788384,0.1414627167634983
0.3772016623781462,1.0,0.0,0.3057842354740105,0.5433074591205992,0.5444402018301446,0.1274175856699991
0.3772016623781462,1.0,0.0,0.2901398506065586,0.5884023927258006,0.5507890653436638,0.1100993131809332
0.3772016623781462,1.0,0.0,0.3656926451323877,0.5854178037273502,0.5994961446685906,0.1253492285401816
0.3772016623781462,1.0,0.0,0.2912773605410041,0.586395334322549,0.5750268367403925,0.125315582844179
0.3772016623781462,1.0,0.0,0.3518680542565033,0.5513660067260535,0.5432432706478095,0.0811744568892759
0.3772016623781462,1.0,0.0,0.3222664217999569,0.5513794418194812,0.5413815383391198,0.0653763733666969
0.3772016623781462,1.0,0.0,0.3537666933515311,0.5598932095050854,0.5413815383391198,0.1180488635927131
0.3772016623781462,1.0,0.0,0.3904202817898803,0.5447677602406972,0.5566748557942436,0.1334025526623676
0.3772016623781462,1.0,0.0,0.4252472110957274,0.5458571082273966,0.5566748557942436,0.1309775103192269
0.3772016623781462,1.0,0.0,0.3741891931944795,0.5524942994772452,0.526088220883996,0.1930727642898623
0.3772016623781462,1.0,0.0,0.4477719465365709,0.5398920117778657,0.526088220883996,0.2155562563586754
0.3772016623781462,1.0,0.0,0.5301164689073635,0.5658219121572302,0.5661551817963779,0.2401542353086958
0.3772016623781462,1.0,0.0,0.5226587992767956,0.5596741664628765,0.5666705578774458,0.3394879972500222
0.3772016623781462,1.0,0.0,0.4671125047912241,0.5815992185495579,0.57318742889066,0.4106462670748141
0.3772016623781462,1.0,0.0,0.4622679805567883,0.5737644332754588,0.5872614907044916,0.4812221907178176
0.3772016623781462,1.0,0.0,0.4041317018576315,0.5984210184236293,0.6147894621237145,0.6019458356423674
0.3772016623781462,1.0,0.0,0.2982969787040612,0.6208423611608741,0.5933788176865413,0.512398698073996
0.3772016623781462,1.0,0.0,0.3544423203022923,0.6531267631185719,0.6239654525967889,0.5850151814057327
0.3772016623781462,1.0,0.0,0.4209772321241511,0.6729619354032786,0.6729040684531856,0.6103839486866748
0.3772016623781462,1.0,0.0,0.3090976252454671,0.6742535325654021,0.6729040684531856,0.6636120522983058
0.3772016623781462,1.0,0.0,0.3123987178621184,0.6662849915826874,0.6729040684531856,0.8112567167830984
0.3772016623781462,1.0,0.0,0.3465846926461668,0.6627692062004332,0.6759627319442104,0.7198727313082932
0.3772016623781462,1.0,0.0,0.5142232284597723,0.6949214680620158,0.6779451013768266,0.7799943086252488
0.3772016623781462,1.0,0.0,0.5011890765044198,0.7117762179278792,0.7034907033634332,0.8224475057035764
0.3772016623781462,1.0,0.0,0.3748193992632999,0.7522044123085059,0.7401946652557309,0.8266150217447273
0.3772016623781462,1.0,0.0,0.4230155086480868,0.7359939517014996,0.7463119922377804,0.804180474173437
0.3772016623781462,1.0,0.0,0.4706557034218434,0.7600253373279928,0.7463119922377804,0.94478792330583
0.3772016623781462,1.0,0.0,0.417028412304577,0.7109326556218882,0.7187840208185574,0.9809360307098391
0.3772016623781462,1.0,0.0,0.4301882171424893,0.7032357076037754,0.7187840208185574,0.8396346664427229
0.3772016623781462,1.0,0.0,0.4899699568603906,0.6792743035082365,0.6881973859083095,0.9402241843479038
0.3772016623781462,1.0,0.0,0.3846482931956532,0.677203258346731,0.6881973859083095,0.9863642613349752
0.3772016623781462,1.0,0.0,0.3291262000654974,0.6443049236387431,0.6423174335429377,0.9824683026668496
0.3772016623781462,1.0,0.0,0.3407971939187171,0.6646919126246976,0.6467524743435342,0.9881977840490862
0.3772016623781462,1.0,0.0,0.3947476783038183,0.6803036612518155,0.6790213954352352,0.9514583174419926
0.3772016623781462,1.0,0.0,0.4876236504775529,0.6830416567633072,0.6790213954352352,0.9628520014308662
0.3772016623781462,1.0,0.0,0.5710264678400885,0.6889177669769405,0.6933890345150481,0.8473718056107097
0.3772016623781462,1.0,0.0,0.6328352039850362,0.7045076198030611,0.7004320398724085,0.8467463777704939
0.3772016623781462,1.0,0.0,0.4245116008428614,0.6981813064112543,0.7004320398724085,0.7079943276174931
0.3772016623781462,1.0,0.0,0.5250066774764128,0.6833955609332113,0.68208005892626,0.3190534945241641
0.3772016623781462,1.0,0.0,0.4600662350877712,0.7184873447076966,0.7249013478006068,0.3745492917948558
0.3772016623781462,1.0,0.0,0.4842149808713077,0.6923302807075012,0.6759627319442104,0.4494220056226459
0.3772016623781462,1.0,0.0,0.4891354608401236,0.7194077336397107,0.6973733763813837,0.2984458192823391
0.3772016623781462,1.0,0.0,0.3542883747176993,0.6883809159493841,0.7034907033634332,0.3559595124309327
0.3772016623781462,1.0,0.0,0.3106031714558721,0.6480674300563115,0.6751833319285425,0.4769009282842696
0.3772016623781462,1.0,0.0,0.3526911314901652,0.657653114120054,0.65443434193208,0.3805330045480149
0.3772016623781462,1.0,0.0,0.3440963911092519,0.6748042013314519,0.6576107509980617,0.29525025112346
0.3772016623781462,1.0,0.0,0.3464499787021716,0.671050198137572,0.6851387224172847,0.2032622619642378
0.3772016623781462,1.0,0.0,0.4437782374789668,0.6673941520805802,0.6667867414711359,0.211069784369723
0.3772016623781462,1.0,0.0,0.465399363191145,0.6835954717221217,0.6667867414711359,0.1937043466527106
0.3772016623781462,1.0,0.0,0.4642850837841043,0.6532508676683015,0.6667867414711359,0.2240176165808885
0.3772016623781462,1.0,0.0,0.4377265579577764,0.6258428519152122,0.6331414430698634,0.1517679836337424
0.3772016623781462,1.0,0.0,0.460193043717963,0.681726165542619,0.6667867414711359,0.1517179890754862
0.3772016623781462,1.0,0.0,0.4984819919407523,0.6842621669753973,0.6943147128903591,0.131271994018267
0.3772016623781462,1.0,0.0,0.6235332385131008,0.6790777089765647,0.6790213954352352,0.1599125609505052
0.3772016623781462,1.0,0.0,0.4754331942936187,0.6623832448772243,0.6790213954352352,0.1514670974810633
0.3772016623781462,1.0,0.0,0.4215647679903951,0.6552365404639771,0.6453760970339623,0.2000261206253503
0.3772016623781462,1.0,0.0,0.4636031002213667,0.657547036404543,0.6453760970339623,0.1948667784688753
0.3772016623781462,1.0,0.0,0.479253263826979,0.665555202409645,0.6790213954352352,0.1994251650338958
0.3772016623781462,1.0,0.0,0.5397936362905773,0.6533341992604463,0.6545520875070366,0.2138479388028578
0.3772016623781462,1.0,0.0,0.5259941020233564,0.6687851944437381,0.6605165025759248,0.2058234475983126
0.3772016623781462,1.0,0.0,0.4566218759946473,0.7235815409870788,0.7010059272973339,0.1837203837827415
0.3772016623781462,1.0,0.0,0.4128919452994585,0.8799196008807287,0.8808931858428708,0.1633230852920385
0.3772016623781462,1.0,0.0,0.3365590211219756,0.8618357950629687,0.8524011379789305,0.087354239316063
0.3772016623781462,1.0,0.0,0.283136967669214,0.860670938449918,0.8625412048967221,0.0738575170248126
0.3772016623781462,1.0,0.0,0.3961789561713858,0.7948592183280142,0.8000782191901874,0.0801288224534483
0.3772016623781462,1.0,0.0,0.3036227100225898,0.8189208754308372,0.8237640874387161,0.0736443401117347
0.3772016623781462,1.0,0.0,0.29511996715319,0.8859318051894923,0.8390532376615014,0.125071297881871
0.3772016623781462,1.0,0.0,0.2478236072999771,0.836861827090635,0.8674399140791639,0.1183339259135054
0.3772016623781462,1.0,0.0,0.2028021286259393,0.7678738978244667,0.7952506080941766,0.1094156798908922
0.3772016623781462,1.0,0.0,0.1988899228913496,0.7824358384550354,0.8013679350762265,0.0610744459056133
0.3772016623781462,1.0,0.0,0.2667238025918554,0.7849311094463467,0.8013679350762265,0.046223535394875
0.3772016623781462,1.0,0.0,0.302579185485585,0.7917212736903464,0.8013679350762265,0.0323754529378751
0.3772016623781462,1.0,0.0,0.2807686558514616,0.7717484767302458,0.7865945861622989,0.0573186193007914
0.3772016623781462,1.0,0.0,0.3209414727145407,0.7989039467397948,0.8047377802637246,0.0873723236953622
0.3772016623781462,1.0,0.0,0.2925820378129536,0.7924989785288719,0.7677226366749539,0.0480017731405758
0.3772016623781462,1.0,0.0,0.2174254798053067,0.7485138431633399,0.7677226366749539,0.0194022834539586
0.3772016623781462,1.0,0.0,0.2385869415692542,0.6981796907987536,0.6881973859083095,0.0210442803770427
0.3772016623781462,1.0,0.0,0.2393445803719877,0.7338764789386566,0.6881973859083095,0.0085144233824304
0.3772016623781462,1.0,0.0,0.2322044408458572,0.7106813428457827,0.6973733763813837,0.0041019647237465
0.3772016623781462,1.0,0.0,0.2353412554940848,0.6974845522622405,0.6973733763813837,0.0391147481945633
0.3772016623781462,1.0,0.0,0.2009300486114966,0.6939908327454574,0.6973733763813837,0.0543268540753172
0.3772016623781462,1.0,0.0,0.1288808336874592,0.658504031714535,0.6851387224172847,0.04272409861915
0.3772016623781462,1.0,0.0,0.158570638130857,0.6424840858342641,0.6851387224172847,0.079167572064899
0.3772016623781462,1.0,0.0,0.1020236626730019,0.6734748073400342,0.628479925948494,0.0436070429161248
0.3772016623781462,1.0,0.0,0.1862527009027585,0.6030242385672531,0.5994961446685906,0.0456554926445362
0.3772016623781462,1.0,0.0,0.2131370551015223,0.6629268559676131,0.5994961446685906,0.0397174757635055
0.3772016623781462,1.0,0.0,0.2638043840732221,0.6196850299007877,0.651493424016012,0.0262122982957239
0.3772016623781462,1.0,0.0,0.2611834720530023,0.580263872301558,0.5886527084639225,0.0210287391135825
0.3772016623781462,1.0,0.0,0.1514191722779322,0.5665722366154796,0.5536161923032189,0.0235200628944814
0.3772016623781462,1.0,0.0,0.230456418782242,0.5652278344342521,0.5536161923032189,0.0376146926842238
0.3772016623781462,1.0,0.0,0.2200309510371619,0.5967949044416105,0.6117307986326898,0.0392610347804994
0.3772016623781462,1.0,0.0,0.2657640697581764,0.5754670762706718,0.5566748557942436,0.0325089054481795
0.3772016623781462,1.0,0.0,0.2508660204816164,0.56352217279463,0.5566748557942436,0.0220609160002179
0.3772016623781462,1.0,0.0,0.291878511114354,0.5151232691092479,0.5016189129557976,0.0281434693659622
0.3772016623781462,1.0,0.0,0.2998993072211765,0.51635900009174,0.5016189129557976,0.0303875986412708
0.3772016623781462,1.0,0.0,0.3843532539401358,0.6030834635202413,0.5908017246673064,0.0367536319446187
0.3772016623781462,1.0,0.0,0.4044969643392739,0.6202241342826216,0.6178481256147396,0.0425111878672996
0.3772016623781462,1.0,0.0,0.4434766335768993,0.6313402710618901,0.6178481256147396,0.0514233632262973
0.3772016623781462,1.0,0.0,0.5276575002453507,0.7086590211560106,0.7157253573275326,0.0492227859491196
0.3772016623781462,1.0,0.0,0.5512918921027066,0.6908412812074552,0.7073200497004379,0.0852991829555366
0.3772016623781462,1.0,0.0,0.4251464761321153,0.632089660165534,0.6357540851323137,0.0501761499440349
0.3772016623781462,1.0,0.0,0.4039871871737162,0.6080299588041592,0.5994961446685906,0.0261985508860167
0.3772016623781462,1.0,0.0,0.3938195204954478,0.6068215231697062,0.5994961446685906,0.005014446878223
0.3772016623781462,1.0,0.0,0.4498450341791848,0.6597735630111878,0.6582495707064678,0.004658256273585
0.3772016623781462,1.0,0.0,0.5189957727316822,0.774494507788123,0.7612475230306843,0.0047286481704384
0.3772016623781462,1.0,0.0,0.2676778029172793,0.7521848548940229,0.7432533287467556,0.0048329253767626
0.3772016623781462,1.0,0.0,0.3345993123220687,0.6970847306844201,0.7004115864157259,0.0056831705819637
0.3772016623781462,1.0,0.0,0.3616347227363454,0.7122385807159266,0.6973733763813837,0.0052082214809574
0.3772016623781462,1.0,0.0,0.3971578744157573,0.7037703903092913,0.7118163658255245,0.0052105160960954
0.3772016623781462,1.0,0.0,0.5023226800118687,0.732470215805097,0.7377608314788325,0.0053155582880712
0.3772016623781462,1.0,0.0,0.3840736092430779,0.7613924006003497,0.7547377107987785,0.0053525269545884
0.3772016623781462,1.0,0.0,0.4586619092549838,0.76247953774889,0.7768986271480283,0.0053423286840759
0.3772016623781462,1.0,0.0,0.3003771395221836,0.7317878321041165,0.7503101540072801,0.0047436906094747
0.3772016623781462,1.0,0.0,0.4677528814392068,0.6924492408068994,0.7019120877170995,0.0041871203651316
0.3772016623781462,1.0,0.0,0.6525351072934559,0.7091791208329012,0.700311700407935,0.0045978554493877
0.3772016623781462,1.0,0.0,0.4535787000195709,0.7028565488595174,0.6851387224172847,0.0066947057880702
0.3772016623781462,1.0,0.0,0.5203301989476814,0.6994734987990361,0.7004320398724085,0.0027890845900537
0.3772016623781462,1.0,0.0,0.5138730369272521,0.683298113989744,0.7004320398724085,0.0052870031534239
0.3772016623781462,1.0,0.0,0.3083424828576189,0.6540569732739459,0.671698972897289,0.0050881369638842
0.3772016623781462,1.0,0.0,0.2815507733890425,0.6651805928900603,0.6606694144890863,0.0048469480628079
0.3772016623781462,1.0,0.0,0.3234856893218957,0.6764026373203658,0.6631094565917135,0.0049313386046026
0.3772016623781462,1.0,0.0,0.4043194877328918,0.6863516216161878,0.6943147128903591,0.0047324725290017
0.3772016623781462,1.0,0.0,0.2816517857320863,0.8000850445100901,0.7764250934814628,0.0048405740938893
0.3772016623781462,1.0,0.0,0.5075391700642131,0.8861598616488107,0.8655998683877469,0.0046717927824222
0.3772016623781462,1.0,0.0,0.4400349558182817,0.8757004713511025,0.8717171953697965,0.004768931262054
0.3772016623781462,1.0,0.0,0.3207178124327807,0.8010970981934633,0.826026979644171,0.0049677974515938
0.3772016623781462,1.0,0.0,0.3712341314188728,0.7901540445323686,0.7952506080941766,0.0297998544910241
0.3772016623781462,1.0,0.0,0.3876163918045496,0.7864832028661595,0.7768986271480283,0.031523680495904
0.3772016623781462,1.0,0.0,0.3360661641017516,0.8186151845392455,0.8288701376913962,0.0420943028179663
0.3772016623781462,1.0,0.0,0.3650350940745923,0.8074889714399063,0.8088554310421187,0.0523796549947161
0.3772016623781462,1.0,0.0,0.3746939313003614,0.8593355071696813,0.8455221429800416,0.0647937427934597
0.3772016623781462,1.0,0.0,0.4671498123247876,0.8073570014082649,0.809142714936813,0.0745668549265591
0.3772016623781462,1.0,0.0,0.3974208301170081,0.8368389534189139,0.8450048108511414,0.0825525813890259
0.3772016623781462,1.0,0.0,0.4908688973686222,0.8318500270487921,0.8369702168110726,0.0578631341278201
0.3772016623781462,1.0,0.0,0.4933759451321294,0.8639132176422404,0.8698911821954383,0.0332087818651919
0.3772016623781462,1.0,0.0,0.4001508909436014,0.8860174326520328,0.9018656755655784,0.0363092210844952
0.3772016623781462,1.0,0.0,0.4109230598633528,0.8673545573011042,0.8778345223518459,0.04364120999645
0.3772016623781462,1.0,0.0,0.4119047519020414,0.8774749240703622,0.89312783980697,0.0244591106967922
0.3772016623781462,1.0,0.0,0.2824394277433486,0.8676115247209625,0.8350132334774991,0.0396266965546765
0.3772016623781462,1.0,0.0,0.3188469112809227,0.8709807570429501,0.8594825414056974,0.0288704249533486
0.3772016623781462,1.0,0.0,0.2999716339079921,0.8646754466136534,0.8655998683877469,0.0289265138745078
0.3772016623781462,1.0,0.0,0.2350438122834927,0.8489317279548942,0.8655998683877469,0.0344818273707072
0.3772016623781462,1.0,0.0,0.3323969658642829,0.8696286594442845,0.847693526165162,0.0154647334479779
0.3772016623781462,1.0,0.0,0.2967860004797855,0.8583503236731627,0.8686585318787717,0.0308709419615066
0.3772016623781462,1.0,0.0,0.3876916078604454,0.826949449172791,0.8396408174212536,0.0532345794419097
0.3772016623781462,1.0,0.0,0.3240894518848941,0.8365647244549684,0.8441892239505733,0.0736680539832996
0.3772016623781462,1.0,0.0,0.2976344348164952,0.8441584433375058,0.847247887441598,0.0689036294597712
0.3772016623781462,1.0,0.0,0.2835459174113491,0.8276473087408841,0.8380718969685239,0.058170298768635
0.3772016623781462,1.0,0.0,0.3725919961968507,0.8717136498926384,0.8686585318787717,0.0824842763967292
0.3772016623781462,1.0,0.0,0.3599835985542037,0.8705585719868295,0.8686585318787717,0.1401608456324306
0.3772016623781462,1.0,0.0,0.4591914265900974,0.8720295446526565,0.8686585318787717,0.1240873909745787
0.3772016623781462,1.0,0.0,0.3667701024198703,0.8590770091695592,0.8686585318787717,0.1150309744604488
0.3772016623781462,1.0,0.0,0.429734655541756,0.8715120384589908,0.8686585318787717,0.0928562804602582
0.3772016623781462,1.0,0.0,0.5056277021704693,0.8841342237018004,0.8977231064387103,0.0792463703724423
0.3772016623781462,1.0,0.0,0.433122244311192,0.8890717055686084,0.8808931858428708,0.081181099981833
0.3772016623781462,1.0,0.0,0.459456647556707,0.922110726112518,0.9237144747172176,0.0715181713048671
0.3772016623781462,1.0,0.0,0.3326155870863671,0.9105232131280924,0.9321135740185832,0.0819054668778278
0.3772016623781462,1.0,0.0,0.2836721250527722,0.9229335830688278,0.9460996562027338,0.0930344991014166
0.3772016623781462,1.0,0.0,0.2410919321019763,0.9565086468340436,0.935949128681317,0.0801680903496282
0.3772016623781462,1.0,0.0,0.2715101233755397,0.9176092045242056,0.9390077921723418,0.2245292586732878
0.3772016623781462,1.0,0.0,0.2464013673788925,0.9081893333223838,0.9390077921723418,0.3388569399175406
0.3772016623781462,1.0,0.0,0.1303575093220148,0.9016030763824276,0.9390077921723418,0.30639842507917
0.3772016623781462,1.0,0.0,0.1620189729958352,0.880411512371093,0.8625412048967221,0.3674419265517874
0.3772016623781462,1.0,0.0,0.2131890868599186,0.8349855907838272,0.8625412048967221,0.4604437055966762
0.3772016623781462,1.0,0.0,0.1891851562546817,0.7860281103343654,0.8004125332784183,0.4526101941880368
0.3772016623781462,1.0,0.0,0.1813468989288698,0.7898718225381561,0.8561761402044167,0.3370828331399337
0.3772016623781462,1.0,0.0,0.2473583264182545,0.8092262650716487,0.7768986271480283,0.3342559821402827
0.3772016623781462,1.0,0.0,0.205368743622404,0.8064486870538882,0.7768986271480283,0.3571889877080961
0.3772016623781462,1.0,0.0,0.1959018067334655,0.7656827871444833,0.7768986271480283,0.4346991332465548
0.3772016623781462,1.0,0.0,0.205338301229775,0.7099259164533201,0.7004320398724085,0.6705806636827832
0.3772016623781462,1.0,0.0,0.1881002790674011,0.713780895428498,0.7004320398724085,0.4444015777507072
0.3772016623781462,1.0,0.0,0.2489079528433469,0.7062253985364391,0.7004320398724085,0.5579919267657418
0.3772016623781462,1.0,0.0,0.2391016191047719,0.7167583842351688,0.7004320398724085,0.4366328492556542
0.3772016623781462,1.0,0.0,0.280988617740799,0.7108893316971967,0.7004320398724085,0.3708708123719801
0.3772016623781462,1.0,0.0,0.2316078670331303,0.6999815238982897,0.7004320398724085,0.4267348017715332
0.3772016623781462,1.0,0.0,0.1347279112053426,0.7121021039757306,0.7004320398724085,0.5350430827818646
0.3772016623781462,1.0,0.0,0.0899327972625239,0.6311682508466772,0.6667867414711359,0.5991121300795949
0.3772016623781462,1.0,0.0,0.1268952823704989,0.5773605741215672,0.5766565647670436,0.5532257010963719
0.3772016623781462,1.0,0.0,0.1135446404835777,0.5902102205980368,0.5474988653211693,0.6332526963712687
0.3772016623781462,1.0,0.0,0.1108469637056352,0.5686816738319376,0.5750268367403925,0.7001108216505976
0.3772016623781462,1.0,0.0,0.0594631636618567,0.5116917931898624,0.538322874848095,0.399698275530605
0.3772016623781462,1.0,0.0,0.0509093540833335,0.4209482385690005,0.538322874848095,0.3492083219549978
0.3772016623781462,1.0,0.0,0.0359794812957241,0.369222618680072,0.538322874848095,0.4574029047225739
0.3772016623781462,1.0,0.0,0.0643513115906653,0.2636732722313219,0.538322874848095,0.7306994408377828
0.3772016623781462,1.0,0.0,0.0754682804802332,0.1828943903539868,0.538322874848095,0.6349959138622984
0.3772016623781462,1.0,0.0,0.112162169838513,0.1967211210064119,0.1734484626765965,0.5710123298409339
0.3772016623781462,1.0,0.0,0.1191226483952366,0.1246022835201775,0.1620564719925719,0.4195014875771519
0.3772016623781462,1.0,0.0,0.1377846209851906,0.1000979485921451,0.137639339514165,0.4052829360366793
0.3772016623781462,1.0,0.0,0.1464265736568743,0.0770321093299654,0.064231670866244,0.3487483661853698
0.3772016623781462,1.0,0.0,0.2189184977113799,0.0684211497976048,0.064231670866244,0.3296062840439779
0.3772016623781462,1.0,0.0,0.2407942115119526,0.056394583487067,0.064231670866244,0.5665023773272461
0.3772016623781462,1.0,0.0,0.2630541420553339,0.042778825786119,0.064231670866244,0.5676000408140012
0.3772016623781462,1.0,0.0,0.2934989155244351,0.0480216451292844,0.064231670866244,0.484094719359376
0.3772016623781462,1.0,0.0,0.1914944324833875,0.1359223063454307,0.1223460752125148,0.5029524683888182
0.3772016623781462,1.0,0.0,0.2840885178096579,0.1079854219660221,0.1223460752125148,0.4460502314390142
0.3772016623781462,1.0,0.0,0.2965916268430223,0.0800856701015571,0.0986379781812817,0.5969201282984075
0.3772016623781462,1.0,0.0,0.3987274721599321,0.107159238123444,0.0917595466092143,0.6066718089836196
0.3772016623781462,1.0,0.0,0.2842549916985826,0.1087714068186141,0.0917595466092143,0.4667741425703672
0.3772016623781462,1.0,0.0,0.247856962176639,0.056095222182608,0.0917595466092143,0.3289522712171278
0.3772016623781462,1.0,0.0,0.2861032401968518,0.0425727528172922,0.0152932516777002,0.2616642335724906
0.3772016623781462,1.0,0.0,0.2961633067705737,0.0395132265028317,0.0489384065645938,0.1899169963496183
0.3772016623781462,1.0,0.0,0.2605436270489303,0.0523119944718144,0.0489384065645938,0.1546348827830352
0.3772016623781462,1.0,0.0,0.3076532180847992,0.0624684839982034,0.0489384065645938,0.1190402011381126
0.3772016623781462,1.0,0.0,0.2945454218903305,0.0705778277361656,0.0734076294472341,0.1697290683018343
0.3772016623781462,1.0,0.0,0.3697305268644898,0.1028819996889383,0.0879384231145922,0.2197962120062612
0.3772016623781462,1.0,0.0,0.3778334503980479,0.0912087210645872,0.0917595466092143,0.2655388118373479
0.3772016623781462,1.0,0.0,0.2754798622272543,0.0817466791877864,0.0948181888388496,0.2341810085786949
0.3772016623781462,1.0,0.0,0.3362110486249091,0.0852242213215029,0.0856422462039016,0.2837117170900703
0.3772016623781462,1.0,0.0,0.3641785926194107,0.0431746614778358,0.0563531938938015,0.2425106882680913
0.3772016623781462,1.0,0.0,0.3121013439963843,0.0439915050606438,0.067290323726574,0.2385917741055972
0.3772016623781462,1.0,0.0,0.3129873863610419,0.0853360068259143,0.067290323726574,0.3968632282235619
0.3772016623781462,1.0,0.0,0.2774936831312953,0.0543502278189129,0.0515925827513992,0.4963163178999094
0.3772016623781462,1.0,0.0,0.2396528876103212,0.067124588878653,0.0367038030962947,0.5384133110427498
0.3772016623781462,1.0,0.0,0.2453068512563604,0.0202968736647787,0.0367038030962947,0.48655215315931
0.3772016623781462,1.0,0.0,0.1966810580169189,0.0499668478947189,0.0367038030962947,0.3985850361429697
0.3772016623781462,1.0,0.0,0.2179349795914327,0.0586609636402355,0.0887008937488843,0.3941015976628029
0.3772016623781462,1.0,0.0,0.1804706573041323,0.0506059183000374,0.0887008937488843,0.3502741044311496
0.3772016623781462,1.0,0.0,0.1749922170509771,0.0594000532141869,0.0887008937488843,0.2797512380235418
0.3772016623781462,1.0,0.0,0.1208030707798515,0.0719767143231756,0.0887008937488843,0.2248976987331556
0.3772016623781462,1.0,0.0,0.2102900326145625,0.0606537259986612,0.0887008937488843,0.2183563745621527
0.3772016623781462,1.0,0.0,0.1644825068609947,0.0692478704061782,0.0887008937488843,0.2626474112709402
0.3772016623781462,1.0,0.0,0.1749538115571631,0.0559098306481454,0.0581143651455839,0.2807260152361233
0.3772016623781462,1.0,0.0,0.1406121691245499,0.0610128543366188,0.0581143651455839,0.2734488318377645
0.3772016623781462,1.0,0.0,0.1715713658646897,0.0650452052434183,0.0581143651455839,0.241851089701506
0.3772016623781462,1.0,0.0,0.1739666990620802,0.0311345537835744,0.0581143651455839,0.2322337584534748
0.3772016623781462,1.0,0.0,0.1540053887542369,0.0702719827236443,0.0581143651455839,0.2397939769720432
0.3772016623781462,1.0,0.0,0.1344885558707388,0.1045949953589916,0.1162287694918547,0.2446616501756109
0.3772016623781462,1.0,0.0,0.1686847127914259,0.1220238403721657,0.1192874223521847,0.2566259838364361
0.3772016623781462,1.0,0.0,0.1846402711513388,0.1460618159970172,0.1192874223521847,0.2683254105088814
0.3772016623781462,1.0,0.0,0.2072126233946239,0.1586087051940675,0.1896364062476914,0.3151600443344574
0.3772016623781462,1.0,0.0,0.2075482756219325,0.104713190168258,0.1101114637711946,0.3283987433688032
0.3772016623781462,1.0,0.0,0.2534025860396469,0.0790390242413172,0.1058663190707656,0.3626550788563457
0.3772016623781462,1.0,0.0,0.1695953379082178,0.1030785410754621,0.067290323726574,0.3831574271729296
0.3772016623781462,1.0,0.0,0.1528135471236074,0.0978076159207497,0.1284633809331748,0.3140983454278248
0.3772016623781462,1.0,0.0,0.1934317660091374,0.0866623290277749,0.1284633809331748,0.262470971899358
0.3772016623781462,1.0,0.0,0.1563660610801413,0.0986099801079712,0.1284633809331748,0.2433776154928359
0.3772016623781462,1.0,0.0,0.1483023751786923,0.0950581410572788,0.1284633809331748,0.1884067756680114
0.3772016623781462,1.0,0.0,0.1589107862164543,0.0910048031315138,0.0611730233212613,0.2355762184416295
0.3772016623781462,1.0,0.0,0.1098471264291231,0.1563685840585512,0.1101114637711946,0.2189820795017288
0.3772016623781462,1.0,0.0,0.1062963460940373,0.0774720608090796,0.1101114637711946,0.2119076161616435
0.3772016623781462,1.0,0.0,0.0852591387580147,0.1263892997524369,0.1101114637711946,0.2020503606201837
0.3772016623781462,1.0,0.0,0.1044536451844021,0.0609873659236133,0.1101114637711946,0.1807412739767325
0.3772016623781462,1.0,0.0,0.0942756923522081,0.052185753487133,0.0275278524883256,0.2561532523278838
0.3772016623781462,1.0,0.0,0.176389932007309,0.0087635321940762,0.0,0.2754299755899937
0.3772016623781462,1.0,0.0,0.1262785292041159,0.064395298542412,0.0581143651455839,0.35858647270262
0.3772016623781462,1.0,0.0,0.0919142225604376,0.008709794477624,0.0581143651455839,0.3314571327601917
0.3772016623781462,1.0,0.0,0.0726442747073662,0.9743742599319636,0.9879448772086956,0.2835001006839158
0.3772016623781462,1.0,0.0,0.2457180662638543,0.9159157024944576,0.9485857929977604,0.2627353830257247
0.3772016623781462,1.0,0.0,0.1832763040258637,0.932286959061408,0.9695928962625466,0.2907718879368385
0.3772016623781462,1.0,0.0,0.1308928400677178,0.939379753036472,0.9695928962625466,0.3371154725277334
0.3772016623781462,1.0,0.0,0.0830376531194417,0.0171789248890653,0.0214105241774392,0.3328834360881795
0.3772016623781462,1.0,0.0,0.1875873813832368,0.9227606274990096,0.9604169057894724,0.3036095221076936
0.3772016623781462,1.0,0.0,0.18516775437062,0.945623500126266,0.9604169057894724,0.3001569515842896
0.3772016623781462,1.0,0.0,0.157106629490349,0.9877140322218234,0.975710223244596,0.2396152187163412
0.3772016623781462,1.0,0.0,0.1544458326193462,0.9782912699239472,0.975710223244596,0.2367355729964779
0.3772016623781462,1.0,0.0,0.1274141090400158,0.9229966769885948,0.9237129438971752,0.1976199647912357
0.3772016623781462,1.0,0.0,0.1671844483476995,0.9926505787340254,0.9796894198546772,0.2606746971729327
0.3772016623781462,1.0,0.0,0.1929863639866865,0.8758616074399945,0.8992436359689767,0.2321626460071337
0.3772016623781462,1.0,0.0,0.2577361542459403,0.8885241829953232,0.8992436359689767,0.1972757344649458
0.3772016623781462,1.0,0.0,0.2790944860615362,0.8779079082205673,0.8992436359689767,0.2587075833988371
0.3772016623781462,1.0,0.0,0.2615298265033839,0.9088172963917592,0.8992436359689767,0.2969779510503169
0.3772016623781462,1.0,0.0,0.3319863518455577,0.914042612380414,0.9298302708792244,0.3156467766527898
0.3772016623781462,1.0,0.0,0.3685068675015491,0.9479118876852424,0.9298302708792244,0.2986169208451927
0.3772016623781462,1.0,0.0,0.3206071380395327,0.9252808979679642,0.9298302708792244,0.3409464732721504
0.3772016623781462,1.0,0.0,0.2940064274246339,0.9068953977737452,0.9053429332927448,0.371205840082675
0.3772016623781462,1.0,0.0,0.3269896156479769,0.920937451308016,0.8992436359689767,0.4865080506085029
0.3772016623781462,1.0,0.0,0.3360220838870641,0.8937455024688444,0.8992436359689767,0.3882642517085526
0.3772016623781462,1.0,0.0,0.3157192732688939,0.9173975592866056,0.8992436359689767,0.3963084169676741
0.3772016623781462,1.0,0.0,0.2839112492378495,0.9311149597404592,0.9420649248433236,0.430901034405121
0.3772016623781462,1.0,0.0,0.3607556379724329,0.8984686180664722,0.9023022994600016,0.4070373833438868
0.3772016623781462,1.0,0.0,0.3023307228596406,0.8977734795299592,0.9023022994600016,0.3293321890241799
0.3772016623781462,1.0,0.0,0.2896764420359999,0.9039276026420792,0.9023022994600016,0.31502493652008
0.3772016623781462,1.0,0.0,0.1971939557010832,0.9668108125257564,0.973850617074855,0.2872293330422441
0.3772016623781462,1.0,0.0,0.2601009063609859,0.9133919457037908,0.8992436359689767,0.4030534529209766
0.3772016623781462,1.0,0.0,0.2027161872320179,0.934340487582116,0.8992436359689767,0.4263100230364776
0.3772016623781462,1.0,0.0,0.1738875072343301,0.9621167779531424,0.935947597861274,0.4938030558709775
0.3772016623781462,1.0,0.0,0.2233897385756066,0.9085187482080656,0.935947597861274,0.3731097168659307
0.3772016623781462,1.0,0.0,0.1968187306748522,0.9023706623847644,0.935947597861274,0.289688371101632
0.3772016623781462,1.0,0.0,0.170230617709143,0.894445147713912,0.935947597861274,0.1821922391477808
0.3772016623781462,1.0,0.0,0.1049293046798608,0.8731168518656706,0.8839503185138529,0.3904246641626738
0.3772016623781462,1.0,0.0,0.124079349494842,0.8029992693325205,0.7799572055934951,0.3844809703908026
0.3772016623781462,1.0,0.0,0.08847578089519,0.8718583747598124,0.850306465887065,0.4327386990254585
0.3772016623781462,1.0,0.0,0.178978748915786,0.8226540457266813,0.8717171103242386,0.4289375083385316
0.3772016623781462,1.0,0.0,0.1713634930955839,0.7700820149518264,0.8013678500306686,0.311305883917196
0.3772016623781462,1.0,0.0,0.1567277985315059,0.7435892011643012,0.7962760023861631,0.2868598575058196
0.3772016623781462,1.0,0.0,0.1061610773911787,0.6773882884941869,0.7187839357729994,0.2365932897670883
0.3772016623781462,1.0,0.0,0.1206186134577716,0.6535731398460854,0.6484346754794295,0.287561560590983
0.3772016623781462,1.0,0.0,0.1600058686553262,0.6390487834642189,0.6484346754794295,0.3790584859313471
0.3772016623781462,1.0,0.0,0.1012750155868459,0.6916321660426975,0.669845319916603,0.44610226778203
0.3772016623781462,1.0,0.0,0.1215238412331217,0.6642040401655854,0.669845319916603,0.3694784026710015
0.3772016623781462,1.0,0.0,0.1574702045804486,0.6697756499389428,0.669845319916603,0.3287368337566375
0.3772016623781462,1.0,0.0,0.2239098481249951,0.6201642715878565,0.669845319916603,0.2809669166694011
0.3772016623781462,1.0,0.0,0.2931695736791976,0.5709172988879287,0.5750267516948343,0.243563767926203
0.3772016623781462,1.0,0.0,0.2995646489368315,0.5959135027902069,0.6056133866050825,0.1937693483289499
0.3772016623781462,1.0,0.0,0.3275636986117836,0.5814831070300951,0.6056133866050825,0.1556626734784817
0.3772016623781462,1.0,0.0,0.367870582200184,0.5514683855392599,0.5719680882038096,0.1777527427924757
0.3772016623781462,1.0,0.0,0.3519193232214623,0.5518719060193851,0.5719680882038096,0.3477259278828287
0.3772016623781462,1.0,0.0,0.3137225574298077,0.553504567483644,0.5719680882038096,0.5934433188730718
0.3772016623781462,1.0,0.0,0.3542354877060553,0.5845360194308804,0.5719680882038096,0.549074986026957
0.3772016623781462,1.0,0.0,0.3896518020743578,0.5604123738273701,0.5719680882038096,0.6408787041116264
0.3772016623781462,1.0,0.0,0.4080470049958752,0.5686696842865371,0.5719680882038096,0.5386188312629793
0.3772016623781462,1.0,0.0,0.4099185302514545,0.5698168116781981,0.5719680882038096,0.7379191917476897
0.3772016623781462,1.0,0.0,0.3904976706513243,0.5636198323186892,0.5719680882038096,0.5969718729578862
0.3772016623781462,1.0,0.0,0.4076430018536054,0.5552168191216242,0.5719680882038096,0.6485691739136796
0.3772016623781462,1.0,0.0,0.4201904453661365,0.5537271393636833,0.5505574437666364,0.5568624114367372
0.3772016623781462,1.0,0.0,0.4330582158923748,0.5216926046340644,0.5505574437666364,0.523929589998714
0.3772016623781462,1.0,0.0,0.4230606752655485,0.5256778529961458,0.5505574437666364,0.4936796445664372
0.3772016623781462,1.0,0.0,0.4590054899110485,0.5457081742644974,0.5505574437666364,0.7040399155685358
0.3772016623781462,1.0,0.0,0.5110154277919825,0.571209342105501,0.5505574437666364,0.5964428173583229
0.3772016623781462,1.0,0.0,0.5300002469254816,0.5366357447825766,0.5597334342397104,0.6344013461403061
0.3772016623781462,1.0,0.0,0.4841179443001183,0.5682126785294132,0.5383227898025369,0.7857837018060024
0.3772016623781462,1.0,0.0,0.4767749710645578,0.5483504234772597,0.5597334342397104,0.6162975407175189
0.3772016623781462,1.0,0.0,0.4894934652266368,0.5386674200184054,0.5597334342397104,0.6737688814165278
0.3772016623781462,1.0,0.0,0.392584904644955,0.5174059169922351,0.5077361548922893,0.6121944867380635
0.3772016623781462,1.0,0.0,0.4281144822812012,0.5367845937132387,0.5444401167845868,0.7548361368580815
0.3772016623781462,1.0,0.0,0.3902791418890507,0.5578287543419381,0.5444401167845868,0.6478259059244819
0.3772016623781462,1.0,0.0,0.4150210173573705,0.5882679142431714,0.5857282893860933,0.5886564420092764
0.3772016623781462,1.0,0.0,0.2406324761883194,0.6847115623473201,0.666786656425578,0.4468345393018798
0.3772016623781462,1.0,0.0,0.2206469645250603,0.6812462861137741,0.666786656425578,0.457787926991525
0.3772016623781462,1.0,0.0,0.3574649933143756,0.8041639558810975,0.8074851770127182,0.6823545863305999
0.3772016623781462,1.0,0.0,0.2818205017714173,0.7838233094642441,0.7585465611563216,0.4707553311680288
0.3772016623781462,1.0,0.0,0.3639941352973307,0.7808484566569165,0.7801101175066568,0.6644725770694114
0.3772016623781462,1.0,0.0,0.3675952368843173,0.777333223984202,0.7891331960665694,0.5936141287523883
0.3772016623781462,1.0,0.0,0.4524183756268682,0.8105520877091177,0.8319544849409163,0.5902599430860428
0.3772016623781462,1.0,0.0,0.3542525927710101,0.8692422729598914,0.8717171103242386,0.62687941108598
0.3772016623781462,1.0,0.0,0.5764857111250747,0.8912627312163547,0.8778344373062881,0.6240504891332156
0.3772016623781462,1.0,0.0,0.5904259692239777,0.8732597060236328,0.8778344373062881,0.7268607688163405
0.3772016623781462,1.0,0.0,0.5476071837320153,0.8762793708197973,0.8870104277793625,0.5482019772004643
0.3772016623781462,1.0,0.0,0.4876911461392663,0.870431788921638,0.8797554463688564,0.4139035554701403
0.3772016623781462,1.0,0.0,0.4145419830788261,0.8548970795011356,0.8441891389050156,0.5284046571613664
0.3772016623781462,1.0,0.0,0.3415731166489902,0.8653687994731917,0.8564237928691146,0.5073444057434018
0.3772016623781462,1.0,0.0,0.2665760749295229,0.8473364381587453,0.8564237928691146,0.4778203439615126
0.3772016623781462,1.0,0.0,0.2351891822206557,0.8563844633886809,0.8564237928691146,0.4300655069131434
0.3772016623781462,1.0,0.0,0.2329827906461577,0.8000411678758585,0.8269479379910168,0.3889289984895674
0.3772016623781462,1.0,0.0,0.3298492588990791,0.7955278268066197,0.7891331960665694,0.3265422943286774
0.3772016623781462,1.0,0.0,0.2482132791716091,0.7714863223439377,0.7891331960665694,0.3082099840229385
0.3772016623781462,1.0,0.0,0.2490411412004678,0.7178841260192537,0.7157252722819745,0.2960972709467987
0.3772016623781462,1.0,0.0,0.2108704259604403,0.7551772243421482,0.7157252722819745,0.2509477512516652
0.3772016623781462,1.0,0.0,0.2400203460124647,0.7350847019925173,0.7707812151204205,0.2926546468320093
0.3772016623781462,1.0,0.0,0.143222286461886,0.610384586475667,0.6025547231140576,0.2743167653707121
0.3772016623781462,1.0,0.0,0.2961570195034551,0.583905590426635,0.6025547231140576,0.3059251977086047
0.3772016623781462,1.0,0.0,0.3675250598880974,0.5780504831755118,0.5863705534395958,0.3066653738523094
0.3772016623781462,1.0,0.0,0.4021486238406038,0.5576302891010549,0.5811440786768842,0.3825121065154846
0.3772016623781462,1.0,0.0,0.3740352938397918,0.5278468552945397,0.5474987802756114,0.4440069007566786
0.3772016623781462,1.0,0.0,0.38416375755838,0.5437140832773704,0.5474987802756114,0.5384477297001257
0.3772016623781462,1.0,0.0,0.438091358140366,0.5537269692992093,0.5474987802756114,0.5384197864172731
0.3772016623781462,1.0,0.0,0.4275018898062938,0.5494427475922496,0.5474987802756114,0.5766640483921838
0.3772016623781462,1.0,0.0,0.4388921987895867,0.5233896355016429,0.5304234607223592,0.5934241844330391
0.3772016623781462,1.0,0.0,0.43375776681912,0.5135187533153971,0.5138534818743389,0.6517387239010509
0.3772016623781462,1.0,0.0,0.4438723615661235,0.5629950579581964,0.5627920977307354,0.5361394628610565
0.3772016623781462,1.0,0.0,0.4937248884572069,0.5660293908152232,0.5742105269525819,0.5604911296481863
0.3772016623781462,1.0,0.0,0.4591405736942859,0.5557985246541364,0.5750267516948343,0.6061740801959392
0.3772016623781462,1.0,0.0,0.4512960984462135,0.5880817361605175,0.5750267516948343,0.6249956604667831
0.3772016623781462,1.0,0.0,0.3613510560375277,0.6019489634157577,0.5994960596230329,0.6765621013043531
0.3772016623781462,1.0,0.0,0.374204449063223,0.5841176183093011,0.5994960596230329,0.6506132921415654
0.3772016623781462,1.0,0.0,0.3516086582579593,0.561090080755322,0.5750267516948343,0.7007847272946768
0.3772016623781462,1.0,0.0,0.4131110288205956,0.576203200345362,0.5750267516948343,0.7316547627584408
0.3772016623781462,1.0,0.0,0.4536983892443491,0.5689894480133332,0.5750267516948343,0.7213870355594193
0.3772016623781462,1.0,0.0,0.4648544050676667,0.577088513479662,0.5536161072576611,0.6180405248617189
0.3772016623781462,1.0,0.0,0.5096696290192836,0.5834503278303673,0.5842027421679089,0.6480862626496832
0.3772016623781462,1.0,0.0,0.7551134883786889,0.7311193936899847,0.7187839357729994,0.6954382263966317
0.3772016623781462,1.0,0.0,0.5760234583021482,0.7451466516150375,0.7493705706832473,0.7382514192964286
0.3772016623781462,1.0,0.0,0.6052944313611566,0.7321187775700624,0.7312391979143741,0.6838788078219867
0.3772016623781462,1.0,0.0,0.4143578955959884,0.770906657585111,0.7554878976652968,0.7081674709651062
0.3772016623781462,1.0,0.0,0.4973028982065045,0.7682359650891115,0.767722551629396,0.7330668610981725
0.3772016623781462,1.0,0.0,0.4049825170344632,0.7653248014272087,0.7860745325755446,0.7114438938004651
0.3772016623781462,1.0,0.0,0.4736216292251916,0.7139933059562297,0.7340772532281233,0.743950098897149
0.3772016623781462,1.0,0.0,0.4764174289770977,0.7186046041623574,0.7034906183178755,0.6710311980741634
0.3772016623781462,1.0,0.0,0.4510203370611993,0.7262206014909581,0.7157252722819745,0.6427058097879215
0.3772016623781462,1.0,0.0,0.569234920320649,0.7212525930511093,0.7157252722819745,0.5920896739141717
0.3772016623781462,1.0,0.0,0.527473875061566,0.7254328628484804,0.7157252722819745,0.5951100569406781
0.3772016623781462,1.0,0.0,0.423777423717059,0.7500018222765434,0.7517368782871475,0.5662866481832186
0.3772016623781462,1.0,0.0,0.4565623781065478,0.7607559343072855,0.7768985421024703,0.5079792841302191
0.3772016623781462,1.0,0.0,0.5404440448280066,0.7885221908743603,0.7701014459758702,0.5151883594226687
0.3772016623781462,1.0,0.0,0.4933061379751518,0.890595653318013,0.889976901885589,0.4530074379971918
0.3772016623781462,1.0,0.0,0.3636440824545264,0.8791346683020681,0.8588685124774281,0.4837892683593414
0.3772016623781462,1.0,0.0,0.2988043056846389,0.8071365128180291,0.7938635150443059,0.5100833141566219
0.3772016623781462,1.0,0.0,0.420844321146462,0.8005196442727955,0.7921918595575942,0.5542407598054248
0.3772016623781462,1.0,0.0,0.3847531426208354,0.8052424197414758,0.7960452737874937,0.5951439505676872
0.3772016623781462,1.0,0.0,0.4650276747526682,0.7867640643445817,0.7872312372089779,0.5408113580745334
0.3772016623781462,1.0,0.0,0.346362049422323,0.7732127318493591,0.767722551629396,0.5131588253716373
0.3772016623781462,1.0,0.0,0.398860660517053,0.7840958377834518,0.8013678500306686,0.5191677395824004
0.3772016623781462,1.0,0.0,0.3864024869516237,0.7791125235409643,0.7799572055934951,0.5046919523305733
0.3772016623781462,1.0,0.0,0.405408710531269,0.8024131421236907,0.7799572055934951,0.3840801680424953
0.3772016623781462,1.0,0.0,0.3017521324800687,0.7772280391071785,0.7799572055934951,0.3923693183044138
0.3772016623781462,1.0,0.0,0.2735587322833062,0.711607471453786,0.7340772532281233,0.3154864090441009
0.3772016623781462,1.0,0.0,0.2808419302513354,0.756321077992689,0.7340772532281233,0.3294153188322489
0.3772016623781462,1.0,0.0,0.3419825286901781,0.758825957626768,0.7525745770327779,0.3624549256131986
0.3772016623781462,1.0,0.0,0.2903477233756645,0.7469651510330025,0.7554878976652968,0.3957841741464728
0.3772016623781462,1.0,0.0,0.2646846245847666,0.7509544384263358,0.7554878976652968,0.4502889182632137
0.3772016623781462,1.0,0.0,0.3825386839278655,0.7497989353593423,0.7554878976652968,0.4523251318672445
0.3772016623781462,1.0,0.0,0.2946183033360095,0.7135395739402256,0.7554878976652968,0.4863634630791703
0.3772016623781462,1.0,0.0,0.2652155288170387,0.6991077326320871,0.7096079452999251,0.4169491982909581
0.3772016623781462,1.0,0.0,0.1756052833824138,0.6254108031196131,0.6147893770781567,0.3758022184284008
0.3772016623781462,1.0,0.0,0.2492813749032719,0.618078303268778,0.6147893770781567,0.4316542196345797
0.3772016623781462,1.0,0.0,0.1742807388086689,0.6661071891753667,0.6453760119884044,0.4398398805775407
0.3772016623781462,1.0,0.0,0.2742840101523415,0.7133506323098735,0.7126666087909497,0.4488363342485346
0.3772016623781462,1.0,0.0,0.3639571051431989,0.724990270055508,0.7230628329292327,0.5128258394457019
0.3772016623781462,1.0,0.0,0.2973809562458275,0.6965711784897693,0.6881973008627515,0.4757326482131864
0.3772016623781462,1.0,0.0,0.3261367894702653,0.7037000261332714,0.6972988339498566,0.4317166982482231
0.3772016623781462,1.0,0.0,0.2314642538323681,0.5856627816018081,0.6147893770781567,0.5139076353480396
0.3772016623781462,1.0,0.0,0.306967790394118,0.5714328068240276,0.6025181960469258,0.5345790726110712
0.3772016623781462,1.0,0.0,0.2726322618664785,0.5524894951558613,0.5912595674284334,0.5132490722580111
0.3772016623781462,1.0,0.0,0.3062773698736662,0.5135033624805214,0.5231525757925198,0.4786528379447043
0.3772016623781462,1.0,0.0,0.3563086909234325,0.5318160750799689,0.541381453293562,0.5244364776494588
0.3772016623781462,1.0,0.0,0.2965538338954533,0.5370038493360401,0.5046774914012646,0.5080881404262589
0.3772016623781462,1.0,0.0,0.359707929629,0.5259205775163266,0.5444401167845868,0.5153910794809422
0.3772016623781462,1.0,0.0,0.3299122471450275,0.4930409499004528,0.4955015009281902,0.5368784139339056
0.3772016623781462,1.0,0.0,0.3598684167451906,0.4886938468543186,0.4955015009281902,0.5050759245387909
0.3772016623781462,1.0,0.0,0.3729666433492656,0.5124978562793883,0.5291467993294627,0.4597662414134445
0.3772016623781462,1.0,0.0,0.3791400462110667,0.4859538956013784,0.4832668469640911,0.4314125306557517
0.3772016623781462,1.0,0.0,0.37494593051406,0.4719123522605294,0.4832668469640911,0.4672392319702479
0.3772016623781462,1.0,0.0,0.4417995513029411,0.4574902471435136,0.4618562025269176,0.4556441113306639
0.3772016623781462,1.0,0.0,0.4031231502439735,0.4629715526813024,0.4802081834730663,0.3484967016295736
0.3772016623781462,1.0,0.0,0.3856718695285282,0.4638816952287721,0.4496215485628185,0.3386501654581016
0.3772016623781462,1.0,0.0,0.3814300907991746,0.4580016735322422,0.4595632041939547,0.372211185729943
0.3772016623781462,1.0,0.0,0.4047824340043976,0.4701800330146446,0.4771495199820415,0.3320504462429746
0.3772016623781462,1.0,0.0,0.5202024194894787,0.4374835223208969,0.4618562025269176,0.3778264438390574
0.3772016623781462,1.0,0.0,0.4652751434356491,0.4591546681482478,0.4465628850717937,0.3704133650807711
0.3772016623781462,1.0,0.0,0.394716935416805,0.4730767411962773,0.4618562025269176,0.3985539426779165
0.3772016623781462,1.0,0.0,0.504214269046341,0.4404567169996052,0.4496215485628185,0.3446190606875769
0.3772016623781462,1.0,0.0,0.4228518547833844,0.4508176824831221,0.4509599530307735,0.3520823673509491
0.3772016623781462,1.0,0.0,0.3147519356157959,0.4421079154915043,0.4526802120538433,0.3784187655978142
0.3772016623781462,1.0,0.0,0.2155963242579194,0.4597189420721988,0.4526802120538433,0.2936324575533765
0.3772016623781462,1.0,0.0,0.1334276488893476,0.5222453566899178,0.498560164419215,0.2500051029806935
0.3772016623781462,1.0,0.0,0.081752531097427,0.8641946743463208,0.8322676226852219,0.2646930754215724
0.3772016623781462,1.0,0.0,0.3329662640328927,0.928958457180887,0.9201957998033388,0.1781018004813043
0.3772016623781462,1.0,0.0,0.2667776373165577,0.8996315189380746,0.9390077071267836,0.1892900080024791
0.3772016623781462,1.0,0.0,0.3085008433981664,0.8991910519510242,0.9175970626896104,0.2582585657618498
0.3772016623781462,1.0,0.0,0.2810507045035943,0.9045262295897308,0.9175970626896104,0.2807191023362944
0.3772016623781462,1.0,0.0,0.2627346934098271,0.906592087784786,0.9175970626896104,0.3287011316916984
0.3772016623781462,1.0,0.0,0.2142816844413814,0.8355125355557869,0.8421208309361089,0.3067609877157656
0.3772016623781462,1.0,0.0,0.2064360765606296,0.8352849892898897,0.8411304754139904,0.2622325789444991
0.3772016623781462,1.0,0.0,0.1971923838843036,0.8283910006846568,0.8411304754139904,0.2406396988036419
0.3772016623781462,1.0,0.0,0.1745542811582295,0.7993087852195915,0.8411304754139904,0.2924764281908509
0.3772016623781462,1.0,0.0,0.0346115615133472,0.6526252855015586,0.767722551629396,0.2373235340863553
0.3772016623781462,1.0,0.0,0.0778042082493348,0.4868620398912815,0.5077361548922893,0.2111370757617283
0.3772016623781462,1.0,0.0,0.2097825438293163,0.4717759180364517,0.4465628850717937,0.2586591347633274
0.3772016623781462,1.0,0.0,0.2578333526217982,0.4752141115025509,0.5016188279102396,0.2141246006377822
0.3772016623781462,1.0,0.0,0.2686924568784347,0.4486871572719175,0.4404455580897441,0.1855913586630141
0.3772016623781462,1.0,0.0,0.3022110567498149,0.4589901307698806,0.4802081834730663,0.3069608784437294
0.3772016623781462,1.0,0.0,0.3636206901224532,0.4347323468126883,0.4435042215807689,0.3694704980471466
0.3772016623781462,1.0,0.0,0.3617045992381809,0.4617339935057173,0.4435042215807689,0.2573279202684291
0.3772016623781462,1.0,0.0,0.4353414646844061,0.4643035401559452,0.471032192999992,0.3042163697065972
0.3772016623781462,1.0,0.0,0.5282972759045648,0.4776147416142122,0.4740908564910167,0.390668919956628
0.3772016623781462,1.0,0.0,0.4707992010478424,0.4943310164823126,0.5107948183833142,0.3127760564491613
0.3772016623781462,1.0,0.0,0.599458368118207,0.4920642271115041,0.5062823010794417,0.2405718823812698
0.3772016623781462,1.0,0.0,0.5165131343581644,0.470222761713678,0.4893841739461406,0.1725283406230541
0.3772016623781462,1.0,0.0,0.5553937791386732,0.4858102336371658,0.4893841739461406,0.136237570801057
0.3772016623781462,1.0,0.0,0.5404530596595367,0.4899583187328769,0.4893841739461406,0.1094932531275797
0.3772016623781462,1.0,0.0,0.4994433890510214,0.4726522177536423,0.4893841739461406,0.1290593410426541
0.3772016623781462,1.0,0.0,0.4218818589107325,0.4776861686931933,0.4893841739461406,0.1135542098805454
0.3772016623781462,1.0,0.0,0.3981128917990974,0.4952247052919457,0.4893841739461406,0.127613910566722
0.3772016623781462,1.0,0.0,0.3437360752274747,0.5121680162325217,0.496110852350773,0.125592478025933
0.3772016623781462,1.0,0.0,0.3678467969139158,0.5365450579019414,0.526088135838438,0.0700655508297459
0.3772016623781462,1.0,0.0,0.3196137498348076,0.5458963931208363,0.526088135838438,0.0580838948128622
0.3772016623781462,1.0,0.0,0.2882838123692492,0.5797372251424274,0.5757033741537416,0.0527144530046255
0.3772016623781462,1.0,0.0,0.3317630614030399,0.6079892283626925,0.5933787326409833,0.0466272290562436
0.3772016623781462,1.0,0.0,0.2475180276260553,0.6589229855456544,0.6117307135871322,0.0467271525439602
0.3772016623781462,1.0,0.0,0.3454752442642282,0.6009830397208932,0.6117307135871322,0.0673631065047055
0.3772016623781462,1.0,0.0,0.3466196886844662,0.5920143495679691,0.6117307135871322,0.0818101228216434
0.3772016623781462,1.0,0.0,0.4200828683765426,0.5916444593375306,0.6056133866050825,0.0431027293725947
0.3772016623781462,1.0,0.0,0.307665353434936,0.6662778913909081,0.666786656425578,0.0498488008024538
0.3772016623781462,1.0,0.0,0.4123359844585229,0.6972309436157393,0.6695358391312883,0.0617794486607899
0.3772016623781462,1.0,0.0,0.3617961806805469,0.6964371676844427,0.6851386373717269,0.0794013782961372
0.3772016623781462,1.0,0.0,0.2623629587414449,0.698433001832426,0.7065492818089002,0.0759888413381981
0.3772016623781462,1.0,0.0,0.2643360510989314,0.6859747587423254,0.6851386373717269,0.0508959447005859
0.3772016623781462,1.0,0.0,0.4590694720999604,0.7009234685023534,0.6912559643537762,0.0517470335092669
0.3772016623781462,1.0,0.0,0.5183743965747708,0.7159702204315067,0.7154427509385245,0.0925105479637524
0.3772016623781462,1.0,0.0,0.4173490166977159,0.7107979645586665,0.7207747672386298,0.0896642708405315
0.3772016623781462,1.0,0.0,0.4835359560225082,0.6847207883450221,0.7065492818089002,0.0781033500956706
0.3772016623781462,1.0,0.0,0.3672733149388778,0.6918641339849123,0.6881973008627515,0.1000742958531195
0.3772016623781462,1.0,0.0,0.5026015850304423,0.7091138585910939,0.7096079452999251,0.1141901091597426
0.3772016623781462,1.0,0.0,0.4697529258314734,0.6852993051686509,0.7096079452999251,0.0801175926372705
0.3772016623781462,1.0,0.0,0.3483916116091128,0.6817463181827605,0.669845319916603,0.1088180713680258
0.3772016623781462,1.0,0.0,0.2748418664193937,0.6939603486885351,0.6943146278448012,0.0804528828631487
0.3772016623781462,1.0,0.0,0.2948162135605268,0.6811362543992482,0.7065492818089002,0.0740212098258242
0.3772016623781462,1.0,0.0,0.2219443605869277,0.6853550012838089,0.7065492818089002,0.0976242562308506
0.3772016623781462,1.0,0.0,0.2396751241947625,0.6673671543453703,0.7065492818089002,0.0872377190350863
0.3772016623781462,1.0,0.0,0.2804451158593372,0.704785462637074,0.6729039834076277,0.1278201599957942
0.3772016623781462,1.0,0.0,0.2806385880129473,0.6869672550112156,0.6729039834076277,0.0975332509672803
0.3772016623781462,1.0,0.0,0.2758316949214121,0.7077610807345335,0.6729039834076277,0.0929304847520924
0.3772016623781462,1.0,0.0,0.347199365466812,0.6981936360856021,0.7004319548268506,0.1179516017172724
0.3772016623781462,1.0,0.0,0.3368166372691663,0.6963771774413224,0.7004319548268506,0.1298932642751777
0.3772016623781462,1.0,0.0,0.3309533446120048,0.701386043870993,0.7004319548268506,0.124784346910176
0.3772016623781462,1.0,0.0,0.2949287371499861,0.6943679932321488,0.7004319548268506,0.1371769084638829
0.3772016623781462,1.0,0.0,0.2242677369367449,0.6978360330133936,0.7004319548268506,0.1277332310096547
0.3772016623781462,1.0,0.0,0.1796553929244633,0.6962546034718564,0.7004319548268506,0.0982152799978673
0.3772016623781462,1.0,0.0,0.1323127684935383,0.7018691970409582,0.7004319548268506,0.0938866306787427
0.3772016623781462,1.0,0.0,0.1938754344101401,0.6230106406852544,0.6270240310422559,0.1098300601078508
0.3772016623781462,1.0,0.0,0.2083958778203472,0.6307507425635853,0.6270240310422559,0.11415465502581
0.3772016623781462,1.0,0.0,0.2079077131355093,0.6107571127054482,0.6270240310422559,0.1254088851156038
0.3772016623781462,1.0,0.0,0.2550016091185345,0.632696535240163,0.6270240310422559,0.1249542744467928
0.3772016623781462,1.0,0.0,0.2712524147685385,0.6158815804611607,0.6270240310422559,0.1309662659188723
0.3772016623781462,1.0,0.0,0.2856272108621508,0.6467428829023959,0.6484346754794295,0.1461200715526515
0.3772016623781462,1.0,0.0,0.2105332481462574,0.6379318850327695,0.6484346754794295,0.1254708678672342
0.3772016623781462,1.0,0.0,0.2082947036726349,0.5872189990851097,0.5921554798584681,0.1627501604884978
0.3772016623781462,1.0,0.0,0.2102809022082691,0.5341281866330357,0.5689094247127849,0.1742372561301227
0.3772016623781462,1.0,0.0,0.2332548305237965,0.50842770322878,0.5046774914012646,0.1285050256487794
0.3772016623781462,1.0,0.0,0.2563678646243211,0.4610851975383053,0.4496215485628185,0.1186329817519894
0.3772016623781462,1.0,0.0,0.2172995495433153,0.4841579722423057,0.4496215485628185,0.1341505605090431
0.3772016623781462,1.0,0.0,0.2603691091564864,0.4888117865668743,0.498560164419215,0.1818835650446615
0.3772016623781462,1.0,0.0,0.2478531482094531,0.5174396747902774,0.498560164419215,0.1479846731476388
0.3772016623781462,1.0,0.0,0.2716886632697433,0.5595064828917443,0.5627920977307354,0.1139971094553424
0.3772016623781462,1.0,0.0,0.2073324975390232,0.5562229630645342,0.5627920977307354,0.0887943319832665
0.3772016623781462,1.0,0.0,0.2362707770846612,0.5201141937369365,0.5383227898025369,0.1041625687693331
0.3772016623781462,1.0,0.0,0.1603333035169706,0.5430133326132233,0.5383227898025369,0.121698305919472
0.3772016623781462,1.0,0.0,0.180521047900891,0.4745957995920612,0.4802081834730663,0.0957492196573241
0.3772016623781462,1.0,0.0,0.208481403145121,0.5205269402147629,0.4802081834730663,0.0829883565934296
0.3772016623781462,1.0,0.0,0.1953467011457776,0.4677886714168035,0.4802081834730663,0.1677244148565161
0.3772016623781462,1.0,0.0,0.2205417914905411,0.4697365048670665,0.4802081834730663,0.1733412043042002
0.3772016623781462,1.0,0.0,0.2837258904326165,0.5100316663130908,0.5322054628204875,0.160763664343363
0.3772016623781462,1.0,0.0,0.2818677487346167,0.5337267919588323,0.5322054628204875,0.1602287313205276
0.3772016623781462,1.0,0.0,0.2986846164598608,0.511538224970053,0.5322054628204875,0.1316720671577317
0.3772016623781462,1.0,0.0,0.2566905493631978,0.5503457899479399,0.5322054628204875,0.1044417317905879
0.3772016623781462,1.0,0.0,0.2083276887100544,0.5281668316019278,0.5322054628204875,0.1454168662972721
0.3772016623781462,1.0,0.0,0.2150676159461483,0.5688091796711425,0.5322054628204875,0.0738919283901001
0.3772016623781462,1.0,0.0,0.2348382047797457,0.5913165325159943,0.5780854151858595,0.133432129373028
0.3772016623781462,1.0,0.0,0.2118304824034562,0.6199839182134292,0.6593805915814056,0.1829113411559312
0.3772016623781462,1.0,0.0,0.2239014342822335,0.5611757082178627,0.6209067040602061,0.0918195788327537
0.3772016623781462,1.0,0.0,0.1585681648309243,0.5686352037144813,0.5918116831905281,0.198578655656747
0.3772016623781462,1.0,0.0,0.1775953652300918,0.5291258251694865,0.5750267516948343,0.1971798726704831
0.3772016623781462,1.0,0.0,0.1995065604829694,0.6173501297082366,0.5750267516948343,0.1410333585969104
0.3772016623781462,1.0,0.0,0.2365845625667708,0.5979058081003594,0.5750267516948343,0.1328224816121684
0.3772016623781462,1.0,0.0,0.2265426412308726,0.5582867804859046,0.5750267516948343,0.0576973266211646
0.3772016623781462,1.0,0.0,0.2030155720986318,0.5671743498848433,0.5750267516948343,0.078570175012597
0.3772016623781462,1.0,0.0,0.2406477089421101,0.5445360048790747,0.5750267516948343,0.0848220907781049
0.3772016623781462,1.0,0.0,0.2895264953382139,0.5385689952042143,0.5474987802756114,0.130936980891749
0.3772016623781462,1.0,0.0,0.2483366899037626,0.5369581019925974,0.5474987802756114,0.1496486256374659
0.3772016623781462,1.0,0.0,0.266275141361082,0.5795655450561623,0.5474987802756114,0.1352457592699098
0.3772016623781462,1.0,0.0,0.2492103657687569,0.5357052795304917,0.5474987802756114,0.1119708422599262
0.3772016623781462,1.0,0.0,0.2380668320198656,0.5689070092596753,0.5474987802756114,0.1629951746596485
0.3772016623781462,1.0,0.0,0.2124288360675366,0.5066691090216984,0.5474987802756114,0.1240733391201797
0.3772016623781462,1.0,0.0,0.2646586202630448,0.5232785408841563,0.5046774914012646,0.1520553356703009
0.3772016623781462,1.0,0.0,0.3265684843257997,0.5256796386731204,0.5291467993294627,0.0941525512674139
0.3772016623781462,1.0,0.0,0.2401832139687773,0.5004795274667985,0.5291467993294627,0.0709719720054118
0.3772016623781462,1.0,0.0,0.2731577340848798,0.4859885037217896,0.5291467993294627,0.1084438122215931
0.3772016623781462,1.0,0.0,0.2629146664310945,0.5004282530279583,0.4802081834730663,0.0576955838120305
0.3772016623781462,1.0,0.0,0.2722791809648781,0.5004058045174212,0.4802081834730663,0.0083634846719556
0.3772016623781462,1.0,0.0,0.1515924881928388,0.5069928267475095,0.4802081834730663,0.0673562227732303
0.3772016623781462,1.0,0.0,0.1816528253270813,0.5282788190579017,0.4802081834730663,0.0401243633596053
0.3772016623781462,1.0,0.0,0.2171841828146811,0.512357978249717,0.5566747707486858,0.0972351868528225
0.3772016623781462,1.0,0.0,0.1797276040365156,0.5214994964241044,0.5566747707486858,0.0885727472922321
0.3772016623781462,1.0,0.0,0.1628454365700591,0.500408653097357,0.471032192999992,0.0447794612473903
0.3772016623781462,1.0,0.0,0.1964184259250051,0.4853528027188574,0.5352641263115124,0.1327595217206888
0.3772016623781462,1.0,0.0,0.2222915240606518,0.4839238784941687,0.5352641263115124,0.1536578304388644
0.3772016623781462,1.0,0.0,0.2260506394638963,0.4956027586171244,0.5352641263115124,0.0621563001446584
0.3772016623781462,1.0,0.0,0.240401349776856,0.5273259052952802,0.5352641263115124,0.1284841119391704
0.3772016623781462,1.0,0.0,0.2245239199568716,0.5459443513024381,0.5352641263115124,0.0620370307463447
0.3772016623781462,1.0,0.0,0.1972108296165115,0.5668205307471761,0.5352641263115124,0.0572034918087043
0.3772016623781462,1.0,0.0,0.2207746977533578,0.5646228300688346,0.5352641263115124,0.0355379569448036
0.3772016623781462,1.0,0.0,0.2319539672190329,0.5786296377409172,0.5352641263115124,0.0587366278781933
0.3772016623781462,1.0,0.0,0.2295683191867993,0.5803957147848441,0.5352641263115124,0.0598613158446593
0.3772016623781462,1.0,0.0,0.2437534108640821,0.5788716820032025,0.5352641263115124,0.0708812073807596
0.3772016623781462,1.0,0.0,0.2327196731402384,0.5961493822153185,0.5780854151858595,0.0499469705429037
0.3772016623781462,1.0,0.0,0.1942607837856281,0.5813050920421821,0.5780854151858595,0.0202276466861798
0.3772016623781462,1.0,0.0,0.1710009466208768,0.6061368435983299,0.5780854151858595,0.0432228191308565
0.3772016623781462,1.0,0.0,0.1661346712160052,0.6927677290501423,0.7065492818089002,0.1085297130232644
0.3772016623781462,1.0,0.0,0.1916636108217713,0.7090271682255923,0.7065492818089002,0.1350932671167222
0.3772016623781462,1.0,0.0,0.2031479052025049,0.71357137599682,0.7065492818089002,0.1640298636707471
0.3772016623781462,1.0,0.0,0.1992153814245432,0.7763385168771527,0.7151964590027534,0.1217421386630073
0.3772016623781462,1.0,0.0,0.2467033873501076,0.7916234015856949,0.7799572055934951,0.1381024494954046
0.3772016623781462,1.0,0.0,0.3054660812658515,0.8058617095226897,0.7799572055934951,0.1521244209160593
0.3772016623781462,1.0,0.0,0.1916164332034298,0.8494950665242396,0.7799572055934951,0.1983710936517579
0.3772016623781462,1.0,0.0,0.2297302625450063,0.8576456615261193,0.8411304754139904,0.2231733239986215
0.3772016623781462,1.0,0.0,0.2234012035921168,0.8667302506179141,0.8411304754139904,0.1585777733322776
0.3772016623781462,1.0,0.0,0.3626557564244299,0.9201688449188364,0.8411304754139904,0.1110266626503848
0.3772016623781462,1.0,0.0,0.3304892194779142,0.8874242059790137,0.960418351563957,0.0737330994120694
0.3772016623781462,1.0,0.0,0.3152143964732962,0.8730729752314391,0.8717171103242386,0.0736896896096628
0.3772016623781462,1.0,0.0,0.3900289456416581,0.8828770220794955,0.8980256985338323,0.0929238489516238
0.3772016623781462,1.0,0.0,0.3170561727848258,0.8785406330952084,0.8747757738152634,0.1513842301881777
0.3772016623781462,1.0,0.0,0.2438346830375699,0.8688624339577381,0.8747757738152634,0.0995653882938803
0.3772016623781462,1.0,0.0,0.353300996400661,0.8708404538520943,0.8747757738152634,0.1253321431769969
0.3772016623781462,1.0,0.0,0.3603974255513461,0.8633963917064696,0.8747757738152634,0.0854717793965178
0.3772016623781462,1.0,0.0,0.3710489113033557,0.8774064731196722,0.8747757738152634,0.0961415850593213
0.3772016623781462,1.0,0.0,0.3244701782698538,0.8895841948602979,0.8747757738152634,0.0621718723994945
0.3772016623781462,1.0,0.0,0.3201338131542908,0.8852120923365205,0.8660995110405975,0.0736028043760539
0.3772016623781462,1.0,0.0,0.3271704439224921,0.8781618144798978,0.8900690912703871,0.0593095417436014
0.3772016623781462,1.0,0.0,0.237146995594446,0.8672502227464495,0.8900690912703871,0.0683207801238812
0.3772016623781462,1.0,0.0,0.36377484374162,0.8812522260971483,0.8900690912703871,0.0156534353777614
0.3772016623781462,1.0,0.0,0.2198755260955998,0.8653212664527744,0.8900690912703871,0.0117080992443627
0.3772016623781462,1.0,0.0,0.2927598149137201,0.8746862918618071,0.8900690912703871,0.0115295460786477
0.3772016623781462,1.0,0.0,0.3323176815767222,0.8771272272537505,0.8533651293780898,0.0236598321763858
0.3772016623781462,1.0,0.0,0.4005310856846504,0.8800720636814588,0.8655997833421888,0.0117314553478392
0.3772016623781462,1.0,0.0,0.4285257435186006,0.8948583193529231,0.9017365764086378,0.015992744455874
0.3772016623781462,1.0,0.0,0.3974628068710052,0.9099917616475782,0.908421072216536,0.0273069027513838
0.3772016623781462,1.0,0.0,0.4954518527989658,0.941192385230092,0.9357553098547898,0.0370055517235099
0.3772016623781462,1.0,0.0,0.4598316183184591,0.0038538555365715,0.9757116690190812,0.0330053344210978
0.3772016623781462,1.0,0.0,0.475830771479054,0.9755031479088132,0.9633138126293104,0.0367878263702755
0.3772016623781462,1.0,0.0,0.4843401252249092,0.9971483589039152,0.9848876594921556,0.062790431092412
0.3772016623781462,1.0,0.0,0.5067675929450367,1.0,0.893127754761412,0.0499227462251489
0.3772016623781462,1.0,0.0,0.4853407715247639,0.0178797911439094,0.893127754761412,0.0332454519548696
0.3772016623781462,1.0,0.0,0.4952319371395337,0.9983063279057784,0.0091773691412986,0.0199739312305135
0.3772016623781462,1.0,0.0,0.5583651138409396,0.0,0.9879463229831804,0.0242697479214951
0.3772016623781462,1.0,0.0,0.5593898921513518,0.9962536497074396,0.0061187176098054,0.0283990825876417
0.3772016623781462,1.0,0.0,0.5680582767713813,0.9979521686391638,0.0061187176098054,0.0192840568242899
0.3772016623781462,1.0,0.0,0.4661953497003109,0.0104729306019208,0.0061187176098054,0.0469704239059768
0.3772016623781462,1.0,0.0,0.3895811627790851,0.0138787227998817,0.0061187176098054,0.0211526335189811
0.3772016623781462,1.0,0.0,0.305932148055964,0.0144051653501923,1.4191977479906248e-06,0.0296908888136579
0.3772016623781462,1.0,0.0,0.2323797908765964,0.0215523826141182,0.0428225226993553,0.0413079786926506
0.3772016623781462,1.0,0.0,0.1794684391874981,0.1479042732477238,0.1254061419552454,0.0563679169181519
0.3772016623781462,1.0,0.0,0.1979094097152458,0.1803304133152746,0.1896378094993973,0.0549153511336939
0.3772016623781462,1.0,0.0,0.1660933994680637,0.1930647560785319,0.1896378094993973,0.0202399283861131
0.3772016623781462,1.0,0.0,0.1981310821110787,0.148319081757295,0.1896378094993973,0.0224415703082012
0.3772016623781462,1.0,0.0,0.1146698763781705,0.1792427872313722,0.1896378094993973,0.0532417913173641
0.3772016623781462,1.0,0.0,0.0275992707902775,0.0769821475762822,0.1896378094993973,0.060544125128708
0.3772016623781462,1.0,0.0,0.0795947676045487,0.0762512742422196,0.07340903269894,0.0703498474812534
0.3772016623781462,1.0,0.0,0.0980275958902284,0.0611042905638413,0.07340903269894,0.0072120767844095
0.3772016623781462,1.0,0.0,0.0991410200440214,0.9986263042131666,0.978770332510106,0.002616264373109
0.3772016623781462,1.0,0.0,0.0649084917453528,0.9576257153299664,0.978770332510106,0.004176157165937
0.3772016623781462,1.0,0.0,0.1514943998913042,0.970586158811094,0.978770332510106,0.0044132668271716
0.3772016623781462,1.0,0.0,0.1519920879366304,0.0362542597340212,0.978770332510106,0.0043773178566759
0.3772016623781462,1.0,0.0,0.2448066205662437,0.1135526525791805,0.978770332510106,0.0048749932070208
0.3772016623781462,1.0,0.0,0.3597313219610733,0.1245881894269143,0.978770332510106,0.0091311070971111
0.3772016623781462,1.0,0.0,0.3035670492166288,0.119951030791745,0.9464429851201056,0.0050730512280728
0.3772016623781462,1.0,0.0,0.1242870604592794,0.1253967290803393,0.0030600677393582,0.0130130932122993
0.3772016623781462,1.0,0.0,0.1698224538753978,0.1446859944042615,0.0030600677393582,0.0165932251500697
0.3772016623781462,1.0,0.0,0.1031719788478073,0.0836086513368575,0.0030600677393582,0.0234757069436014
0.3772016623781462,1.0,0.0,0.1169394064458091,0.1035587287461661,0.091760960491615,0.0167283958587097
0.3772016623781462,1.0,0.0,0.1388323871160051,0.1109607318216229,0.091760960491615,0.0101183815819901
0.3772016623781462,1.0,0.0,0.2072081159788588,0.1213650318588609,0.091760960491615,0.0209726857413544
0.3772016623781462,1.0,0.0,0.1790387322178908,0.188259988275438,0.1651686185088412,0.0419280796622705
0.3772016623781462,1.0,0.0,0.1955274831903875,0.1679211487936183,0.2110483051068444,0.0358948919121556
0.3772016623781462,1.0,0.0,0.161419324894407,0.1598334457599426,0.1406993956262009,0.0468660996428945
0.3772016623781462,1.0,0.0,0.1290219158009072,0.1245391258262332,0.1406993956262009,0.0648783747717447
0.3772016623781462,1.0,0.0,0.1603502698922096,0.1251188649882672,0.1406993956262009,0.0493034182169023
0.3772016623781462,1.0,0.0,0.1426373972577194,0.1359104443483856,0.1406993956262009,0.0462024357370111
0.3772016623781462,1.0,0.0,0.264449776665928,0.2042982373446981,0.2202242317957503,0.029065699789338
0.3772016623781462,1.0,0.0,0.2128518628158304,0.2243686087966212,0.2202242317957503,0.0454841540888088
0.3772016623781462,1.0,0.0,0.1866506710423888,0.194814740771629,0.2202242317957503,0.0724931526959246
0.3772016623781462,1.0,0.0,0.1931474289766931,0.2359242984663937,0.2202242317957503,0.0721950958735552
0.3772016623781462,1.0,0.0,0.1498756135279081,0.2048339404370567,0.2202242317957503,0.0752703154050334
0.3772016623781462,1.0,0.0,0.1361235458159367,0.2142988787244262,0.2202242317957503,0.0644806460387093
0.3772016623781462,1.0,0.0,0.1582424404757753,0.274841980191043,0.2141069473364797,0.0588844932012739
0.3772016623781462,1.0,0.0,0.1919514382120644,0.2672382700206719,0.2385760851735621,0.0336748629890986
0.3772016623781462,1.0,0.0,0.253263341564934,0.2734964300746174,0.2385760851735621,0.0525986765166684
0.3772016623781462,1.0,0.0,0.2085110827443128,0.3081003201319314,0.3272767310943753,0.0602356078054899
0.3772016623781462,1.0,0.0,0.254357025549171,0.2466214601564839,0.2966902875366328,0.0773008703484447
0.3772016623781462,1.0,0.0,0.2222883573121399,0.2733457104347435,0.2966902875366328,0.0771795737495483
0.3772016623781462,1.0,0.0,0.2276709745291194,0.2997901833956012,0.2966902875366328,0.0698531687543065
0.3772016623781462,1.0,0.0,0.177790062476192,0.275420603304968,0.2966902875366328,0.0826278138653283
0.3772016623781462,1.0,0.0,0.2218312360086997,0.2809739736635145,0.2538692963217386,0.0696830880838328
0.3772016623781462,1.0,0.0,0.2292098293862808,0.2884436092543815,0.2538692963217386,0.0757035237943108
0.3772016623781462,1.0,0.0,0.1796896030543729,0.2684481512031518,0.2538692963217386,0.0942183769496454
0.3772016623781462,1.0,0.0,0.29615251208769,0.2800958670112902,0.2538692963217386,0.0573551818321649
0.3772016623781462,1.0,0.0,0.2773299136918296,0.2763702008103511,0.278338434158821,0.0711871907032493
0.3772016623781462,1.0,0.0,0.2523462095889735,0.2520712399924486,0.278338434158821,0.0584936190313601
0.3772016623781462,1.0,0.0,0.2339861182805186,0.2279297588772522,0.278338434158821,0.0685734509878804
0.3772016623781462,1.0,0.0,0.3004482873464144,0.2541370769294451,0.278338434158821,0.1233117606969414
0.3772016623781462,1.0,0.0,0.2954326431175729,0.2547475446160823,0.278338434158821,0.1469510050289199
0.3772016623781462,1.0,0.0,0.2422591216356136,0.2366426508035754,0.278338434158821,0.1357628266760989
0.3772016623781462,1.0,0.0,0.3099747683533577,0.252271448394188,0.2355174429439268,0.1826856801874661
0.3772016623781462,1.0,0.0,0.3644539379352773,0.2610321709537576,0.2661038652402798,0.1492404436956703
0.3772016623781462,1.0,0.0,0.3037722406512282,0.2577821325698197,0.2661038652402798,0.1442628495511524
0.3772016623781462,1.0,0.0,0.2880900628362073,0.2545838575600839,0.2661038652402798,0.1630441483255249
0.3772016623781462,1.0,0.0,0.2082402448442113,0.2083734710714603,0.2080475363793818,0.1279007448650021
0.3772016623781462,1.0,0.0,0.1922619876008042,0.2273225224156164,0.247752011862468,0.1176931628113274
0.3772016623781462,1.0,0.0,0.2020899107051465,0.2418238138032289,0.247752011862468,0.1500351792449866
0.3772016623781462,1.0,0.0,0.2658733110243606,0.2667356657265198,0.247752011862468,0.1568487899978576
0.3772016623781462,1.0,0.0,0.2919044229762653,0.2630704787040633,0.2832461581704036,0.1521137015460714
0.3772016623781462,1.0,0.0,0.3668879655633898,0.261913657637398,0.2691625074699151,0.2401468557152076
0.3772016623781462,1.0,0.0,0.3153728263587017,0.2799104967348867,0.2661038652402798,0.3024303039039698
0.3772016623781462,1.0,0.0,0.3382383686612927,0.2604832878646823,0.2446933696328327,0.3938787514404706
0.3772016623781462,1.0,0.0,0.3380224056587623,0.2735999568230217,0.2822642434199101,0.3304209269947002
0.3772016623781462,1.0,0.0,0.2837483812815368,0.2211607251441177,0.2508106540921033,0.3601377332578946
0.3772016623781462,1.0,0.0,0.3499172215984107,0.2370524849272889,0.2416347274031974,0.3176503800373745
0.3772016623781462,1.0,0.0,0.274253405955044,0.2680899954214036,0.2416347274031974,0.3033013001140568
0.3772016623781462,1.0,0.0,0.2737144114893473,0.263780157753083,0.2630452230106445,0.2992471906321242
0.3772016623781462,1.0,0.0,0.2507813966399955,0.2443047356045663,0.2630452230106445,0.3023076509766259
0.3772016623781462,1.0,0.0,0.2888765028699323,0.2604444281324271,0.2630452230106445,0.2612573058699045
0.3772016623781462,1.0,0.0,0.2922520949789475,0.2510587186317725,0.2630452230106445,0.2376685082056647
0.3772016623781462,1.0,0.0,0.2522571014465401,0.2508090002101085,0.2630452230106445,0.288954728669158
0.3772016623781462,1.0,0.0,0.262758108856853,0.2445124693592698,0.2630452230106445,0.2246710168723107
0.3772016623781462,1.0,0.0,0.2003532380832783,0.2361795652415144,0.2630452230106445,0.1784661423874761
0.3772016623781462,1.0,0.0,0.1936279426122066,0.2469328694660062,0.2630452230106445,0.2223673586331274
0.3772016623781462,1.0,0.0,0.1835759662719093,0.2596992268664497,0.2630452230106445,0.2622927532581995
0.3772016623781462,1.0,0.0,0.2349939071007395,0.2399349927253622,0.2630452230106445,0.2071437093763935
0.3772016623781462,1.0,0.0,0.2343676305738682,0.2211912729752177,0.2630452230106445,0.2284879584702402
0.3772016623781462,1.0,0.0,0.2413286985618842,0.2179557113296091,0.2630452230106445,0.2040633562146626
0.3772016623781462,1.0,0.0,0.2467150835161442,0.2030961153538338,0.2330714689136337,0.1295313141740099
0.3772016623781462,1.0,0.0,0.2101838656370797,0.2279843283152714,0.186579167269762,0.12302845576946
0.3772016623781462,1.0,0.0,0.2721460157227099,0.2232399334003639,0.1944887868624497,0.0923935172365858
0.3772016623781462,1.0,0.0,0.3492216464435198,0.2406235412635167,0.2294001584846562,0.0957147864157713
0.3772016623781462,1.0,0.0,0.3427797865217393,0.233367697974231,0.2493721935252413,0.1021403413909055
0.3772016623781462,1.0,0.0,0.3890381463116288,0.2672819128162517,0.2508106540921033,0.1399395453328448
0.3772016623781462,1.0,0.0,0.4104981145739898,0.2413126425112109,0.2538692963217386,0.1405604083257053
0.3772016623781462,1.0,0.0,0.3678361640357006,0.2473880045139187,0.2482858428296072,0.1536333436059261
0.3772016623781462,1.0,0.0,0.3894607801057277,0.2472905575704516,0.2384139458173647,0.1417982986729136
0.3772016623781462,1.0,0.0,0.4004404750702953,0.2164566355094924,0.2232828740253856,0.1458207313227189
0.3772016623781462,1.0,0.0,0.3302397860239588,0.2190361309314356,0.2232828740253856,0.1810173961971132
0.3772016623781462,1.0,0.0,0.3860777218670093,0.2010480288962865,0.2232828740253856,0.1970421834568026
0.3772016623781462,1.0,0.0,0.3383668415680747,0.2105976380335316,0.2232828740253856,0.1722667442428202
0.3772016623781462,1.0,0.0,0.3705862655262343,0.2062227719620554,0.2232828740253856,0.175091611794419
0.3772016623781462,1.0,0.0,0.3636422794882204,0.1941769139627749,0.2232828740253856,0.1697876383560808
0.3772016623781462,1.0,0.0,0.3189010465000093,0.2099861287019925,0.2232828740253856,0.1892114722101192
0.3772016623781462,1.0,0.0,0.2520276624266196,0.2206671130090159,0.2232828740253856,0.2048726321883026
0.3772016623781462,1.0,0.0,0.2178053971669239,0.2103450285158135,0.2232828740253856,0.1797147666888491
0.3772016623781462,1.0,0.0,0.257600284554313,0.2063186458091402,0.2232828740253856,0.1232681467160589
0.3772016623781462,1.0,0.0,0.2627121794459541,0.2069338540429837,0.2232828740253856,0.1017905472011458
0.3772016623781462,1.0,0.0,0.2553885071958495,0.212532206454841,0.2232828740253856,0.0810487558689695
0.3772016623781462,1.0,0.0,0.2547298466203272,0.1876864458376668,0.2232828740253856,0.0807947943053188
0.3772016623781462,1.0,0.0,0.2706388052357148,0.1987576855958616,0.2232828740253856,0.0667213516785014
0.3772016623781462,1.0,0.0,0.2549610886065537,0.2129220154867687,0.2232828740253856,0.0277406179408069
0.3772016623781462,1.0,0.0,0.246331745141536,0.1933460002020202,0.2232828740253856,0.0325364002675939
0.3772016623781462,1.0,0.0,0.2689354181456505,0.1868209026984418,0.2232828740253856,0.0464662999567459
0.3772016623781462,1.0,0.0,0.2715188145977329,0.2170521800385569,0.2018723784179385,0.0409877101689322
0.3772016623781462,1.0,0.0,0.3611524754793838,0.2243428440288458,0.2263415162550209,0.0252215222411333
0.3772016623781462,1.0,0.0,0.4254874679134842,0.210688750075351,0.2153122980290501,0.0031588420112715
0.3772016623781462,1.0,0.0,0.4150638262496627,0.2472763784449515,0.2508106540921033,0.0044369299959342
0.3772016623781462,1.0,0.0,0.3214115846213655,0.2364567915918099,0.2241321814896736,0.0053729234956134
0.3772016623781462,1.0,0.0,0.296428227242799,0.2214123993072301,0.2327068786067792,0.0048992141066092
0.3772016623781462,1.0,0.0,0.2750142346212421,0.2169708254459197,0.2385760851735621,0.005237286606039
0.3772016623781462,1.0,0.0,0.2764768794795442,0.2371119437189288,0.2385760851735621,0.0088377438730333
0.3772016623781462,1.0,0.0,0.3628306441561161,0.2064954490876777,0.2251300635436689,0.0528620412283459
0.3772016623781462,1.0,0.0,0.2461060738588961,0.2202469899846397,0.2049310206475738,0.0547453032776181
0.3772016623781462,1.0,0.0,0.31666139250866,0.214341841262111,0.2049310206475738,0.0984246431486979
0.3772016623781462,1.0,0.0,0.3002026216297395,0.2186112035856755,0.2049310206475738,0.1010212756246169
0.3772016623781462,1.0,0.0,0.2859286760745025,0.203040823141801,0.2049310206475738,0.0792402377260751
0.3772016623781462,1.0,0.0,0.243790625937835,0.1879403308389382,0.2049310206475738,0.1464510156938271
0.3772016623781462,1.0,0.0,0.3242532213243598,0.1804456957704278,0.2049310206475738,0.142628736287169
0.3772016623781462,1.0,0.0,0.2525099559134865,0.1922914941743835,0.2049310206475738,0.0754600045012876
0.3772016623781462,1.0,0.0,0.2141340954687648,0.1860305705727392,0.2049310206475738,0.0921038754842612
0.3772016623781462,1.0,0.0,0.2234313686053141,0.1667633498562288,0.2049310206475738,0.0823557387540246
0.3772016623781462,1.0,0.0,0.241120848907731,0.1687630636000196,0.1712859242295013,0.0801800712509139
0.3772016623781462,1.0,0.0,0.2413907853246795,0.1663547274418909,0.1712859242295013,0.0989646879255208
0.3772016623781462,1.0,0.0,0.2482735629680984,0.1812289277043507,0.1712859242295013,0.1105513862029715
0.3772016623781462,1.0,0.0,0.2310429607055224,0.1921670707537654,0.2141069473364797,0.1336121418679395
0.3772016623781462,1.0,0.0,0.2047849061485826,0.1428237565294502,0.1764726933473535,0.0797430418073008
0.3772016623781462,1.0,0.0,0.223495928668042,0.1833598143025621,0.1559926599278511,0.0839047168856216
0.3772016623781462,1.0,0.0,0.3057671766389609,0.1946659768732034,0.1636283265170503,0.0848684757525898
0.3772016623781462,1.0,0.0,0.3339254883376136,0.2315882070949358,0.2231855819071114,0.0944440014576684
0.3772016623781462,1.0,0.0,0.3361120472827452,0.1990227310782237,0.1926964517290326,0.0969401635392387
0.3772016623781462,1.0,0.0,0.3917389436081779,0.2030173967605399,0.2031593303233446,0.0724569620610609
0.3772016623781462,1.0,0.0,0.2733076807826659,0.1114716480169302,0.0856436441402601,0.08314106750927
0.3772016623781462,1.0,0.0,0.3421327989973011,0.1621909751565342,0.1622595076314399,0.0883889064508963
0.3772016623781462,1.0,0.0,0.2902370489824165,0.19167464906998,0.1844709091500169,0.1067423419368086
0.3772016623781462,1.0,0.0,0.2720605135128887,0.145020224240357,0.1406993956262009,0.0996230176687197
0.3772016623781462,1.0,0.0,0.3230309257436249,0.1447215591373375,0.1774032193194666,0.0794085245427958
0.3772016623781462,1.0,0.0,0.3129452940322815,0.08043006128996,0.088708717940214,0.0750393385041049
0.3772016623781462,1.0,0.0,0.2704786186139085,0.0976962662065524,0.0672917269782799,0.0606514719624434
0.3772016623781462,1.0,0.0,0.2705686051245423,0.120410406822472,0.0844282421258117,0.0543169258969237
0.3772016623781462,1.0,0.0,0.2760485594070955,0.1292631342623482,0.0917609498609202,0.0530071173276031
0.3772016623781462,1.0,0.0,0.2279454877066909,0.1078784514120242,0.1345820899055408,0.0333472021107372
0.3772016623781462,1.0,0.0,0.2333029558551964,0.0806331395296942,0.1345820899055408,0.0456970757787918
0.3772016623781462,1.0,0.0,0.2068554049165007,0.0432466279800696,0.0489398098162996,0.0494972018208084
0.3772016623781462,1.0,0.0,0.1523708379931392,0.0445124975760217,0.0489398098162996,0.0588253397799533
0.3772016623781462,1.0,0.0,0.2269926431288992,0.0296108558163656,0.0489398098162996,0.0534803629283895
0.3772016623781462,1.0,0.0,0.2137426899756847,0.027011965072641,0.0489398098162996,0.0419104729147632
0.3772016623781462,1.0,0.0,0.2417741236992877,0.9337426259245962,0.9665356785460067,0.0570298161386359
0.3772016623781462,1.0,0.0,0.1914962354496935,0.9849935108350106,0.9665356785460067,0.0286106078426909
0.3772016623781462,1.0,0.0,0.2154208586524171,0.9697621114034676,0.9665356785460067,0.0054718466569184
0.3772016623781462,1.0,0.0,0.1523960332915186,0.958022050586075,0.9665356785460067,0.0055164640975318
0.3772016623781462,1.0,0.0,0.1423755395167192,0.0334971851143789,1.0000000000000002,0.0055289569262129
0.3772016623781462,1.0,0.0,0.1353523847659078,0.0715680068766008,0.0854452381689521,0.005473121462096
0.3772016623781462,1.0,0.0,0.2089349185159491,0.0957846564892012,0.0703503904693047,0.0055111233833617
0.3772016623781462,1.0,0.0,0.1710350642909758,0.1987793263001481,0.1498753648378857,0.0062026001120782
0.3772016623781462,1.0,0.0,0.1777495881941165,0.173460850220086,0.1804618828104914,0.0473077158101283
0.3772016623781462,1.0,0.0,0.1326298709713519,0.1386714304509245,0.1747939046644704,0.0381590653155281
0.3772016623781462,1.0,0.0,0.2461439592662757,0.078613416637662,0.07646768555927,0.0342648585716472
0.3772016623781462,1.0,0.0,0.2691810838623253,0.0919844701616645,0.1039955506715456,0.0469762867450722
0.3772016623781462,1.0,0.0,0.2552121401071941,0.1005996175316915,0.1039955506715456,0.0609184097974502
0.3772016623781462,1.0,0.0,0.2509460675626142,0.0894662298373653,0.1039955506715456,0.0628475536671057
0.3772016623781462,1.0,0.0,0.2365518086788777,0.0749577744837955,0.1039955506715456,0.0527646590334461
0.3772016623781462,1.0,0.0,0.1971930542179302,0.0800250155440859,0.1039955506715456,0.101385639407054
0.3772016623781462,1.0,0.0,0.2003649573642676,0.0565940956873669,0.0896432516842447,0.1641830996169543
0.3772016623781462,1.0,0.0,0.1517157602352765,0.0616615546427643,0.0550571155369597,0.1203046055188418
0.3772016623781462,1.0,0.0,0.2094982530267773,0.0801177006822877,0.0305879059426878,0.0694518413756325
0.3772016623781462,1.0,0.0,0.2440109114365094,0.0248431647258097,0.0214119526770451,0.045922977386175
0.3772016623781462,1.0,0.0,0.2467861619955171,0.0702610188796013,0.0703503798386099,0.0763860924394414
0.3772016623781462,1.0,0.0,0.2757282092784356,0.0652423737426891,0.0703503798386099,0.0706540588262553
0.3772016623781462,1.0,0.0,0.194669941562337,0.1014838677630306,0.0703503798386099,0.0678995526358896
0.3772016623781462,1.0,0.0,0.1782480852627851,0.0819785089526164,0.0703503798386099,0.0222054160244894
0.3772016623781462,1.0,0.0,0.205674831825284,0.0509903118413787,0.0703503798386099,0.0402521462711576
0.3772016623781462,1.0,0.0,0.1724018976705785,0.0800772678536501,0.0703503798386099,0.0156527016113634
0.3772016623781462,1.0,0.0,0.1391496629559636,0.1234481622270332,0.0797234208694127,0.007505649200274
0.3772016623781462,1.0,0.0,0.1305446133061722,0.2164657339588388,0.1926964517290326,0.0251449990651793
0.3772016623781462,1.0,0.0,0.1389283026119914,0.1759364256195294,0.1926964517290326,0.0190481103650984
0.3772016623781462,1.0,0.0,0.1862916495979596,0.2099436550996698,0.1926964517290326,0.0224721259817329
0.3772016623781462,1.0,0.0,0.2238810468940036,0.2516633828682426,0.2165736937442977,0.0073445744868855
0.3772016623781462,1.0,0.0,0.2057324111723142,0.2320374536604442,0.2324588007142915,0.0055748491720039
0.3772016623781462,1.0,0.0,0.3453658874232809,0.229942046763072,0.2324588007142915,0.0055633760963138
0.3772016623781462,1.0,0.0,0.3815497800239528,0.1931936436915863,0.2118459048719098,0.0054524699828232
0.3772016623781462,1.0,0.0,0.4346549043610456,0.2308979791701029,0.223775245283033,0.0068063285771265
0.3772016623781462,1.0,0.0,0.4720382549692424,0.2171880402950356,0.1911039736567557,0.0108816075614574
0.3772016623781462,1.0,0.0,0.5176235304531615,0.1942363514963556,0.1988137361883032,0.0089415727298582
0.3772016623781462,1.0,0.0,0.400474037981531,0.1802306705014116,0.1988137361883032,0.0089377737796654
0.3772016623781462,1.0,0.0,0.3972440007292999,0.185929743597856,0.1988137361883032,0.0051505762686134
0.3772016623781462,1.0,0.0,0.3691030714750338,0.1683792387117625,0.1590513127881811,0.0013248165988146
0.3772016623781462,1.0,0.0,0.3486061645995321,0.1889695397761024,0.1810697034130315,0.0009650892173505
0.3772016623781462,1.0,0.0,0.3871646794000276,0.1791237846158554,0.186579167269762,0.0
0.3772016623781462,1.0,0.0,0.369034951709599,0.1741577956916326,0.186579167269762,0.0055376254533
0.3772016623781462,1.0,0.0,0.3884820467809773,0.1729228831444205,0.1573384952514304,0.005214595449876
